bathrooms,constructed_year,description,elevator,energetic_qualification_kWhm2_año,floor,heater_system,its_new,m2_build,m2_useful,neighbourhood,parking,price_down_euro,price_down_percentage,price_euro,price_m2,real_estate,ref,rooms,status,terrace,title,link
2,null, PISO PARA REFORMAR EN GRÀCIA  Piso para reformar ubicado en el distrito de Gràcia en el barrio de la Vila de Gràcia.  Este distrito es sin duda uno de los más encantadores de Barcelona.   Se caracteriza por sus tradicionales calles peatonales adoquinadas sus terrazas en las plazas teatros parques infantiles una gran diversidad de tiendas de artistas independientes y boutiques artesanales además de contar con la mejor y más variada gastronomía internacional.   Está rodeado por una gran variedad de comercios supermercados restaurantes colegios y lugares de ocio.  A pocos metros encontramos la Av. de la Riera de Cassoles la calle Gran de Gràcia y la Vía Augusta.  Muy bien comunicado con líneas de metro tren autobús y estaciones de Bicing.  Disponemos de un apartamento exterior para reformar de 83 m2 con dos balcones uno da a la calle y el otro al interior.  Consta de: Amplio salón-comedor cocina con lavadero tres habitaciones dos dobles y una individual dos baños gas calefacción y ascensor.  Los amplios espacios te permitirán realizar una cómoda y moderna reforma.   La magnífica ubicación hará de tu vivienda un lugar encantador para vivir.  Para reformar. ,1,0,null,Calefacción individual,null,83,null,Vila de Gràcia,null,350.000 € ,4,335.000 ,4.036 €/m²,Letsgocasa, Ref.: LG00592 ,3,Segunda mano/para reformar,null,Piso en venta en calle d'Aulèstia i Pijoan,http://idealista.com/inmueble/91226885/
1,1990,  Home Group.- Les trae en exclusiva esta preciosa propiedad ubicada en el mejor emplazamiento de Vila de Gracia a sólo 3 minutos de la plaza de la Vila y a 5 minutos de Passeig de Gracia.   En una cuidada finca de 1900 sin ascensor encontramos este piso en un cuarto real de altura. Nada más entrar al piso nos encontramos un distribuidor y entramos a un salón de 18m² y dos habitaciones una individual actualmente usada como vestidor y otra doble con balcón francés a la calle orientado al oeste y aire acondicionado. Dispone de una espaciosa cocina con isla que podría abrirse al salón el salón recibe luz de orientada al sureste un baño completo con ducha.  Para cualquier consulta o visita sin compromiso no dude en contactar con nosotros. -Home Group.   Es carismático bullicioso bohemio y combina a la perfección un estilo pueblerino c... ,0,0,4,Gas natural,null,70,65,Vila de Gràcia,null,null,null,270.000 ,3.857 €/m²,Home Group Central, Ref.: BC-40632 ,2,Segunda mano/buen estado,null,Piso en venta en calle de la Fraternitat,http://idealista.com/inmueble/91038989/
1,null,  Piso todo reformado dispone de parquet 2 Habitaciones cocina abierta es exterior posee persianas eléctricas con mando a distancia altavoces de calidad en todas las estancias insonorización en techo comedor y pared contigua al vecino. Carpintería de aluminio climalit negra con cristales de diferente espesor para mejor insonorización calefacción con mando inalámbrico programable. AA. Se vende con electrodomésticos nevera lavavajillas horno y lavadora. Tercero de altura.   Es una buena zona con proyecto de la estación de AVE cerca del piso y carril de bicing en la misma calle directo hasta la playa. Ideal para invertir o como vivienda habitual. Muy cerca de todos los servicios Autobus Metro bicing a 15 min de la playa en coche y a 5 min del parque y mercado del Clot. Cerca de centros educativos y supermercados.  “Dispone... ,1,0,3,null,null,50,44,El Clot,null,215.000 € ,3,209.000 ,4.180 €/m²,Dolça Llar Clot, Ref.: CLOT22 ,2,Segunda mano/buen estado,null,Piso en venta en calle de las Navas de Tolosa,http://idealista.com/inmueble/90947468/
1,1900,  En El Barrio de la Ribera -Borne se encuentra este bonito apartamento ideal inversor para alquiler destacar la altura del techos con las vigas de madera vistas al acceder a la vivienda damos paso directamente al salón-comedor es exterior con una ventana a calle cocina equipada abierta a sala desde el dormitorio tienes salida a pequeño balcón el dormitorio dispone de armario excelente ubicación a escasos metros del Mercado de Santa Caterina muy bien comunicado con transporte público a escasos metros de la parada de de Jaume I (linea 4).  Su ubicación es inmejorable próximo al Parque de la Ciutadella. así como el Antiguo Mercado del Born hoy El Born Centro de Cultura y Memorial (CCM). Entre los hallazgos descubiertos en el antiguo mercado encontrarás elementos de la época romana como una villa y una necrópolis imperial. También... ,0,160,2,null,null,40,null,Sant Pere - Santa Caterina i la Ribera,null,null,null,189.000 ,4.725 €/m²,aincasa aicat 2677, Ref.: 4275 ,1,Segunda mano/buen estado,null,Piso en venta en calle de les Semoleres,http://idealista.com/inmueble/90797299/
2,1996,  En el emblemático barrio Gótico de Barcelona a pocos metros de La Rambla se encuentra este maravilloso piso reformado listo para entrar a vivir con bonitas vistas a la Plaza Joaquim Xirau i Palau exterior a calle reformado listo para entrar a vivir al acceder en la vivienda encontramos un amplio salón con comedor y cocina abierta completamente equipada muy bien distribuido consta de (3) dormitorios todos exteriores la vivienda dispone baño completo y un aseo cortesía el salón-comedor-cocina es independiente destacar la luminosidad en todas sus estancias excelente oportunidad por precio y zona consta de (2) maquinas de AACC con bomba de calor dobles cerramientos exteriores rejas de seguridad.  Finca de pocos vecinos una vivienda por altura finca esquinera dispone de ascensor valor añadido en zona.  A escasos metros de ... ,1,305,1,Bomba de frío/calor,null,65,null,El Gòtic,null,null,null,250.000 ,3.846 €/m²,aincasa aicat 2677, Ref.: 4274 ,3,Segunda mano/buen estado,null,Piso en venta en plaza de Joaquim Xirau i Palau,http://idealista.com/inmueble/90794885/
1,null, Bonito Piso de tres habitaciones amplias con cocina independiente y amplio salón comedor tranquilo y luminoso tiene una galería cerrada con aluminio a amplio patio interior. El piso está en parte reformado y los elementos originales se conservan en muy buen estado.  La finca está bien conservada y tiene ascensor. Céntrico y bien comunicado cuenta con aire acondicionado en el salón y calefacción eléctrica en toda la vivienda. A tan solo tres minutos del Mercat de Sant Antoni y muy cerca de Plaça Catalunya las Ramblas y el puerto de Barcelona. Paradas mas cercanas L3 (Liceo) y L2 (Sant Antoni) y varias lineas de autobuses. La zona ofrece una amplia oferta cultural gastronómica y ludica. Honorarios de Agencia aparte (3%)  El equipo de La Meva Llar estará encantado de ayudarte para que puedas sentirte como en casa a la hora de realizar tu compra o tu alquiler. Encuentra más en. ,1,95,3,null,null,70,null,El Raval,null,185.000 € ,3,179.500 ,2.564 €/m²,La Meva Llar, Ref.: Bisbe Laguarda ,3,Segunda mano/buen estado,null,Piso en venta en calle del Bisbe Laguarda,http://idealista.com/inmueble/90772720/
1,null, Webhouse presenta en exclusiva un piso alto y luminoso a reformar en la zona de Travessera-Pau Alsina.  El piso es alto y luminoso se encuentra a reformar en una finca con ascensor con orientación Nordeste.  Su distribución es muy buena ya que diferencia zona de día y zona de noche.  Salón comedor y dormitorio principal orientado a calle vistas despejadas y mucha luz natural en todas las estancias. Los dormitorios individuales ventilan a un patio interior limpio y cuidado.  La cocina es amplia luminosa a través de la cual accedemos a una pequeña galería. El baño es amplio exterior y luminoso necesita el piso una actualización.  Un gran piso pro ubicación altura distribución.  Gracias por contactar con Webhouse. ,1,0,7,Bomba de frío/calor,null,80,null,La Salut,null,null,null,315.000 ,3.938 €/m²,WEBHOUSE REAL ESTATE SL, Ref.: V-DALT ,3,Segunda mano/para reformar,null,Piso en venta en calle de Travessera de Dalt,http://idealista.com/inmueble/90665296/
2,1992, Piso a estrenar muy luminoso en Arquitecte Sert (Vila Olímpica). Todo Exterior.  ¿Te gusta disfrutar de la playa o salir a cenar por la noche al aire libre? Vivir en Barcelona como si siempre fuera verano.. . ¡Adelante este es tu piso!  REFORMA EN CURSO de este piso aunque si se desea todavía a tiempo de modificar y personalizar algunos acabados.  Situado en un moderno edificio con 3 dormitorios y 2 baños con 158 m2 (37 m2 de elementos comunes) bien distribuidos para disfrute de toda la familia. Un piso luminoso alegre en una zona inmejorable con todos los servicios (incluido un gimnasio y un centro comercial con cines) además de la deseada playa. Dispone de una zona comunitaria con parque de niños y zona verde. También tienes la posibilidad de alquilar una plaza de parking en la misma finca con ascensor directo.  Piso a estrenar con acabados de alta calidad de marcas representativas y con características wellness que cuidan tu salud y alargan la vida de los tuyos.  Además para ser justos con el medio ambiente y las futuras generaciones nuestras reformas se realizan sin afectar el medio ambiente. Tienen huella de carbono neutra.  Llámanos y avanzamos junto para que recibas tu hogar ideal. ,1,131,3,Calefacción individual,null,158,null,La Vila Olímpica del Poblenou,null,null,null,672.500 ,4.256 €/m²,Privalore Agentes, Ref.: PRI-R-ARQSERT001 ,3,Segunda mano/buen estado,null,Piso en venta en calle de l'Arquitecte Sert,http://idealista.com/inmueble/90643747/
4,1974, Piso en venta en Pedralbes en finca con premio FAD arquitectura. A reformar un piso dúplex con terrazas muy agradables. En la planta principal encontramos la zona de día. Salón-comedor con salida a terraza cocina con gran lavadero y habitación de servicio con baño. En la planta superior encontramos la zona de noche. 2 habitaciones en suite y 2 habitaciones que comparten un baño. Comunidad con jardín y piscina. Tiene 2 parkings y un trastero. No dude en contactar con nosotros para más información o realizar una visita. ,1,0,2,null,null,279,null,Pedralbes,1,null,null,1.550.000 ,5.556 €/m²,MG Grupo Inmobiliario, Ref.: VA1592 ,5,Segunda mano/para reformar,1,Dúplex en venta en calle de Sor Eulàlia d'Anzizu,http://idealista.com/inmueble/90584281/
2,1883, Les presentamos este único y exclusivo piso ubicado en la segunda planta de una preciosa finca regia con ascensor construida en el año 1883.  Precisa de una rehabilitación integral con múltiples posibilidades actualmente cuenta con; 159 m2 construidos según catastro gran recibidor 5 habitaciones (2 de ellas exteriores a calle Bruc y con salida a terraza) 1 baño cocina y un fabuloso salón-comedor con salida a una acogedora terraza con vistas a un magnífico patio de manzana.  La finca en la que se encuentra el inmueble cuenta con servicio de conserjería y se ubica en el prestigioso barrio Barcelonés de l'Eixample Dret concretamente en la calle Bruc (esquina Consejo de Ciento) a dos calles de Paseo de Gracia y perfectamente comunicado con el transporte público (boca de metro Girona/Paseo de Gracia Bus y Ferrocarriles de la Generalitat Catalana. ,1,81,1,Calefacción individual,null,159,150,La Dreta de l'Eixample,null,null,null,680.000 ,4.277 €/m²,Fincas Cano Pujol, Ref.: V7197 ,5,Segunda mano/para reformar,1,Piso en venta en bruc,http://idealista.com/inmueble/90186052/
2,1936,  Piso encantador de 180 m2 de finca Regia en el corazón del Example Derecho.    Recientemente reformado luminoso y con posibilidad de segregar en dos.    Este piso exterior se encuentra ubicado en la cuarta planta de un edificio novecentista que data del año 1930. Dispone de los elementos originales como los techos artesonados que resultan visualmente muy atractivos.    Conserva los cristales originales con sus cenefas así como las ventanas y puertas.    En la zona de noche costa de una suite con vestidor y acceso a un balcón una doble y una individual los dos baños completos de mármol Traventino uno de los cuales hecho pieza por pieza artesanalmente.    El salón comedor conservan las cornisas en los techos de 3 metros de altura restaurados por los mismos que hicieron lo del liceo. Cuenta con acceso a un balcón desde donde se puede ve... ,1,0,4,null,null,180,143,La Dreta de l'Eixample,null,null,null,895.000 ,4.972 €/m²,Withfor Ethical Real Estate, Ref.: BCN803 ,3,Segunda mano/buen estado,null,Piso en venta en calle de Provença,http://idealista.com/inmueble/90134302/
1,1960, Junto al Hospital Sant Pau y escasos minutos del Parc del Guinardó. Vivienda de 3 dormitorios completamente a reformar en finca con ascensor. Vivienda muy luminosa orientada a la Ronda Guinardó y a tranquilo patio de manzana. Dispone de pequeña terraza con acceso desde el salón y galería desde la cocina independiente. Edificio con certificado de ITE y conserje de mañanas. Gastos de la compraventa no incluidos en el precio (registro notaría e impuestos). ,1,171,4,null,null,78,70,El Baix Guinardó,null,240.000 € ,2,235.000 ,3.013 €/m²,fincas anzizu, Ref.: 6101 ,3,Segunda mano/para reformar,1,Piso en venta en ronda del Guinardó 76,http://idealista.com/inmueble/86950996/
1,null, Este hermoso piso recién reformado a estrenar está ubicado en finca señorial con ascensor y servicio de conserje en Passeig de Gràcia con excepcionales vistas a la Casa Batlló. Por lo tanto dispone de numerosos comercios restaurantes y una gran oferta de transporte en sus alrededores.  La vivienda de 55 m2 es muy luminosa y dispone de de acabados de alta calidad carpintería de aluminio aire acondicionado y calefacción por conductos persianas eléctricas y electrodomésticos panelados.  Todas sus estancias son completamente exteriores: salón-comedor cocina americana y habitación suite con armarios empotrados y cuarto de baño completo con ducha.  Esta propiedad es una oportunidad perfecta para vivir en una de las zonas más exclusivas de Barcelona y disfrutar cómodamente de lo mejor de la ciudad. ,1,0,5,Calefacción individual,null,55,null,La Dreta de l'Eixample,null,null,null,980.000 ,17.818 €/m²,Bcn Advisors, Ref.: BCN04775 ,1,Segunda mano/buen estado,null,Piso en venta en paseo de Gràcia,http://idealista.com/inmueble/89423193/
2,1900, Vivienda EN VENTA en l´ Antiga Esquerra de l´Eixample (Villarroel / Mallorca).  Dispone de 72 m² (útiles 62) compuesta por salón comedor en dos espacios con salida a balcón (a calle). Junto al comedor tenemos la suite compuesta por dormitorio doble con salida a balcón (calle) (doble cristal) sala para vestidor y baño con ducha. La cocina a otro lado del salón comedor equipada con campana extractora encimera y horno.  La vivienda cuenta con un segundo dormitorio individual o despacho con salida a pequeño patio interior y un segundo baño con ducha. Carpintería interior y exterior de madera y suelos de parquet. Para entrar a vivir.  A escasos metros del Mercat del Ninot Mercadona Hospital Clínic. Todo tipo de servicios comercios y escuelas. Parada de metro Hospital Clínic L5 (azul) a menos de 5 minutos y Urgell L1 (roja) además de líneas de autobús 109 H10 59 y N12. ,1,306,null,null,null,72,63,L'Antiga Esquerra de l'Eixample,null,381.000 € ,11,339.500 ,4.715 €/m²,Guimar Consulting, Ref.: 1105110_V ,2,Segunda mano/buen estado,null,Piso en venta en calle de Villarroel,http://idealista.com/inmueble/89268395/
8,1940,  -También disponible en alquiler con opción a compra-    Casa reformada para estrenar en la prestigiosa Avenida del Tibidabo con vistas a toda Barcelona y orientación a cuatro vientos.    Construido sobre una parcela de 1.122 m2 sus 773 m2 se distribuyen en cinco plantas.  La casa cuenta con tres cocinas once dormitorios ocho baños sala de cine bodega gimnasio sauna y ascensor interior.    Equipado con instalación de domótica calefacción por suelo radiante eléctrica y por aire aire acondicionado y suelos de parquet de madera maciza.    Dispone de un gran terreno con una piscina de 40 m2 jardín cinco terrazas tres balcones garaje con tres plazas de estacionamiento y trastero.    Cabe destacar que las vistas del chalet no se verán afectadas debido a que se encuentra un parque natural en el cual está prohibido edificar.    ... ,null,121,null,null,null,773,657,Sant Gervasi - La Bonanova,null,null,null,5.700.000 ,7.374 €/m²,Withfor Ethical Real Estate, Ref.: BCN648 ,11,Segunda mano/buen estado,1,Casa o chalet en venta en avenida del Tibidabo,http://idealista.com/inmueble/89131054/
2,1970, En pleno corazón del barrio de Sant Antoni a tan solo unos minutos andando del Mercat de Sant Antoni encontramos éste fantástico piso recién reformado.    El piso está ubicado en una cuarta planta de una finca esquinera de Núñez y Navarro. Se trata de un piso recién reformado con acabados de alta calidad. Está compuesto por un bonito salón-comedor con salida a terraza de 8 m2 una amplia habitación en suite con baño completo con plato de ducha una práctica cocina con zona office y salida a lavadero y dos habitaciones individuales que comparte otro baño completo.    La propiedad cuenta con un sinfín de extras así como cocina totalmente equipada con electrodomésticos de alta gamma (de las marcas Smeg y Bosch) y con muebles a medida alemanes; aire acondicionado y calefacción por conductos todos los cerramientos son de aluminio y doble cristal para un mejor aislamiento.    Zona rodeada de todo tipo de servicios y comercios así como bien comunicada con el transporte público.    No deje pasar ésta oportunidad de adquirir un inmueble a estrenar en una magnífica zona ¡visítelo!. ,1,162,4,Calefacción individual,null,94,null,Sant Antoni,null,null,null,448.000 ,4.766 €/m²,All Houses BCN, Ref.: 1185 ,3,Segunda mano/buen estado,null,Piso en venta en calle de Rocafort,http://idealista.com/inmueble/88965362/
2,1850,  En el centro de Barcelona ubicación inmejorable junto Plaza Ramón Berenguer y Mercado de Santa Caterina en El Barrio de La Ribera.  Un sueño una realidad.  Este magnífico inmueble de 144m2 situado en el Born en una bonita finca catalogada destaca por su perfecto equilibrio entre los elementos históricos de origen como son los techos de 5 metros de altura con vigas de madera y vuelta catalana el suelo de mosaico hidráulico y las puertas de madera restauradas. Estos elementos se integran a la perfección con la modernidad que le aportó la reforma realizada por el arquitecto incluyendo elementos tan vanguardistas como los suelos de microcemento y la puerta de cristal corredera con motivos decorativos en el lavabo principal.  En la parte de día se encuentra una amplia cocina office abierta y totalmente equipada que goza de luz natural g... ,1,106,2,Gas natural,null,144,null,Sant Pere - Santa Caterina i la Ribera,null,null,null,599.000 ,4.160 €/m²,aincasa aicat 2677, Ref.: 4244 ,3,Segunda mano/buen estado,null,Piso en venta en calle dels Mercaders,http://idealista.com/inmueble/88949984/
2,1973,  Original edificio de Antoni Moragas a escasos metros de la Universitat de Barcelona en el centro de la ciudad.    Propiedad de 105m2 útiles con una interesante distribución.     En la zona de día   Un recibidor con bonitos suelos de parquet y bien iluminado.   Un baño de cortesía con ducha todo nuevo.   La cocina-office equipada con acceso a galería- lavandería.   Un moderno y luminoso salón con decoración actual y agradable.    Al otro extremo en la zona de noche   Una habitación doble con espaciosos armarios empotrados y zona de   estudio o despacho.   La habitación principal con salida a acogedor balcón acristalado.  Un gran baño completo con bañera     Aire Acondicoonado  Calefacción      Posibilidad de adquirir 2 cómodas plazas de parking en la misma finca.  Fantástica terraza comunitaria con tobogán y columpios para niños.      ... ,1,98,2,Gas natural,null,121,105,L'Antiga Esquerra de l'Eixample,null,null,null,485.000 ,4.008 €/m²,Excens Real Estate, Ref.: ADD1531 ,2,Segunda mano/buen estado,1,Piso en venta en calle de la Diputació,http://idealista.com/inmueble/88712249/
1,1948, Piso A ESTRENAR muy luminoso en c/Rosselló con Entença se encuentra en un edificio orientado al sur en el deseado barrio de l’Antigua Esquerre de l’Eixample lo que te garantiza que tendrás toda la luz que buscas para tu hogar.  Reforma en curso de este piso de 88 m2 aunque si se desea todavía a tiempo de modificar y personalizar algunos acabados. Posee 3 habitaciones (una de ellas doble) y 1 baño aunque si se desea todavía a tiempo de modificar y personalizar algunos acabados.  A estrenar con altas calidades: parquet de roble laminado bajo en VOC´s cocina reformada y pinturas ecológicas y fotocatalíticas etc.  La reforma de nuestros pisos se realiza sin afectar el medioambiente y los acabados “wellness” del piso cuidan tu salud y alargan la vida de los tuyos.  Llámanos y avanzamos. ,1,138,1,Calefacción individual,null,88,null,La Nova Esquerra de l'Eixample,null,null,null,400.000 ,4.545 €/m²,Privalore Agentes, Ref.: Pri-R-ROSS001 ,3,Segunda mano/buen estado,null,Piso en venta en calle del Rosselló,http://idealista.com/inmueble/88654725/
2,null, Piso principal con una reforma espectacular en finca totalmente rehabilitada con ascensor.    Ubicado en l'Antiga Esquerra de l'Eixample a dos manzanas de algunas de las más importantes calles de Barcelona. Cerca de los Ferrocarriles y varias lineas de autobús rodeado de todo tipo de restaurantes comercios actividades culturales y lúdicas la Universidad de Barcelona.. .    Desde el pasillo se accede directamente al salón-comedor con techos artesonados y grandes puertas. La fantástica cocina con isla de trabajo y acceso a dos terrazas una pequeña y otra grande.  La zona de noche se compone de una suite y una habitación doble. Los dos dormitorios dan a la calle mediante un balcón característico de la zona. ,1,0,1,Gas natural,null,150,null,L'Antiga Esquerra de l'Eixample,null,null,null,1.100.000 ,7.333 €/m²,Coldwell Banker Prestige Barcelona, Ref.: B06992BA ,2,Segunda mano/buen estado,1,Piso en venta en calle de València,http://idealista.com/inmueble/88484379/
2,null, Piso principal con una reforma espectacular en finca totalmente rehabilitada con ascensor.    Ubicado en l'Antiga Esquerra de l'Eixample a dos manzanas de algunas de las más importantes calles de Barcelona. Cerca de los Ferrocarriles y varias lineas de autobús rodeado de todo tipo de restaurantes comercios actividades culturales y lúdicas la Universidad de Barcelona.. .    Desde el pasillo se accede directamente al salón-comedor con techos altos. La fantástica cocina roja con isla en mármol gris. Desde la cocina se accede a una pequeña terraza que lleva a otra más grande típica de un principal Barcelonés. La terraza tiene una caseta muy práctica para almacenar objetos de poco uso.    La zona de noche se compone de una suite y una habitación doble. Los dos dormitorios dan a la calle mediante un balcón característico de la zona. ,1,0,1,Gas natural,null,157,null,L'Antiga Esquerra de l'Eixample,null,null,null,1.100.000 ,7.006 €/m²,Coldwell Banker Prestige Barcelona, Ref.: B06935BA ,2,Segunda mano/buen estado,1,Piso en venta en calle de València,http://idealista.com/inmueble/88484361/
3,1906,  Alta rentabilidad demostrable del 6% al 10% en 2018 y 2019. Piso único por sus características y versatilidad que permite unos ingresos muy por encima de lo habitual. Posibilidad de segregación. Zona céntrica inmejorable.  El inmueble consta de 110 m2 con ascensor acceso adaptado y es un segundo real. Está orientado a este y oeste por lo que tiene sol de mañana y tarde y junto con los bellísimos techos altos de época hace que sea muy luminoso y completamente exterior. En un lado tiene un balcón grande con vistas a la calle que comparten dos habitaciones dobles mientras que el salón comedor (con cocina abierta) está orientado a un tranquilo patio de manzana donde goza además con una maravillosa y alegre terraza de 15m2. Además tiene tres baños completos e independientes otra habitación que ventila a patio interior y sería posible... ,1,179,1,Gas natural,null,110,100,La Nova Esquerra de l'Eixample,null,null,null,598.000 ,5.436 €/m²,Dux Grupo Inmobiliario, Ref.: DUX0037 ,3,Segunda mano/buen estado,1,Piso en venta en calle de la Diputació,http://idealista.com/inmueble/88427454/
2,1955,  SARRIA-ST. GERVASI  MagnÍfica planta baja a estrenar situada en una de las mejores zonas de Barcelona en plena zona Alta a escasos metros de Paseo de la Bonanova.   Se trata de una vivienda distribuida en dos dormitorios dobles uno de ellos en suite dos baños completos salón independiente de 25 m2 cocina con zona office y comedor integrado. Desde la cocina se accede a patio y zona de lavadero. La propiedad está totalmente reformada con acabados de alta calidad suelos de parquet instalaciones nuevas aire acondicionado con bombas de calor y frío.  Uno de los aspectos a destacar es su propia distribución contando con estancias muy amplias techos altos que dotan a los espacios de la sensación de una gran amplitud.  Su maravillosa localización junto a Paseo de la Bonanova junto a la estación de trenes del Putxet. Muy bien comu... ,0,0,0,Bomba de frío/calor,null,138,106,Sant Gervasi - La Bonanova,null,null,null,349.000 ,2.529 €/m²,Lunallar ., Ref.: 0528 ,2,Segunda mano/buen estado,null,Piso en venta en calle Sarrià- La Bonanova,http://idealista.com/inmueble/88343158/
2,1925, Encontramos este piso en una finca regia de 1925 con ascensor a tan solo una manzana de la Sagrada Familia.   Entramos en un&nbsp;recibidor acogedor y servicial que da paso a una cocina abierta al salón-comedor con salida a un balcón largo orientado al sureste a patio de manzana. Es muy luminoso y recibe sol directo prácticamente todo el día además de ser tranquilo y silencioso.   Antes del acceso a la cocina tenemos los dos dormitorios: ambos dobles con armarios empotrados uno a cada lado. A continuación encontramos uno de los baños. Todas estas estancias se abren a patio interior.   Desde el comedor a través de una gran vidriera con carpintería de hierro accedemos al dormitorio principal con vestidor baño completo y salida al balcón del salón que conecta toda la fachada.   La vivienda se entrega reformada. Se trata de un piso muy familiar y también sería ideal como inversión. ,1,0,null,null,null,82,null,Eixample,null,null,null,545.000 ,6.646 €/m²,Lucas Fox Barcelona, Ref.: BCN21696 ,3,Segunda mano/buen estado,null,Piso en venta en La Sagrada Família,http://idealista.com/inmueble/88067327/
2,1934,  En el centro de Barcelona promoción de 16 viviendas de lujo un sueño en la ciudad condal.  Conjunto residencial de 16 apartamentos en proceso de rehabilitación combina arquitectura clásica de la Barcelona del siglo XIX fachada histórica y interiorismo contemporáneo en uno de los edificios más representativos del arquitecto Ramón Puig Gairalt situado en la Via Laietana.  En su interior un conjunto de dieciséis apartamentos de diseño versátil. La promoción cuenta con diversas tipologías de apartamentos: Opción A) 1 dormitorio y 2 baños en 90m2 aprox. Opción B) 2 dormitorios y 2 baños en 88m2 aprox. y 117m2 aprox. y Opción C) familiar de 3 dormitorios y 2 baños en 131m2 aprox.   Edificio con servicio de conserjería.  1a planta: 88m2 construidos: 950.000 € 2 hab 2 baños 130m2 construidos: 970.000 € 3 hab 2 baños 117m2 construidos: 1.... ,1,45,1,Gas natural,null,131,106,Sant Pere - Santa Caterina i la Ribera,null,null,null,970.000 ,7.405 €/m²,aincasa aicat 2677, Ref.: 4228 ,3,Segunda mano/buen estado,null,Piso en venta en via Layetana,http://idealista.com/inmueble/87988791/
2,2001, RIBES / ROGER DE FLOR En pleno barrio del Eixample Dret se encuentra esta amplia vivienda en un edificio seminuevo. Salón comedor exterior a calle con salida a mismo nivel de un amplio balcón donde disfrutar de las vistas y zona ajardinada que tenemos delante del piso cocina tipo office exterior a calle con salida a balcón 4 habitaciones todas exteriores dos de ellas dobles una de ellas tipo suite todas las habitaciones disponen de armarios empotrados 2 baños completos armarios empotrados en el pasillo de separación de la zona de día con la zona de noche la vivienda dispone de acabados de buena calidad en carpintería de aluminio parquet puertas de madera calefacción y aire acondicionado. Párquing para coche grande incluido en el precio. El piso se encuentra ubicado en una zona privilegiada por la cantidad de zonas verdes que lo rodean muy próximo a sitios de interés turístico junto estación de autobuses muy bien comunicado por transporte público. ,1,0,1,Eléctrica,null,150,135,El Fort Pienc,1,null,null,695.000 ,4.633 €/m²,Gema, Ref.: 2873 ,4,Segunda mano/buen estado,null,Piso en venta en calle de Ribes,http://idealista.com/inmueble/87624330/
2,1991, Fantástico piso situado en la Plaza de la Marina amplio de 94 m2 distribuido en Salón de 25 m2 con salida a una terraza de 6 m2 espacio suficiente para poner mesa y sillas donde podrás disfrutar de ratos tranquilos y soleados dada su orientación sur y vistas a los jardines de La Mediterránea. La habitación principal tiene su propio baño y armario empotrado. La cocina consta de 11m2 con salida al lavadero con un patio de 9 m2 totalmente aireado y luminoso.  Tiene 1 habitación de 9 m2 y otra de 10 m2 situadas junto al otro baño del piso. No dudes en venir a visitarlo llámanos. Dispone de una plaza de garaje opcional a 7.000€  Ref: ZF1002. ,1,154,1,Gas natural,null,94,87,La Marina del Port,1,null,null,239.000 ,2.543 €/m²,Dux Grupo Inmobiliario, Ref.: ZF1002 ,3,Segunda mano/buen estado,1,Piso en venta en MARE DE DEU DE PORT,http://idealista.com/inmueble/87165203/
5,1960,  Se trata de una propiedad de 405m2 situado en la 5º de altura a reformar con muchas posibilidades de redistribución.    Se distribuye en una gran zona de Salón-Comedor con salida a terraza-galería una biblioteca-despacho gran cocina-office seguida de lavadero y zona de servicio.    Esta propiedad cuenta con armarios empotrados dispone de 2 plazas de parking incluidas en el precio y otra habitación para chofer de 26m2 en el mismo parking de la finca.    Existe conserje y vigilancia.      Características    Calefacción  A reformar  Amplios espacios conectados  Portero/Vigilancia  4 habitaciones  5 baños.  Zona de Servicio  Trastero y 2 plazas de parking.      Localización    Turó Park está considerada en estos momentos como la mejor zona residencial de la parte alta de la ciudad de Barcelona. El parque está rodeado de varios ... ,1,141,5,null,null,507,405,Sant Gervasi - Galvany,1,null,null,2.600.000 ,5.128 €/m²,Excens Real Estate, Ref.: ADD1445 ,4,Segunda mano/para reformar,1,Piso en venta en calle de Johann Sebastian Bach,http://idealista.com/inmueble/86151575/
2,1920,  DIRECTO DE PROPIETARIO SIN INTERMEDIARIOS pues es piso es de Privalore. Lo hemos reformado íntegramente para que seas tu quien lo estrene además de disponer de la propia garantía post-venta para tu tranquilidad.  Luz luz y más luz en una finca regia excepcional. Este piso a estrenar te dará toda la luz para que tu hogar sea un oasis de buena energía gracias a ser una finca esquinera con 3 grandes balcones y una extraordinaria galería acristalada.  En una de las zonas más deseadas de Barcelona l’Eixample Esquerra este exclusivo piso de 155 m2 ofrece además altos techos artesanados con su decoración original y suelos hidráulicos (nolla).  Lo suyo de un piso tan singular como este es que sea para disfrutarlo en familia y compartiendo con amigos. El salón excepcional con techos altos tiene una zona de ocio bien marcada respecto al... ,1,164,2,Calefacción individual,null,155,null,L'Antiga Esquerra de l'Eixample,null,null,null,795.000 ,5.129 €/m²,Privalore Agentes, Ref.: Pri-38518857 ,3,Segunda mano/buen estado,null,Piso en venta en Gran Via de les Corts Catalanes,http://idealista.com/inmueble/85878799/
2,1956, Estrena ÁTICO con terraza privada a calle a 1 minuto del Mercat de Galvany (ver VÍDEO)  Principales características:  - Reformado íntegramente a estrenar con las mejores calidades  - Vivienda de 84m (según escritura) + terraza privada a calle  - Trastero en la cubierta  - Amplio salón comedor todo exterior y con sol de tarde (orientación oeste) y salida directa a terraza  - Terraza única en la zona de 15m aprox a calle con sol de tarde   - Cocina elegante y funcional con gran isla encimera Silestone y muebles con gola  - Las 3 habitaciones son exteriores a un amplio patio de manzana con sol de mañana (orientación este) y sin ruidos  - 2 baños completos grandes y cómodos 1 en suite  - Última planta del edificio (7º) con dos ascensores  - Pre-instalación de chimenea en el salón  - En inmejorable ubicación: en el distrito de Sarrià- Sant Gervasi barrio de Sant Gervasi- Galvany a media calle del Mercat de Galvany 2 calles del Turó Parc y de la Via Augusta y a 5 minutos de la plaza de Francesc Macià  - Edificio con inspección ITE pasada en excelente estado de mantenimiento y buena convivencia  ¡Ven a visitarlo y no te arrepentirás! ,1,32,7,Bomba de frío/calor,null,102,81,Sant Gervasi - Galvany,null,null,null,695.000 ,6.814 €/m²,Global Service 2005 - Alvaro, Ref.: AM862 ,3,Segunda mano/buen estado,1,Ático en venta en calle d'Amigó,http://idealista.com/inmueble/91476545/