bathrooms,constructed_year,description,elevator,energetic_qualification_kWhm2_año,floor,heater_system,its_new,m2_build,m2_useful,neighbourhood,parking,price_down_euro,price_down_percentage,price_euro,price_m2,real_estate,ref,rooms,status,terrace,title,link
2,1955, Luminoso piso en venta de 96m² de vivienda más elementos comunes según catastro situado en calle Berlín en el barrio de Les Corts. Ubicado en una 1ª planta real de una finca de 1955 con ascensor. La propiedad está distribuida en un amplio salón de 23m² con grandes ventanas amplia cocina de 11m² 3 habitaciones (2 de ellas dobles y exteriores a calle y 1 de tamaño individual) un baño completo y un aseo. El piso ha sido totalmente reformado y cuenta con 1 split de aire acondicionado/calefacción. Zona con todos los servicios necesarios y muy bien comunicada. No pierda la oportunidad de venir a verlo.   FORCADELL le ofrece asesoramiento y le ayuda en las gestiones para la obtención de la hipoteca. FINCAS FORCADELL SLU AICAT 163 Pl. Universitat 3 Baixos. BARCELONA. ,1,192,1,null,null,96,null,Les Corts,null,425.000 € ,7,395.000 ,4.115 €/m²,Dakota Hamilton, Ref.: V32956 ,3,null,null,Piso en venta en calle de Berlín,http://idealista.com/inmueble/89152587/
3,1936, En un edificio esquinero de 1936 con ascensor encontramos situado este espléndido piso de 3 dormitorios recién renovado con acabados de alta gama y características de diseño.   Gracias a su ubicación en la esquina del edificio goza de abundante luz natural y ofrece seis balcones a la calle. Dispone de tres dormitorios en total: dos de ellos dobles con baños privados y uno que puede destinarse a despacho o dormitorio de invitados con ducha y lavamanos.   El amplio salón (40 m²) cuenta con magníficos techos altos con vigas de madera y pinturas originales que datan de principios del siglo XX. La cocina está bien equipada con todo tipo de electrodomésticos incluyendo dos vinotecas.   Póngase en contacto con nosotros para obtener más información sobre esta vivienda tan especial en el Born. ,1,0,null,null,null,144,null,Ciutat Vella,null,null,null,795.000 ,5.521 €/m²,Lucas Fox Barcelona, Ref.: BCN22346 ,3,Segunda mano/buen estado,1,Piso en venta en Sant Pere - Santa Caterina i la Ribera,http://idealista.com/inmueble/88390031/
3,1890,  Luminoso piso de 241m2 totalmente reformado situado en la calle más prestigiosa de Barcelona Paseo de Gracia. La propiedad se encuentra en una finca recién rehabilitada con ascensor y rodeada todo tipo de áreas comerciales negocios y un gran escaparate de obras de arquitectura modernista.   La vivienda tiene una perfecta distribución en zona de día y zona de noche. La primera alberga un amplio salón-comedor con acceso a un balcón con fantásticas vistas a Paseo de Gracia una cocina independiente de vitrocerámica totalmente equipada con electrodomésticos de alta gama zona de aguas-lavadero aseo de cortesía y una habitación polivalente que puede usarse como despacho o sala de estar. La zona de noche la constituyen: una espectacular suite con vestidor tres dormitorios dobles y dos baños completos (uno de ellos en suite). Todas las hab... ,1,0,null,null,null,241,null,Eixample,null,null,null,2.550.000 ,10.581 €/m²,Atipika Lifestyle Properties, Ref.: 12729 ,5,Segunda mano/buen estado,null,Piso en venta en La Dreta de l'Eixample,http://idealista.com/inmueble/84688126/
2,null,  Piso reformado en venta en Poble Sec Barcelona Acogedor piso de 47 m2 en una finca antigua rehabilitada con ascensor en la Plaça Surtidor. La vivienda está reformada manteniendo el carácter original. Soleado salón comedor con salida a patio. Cocina americana. Tiene 2 habitaciones 1 doble y 1 individual y 2 baños con plato de ducha. Aire frío / calor por split. Techos altos con vigas de madera vistas. Suelos de mosaico hidráulico. Terraza comunitaria en la azotea. La vivienda se encuentra en el Poble Sec un barrio popular y cosmopolita cerca de la playa. A pocos metros está la avenida del Paral•lel la calle del espectáculo y la farándula de Barcelona. Aquí se encuentran los principales teatros y salas de conciertos de la ciudad como el Teatro Apolo o el Molino. El piso también está próximo a la calle Blai una vía peatonal que ofrec... ,1,0,null,null,null,47,null,Sants-Montjuïc,null,null,null,270.000 ,5.745 €/m²,Walter Haus, Ref.: 3288V ,2,Segunda mano/buen estado,null,Piso en venta en El Poble Sec - Parc de Montjuïc,http://idealista.com/inmueble/91532325/
4,2009, Magnífica vivienda reformada en finca moderna en Pedralbes.  Piso muy luminoso de 200m2 con una gran terraza de 14m2 con vistas al jardín. Al acceder a la vivienda nos encontramos un vestíbulo que nos lleva al gran salón comedor. Este espacio destaca por su gran confort y luminosidad con salida directa a una disfrutable terraza. Contigua a esta zona hay la gran cocina con isla central con habitación de servicio y baño.  En el otro lado de la vivienda nos encontramos tres habitaciones dobles en suite separadas por un pasillo con armarios empotrados. Todas las estancias disponen de buena orientación de luz y buenas vistas. Destacan los buenos acabados en todas las estancias de la vivienda.   La finca es de las más actuales de la zona y dispone de un agradable zona comunitaria con piscina sala de juegos o reuniones con servicio de conserjería y vigilancia nocturna. La vivienda se complementa con tres plazas de aparcamiento y un trastero de 16m2.  Realmente una gran oportunidad en la zona por características de la vivienda y calidad de la finca. ,1,0,2,Gas natural,null,200,null,Les Corts,1,null,null,1.700.000 ,8.500 €/m²,Max Ricart, Ref.: 1398 ,4,Segunda mano/buen estado,1,Piso en venta en Pedralbes,http://idealista.com/inmueble/91455262/
2,null, Piso excepcional en finca joven de Núñez y Navarro con polideportivo privado. Magnífico 6º piso real con una amplio balcón/terraza exterior muy luminoso de 77 m2 muy bien distribuidos con 3 habitaciones 2 baños completos (uno en suitte).  La vivienda está para entrar a vivir distribuida con un recibidor pasillo salón con un gran ventanal cocina con la galería ya integrada (totalmente equipada con electrodomésticos de alta gama) dispone de 3 habitaciones ( una de ellas suitte con plato de ducha). La habitación principal tiene acceso a un agradable y amplio balcón/terraza todas con ventana exterior. Un baño completo con cabina de hidromasaje.  Destacar que el inmueble dispone de aire acondicionado con bomba de calor y calefacción por radiadores una fantástica carpintería tanto en ventanas (con doble cristal) como en puertas y un suelo de parquet impecable con madera natural.  Situado en la calle Viladomat a 1 minuto del emblemático Mercat de Sant Antoni y cerca de todo tipo de transporte público tanto metro como autobús muy bien comunicado y con todos los comercios y servicios necesarios alrededor.  Ven a verlo sin compromiso! ,1,132,6,Gas natural,null,77,null,Sant Antoni,null,365.000 € ,4,350.000 ,4.545 €/m²,AGENCIA INMOBILIARIA MRA, Ref.: VILADOMAT N ,3,Segunda mano/buen estado,null,Piso en venta en calle Viladomat,http://idealista.com/inmueble/91159454/
1,null, Piso a reformar en una bonita finca clásica ya rehabilitada donde se han recuperado elementos originales convirtiendo los otros apartamentos en viviendas modernas con características de su época se encuentra ubicada en una calle tranquila de la Vila de Gracia al lado de la plaza del Raspall. Actualmente es un espacio diáfano con posibilidades de convertirlo a en vivienda de dos habitaciones y 1 baño con salon con cocina integrada o en loft. Su orientación este/oeste les proporciona mucha luz natural.  Las fotos son un ejemplo de una vivienda ya rehabilitada. ,1,999,3,Calefacción individual,null,64,60,Gràcia,null,null,null,280.250 ,4.379 €/m²,Amon Properties, Ref.: AP00G42V ,2,Segunda mano/para reformar,null,Piso en venta en Urb. vila de gracias Vila de Gràcia,http://idealista.com/inmueble/91020954/
2,1910,  Piso de 92m² construidos más tranquila terraza de 7m².  Segunda planta real 2 habitaciones dobles muy amplias -más de 35m² por habitación! 2 baños completos amplia cocina terraza de 7m² y balcón! El piso presenta elementos típicos de la época como son sus techos de más de 3 metros de altura con adornos realizados en estuco.   La vivienda se encuentra en el romántico “Barri Gòtic” a escasos 100 metros de Plaza Real las Ramblas y el Port Vell de Barcelona.   El piso consta de:  Dos habitaciones dobles enormes (más de 35m² por habitación): Habitación master suite: con baño completo de 3 piezas (plato de ducha) recién reformado salón propio con amplio sofá y salida a terraza chill-out ideal para relajarse amantes de los animales o plantas. ¡Luminosa y super tranquila durante todo el día!   Habitación secundaria con amplia salida a ... ,0,112,1,null,null,92,null,Ciutat Vella,null,null,null,392.000 ,4.261 €/m²,OLM, Ref.: OLM ,2,Segunda mano/buen estado,1,Piso en venta en El Gòtic,http://idealista.com/inmueble/91012329/
2,null,  Piso excepcional totalmente reformado en finca joven con ascensor. Magnífico piso sexto real con una amplia terraza exterior muy luminoso de 99 m2 muy bien distribuidos con 4 habitaciones 2 baños completos (uno en suitte).  La vivienda está para entrar a vivir distribuida con un recibidor un gran salón con cocina americana (totalmente equipada con electrodomésticos de alta gama) con acceso directo a la terraza dispone de 4 habitaciones dobles ( una de ellas la principal con vestidor y baño suitte con plato de ducha) todas con ventana exterior. Un baño completo con bañera y acceso a una una amplia galería con lavadero.   Destacar que el inmueble dispone de aire acondicionado por conductos con bomba de calor y calefacción por radiadores una fantástica carpintería tanto en ventanas (con doble cristal) como en puertas ( con madera ... ,1,133,6,Gas natural,null,99,null,Sant Antoni,1,449.000 € ,4,433.000 ,4.374 €/m²,AGENCIA INMOBILIARIA MRA, Ref.: Viladomat Sant Antoni ,4,Segunda mano/buen estado,1,Piso en venta en calle Viladomat,http://idealista.com/inmueble/90943713/
1,null, Piso reformado quinto de altura real en finca con ascensor. Con un total de 64m2 se compone de salón-comedor soleado con salida a balcón tres dormitorios (dos dobles y uno individual de buen tamaño) cocina reformada con zona de lavandería y baño también reformado.  El piso dispone de cerramientos de aluminio A/A frío/calor instalación eléctrica gas y agua nuevas y mucho mas.   En FINCAS Gp somos una empresa especializada en servicios inmobiliarios en la ciudad de Barcelona desde el año 1.993. Los precios indicados no incluyen gastos e impuestos de escrituras ni de financiación. Venta y alquiler de pisos y locales comerciales Encuentra más en. ,1,0,5,null,null,64,null,La Font de la Guatlla,null,null,null,239.000 ,3.734 €/m²,Fincas Gp, Ref.: E-27826C ,3,Segunda mano/buen estado,1,Piso en venta en Gran Via de les Corts Catalanes,http://idealista.com/inmueble/91137861/
4,null, Casa adosada muy luminosa de 370 m2 distribuidos en 4 plantas con ascensor.    Situada en una zona privilegiada de la parte alta de la Bonanova en el Distrito de Sarrià bordeando el Parque de Collserola disfrutando de unas vistas panorámicas sobre Barcelona y el mar. Torre Vilana está en un entorno silencioso y con privacidad siendo una de las mejores urbanizaciones de Barcelona. Está cerca de la Universidad de Barcelona y la Escuela de Negocio.    Dispone de un gran salón-comedor cocina office lavadero 5 habitaciones 4 baños terraza garaje para 3 coches y trastero.  La zona comunitaria dispone de una zona ajardinada de 17.000 m2 y piscina un parque infantil y una zona deportiva con pistas de pádel fútbol y baloncesto.    Cuenta con un alto sistema de seguridad presencia de cámaras de vigilancia personal de vigilancia las 24h videoportero y alarma. ,null,0,null,null,null,370,null,Sarrià-Sant Gervasi,1,1.950.000 € ,3,1.900.000 ,5.135 €/m²,Coldwell Banker Prestige Barcelona, Ref.: B07350BA ,5,Segunda mano/buen estado,1,Chalet adosado en venta en Sant Gervasi - La Bonanova,http://idealista.com/inmueble/90905048/
4,1900, Propiedad a renovar a junto a Paseo de Gracia.    Piso en finca regia rehabilitada con ascensor a reformar con posibilidad de recuperar todos los elementos originales.    Muchas posibilidades!    Por privacidad de la propiedad no podemos publicar las fotos. Póngase en contacto con nosotros si necesitan mas detalles.      Características    Zona prime  Finca regia  Ascensor  Balcón  Galería  Elementos originales  Calefacción      Localización    El área del Eixample esta caracterizada por sus manzanas octogonales con esquinas de cortes transversales visión del arquitecto Ildefons Cerdà quien combino las necesidades del flujo vehicular luz y ventilación.    Las necesidades cotidianas de los residentes también fueron tenidas en cuenta por lo que en esta zona se pueden encontrar gran variedad de colegios hospitales restaurantes y comercios. Muy bien comunicado metro cercanías y las principales arterias de Barcelona.. ,1,121,1,Gas natural,null,630,600,La Dreta de l'Eixample,null,null,null,2.520.000 ,4.000 €/m²,Excens Real Estate, Ref.: ADD1572 ,8,Segunda mano/para reformar,null,Piso en venta en calle de Pau Claris,http://idealista.com/inmueble/89683816/
2,null, Magnifico piso situado en todo el núcleo de la Eixample Esquerra.  Finca señorial con ascensor con servicio de portería. Consta de cuatro habitaciones dos dobles y dos individuales cocina office comedor un baño y un aseo justo al lado de galería interior perfecto para guardar enseres o tender. Amplio pasillo distribuidor. Piso de precio inmejorable para reformar interiores perfecto para poder dividir y distribuir las estancias. Precio inmejorable GRAN OPORTUNIDAD de compra tanto como inversión como de primera vivienda para familias. ,1,0,3,null,null,100,null,La Nova Esquerra de l'Eixample,null,340.000 € ,13,295.000 ,2.950 €/m²,Juan Carlos Bayón, Ref.: Example Esquerra ,4,Segunda mano/para reformar,null,Piso en venta en calle de Calàbria s/n,http://idealista.com/inmueble/89267371/
2,null,  Conjunto de piso más local en El Eixample en el barrio de moda de Sant Antoni junto a la Avenida Mistral la Avenida Paralelo y muy próximo a la plaza España. Junto a zona comercial completa colegios equipamiento deportivo y locales de restauración. El piso con cédula habitabilidad y el local anexo se venden como lote y están al mismo nivel comunicados como un conjunto sin escaleras estando ambos en un primer piso de altura real y que disponen de salida a pequeños patios a cielo abierto y luminosos. Actualmente se encuentran ambos en buen estado y semi reformados con instalaciones de agua luz y gas natural nuevas baños reformados y cocina del piso reformada a amueblar a su gusto siendo además la mayor parte de las paredes tabiques lo que ofrece muchas posibilidades si se desea cambiar la distribución. El piso de 75 m² se dist... ,1,0,1,null,null,200,null,Sant Antoni,null,null,null,399.000 ,1.995 €/m²,Solvia Store Barcelona, Ref.: PO0161880001 ,4,null,null,Piso en venta en calle de Tamarit 115,http://idealista.com/inmueble/85671806/
2,null, Piso de 70 m² en Poble Sec con doble orientación. La vivienda ha sido completamente reformada manteniendo elementos originales su distribución es: salón comedor con cocina abierta habitación doble un baño de servicio completo Y una habitación suite con salida a balcón y galería a un patio de manzana. Equipado con aire acondicionado/bomba de calor suelos de parquet y cerramiento de aluminio de alta calidad. La vivienda posee doble orientación sureste con sol de mañana y noroeste con sol de tarde. ,0,0,3,null,null,70,null,El Poble Sec - Parc de Montjuïc,null,null,null,345.000 ,4.929 €/m²,Solvia Store Barcelona, Ref.: PO0141060001 ,2,null,null,Piso en venta en calle de Salvà 58,http://idealista.com/inmueble/84372470/
1,1930, Garlasa Trade les ofrece esta auténtica oportunidad en la calle Salvà en el Poble Sec.  Se ubica en un principal sin ascensor en una finca del 1930.  Dispone de 55 mts en el cual encontramos 3 habitaciones( 1 doble y 2 individuales) y 1 baño completo.  Dispone de una galería y armarios empotrados.  Tiene orientación Sur/Este.  El inmueble requiere actualización.  GARLASA TRADE. Inmobiliaria de confianza con trato personalizado. Ofrecemos soluciones no promesas.  Empresa familiar con más de 20 años en el mercado inmobiliario le ofreceremos la profesionalidad que se merece.  Amplia cartera de pisos de venta y alquiler en Barcelona. Tasaciones sin compromiso.  Cualquier consulta no dude en contactarnos. 616793910. ,0,0,null,Gas natural,null,60,null,El Poble Sec - Parc de Montjuïc,null,null,null,178.000 ,2.967 €/m²,Garlasa Trade, Ref.: _Salvà ,3,Segunda mano/buen estado,null,Piso en venta en Salvà,http://idealista.com/inmueble/91481509/
2,null, Garlasa Trade les ofrece esta auténtica oportunidad en Calle sepúlveda con Villarroel zona de Sant Antoni.  Piso nuevo a estrenar.  El inmueble se distribuye en 85 mts en el cual encontramos 3 habitaciones   1 doble con armarios empotrados aire acondicionado exterior y con conexión para TV.  2 medianas completas con cavidad para 1 cama individual y escritorio. Las cuales dan a un patio interior de 7 mts.  La cocina se encuentra nueva a estrenar abierta a salón-comedor con salida al balcón.  Encontramos 1 baño completo y 1 aseo de cortesia.  Se ubica en una 2ª planta con ascensor.  La finca tiene la ITE pasada y no hay derramas pendientes.  Cabe destacar que el inmueble dispone de Aire Acondicionado calefacción y se encuentra con garantías de estado.  No dude en llamarnos. 686408074. ,1,0,2,Gas natural,null,85,null,Sant Antoni,null,null,null,389.000 ,4.576 €/m²,Garlasa Trade, Ref.: Sepúlveda ,3,Segunda mano/buen estado,null,Piso en venta en calle de Sepúlveda,http://idealista.com/inmueble/91401770/
2,1995, PRONTOPISO pone a la venta ático con terraza en zona alta de Barcelona. El inmueble consta de 108 metros cuadrados en los que se distribuyen 4 habitaciones de las cuales 2 dobles y 2 individuales 2 baños completos una cocina independiente la entrada y un ancho salón. También tiene una terraza grande a pié del mismo piso. La zona está perfectamente comunicada en los que consta a transporte público el piso está cercano a la parada de metro de Universitat (Línea 1 y 2) y la parada de metro de Urgell (Línea 1). También como en la gran mayoría de zonas de Barcelona consta de todo tipo de servicios como farmacias escuelas bares restaurantes centros comerciales... ,0,0,2,null,null,108,null,Eixample,null,372.000 € ,3,360.000 ,3.333 €/m²,Prontopiso Barcelona, Ref.: 76A6F0F0-2 ,4,Segunda mano/buen estado,1,Ático en venta en L'Antiga Esquerra de l'Eixample,http://idealista.com/inmueble/91401315/
1,null, ¡MUY LUMINOSO - LISTO PARA ENTRAR A VIVIR!  En inmejorable zona en el barrio de La Bordeta próxima a todo tipo de comercios y servicios como colegios parques restaurantes y centro médico. Excelente comunicación con Rodalies Renfe parada Magoria la Campana distintas lineas de autobús bicing y metro linea L1 Hostafrancs. A tan solo 2 minutos a pie de la conocida Gran Via de les Corts Catalanes que comunica con Plaza de España centro comercial Las Arenas y zona de Montjuic.   Vivienda en 4ª planta en finca que dispone de ascensor que consta de 80 metros de superficie distribuida en 3 dormitorios (1 doble con salida a balcón 1 mediano y 1 individual) salón comedor con salida a balcón con vistas despejadas cocina independiente bien conservada con salida a lavadero y baño completo con bañera. Destaca de esta propiedad su luminosidad amplitud y ubicación. Parking incluido en el precio.   ¡Llama ya agenda tu visita! ,1,223,4,null,null,80,null,La Bordeta,1,null,null,259.000 ,3.238 €/m²,LA CASA AGENCY, Ref.: CORRAL 259K ,3,Segunda mano/buen estado,null,Piso en venta en calle Corral,http://idealista.com/inmueble/91375841/
2,1928, Garlasa Trade le ofrece esta oportunidad en Avenida Diagonal junto a la Calle Enrique Granados  El inmueble se encuentra en una cuarta planta real de una finca señorial con ascensor.  El piso tiene 140 m2 que se distribuyen en:  Salón- comedor de 35 m2 exterior con orientación mar.  Habitación doble exterior con salida a balcón.   Baño completo (con posibilidad de hacer baño en suite)  Cocina office  2 habitaciones medianas.  1 Habitación individual.  Segundo baño completo.   Un balcón.  EL piso tiene una gran posibilidad de reforma.  No dude en llamarnos   686408074. ,1,0,4,Calefacción individual,null,140,null,L'Antiga Esquerra de l'Eixample,null,null,null,689.000 ,4.921 €/m²,Garlasa Trade, Ref.: Diagonal ,4,Segunda mano/buen estado,null,Piso en venta en avenida Diagonal,http://idealista.com/inmueble/91339329/
2,1987, Vivienda de 125m2 con terraza en calle tranquila. Zona Diagonal - L’Illa (por encima de Diagonal). Salón comedor con salida a terraza con vistas a zona ajardinada. Las tres habitaciones son exteriores. Una de ellas es una suite con salida a la terraza. De origen el piso tenía cuatro habitaciones.  Dos cuartos de baño. Lavadero. La buena distribución del piso permite que la cocina puede integrarse en el comedor. Calefacción y aire acondicionado. El estado de la vivienda es correcto pero conviene reformar para modernizarlo. Dos ascensores. Servicio de conserjería Edificio de obra vista del año 1987. Se incluye una plaza de garaje para coche grande. Fácil maniobra. ,1,0,2,Calefacción individual,null,125,null,Les Corts,1,null,null,760.000 ,6.080 €/m²,Gestin 3 - Viadomus, Ref.: 2608 ,3,Segunda mano/buen estado,1,Piso en venta en Agustina Saragossa,http://idealista.com/inmueble/91292285/
3,2009, Piso situado en una finca seminueva construida en 2009 con zona comunitaria con piscina y gimnasio. La vivienda dispone de una plaza de aparcamiento en el mismo edificio.   Al entrar en el piso encontramos un vestíbulo un aseo de cortesía un salón-comedor con acceso a una terraza de 16 m² dos dormitorios&nbsp;que comparten un baño completo y un dormitorio en suite. ,1,0,null,null,null,139,null,Sarrià-Sant Gervasi,1,null,null,1.630.000 ,11.727 €/m²,Lucas Fox Barcelona, Ref.: BCN21082 ,3,Segunda mano/para reformar,1,Piso en venta en Sant Gervasi - La Bonanova,http://idealista.com/inmueble/87978168/
1,1962, SANT GENÍS DELS AGUDELLS. Lado Hospital Universitari Vall d’ Hebrón se vende piso con trastero totalmente reformado equipado y amueblado para entrar a vivir.  Tiene una superficie construida de 83m² tres habitaciones (dos dobles y una sencilla) un baño completo con plato de ducha amplio salón comedor con salida a balcón cubierto. Tiene una amplia cocina de 7m². el piso es todo exterior muy luminoso y con orientación sur.   Los acabados son: carpintería de ventanas de aluminio con doble acristalamiento suelos de parqué calefacción por radiadores en todas las estancias baño reformado y cocina actualizada.   Se puede entregar amueblado y equipado tal y como se ve en las fotos. Ideal parejas familias e inversores.  HOSPITAL VALL D’HEBRÓN.  ¡Gran oportunidad por precio y zona! ,0,140,1,Gas natural,null,83,null,Sant Genís Dels Agudells - Montbau,null,null,null,159.900 ,1.927 €/m²,Expofinques Fabra i Puig, Ref.: 008-9422 ,3,Segunda mano/buen estado,null,Piso en venta en avenida d'Elies Pagès,http://idealista.com/inmueble/90851312/
1,1968, EL CARMEL-FONT D’EN FARGUES.  Ático ubicado en calle Dr. Bové a 5min. caminando de Font d’ en Fargues Piso en perfecto estado. completamente equipado y amueblado puede quedar tal y como se ve en las fotos esta para entrar a vivir o arrendar.   Completamente exterior muy luminoso con orientación suroeste con balcón de 7m². Suelos de parqué calefacción por radiadores en todas las estancias AC por split carpintería de ventanas aluminio con doble acristalamiento (climalit) puerta de seguridad. La cocina es semi office y quedaría completamente equipada el baño es completo con bañera.  Tiene tres habitaciones (una doble una cómoda y una sencilla) y el salón comedor es con salida a balcón 7m² orientado suroeste. Ideal parejas e inversores (rentabilidad desde el primer día).  ¡Gran oportunidad por estado precio y zona! ,0,199,4,Gas natural,null,60,55,La Font d'En Fargues,null,null,null,139.000 ,2.317 €/m²,Expofinques Fabra i Puig, Ref.: 008-5896 ,3,Segunda mano/buen estado,null,Ático en venta en penyal,http://idealista.com/inmueble/90587318/
2,null, Loft sin de cédula de habitabilidad.   San Martín se caracteriza por ser el centro de un plan ambicioso por parte del Ayuntamiento de Barcelona para llevar la ciudad al Siglo XXI comenzando por la plaza de Glorias se espera convertir la zona en un eje tecnológico y de I+D.  A la venta este loft a estrenar. Dispone de 105 m2 y 25 m2 de terraza.   Su distribución consta de 2 habitaciones dobles una de ella en suite más altillo y dos baños.   Su altura es de 4.2 m  Tendrá unos acabados de alta calidad.   Entrega julio 2021. ,1,0,0,null,null,129,105,El Poblenou,null,null,null,470.000 ,3.643 €/m²,Compropiso, Ref.: Loft ,3,Segunda mano/buen estado,null,Piso en venta en calle de Marià Aguiló,http://idealista.com/inmueble/90520917/
1,1955, Fantástica ubicación en pleno centro de Barcelona muy cómoda para vida cotidiana. Hay todo tipo de servicios: supermercados de calidad y de gran variedad; gran oferta gastronómica sin largos desplazamientos; sin necesidad de tener coche - gran red de transporte público. Hay mucha oferta de parkings en la zona.  El piso tiene: * 3 dormitorios 3 dobles. * 1 baño. * Salón exterior que da a la calle. * Completamente amueblado. * Dispone de todos los electrodomésticos termo calefacción eléctrica. * Sistema eléctrica totalmente actualizada. ,1,43,1,null,null,55,49,El Baix Guinardó,null,null,null,199.000 ,3.618 €/m²,eRitage Solutions SL, Ref.: B20532 ,3,Segunda mano/buen estado,null,Piso en venta en de Travessera de Gràcia,http://idealista.com/inmueble/91555182/
1,1910, Precioso inmueble con LICENCIA TURÍSTICA en el barrio de las Corts.  Se hizo una reforma integra en el año 2018.  El piso consta de 2hab dobles y de sofa-cama.  Acualmente dando un ROI bruto del 9.5%.  La vivienda se entregará totalmente amueblada y equipada con todos los electrodomésticos.  Zona con buenas comunicaciones y con todo tipo de comercios y servicios.  En HOMEnFUN somos expertos en gestión y venta de apartamentos turísticos.  A diferencia de otras inmobiliarias al uso nosotros ofrecemos un forecast (estimación de la facturación anual del inmueble) al futuro propietario. . ,0,181,2,Bomba de frío/calor,null,36,32,Les Corts,null,null,null,250.000 ,6.944 €/m²,HOMENFUN Venta de apartamentos, Anuncio: 89945897 ,2,Segunda mano/buen estado,null,Piso en venta en taquigraf serra,http://idealista.com/inmueble/89945897/
2,null, Ático con impresionantes vistas en venta en Eixample Barcelona. Su superficie es de 112m2 la cual incluye tres habitaciones dos individuales y una doble un gran salón luminoso y una terraza de cerca de 20mt2 con vistas al mar y a la montaña en donde se pueden realizar barbacoas.  La propiedad ha sido reformada y se encuentra en muy buen estado. Uno de los dos baños fue mejorado hace un año y cuenta con una bañera de gran tamaño.  El ático posee calidades como aire acondicionado calefacción central armarios empotrados cocina totalmente equipada ascensor y lavadero. También posee televisor puerta blindada y luces ojos de buey.  Este amplio y luminoso ático se encuentra muy próximo del Paseo de Gracia que es la avenida principal de Barcelona y una de las tres avenidas más famosas de Europa debido a su importancia turística con tiendas de lujo negocios y destacadas obras de arquitectura modernista como la Casa Batlló o La Pedrera del arquitecto Antonio Gaudí. ,1,0,7,Bomba de frío/calor,null,112,null,El Fort Pienc,null,570.000 € ,4,550.000 ,4.911 €/m²,REAL ESTATE, Ref.: 63951 ,3,Segunda mano/buen estado,null,Piso en venta en calle de Lepant,http://idealista.com/inmueble/91124905/
2,1970, ProntoPiso pone a la venta este PISO ALTO Y LUMINOSO EN MUNTANER/DESCARTES  Piso de 148m2 construidos (130m2 útiles) y 9m2 de terraza.  Tiene 3 habitaciones (2 dobles grandes y una doble mediana) y dos baños.   Desde el hall de entrada se accede a un amplio y luminoso salón / comedor con salida a terraza con capacidad para poner una mesa y 4 sillas. Separada por otra puerta encontramos una luminosa habitación doble con salida a otra terraza y un baño completo con ducha.   Desde el pasillo accedemos a una amplia cocina office con lavadero un distribuidor un baño completo con bañera y dos habitaciones dobles (una grande y otra mediana) que dan a patio interior.     El piso ofrece 2 entradas con dos ascensores (principal y montacargas).    La vivienda se ubica en un bonito edificio en la calle Muntaner.     Magnífica ubicación al lado de todos los servicios y transporte público.  Oportunidad de aquirir un piso amplio y luminoso done disfrutar de la zona alta de Barcelona. ,1,0,3,null,null,148,130,Sant Gervasi - Galvany,null,720.000 € ,3,700.000 ,4.730 €/m²,ProntoPiso, Ref.: 2A2242A2-0 ,3,Segunda mano/buen estado,1,Piso en venta en calle de Muntaner,http://idealista.com/inmueble/89411207/
1,1955, Estupenda ubicación de plaça de Les Glories junto al HUB la Torre Agbar Encantes y el Metro L1 Glories. El inmueble tiene sol en todas las estancias.  Se tarta de un inmueble de 70m2 totalmente reformado a estrenar con todos los electrodomésticos de 1ª calidad. El inmueble está distribuido en 2 dormitorios uno doble y otro medio ambos exteriores y un pequeño estudio o vestidor. Baño completo con plato de ducha cocina equipada con horno lava-vajillas nevera y campana extractora y galería independiente con lavadora y secadora. El salón es amplio y exterior.  Los acabados son de primera calidad;  - Suelos de parquet - Carpintería de aluminio con doble crtistal - Aire acondicionado y calor por conductos - Caldera de Junker - Instalación eléctrica en normativa 2020 - Alarma (opcional) 300 e/año - Puerta blindada  Para más información o coordinar visitas no dude en contactarnos. ,1,0,5,null,null,70,null,El Parc i la Llacuna del Poblenou,null,null,null,279.000 ,3.986 €/m²,Agencia IMMOBARCELO, Ref.: 2604 ,2,Segunda mano/buen estado,null,Piso en venta en calle d'Àvila,http://idealista.com/inmueble/90849662/