bathrooms,constructed_year,description,elevator,energetic_qualification_kWhm2_año,floor,heater_system,its_new,m2_build,m2_useful,neighbourhood,parking,price_down_euro,price_down_percentage,price_euro,price_m2,real_estate,ref,rooms,status,terrace,title,link
1,null,  Piso de 7544m² con un jardín de 2676m²  33 PISOS EN EL CORAZÓN DE BARCELONA  L'Orfebreria combina la tranquilidad con una vida urbana de primer nivel en la costa mediterránea logrando el equilibrio perfecto entre lujo y estilo de vida.  Se integra por 33 viviendas con superficies de entre 59 a 118 metros cuadrados con jardines privados y terrazas en la azotea hasta 118 metros cuadrados – desde € 378660.  Con servicios exclusivos para los residentes – zonas comunitarias ajardinadas solárium piscina y trasteros – hace de L'Orfebreria el nuevo punto de referencia de la vida de lujo en Barcelona.  L’ORFEBRERIA La antigua orfebrería del Poblenou donde Hermes y Tiffany producían sus piezas más especiales  se reinventa para acoger viviendas amplias y luminosas  diseñadas para disfrutar de la nueva Barcelona.  Espacios en los que expre... ,1,0,0,null,Obra nueva,89,null,El Parc i la Llacuna del Poblenou,null,null,null,577.500 ,6.489 €/m²,Poblenou ., Ref.: Bj 8º ,1,Promoción de obra nueva,null,Piso en venta en calle Sancho de Ávila 41,http://idealista.com/inmueble/89380844/
1,null,  Ático de 6311m² con una terraza de 6358m²  33 PISOS EN EL CORAZÓN DE BARCELONA  L'Orfebreria combina la tranquilidad con una vida urbana de primer nivel en la costa mediterránea logrando el equilibrio perfecto entre lujo y estilo de vida.  Se integra por 33 viviendas con superficies de entre 59 a 118 metros cuadrados con jardines privados y terrazas en la azotea hasta 118 metros cuadrados – desde € 378660.  Con servicios exclusivos para los residentes – zonas comunitarias ajardinadas solárium piscina y trasteros – hace de L'Orfebreria el nuevo punto de referencia de la vida de lujo en Barcelona.  L’ORFEBRERIA La antigua orfebrería del Poblenou donde Hermes y Tiffany producían sus piezas más especiales  se reinventa para acoger viviendas amplias y luminosas  diseñadas para disfrutar de la nueva Barcelona.  Espacios en los que ex... ,1,0,2,null,Obra nueva,95,null,El Parc i la Llacuna del Poblenou,null,null,null,617.000 ,6.495 €/m²,Poblenou ., Ref.: 2 9º ,1,Promoción de obra nueva,1,Ático en venta en calle Sancho de Ávila 41,http://idealista.com/inmueble/89270116/
1,null,  33 PISOS EN EL CORAZÓN DE BARCELONA  L'Orfebreria combina la tranquilidad con una vida urbana de primer nivel en la costa mediterránea logrando el equilibrio perfecto entre lujo y estilo de vida.  Se integra por 33 viviendas con superficies de entre 59 a 118 metros cuadrados con jardines privados y terrazas en la azotea hasta 118 metros cuadrados – desde € 378660.  Con servicios exclusivos para los residentes – zonas comunitarias ajardinadas solárium piscina y trasteros – hace de L'Orfebreria el nuevo punto de referencia de la vida de lujo en Barcelona.  L’ORFEBRERIA La antigua orfebrería del Poblenou donde Hermes y Tiffany producían sus piezas más especiales  se reinventa para acoger viviendas amplias y luminosas  diseñadas para disfrutar de la nueva Barcelona.  Espacios en los que expresar tu personalidad y creatividad. Una est... ,1,0,1,null,Obra nueva,63,null,El Parc i la Llacuna del Poblenou,null,null,null,378.500 ,6.008 €/m²,Poblenou ., Ref.: 1º 4º ,1,Promoción de obra nueva,null,Piso en venta en calle Sancho de Ávila 41,http://idealista.com/inmueble/89380939/
4,2008,  Casa minimalista de líneas puras y limpias con un precioso jardín.&nbsp;La vivienda está revestida de un exclusivo granito africano creando un juego geométrico entre el revestimiento y las ventanas en cada una de las fachadas muy especial. Consta de 256 m² de vivienda más 28 m² de terraza más el jardín perimetral.Dispone de tres plantas compactas con grandes oberturas de luz que integran los espacios exteriores con el interior de la vivienda y aportan gran luminosidad y sensación espacial.   En la planta de entrada encontramos un recibidor a doble altura que conecta con la escalera de madera y hormigón y seguidamente con el ascensor que comunica las tres plantas de la vivienda. En este nivel se presenta la zona principal de la vivienda compuesta por el luminoso salón-comedor distribuido en dos zonas con chimenea moderna de gas y gra... ,null,0,null,null,null,256,null,Sarrià-Sant Gervasi,1,null,null,2.300.000 ,8.984 €/m²,Lucas Fox Barcelona, Ref.: BCN22313 ,3,Segunda mano/buen estado,1,Casa o chalet en venta en Sarrià,http://idealista.com/inmueble/89062294/
3,1975,  Este impresionante piso de 124 m² está en la 7ª planta y cuenta con impresionantes vistas de la ciudad y del Tibidabo.   Al entrar en la vivienda a la izquierda encontramos el primer dormitorio el más pequeño de los cuatro aunque de muy buen tamaño. Este dormitorio conecta con un patio interior y está junto a un baño completo con ducha. A medida que avanzamos por el pasillo nos encontramos con una gran cocina con fogones de inducción de última generación en una isla central. La cocina está equipada con electrodomésticos de alta calidad y tiene espacio suficiente para una mesa grande y sillas.   A continuación entramos en el espacioso salón con una chimenea moderna y grandes puertas de cristal que dan a una terraza de 21 m² con hermosas vistas del Eixample y del Tibidabo. El salón es muy espacioso y recibe mucha luz natural.   Desd... ,1,0,null,null,null,135,null,Eixample,1,null,null,890.000 ,6.593 €/m²,Lucas Fox Barcelona, Ref.: BCN23083 ,4,Segunda mano/buen estado,1,Piso en venta en La Dreta de l'Eixample,http://idealista.com/inmueble/89026247/
4,null, Este gran piso en venta está situado en el corazón de la prestigiosa zona de Pedralbes en Barcelona.   El piso ocupa unos 217 m² y presenta la zona de día y la zona de noche perfectamente diferenciada. La zona de día dispone de un amplio salón-comedor y una cocina office con salida directa a una terraza de 34 m².   La zona de noche cuenta con cinco dormitorios y cuatro cuartos de baño. De los cinco dormitorios se ofrecen dos suites con sus baños privados y una de ellas incluye un vestidor. Otro de los dormitorios es exterior con armarios empotrados.   Se incluye en el precio dos plazas de aparcamiento y un trastero.   El edificio ofrece mucha seguridad y cuenta con conserje fines de semana incluidos y ascensor. ,1,0,null,null,null,234,null,Les Corts,null,null,null,1.850.000 ,7.906 €/m²,Lucas Fox Barcelona, Ref.: BCN23253 ,5,Segunda mano/para reformar,1,Piso en venta en Pedralbes,http://idealista.com/inmueble/89015276/
2,2007, Se trata de una vivienda de obra nueva del año 2007 que se encuentra en buen estado de conservación.   Al entrar al piso pasamos a un salón-comedor con salida directa a la terraza. La cocina dispone de office y comunica con el salón mediante una puerta corredera.   La zona de noche consta de 3 dormitorios y 2 baños. El dormitorio principal dispone de baño privado y los otros comparten un baño completo. Todas estas estancias tienen acceso a una segunda terraza posterior que ofrece vistas a la montaña. ,1,0,null,null,null,129,null,Sarrià-Sant Gervasi,1,null,null,1.290.000 ,10.000 €/m²,Lucas Fox Barcelona, Ref.: BCN22967 ,3,Segunda mano/para reformar,1,Piso en venta en Sant Gervasi - La Bonanova,http://idealista.com/inmueble/88969840/
4,1968,  ÁTICO DUPLEX EN LAS RAMBLAS en el corazón de Barcelona y situado frente el conocido Mercado de la BoquerIa se encuentra este impresionante y gran piso dúplex todo exterior a 4 vientos luminoso alto con balcones y terrazas de más de 100 m² recién reformado de diseño y con extraordinarias calidades. La vivienda que tiene 222 m² según referencia catastral tiene 4 habitaciones dobles de las cuales 2 son suite gran cocina office. Muy bien distribuida y bien diferenciada la zona de día de la de noche al entrar encontramos un gran hall que da acceso al magnífico salón comedor de 50 m² que tiene anexado el comedor de casi 20 m² con acceso directo a la amplia y luminosa cocina-office completamente equipada con electrodomésticos de alta gama. En este gran piso de diseño en las Ramblas su cocina además tiene un espacio para almacenar p... ,0,211,5,null,null,222,195,Ciutat Vella,null,null,null,1.690.000 ,7.613 €/m²,donpiso Bcn Sant Gervasi, Ref.: 234021 ,4,Segunda mano/buen estado,1,Piso en venta en El Gòtic,http://idealista.com/inmueble/88969124/
3,1930,  La vivienda se encuentra en una finca regia con tan solo cuatro vecinos uno por planta lo que asegura residir en una comunidad tranquila y con mucha privacidad.   Al entrar en la vivienda nos recibe un amplio recibidor que conduce a un salón-comedor de unos 60 m² muy espacioso y luminoso. Del salón accedemos a la cocina equipada con una isla central y vitrocerámica. Desde la misma cocina pasamos a la zona de aguas que hay en una pequeña galería exterior que da a patio interior.   En cuanto a los dormitorios la vivienda consta de tres dobles (uno de ellos en suite con vestidor) una de tamaño grande y un quinto dormitorio mediano con baño incluido.   El piso dispone de cuatro baños: uno de cortesía cerca del comedor un baño completo con ducha en el dormitorio de servicio/invitados otro baño completo con ducha que comparten vario... ,1,167,null,null,null,213,null,Sarrià-Sant Gervasi,1,null,null,1.090.000 ,5.117 €/m²,Lucas Fox Barcelona, Ref.: BCN22193 ,5,Segunda mano/para reformar,null,Piso en venta en El Putxet i el Farró,http://idealista.com/inmueble/88804658/
4,null, Magnífica vivienda situada en la Bonanova con proximidad a los principales colegios internacionales y cerca de comercios y restaurantes.   En la planta baja encontramos un dormitorio en suite y una zona de salón-comedor y cocina totalmente equipada.   La primera planta se compone de cinco dormitorios de los cuales tres disponen de baño privado y los otros dos comparten un baño completo.   La planta superior cuenta con una zona polivalente destinada a estudio.   La planta sótano consta de un maravilloso gimnasio con sauna y un dormitorio en suite.   El garaje tiene espacio para varios vehículos. ,null,0,null,null,null,730,null,Sarrià-Sant Gervasi,null,null,null,4.500.000 ,6.164 €/m²,Lucas Fox Barcelona, Ref.: BCN22485 ,7,Segunda mano/para reformar,null,Casa o chalet en venta en Sant Gervasi - La Bonanova,http://idealista.com/inmueble/88661233/
4,2004,  Fantástica casa de 284 m² con 61 m² de jardín. Se encuentra en una zona residencial de alto standing y ofrece las mejores vistas de Barcelona.   Si busca privacidad y tranquilidad esta es su casa. El complejo residencial se sitúa a los pies de la montaña del Tibidabo y goza de 17.000 m² de zonas ajardinadas pistas de pádel piscinas polideportivo y zona infantil. Está conectado con el centro de la ciudad y alrededores por la Ronda de Dalt.   Esta luminosa casa exterior a tres vientos está distribuida en cuatro plantas que se comunican mediante un ascensor interno o mediante escaleras. El garaje privado tiene capacidad para tres coches y encontramos aquí una amplia zona de lavadero y una sala diáfana equipada con aseo un gran trastero nevera vinoteca home cinema y más.   En la planta principal nos encontramos con un baño completo... ,null,223,null,null,null,284,null,Sarrià-Sant Gervasi,1,null,null,1.950.000 ,6.866 €/m²,Lucas Fox Barcelona, Ref.: BCN21995 ,4,Segunda mano/buen estado,1,Casa o chalet en venta en Sant Gervasi - La Bonanova,http://idealista.com/inmueble/88513665/
2,1947,  Céntricamente situado entre l’Eixample más acomodado y el distrito de Sant Gervasi encontramos este precioso ático de más de 180 m2 completamente reformados y en finca regia rehabilitada sorprendentemente silencioso y lleno de luz.  Nada más entrar a la izquierda de un amplio recibidor encontramos la zona de día compuesta de comedor con salida a terraza y cocina integrada con una gran isla con encimera de Silestone y despensa aparte mientras que a la derecha un ancho pasillo nos descubre la zona propiamente de noche con dos habitaciones dobles grandes muy luminosas con mezzanine y techos acabados en volta catalana además de un cuarto de baño completo y de una habitación de invitados muy bien aprovechada y una habitación grande tipo trastero todo ello separado por una bonita puerta corredera de la zona de trabajo master suite c... ,1,225,5,null,null,185,null,Sarrià-Sant Gervasi,null,null,null,1.190.000 ,6.432 €/m²,Barcelona & Costa Brava Sotheby’s Realty, Ref.: BCNP2881 ,4,Segunda mano/buen estado,1,Ático en venta en Sant Gervasi - Galvany,http://idealista.com/inmueble/88455469/
6,1950,  Esta elegante casa con mucho encanto se sitúa en Sarrià cerca del casco antiguo con su zona comercial. La casa mide unos 477 m² y se distribuye en tres plantas más una zona de lavado y una caseta de madera de unos 35 m² en la azotea. También cuenta con un precioso jardín de 181 m² con una caseta para herramientas barbacoa y porche.   La vivienda data de 1890 y durante algún tiempo se usó como tres pisos independientes. Actualmente requiere de algunas renovaciones y está distribuida para que puedan convivir tres familias. La fachada a la calle está orientada hacia el sureste y la fachada al jardín hacia el noreste.   Enfrente de la casa podemos aparcar un coche en un vado. Subimos unos escalones para llegar al recibidor en la planta baja donde están las escaleras que conectan con las otras plantas y un ascensor que lleva hasta la p... ,null,0,null,null,null,512,null,Sarrià-Sant Gervasi,1,null,null,3.900.000 ,7.617 €/m²,Lucas Fox Barcelona, Ref.: BCN14958 ,6,Segunda mano/para reformar,1,Casa o chalet en venta en Sarrià,http://idealista.com/inmueble/88376448/
1,1945,  ZONA GALVANY Precioso y bonito piso amplio con 2 patios 3 habitaciones y 1 baño. En el barrio de Sant Gervasi Galvany de Barcelona se encuentra este precioso piso con un patio soleado y otro patio pequeño. La vivienda consta de un amplio salón comedor muy luminoso y soleado con dos ambientes exterior a un espectacular patio 3 habitaciones de las cuales dos son dobles y una individual y 1 baño completo. Este piso tiene un patio terraza que le da un carácter único. Este patio terraza de grandes dimensiones esta soleado todo el día convirtiendo todo el salón comedor en una estancia muy luminosa. El patio terraza está rodeado de paredes de poca altura lo que lo convierte en una zona excepcional para disfrutar de grandes veladas todo el año. Un pequeño oasis dentro de la gran ciudad de Barcelona. Además dispone de otro patio que le pue... ,1,318,1,null,null,109,97,Sarrià-Sant Gervasi,null,null,null,395.000 ,3.624 €/m²,donpiso Bcn Sant Gervasi, Ref.: 235724 ,3,null,null,Piso en venta en Sant Gervasi - Galvany,http://idealista.com/inmueble/88250874/
3,2019,  Impresionante ático tríplex situado en una promoción de obra nueva de 8 plantas en un impresionante edificio emblemático ubicado en la esquina de Gran Via de les Corts Catalanes y calle Balmes en el Eixample Izquierdo de Barcelona.   Esta vivienda tiene una superficie construida de 127 m² distribuidos en 3 plantas. La planta de acceso ofrece una cocina salón aseo de cortesía y un dormitorio con cuarto de baño privado. El salón tiene salida a una magnífica terraza esquinera con vistas a la calle Balmes y la Gran Via. La segunda planta cuenta con 2 dormitorios y un cuarto de baño completo. La planta superior dispone de una magnífica terraza con una barandilla de cristal presidida por la escultura del fénix que caracteriza a este edificio.   Completamente reformado con interiores simples y neutros y con acabados de la más alta calida... ,1,0,null,null,null,144,null,Eixample,null,null,null,1.495.000 ,10.382 €/m²,Lucas Fox Barcelona, Ref.: BCN7218 ,3,null,1,Ático en venta en La Dreta de l'Eixample,http://idealista.com/inmueble/40428209/
1,null, Bonito piso en el centro de Barcelona. (Tiene cédula de habitabilidad) Totalmente exterior y en buen estado. Distribuido en 38m2 con un diseño ideal para parejas en perfecto estado. Totalmente amueblado. Cocina equipada con electrodomésticos (lavadora nevera horno). La sala de estar está parcialmente separada de la habitación doble. Balcón Vistas despejadas una buena zona en el barrio del Raval cerca de la calle Ronda de Sant Pau. Al lado del metro de Sant Antoni. Baño con ducha en buen estado. Suelos y racholas hidráulicas. En la zona podemos encontrar todo tipo de servicios alrededor. Metro: L2 Sant Antoni. Una de las muchas gemas escondidas de la Ciudad Condal es sin duda el Raval un barrio colorido y céntrico que es interesante y lleno de vida con un carácter que lo hace destacar como uno de los barrios más geniales de Barcelona. ,0,100,4,null,null,38,null,El Raval,null,149.000 € ,7,139.000 ,3.658 €/m²,"ZOE REAL ESTATE BARCELONA, SL", Ref.: RAVAL 7V ,1,Segunda mano/buen estado,null,Piso en venta en sant climent,http://idealista.com/inmueble/87774490/
2,2008,  Esta fantástica vivienda de&nbsp;92 m² más 44 m² de terraza&nbsp;se sitúa en la calle Girona en el Eixample Derecho de Barcelona que cuenta además con licencia de uso turístico en vigor. &nbsp;   La zona una de las más codiciadas de la ciudad es perfecta para el alquiler turístico por razones obvias de comunicación y servicios. Así mismo se encuentra a una cómoda distancia a pie de varios puntos turísticos de referencia de la ciudad.   La finca de contrucción y fachada moderna destaca entre la arquitectura típica de eixample y dota al piso de grandes comodidades poco habituales en la zona como un ascensor amplio y cómodo una accesibilidad total y poca inversión en mantenimiento de la finca. &nbsp;   Entrando al piso encontramos la zona de día con la cocina cerrada y equipada en perfecto estado. Desde el distribuidor acced... ,1,0,null,null,null,116,null,Eixample,1,null,null,1.000.000 ,8.621 €/m²,Lucas Fox Barcelona, Ref.: BCN21501 ,2,Segunda mano/buen estado,1,Piso en venta en La Dreta de l'Eixample,http://idealista.com/inmueble/87739024/
3,null, Este piso está en venta en la cuarta planta de un encantador edificio de época del año 1936 en la calle Provença. El edificio cuenta con un ascensor de madera clásico y servicio de conserjería las 24 horas así como un trastero para cada uno de los propietarios en la azotea. En cada planta hay dos viviendas.   Este piso de 3 dormitorios con una renovación preciosa es el hogar ideal para familias que busquen un piso amplio con materiales y acabados de alta calidad en pleno centro de la ciudad. Ofrece una superficie de 160 m² (130 m² registrados) y la prestigiosa promotora lo ha diseñado de una forma muy inteligente para ofrecer una distribución flexible. El piso cuenta con un soleado salón-comedor que da a la calle con techos altos y molduras decorativas una cocina amplia con lavadero un baño y un dormitorio o estudio.   En el extremo opuesto de la vivienda encontramos un total de tres dormitorios incluido el impresionante y enorme dormitorio principal con elegantes armarios empotrados balcón y baño privado. Los otros dos dormitorios comparten dos baños más. ,1,0,null,null,null,160,null,Eixample,null,null,null,995.000 ,6.219 €/m²,Lucas Fox Barcelona, Ref.: BCN20722 ,3,Segunda mano/buen estado,null,Piso en venta en La Dreta de l'Eixample,http://idealista.com/inmueble/87702648/
2,1999,  Ubicado junto al Parque de Diagonal Mar a pocos metros de la playa y en una zona rodeada de servicios y comercios encontramos este lujoso piso de 160m2. Está rodeado de excelentes parajes y ofrece vistas 180° de vistas al mar a la ciudad en su totalidad y a las montañas que la rodean. Dispone de un amplio y luminoso salón-comedor con paredes acristaladas que permiten unas impresionantes vistas panorámicas y una cocina independiente a gas totalmente equipada con electrodomésticos de alta gama (horno nevera lavavajillas microondas lavadora y secadora). Consta de un total de cuatro dormitorios: dos dobles uno individual y una máster suite con bañera. Además la propiedad cuenta con un baño más extra y una zona de aguas independiente. Cabe destacar la zona exterior de la propiedad con una terraza de 30m2 con vistas y una fantástic... ,1,0,null,null,null,175,160,Sant Martí,1,null,null,1.375.000 ,7.857 €/m²,Atipika Lifestyle Properties, Ref.: 13452 ,4,Segunda mano/buen estado,1,Piso en venta en Diagonal Mar i el Front Marítim del Poblenou,http://idealista.com/inmueble/87042303/
4,2001,  EXCLUSIVA CASA EN BARCELONA: En plena naturaleza en el pulmón de Barcelona a escasos minutos del dentro de la ciudad de Barcelona y a tan solo 400 metros de la estación de Vallvidrera Superior. Casa en venta unifamiliar con piscina de más de 400 m² construidos según referencia catastral. Esta exclusiva casa en plena naturaleza disfruta de todas las comodidades para su mayor confort: Aire acondicionado ascensor cierres automatizados y un espectacular jardín con piscina con vistas a Collserola. La casa pertenece al núcleo urbano de Barcelona en un entorno residencial. La casa dispone de 4 plantas. En la planta baja tenemos garaje para dos vehículos amplio salón polivalente un despacho zona de máquinas y un trastero. En la primera planta se encuentra la zona de día. Un salón comedor a dos ambientes de casi 50 m² muy coleado y lumino... ,null,64,null,null,null,422,262,Sarrià-Sant Gervasi,1,null,null,879.000 ,2.083 €/m²,donpiso Bcn Sant Gervasi, Ref.: 226223 ,5,Segunda mano/buen estado,1,Casa o chalet independiente en venta en Vallvidrera - El Tibidabo i les Planes,http://idealista.com/inmueble/85929711/
3,null,  Ático dúplex de 184 m² situado en la octava planta de una promoción de obra nueva de 8 plantas en un impresionante edificio emblemático ubicado en la esquina de Gran Via de les Corts Catalanes y calle Balmes en el Eixample Izquierdo de Barcelona.   Esta vivienda dispone de una magnífica terraza de con espectaculares vistas panorámicas a la ciudad de Barcelona.   Se puede disfrutar de tranquilidad y abundante luz natural gracias a su situación en una planta alta. Los interiores completamente reformados con una elegante decoración ofrecen una vivienda de lujo muy acogedora ubicada en el corazón de la ciudad. La planta de acceso dispone de un salón-comedor con salida a terraza cocina aseo de cortesía y 2 dormitorios con cuartos de baño privados también con salida a la terraza. La planta superior alberga el dormitorio principal con cu... ,null,0,null,null,null,209,null,Eixample,null,null,null,1.995.000 ,9.545 €/m²,Lucas Fox Barcelona, Ref.: BCN7014 ,3,null,1,Ático en venta en La Dreta de l'Eixample,http://idealista.com/inmueble/40428194/
2,2002,  Este fantástico ático de 2 plantas de 93 m² dispone de 40 m² de terraza y se ubica cerca de la avenida Diagonal y de Sagrada Familia. La vivienda se presenta amueblada y destaca por sus estancias acogedoras amplias luminosas y con vistas agradables a la calle. Además cuenta con licencia turística.   El espacio se distribuye de la siguiente manera: la planta baja presenta la zona de día que consta de una práctica cocina semi-abierta totalmente equipada y de un luminoso salón-comedor con unas vistas preciosas a varios edificios modernistas lo que le aporta mucho encanto al espacio. A continuación encontramos un baño completo una zona de aguas muy funcional y 3 dormitorios dobles uno de ellos con baño privado.   Subimos a la segunda planta por el cuarto de lavado donde tenemos otro dormitorio doble y la salida a la terraza un esp... ,1,0,null,null,null,113,null,Eixample,null,null,null,699.000 ,6.186 €/m²,Lucas Fox Barcelona, Ref.: BCN16283 ,4,Segunda mano/buen estado,1,Ático en venta en El Fort Pienc,http://idealista.com/inmueble/85932622/
1,1897,  PISO EN VENTA EN LA ZONA DE SANT ANTONI magnifico piso en venta ubicado en finca regia del año 1897 con ascensor en pleno Distrito de l´Eixample Izquierda. Se trata de un piso en venta en finca muy bien conservada y con ascensor el cual cuenta con 115 m² de superficie según catastro. Exterior a la calle y al patio de manzana sol de mañana y de tarde y gran luminosidad es lo que lo caracteriza. Se encuentra distribuido en salón independiente con galería orientado a sur cocina independiente reformada con espacio para mesa y sillas La zona de noche consta de cinco (5) habitaciones de las cuales dos de ellas son dobles 2 individuales completas y 1 sencilla un baño completo con ducha reformado. Y consta de un balcón exterior a la calle orientación nort-este. La propiedad tiene suelo de parquet carpintería de aluminio calefacción de ... ,1,134,5,null,null,115,109,Eixample,null,null,null,446.820 ,3.885 €/m²,donpiso Bcn Sant Gervasi, Ref.: 223696 ,5,Segunda mano/buen estado,null,Piso en venta en Sant Antoni,http://idealista.com/inmueble/84969834/
1,1996,  OPORTUNIDAD EN LA ZONA!  Piso situado en uno de los mejores zonas de Barcelona en el barrio de La Bordeta. Cerca de la conocida calle Rambla Badal a pocos metros de la Ciudad de la Justicia y a tan solo cinco minutos del transporte público comunicado con la parada de metro linea 1 parada de ´Mercat Nou´ de los Ferrocarriles Catalanes ´Magoria-La Campana´ y de distintas lineas de autobuses para poder comunicarte con el centro de la ciudad sin ningún tipo de inconveniente. También junto a comercios parques y colegios.   El piso se distribuye de la siguiente manera: 60m² de superficie con 2 dormitorios de las cuales 1 es doble y la otra mediana salón comedor amplio de 20m² con salida al balcón de 8m² que da al patio de manzana muy amplio 1 baño completo y cocina piso PARA ENTRAR A VIVIR PERFECTAMENTE con aire acondicionado frío/... ,1,99,3,Bomba de frío/calor,Urge,60,null,La Bordeta,1,223.000 € ,2,219.000 ,3.650 €/m²,Estudio Buenos Aires, Ref.: CONSTITUCION ,2,Segunda mano/buen estado,1,Piso en venta en CONSTITUCIO 132,http://idealista.com/inmueble/90618020/
1,1959,  En BDI Barcelona no podemos dejar escapar la oportunidad única en el contexto actual de disfrutar de un inmueble de obra nueva en la Vila de Gracia espacio protegido por el consistorio actual y clave para entender el desarrollo de la ciudad de Barcelona en los últimos 20 años.  El inmueble que te ofrecemos esta ubicado en una de las áreas más reconocidas de la zona por la exclusividad que le confiere estar situado a sólo 5 minutos a pie del emblemático paseo de Gracia de Barcelona.  La vivienda que destaca por sus excelentes acabados se enclava en un edificio rehabilitado de manera integral y compuesto por 10 exclusivos apartamentos.  Pero no solo la ubicación y la tranquilidad que se respira en el barrio son únicos sino sus acabados que respetan el encanto original de sus techos de casi 4 metros de altura sus vigas vistas o la... ,1,238,0,Bomba de frío/calor,null,192,181,Vila de Gràcia,null,null,null,622.000 ,3.240 €/m²,BDI Barcelona, Ref.: JT14B1 ,2,Segunda mano/buen estado,1,Piso en venta en calle de Josep Torres 14,http://idealista.com/inmueble/88959035/
1,1959,  En BDI Barcelona no podemos dejar escapar la oportunidad única en el contexto actual de disfrutar de un inmueble de obra nueva en la Vila de Gracia espacio protegido por el consistorio actual y clave para entender el desarrollo de la ciudad de Barcelona en los últimos 20 años.  El inmueble que te ofrecemos esta ubicado en una de las áreas más reconocidas de la zona por la exclusividad que le confiere estar situado a sólo 5 minutos a pie del emblemático paseo de Gracia de Barcelona.  La vivienda que destaca por sus excelentes acabados se enclava en un edificio rehabilitado de manera integral y compuesto por 10 exclusivos apartamentos.  Pero no solo la ubicación y la tranquilidad que se respira en el barrio son únicos sino sus acabados que respetan el encanto original de sus techos alto sus vigas vistas o las paredes de ladrillo ... ,1,0,1,Bomba de frío/calor,null,52,45,Vila de Gràcia,null,null,null,315.000 ,6.058 €/m²,BDI Barcelona, Ref.: JT1412 ,1,Segunda mano/buen estado,null,Piso en venta en calle de Josep Torres 14,http://idealista.com/inmueble/87673456/
3,1969, Espectacular piso de 258 m2 construidos en primera planta con altura real de segundo. Excelentes vistas disponibles gracias a los enormes ventanales que posee la propiedad ademas con una gran terraza que permiten disfrutar de momentos increibles. El piso posee 5 habitaciones y tres baños muy amplio al igual que su perfecta cocina los amantes de la cocina podran disfrutar perfecamente de todos sus espacios y comodidades. El edificio posee un buen entorno y acceso elegante ubicado en uno de los mejores barrios de Barcelona con buena comunicación a todos los servicios y comercios necesarios. Es un piso increible el cual te recomendamos adquirir. Puedes contactarnos y te ayudaremos en todo. ,1,186,1,Gas natural,null,270,210,Sant Gervasi - Galvany,1,null,null,1.045.000 ,3.870 €/m²,"OMEGA HOUSE, S. L.", Ref.: VML042 ,5,Segunda mano/buen estado,1,Piso en venta en calle Diagonal 630 -32,http://idealista.com/inmueble/85285417/
1,null, Garlasa Trade les ofrece esta auténtica oportunidad en la calle Salvà en el Poble Sec.  Dispone de 57 mts en el cual encontramos 3 habitaciones y 1 baño completo.  Dispone de balcón y armarios empotrados.  Se encuentra en una entreplanta sin ascensor.  Para reformar.  GARLASA TRADE. Inmobiliaria de confianza con trato personalizado. Ofrecemos soluciones no promesas.  Empresa familiar con más de 20 años en el mercado inmobiliario le ofreceremos la profesionalidad que se merece.  Amplia cartera de pisos de venta y alquiler en Barcelona. Tasaciones sin compromiso.  Cualquier consulta no dude en contactarnos. 616793910. ,0,0,null,Gas natural,null,57,null,El Poble Sec - Parc de Montjuïc,null,null,null,165.000 ,2.895 €/m²,Garlasa Trade, Ref.: _Salva ,3,Segunda mano/para reformar,null,Piso en venta en salvà,http://idealista.com/inmueble/91627249/
1,null, Piso en la Sants-Les Corts-Eixample Barcelona. Aldo de la estación de Sants y a 5 min de Francesc Macià y la Illa Diagonal. Tiene un metraje de 81 m2 construidos para entrar a vivir.  La vivienda dispone de tres habitaciones una habitación doble y dos habitaciones individuales. Salón comedor amplio y luminoso con salida a balcón que da la avenida vistas abiertas. Cocina independiente armarios altos y bajos fogones horno y salida a la galería donde situaríamos la lavadora lavavajillas. Baño completo con bidé y bañera. Finca con ascensor y conserje. Es primera planta. En una zona con gran cantidad de supermercados cercanos y muy bien comunicado. Así mismo está situado al lado de bancos y todo tipo de servicios. . ,1,0,1,null,null,76,null,Sants,null,null,null,370.000 ,4.868 €/m²,Inmo ARA ., Anuncio: 91622667 ,3,Segunda mano/buen estado,null,Piso en venta en calle de l'Equador 5,http://idealista.com/inmueble/91622667/
2,1992,  ESPECTACULAR PISO CON MUCHÍSIMA LUZ NATURAL DURANTE TODO EL DÍA! . Vivienda de 110m² en una 4ª planta real de altura con todas las piezas exteriores a excepción de los baños ya que el piso es exterior tanto a la calle como a un amplio patio de manzana.  Cuenta con una excelente distribución y consta de: · Salón comedor de 24m² con chimenea y aire acondicionado exterior a balcón  · Balcón amplio exterior a la calle perfecto para colocar mesa y sillas. · Cocina office independiente de 11m² con espacio para mesa de 5/6 comensales exterior a lavadero con tendedero · 4 habitaciones con mucha luz exteriores a patio de manzana siendo una de ellas de 17m² + baño en suite. 3 de ellas cuentan con aire acondicionado. · Baño completo de 4 piezas con bañera + Baño en suite reformado en habitación principal de 3 piezas con gran plato de du... ,1,175,4,Gas natural,null,110,100,La Font de la Guatlla,null,null,null,360.000 ,3.273 €/m²,Don Piso Hospitalet - Santa Eulalia, Ref.: 242988 ,4,Segunda mano/buen estado,null,Piso en venta en calle de Sant Fructuós,http://idealista.com/inmueble/91607627/