bathrooms,constructed_year,description,elevator,energetic_qualification_kWhm2_año,floor,heater_system,its_new,m2_build,m2_useful,neighbourhood,parking,price_down_euro,price_down_percentage,price_euro,price_m2,real_estate,ref,rooms,status,terrace,title,link
1,1920,  El ático se encuentra en una 4ta planta. Dispone de 67 m2 48 m2 útiles más una terraza propia de 11 m2 con excelentes vistas despejadas.  Se distribuye en un amplio salón comedor cocina americana 2 habitaciones una de ellas doble y una baño. Es súper luminoso en todas sus estancias y se ha renovado manteniendo los detalles de construcción originales como sus techos de bóveda catalana.   Cuenta con sistema de calefacción y climatización por Split.  Terraza de uso común.  Edificio SIN ascensor.    *Ubicación*  El área de Sants está a 10 minutos en metro del centro de la ciudad y tiene su propia sensación de comunidad distinta del resto de la ciudad. La estación de tren de Barcelona Sants (Estació de Sants) es el punto focal de la zona y es una de las estaciones más grandes y mejor conectadas de Barcelona con trenes directos al aeropu... ,0,0,4,Calefacción individual,null,67,48,Sants,null,360.000 € ,8,330.000 ,4.925 €/m²,We Relocate Bcn, Ref.: 20073 ,2,Segunda mano/buen estado,1,Ático en venta en calle de Premià,http://idealista.com/inmueble/90148860/
2,null,  Ubicado junto a Plaza de Espanya este magnífico apartamento de 80m2 acaba de ser completamente reformado utilizando materiales de primera calidad en todas sus estancias y sacándole el mayor partido a la entrada de luz natural. Por otro lado el mobiliario y la decoración son completamente de diseño. La propiedad consta de salón comedor con salida a balcón cocina americana de inducción con electrodomésticos SMEG dos dormitorios dobles (uno de ellos en Suite con ducha) y un baño completo con ducha. Toda la carpintería del apartamento ha sido completamente rehabilitada tanto de puertas como ventanas y se le ha dotado de doble acristalamiento y suelos de parqué entre otros acabados de primera calidad. Armarios empotrados a medida para aprovechar todo el espacio y sistema de climatización frío/calor por conducto. Se entrega completame... ,1,0,null,null,null,80,75,Eixample,null,null,null,489.000 ,6.112 €/m²,Atipika Lifestyle Properties, Ref.: 14198 ,2,Segunda mano/buen estado,null,Piso en venta en La Nova Esquerra de l'Eixample,http://idealista.com/inmueble/89134776/
1,1977, Piso alto (octavo real) alto y muy luminoso muy bien orientado. Excelentes vistas Excelente inmueble la vivienda cuenta con 4 habitaciones una de ellas doble exterior dos individuales y 1 despacho.  Un baño completo y un aseo recién reformados. 90 metros construidos (80 útiles. ) Balcón semicerrado. Parquet. Ascensor. Parquin para coche y moto opcional en la misma finca (25.000 euros) El inmueble esta situado en la mejor zona del Clot cerca de líneas de metro Renfe Mercado del Clot buses. Al lado del Futuro proyecto de AVE en Sagrera con finalización en 2020 (central de trenes de La Sagrera) que cambiará el distrito y lo modernizará esta planeado un gran parque lineal rodeado de viviendas equipamientos. El Clot un barrio actual y tradicional del distrito de Sant Martí y cuyo núcleo es uno de los más antiguos del distrito cerca del barrio 22@ donde se encuentra el distrito tecnológico y cerca del centro comercial Glorias Barcelona Activa rodeado de zonas verdes parques y jardines y a 25 min de la playa de la Marbella. ZONA: Sant Martí - El Poblenou. TRANSPORTE PÚBLICO: TRANSPORTE: Metro - Clot (L1) Navas (L1) RENFE Bicing y Bus.  No dudes en visitarlo. ,1,129,8,Calefacción individual,null,90,80,Sant Martí,null,null,null,299.000 ,3.322 €/m²,Salvador, Ref.: 2-sm031 ,4,Segunda mano/buen estado,null,Piso en venta en El Clot,http://idealista.com/inmueble/91499399/
5,1968, Excelente piso a reformar en calle muy agradable y silenciosa de Tres Torres muy cerca de Turó Parc.     Enormes posibilidades de personalizarlo a su gusto.    Actualmente en la zona de día encontramos gran recibidor que da paso a una sala de lectura con chimenea un amplio salón de doble ambiente y el comedor.   Terraza disfrutable a la que se accede desde el salón.  El acceso a la cocina desde el comedor se hace actualmente a través de un mini-distribuidor o pasa- platos siendo la cocina suficientemente amplia para hacer una zona de office.   Junto a la cocina gran lavadero y habitación con baño de servicio.   Un amplio pasillo une el hall con la zona de noche a cuyo inicio hay un práctico lavabo de cortesía.  En la zona de noche amplísima suite principal con estudio vestidor y baño (en el resto de pisos del edificio esta habitación eran originalmente dos suites) Dos habitaciones también exteriores comparten un baño completo.     El piso se encuentra en una muy buena finca luminosa a cuatro vientos de pocos vecinos y que además acaba de ser íntegramente rehabilitada.     En el precio se incluyen dos plazas de parking grandes y un amplio trastero.     Servicio de portería de 9 a 13h y de 17 a 21h. ,1,105,2,Gas natural,null,271,240,Sarrià-Sant Gervasi,1,null,null,1.600.000 ,5.904 €/m²,Excens Real Estate, Ref.: ADD1587 ,4,Segunda mano/para reformar,1,Piso en venta en Sant Gervasi - Galvany,http://idealista.com/inmueble/91282506/
1,null, ¡TOTALMENTE REFORMADO! - - - - - - - - - - - - - - - - - - - - -   En inmejorable zona en el barrio de La Bordeta en la C/ Parcerisas próximo a todo tipo de comercios y servicios como colegios parques restaurantes y centro médico. A tan solo 2 minutos de la misma Gran Via de les Corts Catalanes y la misma Plaza de España y centro comercial Las Arenas.   Vivienda totalmente reformada en 3ª planta en finca que dispone de ascensor que consta de 80 metros de superficie distribuida en 4 dormitorios salón comedor con salida a balcón espacioso cocina independiente con salida a galería y baño completo. Destaca de este inmueble su ubicación amplitud y distribución.   ¡Llama al 93.159. 24.25 y programa tu visita! ,1,230,3,null,null,80,null,La Bordeta,null,285.000 € ,2,279.000 ,3.488 €/m²,LA CASA AGENCY, Ref.: PARCERISAS 285K ,4,Segunda mano/buen estado,null,Piso en venta en Parcerisas s/n,http://idealista.com/inmueble/91585463/
1,1900, Fantástico piso reformado en Sants. Exterior a patio de manzana muy soleado y calle muy tranquila. Segundo real consta de tres habitaciones amplísimo salón comedor de 24m2 cocina equipada y luminoso baño con bañera. Piso con mucho encanto vigas de madera y techos altos. La situación es inmejorable a 5 minutos de Sants-Estació Parc de la Espanya Industrial y Plaça de Sants. Su cercanía con la Estación Central de Barcelona nos permite desplazarnos al aeropuerto en 20 minutos o coger cualquier tren con recorrido nacional o internacional. Las comunicaciones quedan complementadas con las líneas 1-5-9 de metro estación de autobuses con destinos nacionales y diversas líneas urbanas. Estamos en una de las zonas con más servicios de Barcelona cerca de la Calle Sants una de las Avenidas con más comercios de Europa mercados y relativamente cerca del Centro Comercial Las Arenas. La oferta educativa es muy diversa tanto pública como concertada. En una ciudad tan cosmopolita como Barcelona aún podemos encontrar barrios con fuerte personalidad y tranquilidad en sus calles pero estratégicamente muy bien posicionados en el mapa urbano. ,0,0,2,Calefacción individual,null,84,70,Sants,null,259.000 € ,5,245.000 ,2.917 €/m²,Finques Businfreu, Ref.: B00604 ,3,Segunda mano/buen estado,null,Piso en venta en calle de Badalona,http://idealista.com/inmueble/87432569/
2,null, ¡OPORTUNIDAD!   ¡EN RAMBLA BADAL 80 METROS 4 DORMITORIOS Y CON BALCÓN!  En inmejorable zona en la misma Rambla Badal próximo a todo tipo de comercios y servicios como colegios parques restaurantes y centro médico. Excelente comunicación con parada de metro linea L1 Mercat Nou distintas lineas de autobús y bicing. A tan solo 6 minutos de la misma Carretera de Sants donde podrás encontrar multitud de tiendas comerciales y conexión con Plaza de España y zona de Montjuic.  Vivienda en 7ª planta en muy buena finca que dispone de 3 ascensores servicio de portería y acceso habilitado para personas con movilidad reducida. Consta de 80 metros distribuidos en 4 dormitorios (3 dobles y 1 individual) cocina independiente salón comedor con salida a balcón con vistas despejadas baño completo y aseo de cortesía. EL estado de la vivienda es listo para entrar a vivir y destaca su luminosidad altura y ubicación. ,1,0,7,null,null,80,null,La Bordeta,null,null,null,245.000 ,3.062 €/m²,Antonio N. - La Casa Agency, Anuncio: 91662241 ,4,Segunda mano/buen estado,null,Piso en venta en rambla de Badal s/n,http://idealista.com/inmueble/91662241/
1,1850, Piso para reformar en calle Hospital en finca con ascensor 2 habitaciones dobles muy grandes exteriores a calle (con balcón) y a la parte trasera y dos habitaciones ciegas una mediana y otra pequeña. Cocina y baño a reformar Adjuntamos plano para valorar las posibilidades de reforma que tiene. Excelente localización en pleno centro de Barcelona. ************************************************************************************************************************************************************************. ,1,258,3,null,null,92,80,El Raval,null,null,null,150.000 ,1.630 €/m²,MONTSE GARRIDO, Anuncio: 91659976 ,4,Segunda mano/para reformar,null,Piso en venta en l´hospital,http://idealista.com/inmueble/91659976/
1,1971,  Avda. Meridiana - Paseo Santa Coloma. En esta confluencia de céntricas y amplias avenidas y rodeado de obras nuevas de importantes constructoras presentamos una vivienda de aproximadamente 64m² perteneciente a un edificio moderno de dos escaleras con ascensor. El piso es alto y exterior a calle lo que le garantiza luminosidad continua y goza de despejadas vistas que le aportan un valor añadido hoy día. La distribución interior resulta ideal puesto no perdemos metros y aprovechamos muy bien cada espacio. El estado de conservación es óptimo simplemente con pintarlo puede ser suficiente para instalarse en él. En cuanto a su disposición interior son tres los dormitorios disponibles siendo dos de ellos especialmente amplios para utilizarlos como habitaciones matrimoniales. El salón permite una distribución en dos ambientes para favorecer... ,1,202,5,null,null,64,56,Sant Andreu,null,null,null,169.990 ,2.656 €/m²,Si real estate, Ref.: SI-0379 ,3,Segunda mano/buen estado,null,Piso en venta en avenida Meridiana,http://idealista.com/inmueble/91655041/
1,1960,  Piso en La Sagrera  La Sagrera (Barcelona). Piso en venta en calle de Cardenal Tedeschini junto a Avenida Meridiana. Edificio del año 1960 con ascensor con la fachada realizada y pagada en Enero de 2020.  Piso totalmente reformado a estrenar situado en la 2ª planta del edificio. Superficie total de 53 m2 construidos (48 m2 útiles) con muy buena distribución: Conjunto de salón comedor exterior a balcón con cocina abierta totalmente equipada de 29 m2 2 habitaciones (1 doble y 1 mediana) 1 amplio baño completo con plato de ducha. Exterior luminoso. Suelo de parquet. Carpintería exterior de aluminio con doble cámara. Puertas lacadas en blanco  Múltiples servicios y comercios cercanos además de zonas de ocio y cultura a sus alrededores. Zona muy bien comunicada con el resto de la ciudad y periferia con las paradas de metro de la Sagrera... ,1,226,2,Gas natural,null,53,48,La Sagrera,null,null,null,207.000 ,3.906 €/m²,"LA CASA AGENCY PUNTO SANT JOSÉ HOSPITALET, S.L.", Ref.: CT-M207 ,2,Segunda mano/buen estado,null,Piso en venta en calle del Cardenal Tedeschini,http://idealista.com/inmueble/91651864/
1,null, LA CASA AGENCY ofrece  Maravilloso piso situado en el barrio de Zona franca Barcelona. En la mejor zona del barrio junto a todo tipo de comercio supermercados mercado municipal médicos gimnasios parques y colegios. Cercano al metro L10 Foneria  La vivienda se encuentra para entrar a vivir y requiere de una actualización. Cuenta con 112m² que se distribuyen de la siguiente manera:  Cuatro habitaciones dos dobles (una cuenta con balcón) y dos medianas. Salón amplio de 20m2 con salida al balcón con vistas despejadas.   Muy buena finca con ascensor. ,1,0,7,null,null,112,107,La Marina del Port,null,null,null,219.000 ,1.955 €/m²,Dpto. Comercial, Ref.: MATI STA ,4,Segunda mano/buen estado,null,Piso en venta en calle de la Foneria,http://idealista.com/inmueble/91650305/
2,null, Precioso piso de 103m2 según catastro en el cotizado barrio del Fort Pienc. El piso dispone de 4 habitaciones dos de ellas exteriores y 2 balcones/terraza orientados a sureste por lo que dispone de mucha luz. Tiene un baño completo reformado y otro aseo con ducha. La cocina dispone de un patio/lavadero de 6m2 con caldera a gas para calefacción y agua caliente. El suelo es de parquet las ventanas de aluminio Climalit y tiene videoportero. La finca tiene 40 años y está muy bien conservada.  Está ubicado a 15 minutos del centro y de la playa y muy bien comunicado con el metro de Arc de Triomf (L-1 y rodalies Renfe) y varias líneas de autobuses. Está rodeado de parques colegios institutos supermercados CAP farmacias y todo lo necesario para el día a día.  No dude en visitarlo sin compromiso! ,1,0,1,null,null,103,91,Eixample,null,null,null,369.000 ,3.583 €/m²,REDPISO BARCELONA, Ref.: RP201202073913 ,4,Segunda mano/buen estado,1,Piso en venta en El Fort Pienc,http://idealista.com/inmueble/91654810/
2,1997, Coldwell Banker Llebrenc les presenta este magnífica vivienda de 133 m2 muy luminosa en la nova Esquerra de l´Eixample. Un barrio céntrico de la ciudad de Barcelona con todo tipo de servicios y medios de transporte públicos al alcance.    El inmueble dispone de 4 habitaciones dos dobles una de ellas con balcón y 2 individuales todas ellas con armarios empotrados dos baños completos uno con ducha y el otro con bañera hidromasaje salón comedor de 33 m2 cocina independiente office y lavadero.    La vivienda dispone de acabados de calidad suelos de parquet ventanas de aluminio con doble vidrio para un mejor aislamiento carpintería de madera en puertas interiores aire acondicionado central y por ventiladores de techo calefacción a gas natural y puerta de seguridad.    El precio incluye una plaza de aparcamiento en la misma finca con ascensor directo a la vivienda.     Rodeada de toda clase de comercios y servicios en uno de los barrios más exclusivos de Barcelona. Situado en una calle emblemática a 2 minutos andando de la estación de Entença de la línea 5 de metro cerca de la estación de Sants y de multitud de lineas de bus hacía todas direcciones. También   dispone de de vías de acceso y salida de la ciudad próximas. ,1,0,2,null,null,133,null,La Nova Esquerra de l'Eixample,1,null,null,559.000 ,4.203 €/m²,Coldwell Banker Llebrenc Coldwell Banker Llebrenc, Ref.: 3174 ,4,Segunda mano/buen estado,null,Piso en venta en calle del Rosselló,http://idealista.com/inmueble/89879524/
4,1988, Elegante piso situado en el emblemático Paseo de Gracia de Barcelona. La vivienda presenta un amplio recibidor un gran y luminoso salón - comedor con grandes ventanales una cocina tipo office una habitación de servicio un aseo de cortesía y un cuarto de lavandería. Por otro lado la zona de noche se divide en 4 dormitorios dobles (tres de ellos suites) y 3 baños.   El piso está dotado de aire acondicionado y calefacción de gas 2 plazas de parking en el mismo edificio y servicio de conserjería las 24 hrs de lunes a domingo.  El edificio fue rehabilitado en el año 1988 pero han sabido mantener su elegancia acorde con el paseo en el que se encuentra. Es una ubicación perfecta rodeada Hoteles tiendas de lujo y transporte. ,1,73,3,null,null,231,null,La Dreta de l'Eixample,1,null,null,2.750.000 ,11.905 €/m²,Gisela Martin Fluvia, Ref.: Passeig de Gràcia ,4,Segunda mano/buen estado,null,Piso en venta en paseo de Gràcia,http://idealista.com/inmueble/89002283/
2,1900, Tenemos el privilegio de poner en venta esta propiedad que conserva la esencia modernista del barrio de l'Eixample junto a Rambla Catalunya. Destacamos la amplitud de espacios y la luminosidad. Cuarto piso de 145 m2 que da a la calle y al patio interior de manzana. Salón con una galeria cubierta que podemos utilizar como una terraza. Comedor independiente con acceso desde el salón. Cocina amplia equipada. 4 habitaciones de ellas 2 exteriores y muy amplias y 2 interiores. 2 baños uno grande con bañera y otro pequeño con plato de ducha. Cuarto trastero suelo de mosaico hidráulico original. Calefacción a Gas. Dispone de ascensor. ,1,165,4,null,null,145,137,La Dreta de l'Eixample,null,null,null,760.000 ,5.241 €/m²,Gloria Belil Roger, Ref.: GVVCC280 ,4,null,null,Piso en venta en calle del Consell de Cent,http://idealista.com/inmueble/88369276/
2,1936, C/ Viladomat – Jto. Mallorca. Excelente vivienda RECIÉN REFORMADA de 80M2 en finca clásica con ascensor. Vivienda tranquila y silenciosa. Un OASIS de paz y tranquilidad en el centro de la ciudad. Consta de 2 Habitaciones dobles exteriores a patio interior de la propia finca ( 1 H doble tipo suite de 10m2 con baño plato de ducha + 1H doble de 9m2) + 2 baños totalmente renovados con plato de ducha. Luminoso salón comedor orientado a Tarragona con cocina americana equipada con vitro campana y horno-microondas. El espacio de comedor cocina mide 21M2. 1 cuarto de aguas. Vivienda recién rehabilitada a conciencia con acabados atemporales y teniendo en cuenta todos los detalles para la comodidad del futuro comprador: Suelos de parque calefacción por radiadores Sistema de Aire Acondicionado por Split en el salón comedor persianas motorizadas carpintería de aluminio sistema de alarma instalación eléctrica y de gas NUEVAS en su totalidad. Propiedad insertada en una bonita y rehabilitada finca clásica de 1.936 con ascensor. El edificio está situado a pocos metros de la calle Mallorca gozando de unas excelentes comunicaciones: L5 parada de entenza y Hospital Clínico Líneas de Autobuses y BICING. ,1,171,5,Gas natural,null,80,null,La Nova Esquerra de l'Eixample,null,null,null,359.000 ,4.488 €/m²,Optimum, Ref.: 2559 ,2,Segunda mano/buen estado,null,Piso en venta en calle Viladomat,http://idealista.com/inmueble/88281076/
2,2009,  VISITA VIRTUAL DISPONIBLE. Llámanos y te enseñamos la casa sin que salgas de la tuya.  Esta exclusiva vivienda cuenta con tres plantas y una buhardilla de 55 metros cuadrados. En la entrada de la casa nos encontramos con un pequeño jardín que nos da paso al interior de la vivienda el recibidor amplio y abierto con techo alto proporciona claridad a la estancia y nos invita a entrar en el salón bien distribuido y con salida al jardín. En éste destacan la zona chill out y el comedor con barbacoa en el centro un olivo preside el jardín donde la piscina toma un protagonismo especial en los 100 metros cuadrados de los que dispone. La planta baja también cuenta con un aseo y disfruta de una bonita cocina que conecta con el comedor a través de una puerta corredera.  La vivienda es muy exclusiva tanto por su distribución como por su diseño... ,null,0,null,null,null,295,209,La Marina del Port,1,null,null,1.075.000 ,3.644 €/m²,eRitage Solutions SL, Ref.: B20325 ,5,Segunda mano/buen estado,1,Chalet adosado en venta en carretera del Prat,http://idealista.com/inmueble/88129785/
4,1980,  Interesados llamen a Nieves: 691 744 009. (En horario comercial de lunes a viernes desde las 10 horas a 13.30 y de 16.00 a 20.00 horas)  Las Cocheras de Sarriá edificio de Autor  El piso incluye una plaza doble de aparcamiento. En el corazón de Sarriá cerca de todo el comercio de barrio con entrada por calle peatonal y ajardinada. Para aquellos que buscan un piso tranquilo alto soleado ajardinado y bien distribuido. Con servicios de conserjería y acceso directo a un enorme parquing vigilado 24 horas. Arquitectónicamente muy interesante finca construida por el prestigioso arquitecto de la modernidad Jose Antonio Coderch en el año 1980. Piso con dos terrazas.  Es un piso que disfruta de luz desde media mañana hasta final de la tarde por su orientación. Dado su diseño de ventanas en esquina y dos terrazas perimetrando toda la vi... ,1,170,4,Eléctrica,null,217,194,Sarrià,1,null,null,1.150.000 ,5.300 €/m²,departament comercial- nieves, Ref.: M. Girona ,5,Segunda mano/buen estado,null,Piso en venta en paseo de Manuel Girona,http://idealista.com/inmueble/87445549/
7,1991, Impresionante casa de aprox 800 m2 de vivienda en una parcela de 1.400 mts situada en la calle Alberes en Vallvidriera a pocos minutos de los Ferrocarriles.   La casa es de estilo moderno ofrece todas las comodidades. En la planta baja encontramos un amplio recibidor donde se distribuye zona de día con un gran salón comedor de 100 m2 con chimenea puertas de cristal que dan paso al jardín cocina office de 80 m2 con el comedor de verano de 200 m2 totalmente resguardado área de lavadero y plancha y zona de servicio con su baño independiente. En esta primera planta también encontramos una habitación multiusos con baño completo y un aseo con ducha para ser usado en el área de piscina y jardín.  En la segunda planta encontramos 5 habitaciones todas en suite. La habitación principal es una master suite con terraza baño con bañera ducha y walking closet. Todas sus dependencias son exteriores.   Además la planta sótano dispone de un amplio parking de unos 200 m2 3 trasteros despensa y sala de máquinas.   RESUMEN: 6 habitaciones dobles suite Baños con acabados de mármol  Ventanas y contra ventanas de madera noble. patio de verano Piscina climatizada Jardín con vistas a Barcelona y al valle de Sant Cugat. ,null,29,null,Gas natural,null,807,null,Vallvidrera - El Tibidabo i les Planes,1,null,null,2.750.000 ,3.408 €/m²,adriana pacheco, Ref.: ALBERES ,6,Segunda mano/buen estado,1,Casa o chalet independiente en venta en calle de les Alberes Barcelona,http://idealista.com/inmueble/83698852/
1,1860, Original piso muy amplio de 172 m2 más 70 m2 de patio interior en edificio construido en 1860 situado en la calle Portaferrissa en pleno casco antiguo de Barcelona a 5´ de la Pça. Catalunya y del Puerto. Destaca por su gran patio descubierto de 70 m2 sus techos altos (32 mts) decorados con artesonados de la época y suelos con baldosas hidráulicas. Consta de un amplio salón-comedor cocina independiente 2 HD (una de ellas actualmente con 2 despachos) 2 HI 1 baño y ascensor. Ideal para los amantes del centro histórico de la ciudad en una finca sin ningún ruido exterior. DISPONIBLE COMO VIVIENDA HABITUAL O PARA DESPACHO PROFESIONAL. ,1,116,2,null,null,172,150,El Gòtic,null,null,null,1.145.000 ,6.657 €/m²,Coldwell Banker Llebrenc Coldwell Banker Llebrenc, Ref.: 3119 ,4,Segunda mano/buen estado,1,Piso en venta en calle de la Portaferrissa,http://idealista.com/inmueble/38278514/
4,null, Impresionante vivienda completamente reformada y diseñada con una superficie de 220m con una distribución práctica y moderna.   Gran salón comedor de unos 60m completamente exterior a Bori i Fontestà y orientado a mar. La cocina es muy funcional con una pequeña barra o 'pasaplatos' que le aporta más luminosidad y para no perder detalle de lo que pasa en el salón. Cuenta con lavadero independiente electrodomésticos de primeras marcas y antigua habitación de servicio para uso como despensa o incluso office con capacidad para mesa y sillas.   Las habitaciones se encuentran en el otro extremo del piso pasando por la tercera habitación doble y exterior a patio de luces y un baño completo. Las otras 2 habitaciones son suite destacando la principal con 2 baños en su interior (1 con bañera de hidromasaje y el otro con plato de ducha) y zona de vestidor. Ambas suites dan a patio de isla.   Acceso a la vivienda por puerta principal o por zona de servicio calefacción de gas con radiadores aire acondicionado por conductos suelos de parquet persianas eléctricas ventanas de aluminio con cámara aislante y chimenea en el salón. Servicio de portería. ,1,0,1,null,null,220,null,Sant Gervasi - Galvany,null,null,null,1.100.000 ,5.000 €/m²,Invest & Real Estate ., Ref.: 104v ,3,Segunda mano/buen estado,null,Piso en venta en calle Bori i Fontestà,http://idealista.com/inmueble/27208925/
2,1978,  Piso recién reformado con buenas vistas Piso de 137 metros cuadrados que consta de cuatro habitaciones tres de ellas dobles y dos baños completos uno de ellos en suite. Amplio comedor con salida a una terraza de unos 5 metros cuadrados. Los baños y la cocina están totalmente reformados. La cocina está equipada con electrodomésticos de calidad y tiene salida a una habitación para la lavadora. En el pasillo hay armarios empotrados. El piso está totalmente reformado con parquet puertas nuevas cierres de aluminio nuevos salida de aire acondicionado en todas las estancias de la vivienda y puertas de entrada blindadas también nuevas. Todas las habitaciones son exteriores y con vistas por un lado al mar al aeropuerto y a Montjuïc y por el otro a la Diagonal y el Tibidabo. Tiene buenas vistas porque se trata de un duodécimo de altura. ... ,1,150,12,Calefacción individual,null,137,null,Les Corts,null,null,null,690.000 ,5.036 €/m²,Barcelona MMC - Les Corts- Sants - Hospitalet - S5, Ref.: W-02J9BI ,4,Segunda mano/buen estado,1,Piso en venta en La Maternitat i Sant Ramon,http://idealista.com/inmueble/90470589/
1,1910, Piso en bonita finca clásica en el Eixample de Barcelona. Situado en la Gran Vía de les Corts Catalanes junto al centro comercial de las Arenas este ático dispone de esplendidas vistas de Montjuic y de la Plaza España La superficie del inmueble es de 197m2 112m2 de vivienda y 85m2 en tres terrazas de uso exclusivo. El salón comedor está situado junta a la cocina office y se abre totalmente a la terraza permitiendo disfrutar de vistas y de mucha luz natural. Dispone de cuatro habitaciones dos de ellas ubicadas en los torreones de la finca y dos estancias abiertas y totalmente exteriores. Actualmente no cuenta con cédula de habitabilidad y su uso ideal sería vivienda y oficina. Excelente comunicación por transporte público a pocos metros de la línea de metro L1 L3 y a 10 minutos andando de la estación de Sants. La zona está completamente rodeada de servicios comercios y restaurantes. Piso único por sus características versatilidad y ubicación. ,1,0,4,Gas natural,null,197,112,Eixample,null,null,null,550.000 ,2.792 €/m²,Casa sc, Ref.: 1P1872 ,4,Segunda mano/buen estado,1,Ático en venta en La Nova Esquerra de l'Eixample,http://idealista.com/inmueble/87010422/
2,1971,  Ático en Galvany En el corazón del barrio de Galvany encontramos este ático dúplex de 152 m2 totalmente exterior. Con una cómoda distribución y dotada de luz natural en todas sus estancias este dúplex tiene en su primera planta un amplio salón comedor con grandes ventanas con vistas al patio de manzana abierto del mismo edificio. En esta misma planta se encuentra una cocina office grande con zona de aguas y una despensa. La planta se completa con un dormitorio y un aseo de cortesía. En la planta superior hay una habitación suite con baño incorporado así como una habitación doble y otra individual actualmente usada como despacho. En esta planta encontramos una terraza de 20 m2 parcialmente cubierta utilizada como habitación. Dependiendo de las futuras necesidades esta zona podría abrirse totalmente como terraza ofreciendo una zona exte... ,1,0,3,Gas natural,null,160,155,Sarrià-Sant Gervasi,1,null,null,950.000 ,5.938 €/m²,Casa sc, Ref.: 1P1844 ,5,Segunda mano/buen estado,1,Ático en venta en Sant Gervasi - Galvany,http://idealista.com/inmueble/85617774/
2,1988,  Fantástico dúplex en Ciutat Vella    Housfy compraventa entre particulares. Sin comisiones.  En venta dúplex de particular a particular en Ciutat Vella Barcelona una vivienda luminosa y ubicada en un entorno idóneo para disfrutarlo. Situada en el barrio de la Barceloneta a sólo una calle del mar al lado de un gran parque y a sólo 2 minutos andando del Hospital del Mar y a 2 minutos de la salida a Ronda Litoral.  Detalles del inmueble:  - Fenomenal dúplex de 116 m2 ofrece un espacio moderno y de concepto abierto (Los metros cuadrados están verificados con la Dirección General de Catastro) - En este dúplex encontraremos 3 habitaciones (1 doble y 2 individuales) y 2 baños perfecto para una familia. Además cuenta con una pequeña habitación extra para almacenaje y lavandería y 2 altillos. - Confortable salón con amplia terraza para di... ,1,77,1,null,null,116,null,La Barceloneta,null,null,null,475.000 ,4.095 €/m²,Housfy Real Estate CAT, Ref.: 293200 ,3,Segunda mano/buen estado,1,Dúplex en venta en paseo de Salvat Papasseit 22,http://idealista.com/inmueble/91657357/
1,1928, Vivienda de cuatro dormitorios con salón-comedor balcón con dos trasteros baño y cocina.  La finca dispone de ascensor en planta.  Si tienes dudas en algún producto financiero o deseas valorar tu piso contacta con nosotros.  *El precio de venta del inmueble no incluye los honorarios de la inmobiliaria ni los tributos que gravan Ia compraventa (ITPAJD o IVA) ni en caso de haberlos los notariales y los registrales que satisface el comprador. ,1,156,1,null,null,60,null,El Fort Pienc,null,null,null,225.000 ,3.750 €/m²,La Casa Agency - Pont Del Treball, Ref.: VTA-ARMMONUMENTAL ,4,Segunda mano/buen estado,null,Piso en venta en calle de la Diputació,http://idealista.com/inmueble/91651942/
1,null,  Estudio reformado en Guinardó. Consta de amplio salón comedor con cocina americana una habitación doble y un baño completo. El piso se entrega equipado con aire acondicionado. El inmueble es un estudio sin Cédula de Habitabilidad. Muy bien comunicado con metro Congrés y Maragall. Contacte directamente con Barnaquatre llamando al 93 488 33 00 para recibir más información o concertar una visita según su disponibilidad horaria.  Horta Guinardó  Es el tercer distrito con más extensión de Barcelona. Ello se debe en gran parte al pasado rural que ha llegado hasta nuestros días en forma de parques y miradores al abrigo de la cordillera de los Tres Turons. Todavía se mantienen en pie las masías de los payeses que en su momento fueron los únicos vecinos de esta zona apartada del centro de la ciudad y que con el crecimiento urbano acabaría integ... ,1,189,0,null,null,48,46,El Guinardó,null,90.000 € ,6,85.000 ,1.771 €/m²,Barnaquatre, Ref.: annamartinezsagi44bx ,0,Segunda mano/buen estado,null,Estudio en venta en Anna Maria Martinez,http://idealista.com/inmueble/89019243/
1,null,  En esta casa del centro de Barcelona sentirás que estás viviendo en una casa con mucho que contar no en un piso cualquiera. Se trata de una segunda planta exterior en pleno Barrio Gótico.  Lo que más destacada de este fantástico piso es el estilo propio que le dan sus techos altos con vigas el ladrillo visto de las paredes y la madera antigua de las puertas y ventanas. Los 114 m² de esta casa tan especial se dividen en una cocina equipada un amplio salón de paredes de ladrillo visto con balcón un baño completo grande y con bañera y cuatro habitaciones con balcones.   Una casa así solo podría encontrarse en el Barrio Gótico en la profundidad de la historia de Barcelona. La zona está repleta de pequeñas plazas donde se concentra la vida del vecindario como la Plaça de George Orwell o de la Verónica así como plazas más vistosas como... ,0,168,2,null,null,114,100,El Gòtic,null,null,null,295.000 ,2.588 €/m²,Tiko Barcelona, Ref.: 89947 ,4,Segunda mano/buen estado,null,Piso en venta en calle d'en Serra,http://idealista.com/inmueble/87058700/
1,null, COMPLETAMENTE REFORMADO - 4 HABITACIONES + BALCÓN + ASCENSOR  En el barrio de La Bordeta y a una calle de La Campana cerca de los Ferrocarriles Catalanes metro L1 y múltiples paradas de bus y bicing. Rodeado de colegios e institutos instalaciones deportivas centros de salud zonas ajardinadas comercios de todo tipo y todo lo necesario para vivir en el barrio.  Este fantástico piso se encuentra a una altura real de una 3ª planta en finca que dispone de ascensor. Consta de 80m² distribuidos en un amplio salón comedor con salida a balcón cocina independiente reformada con acceso a lavadero 4 habitaciones (1 doble con salida a balcón y 3 individuales) y 1 baño completo con plato de ducha. Dispone de aire acondicionado parquet y carpintería de aluminio blanca.   ¡NO PIERDA ESTA OPORTUNIDAD Y VENGA A VISITARLO!  Si desea ser asesorado financieramente por alguno de nuestros profesionales de forma gratuita y sin compromiso no dude en contactarnos.  Le esperamos en LA CASA AGENCY. ,1,110,3,null,null,80,null,La Bordeta,null,null,null,279.000 ,3.488 €/m²,PUNTO BADAL, Ref.: PB-PR279K ,4,Segunda mano/buen estado,null,Piso en venta en calle de Parcerisa,http://idealista.com/inmueble/91659856/
2,1975,  Coldwell Banker Llebrenc les presenta en exclusiva este espectacular y amplio ático en el centro de Vallvidrera de 187 m2 de superficie construida con 2 grandes terrazas de uso exclusivo una de 20 m2 y otra de 60 m2 orientada al sureste con vistas a Barcelona y al mar. No pierda la oportunidad de visitar este ático único.  La vivienda dispone de cinco habitaciones tres dobles (una de ellas suite) y dos individuales dos baños completos. Tiene una distribución funcional suelos de parquet carpintería de madera y las terrazas están orientadas al sureste y al noroeste.  Se trata de un ático muy luminoso con todas las habitaciones exteriores en una finca con ascensor en buen estado con plaza de aparcamiento grande y trastero en la misma finca incluida en el precio  Dispone de salón y comedor en estancias separadas con salida a una magn... ,1,0,5,Gas natural,null,187,null,Sarrià-Sant Gervasi,1,null,null,879.000 ,4.701 €/m²,Coldwell Banker Llebrenc Coldwell Banker Llebrenc, Ref.: 3179 ,5,Segunda mano/buen estado,1,Ático en venta en Vallvidrera - El Tibidabo i les Planes,http://idealista.com/inmueble/90419116/