bathrooms,constructed_year,description,elevator,energetic_qualification_kWhm2_año,floor,heater_system,its_new,m2_build,m2_useful,neighbourhood,parking,price_down_euro,price_down_percentage,price_euro,price_m2,real_estate,ref,rooms,status,terrace,title,link
2,1970, Tranquilo piso en la calle Martí esquina con calle Escorial.   Transmite espacio con su salón ampliado (antiguamente 4 habitaciones) y sus ventanales orientado a la calle la cocina es independiente y pose también un amplia despensa o despacho interior en la entrada se compone de 2 baños completos en la parte intermedia del piso una habitación interior y dos habitaciones exteriores todas ellas muy amplias la habitación principal dispone de una galeria ideal para despacho y un amplio vestidor.   La habitación suite da a una terraza cubierta con agradables vistas a los patios ajardinados de las fincas circundantes.  El piso tiene una zona habilitada para parquing por coeficiente y un gran trastero.  Ubicado en calle secundaria muy tranquila junto a todos los servicios. Ubicado entre la estación de metro de Joanic Alfonso X i Lesseps. Cerca Ronda Guinardo. ,1,0,1,Gas natural,null,104,null,El Camp d'En Grassot i Gràcia Nova,1,null,null,470.000 ,4.519 €/m²,Gemma Rocamora, Anuncio: 86767977 ,3,Segunda mano/buen estado,1,Piso en venta en calle MARTI,http://idealista.com/inmueble/86767977/
2,1975,  ARMONÍA Y DISEÑO  Este impecable dúplex está ubicado en una de las zonas más prestigiosas de Barcelona cerca de Turo Parc. Próximo a comercios servicios restaurantes y a dos minutos caminando del centro comercial L'Illa Diagonal.   Al entrar al inmueble nos encontramos con un amplio recibidor que distribuye en dos plantas la zona social de la zona de noche. Descendiendo a la planta inferior tenemos un amplio salón comedor con salida a un balcón desde dónde se puede disfrutar de vistas a la ciudad y las zonas verdes del barrio la cocina completamente equipada de diseño con electrodomésticos de última generación incluidos y totalmente funcional con isla central y salida exterior. Esta planta cuenta también con un elegante baño completo con plato de ducha y acabados en madera.   Al acceder a la planta superior del piso descubrimos un... ,1,0,4,null,null,200,180,Sant Gervasi - Galvany,1,null,null,1.100.000 ,5.500 €/m²,Lunallar ., Ref.: 4486 ,3,Segunda mano/buen estado,null,Dúplex en venta en GANDUXER,http://idealista.com/inmueble/39908522/
2,1960,  La vivienda de 143 m² está situada en una finca regia cerca de paseo de Gràcia. Es un piso alto y luminoso con vistas abiertas. Se trata de un piso pasante con una de las mejores distribuciones en la zona.   El piso que tiene 2 orientaciones por lo que disfruta de sol tanto de mañana cómo de tarde. &nbsp;   Una vez entramos en el piso encontramos un amplio recibidor de 8 m² que separa la zona de día y la zona de noche. A mano derecha del mismo encontramos la zona de día orientada a este y con sol directo de mañana. En esta estancia de unos impresionantes 56 m² más de 582 m² de galería se distribuyen en 3 partes una zona de cocina americana con una isla central. En el centro de la estancia se planta la mesa comedor y en el extremo opuesto a la cocina la sala de estar. Toda la sala culmina con una preciosa galería y 2 pequeños ... ,1,0,null,null,null,148,null,Eixample,null,null,null,995.000 ,6.723 €/m²,Lucas Fox Barcelona, Ref.: BCN21282 ,3,Segunda mano/buen estado,1,Piso en venta en La Dreta de l'Eixample,http://idealista.com/inmueble/87601395/
2,null,  Esta increíble vivienda de 160 m2 se sitúa en una de las principales calles de Barcelona. Es muy tranquila y luminosa ya que es una séptima planta con orientación noroeste.  La propiedad está en uno de los barrios más prestigiosos de la ciudad bien comunicado con el centro mediante bus coche y las estaciones de FGC Pàdua y Putxet. La zona cuenta con numerosos jardines y todos los servicios en sus alrededores.  El piso fue reformado en 2009 por un diseñador de interiores y destaca por sus acabados de alta calidad: alarma suelos de madera de nogal aire acondicionado frío/calor por conductos calefacción de gas techos altos persianas motorizadas domótica para control de luces e instalación de TV e internet en todos los espacios entre otros.  Consta de amplio salón-comedor de 32 m2 con grandes ventanales y vistas al Tibidabo cocin... ,1,55,7,Gas natural,null,160,null,Sarrià-Sant Gervasi,null,null,null,880.000 ,5.500 €/m²,Bcn Advisors, Ref.: BCN04664 ,3,Segunda mano/buen estado,1,Piso en venta en Sant Gervasi - Galvany,http://idealista.com/inmueble/90822259/
2,2011, Esta increíble propiedad se encuentra en una de las avenidas más exclusivas de Barcelona totalmente próxima al centro de la ciudad Plaza Catalunya y el Paseo de Gràcia. Por lo tanto está muy cerca de los mejores comercios restaurantes y oficinas de Barcelona además de asegurar una perfecta conexión por transporte.  El piso con una superficie de 162 m2 destaca por su amplísimo y luminoso salón que cuenta con zona de comedor a doble altura. Tiene acceso a un patio de 21 m2 que conduce por unas pequeñas escaleras a la espectacular terraza de 42 m2. Es un lugar ideal para relajarse tomando el sol o disfrutar de la buena temperatura nocturna en verano con la tranquilidad de estar orientado hacia el patio de manzana interior. La cocina es independiente y está equipada con electrodomésticos.  La vivienda dispone de 3 habitaciones interiores muy tranquilas una de ellas en suite. Además hay otro cuarto de baño independiente. Dispone de suelos de parquet y aire acondicionado y calefacción por conductos y radiadores.  Este piso se encuentra en un edificio reformado en 2011 con ascensor servicio de conserjería piscina en la azotea y gimansio con sauna y vestidores. Todo un lujo en el centro de Barcelona. ,1,0,2,Calefacción individual,null,194,null,Ciutat Vella,null,null,null,910.000 ,4.691 €/m²,Bcn Advisors, Ref.: BCN06400 ,3,Segunda mano/buen estado,1,Piso en venta en El Gòtic,http://idealista.com/inmueble/90225163/
5,2004,  Esta casa unifamiliar con 585 m2 construidos se encuentra en un complejo residencial de lujo de una de las zonas más exclusivas de Barcelona. La vivienda dispone de jardín y piscina privada vistas panormámicas de toda Barcelona desde sus amplias terrazas y una excelente zona comunitaria.  La casa se distribuye de la siguiente manera: planta baja de 94 m2 primera planta de 9095 m2 con 2 terrazas de 12285 m2 y 388 m2 segunda planta de 9465 m2 y tercera planta de 5365 m2 y 455 m2 de terraza. Además la planta sótano de 1278 m2 incluye parking para 3 coches trastero de 30 m2 y aseo.  La vivienda dispone de 6 habitaciones (una de ellas tipo suite) con armarios empotrados y 4 cuartos de baño. Además cuenta con zona zompleta para el servicio doméstico. Los acabados son de alto standing e incluye 1 ascensor. La casa cuenta con un si... ,null,0,null,Calefacción individual,null,585,null,Sarrià-Sant Gervasi,1,null,null,2.350.000 ,4.017 €/m²,Bcn Advisors, Ref.: BCN06385 ,6,Segunda mano/buen estado,1,Casa o chalet independiente en venta en Sant Gervasi - La Bonanova,http://idealista.com/inmueble/89909378/
1,null, Ubicada en el prestigioso Quadrat d’Or la zona céntrica de mayor prestigio de la ciudad condal se encuentra esta joya modernista de 220 m2 en edificio señorial repleto de detalles originales como su espectacular portería.  Se trata de una elegante y clásica planta principal actualmente despacho dotada de suelos hidráulicos techos altos artesonados puertas originales en madera climatización por conductos y calefacción de gas.  Esta propiedad se distribuye en amplio recibidor 7 espacios diferentes: 4 habitaciones de tamaño doble exteriores 3 individuales interiores y un baño completo.  Su habitación principal se encuentra a la derecha del recibidor con orientación Suroeste y balcón a Rambla Catalunya. Asimismo dispone de una magnífica terraza de 102 m2 accesible desde la otra parte del inmueble que da a patio de manzana con orientación Noreste.  Se sitúa en una zona prime a solo un paso del Passeig de Gràcia o la Avinguda Diagonal rodeada de los más exclusivos comercios y servicios así como de magníficas comunicaciones pudiendo disfrutar del centro de Barcelona a sus pies. Incluye una plaza de parking. ,1,0,1,null,null,270,null,Eixample,1,null,null,1.800.000 ,6.667 €/m²,Bcn Advisors, Ref.: BCN04683 ,7,Segunda mano/buen estado,1,Piso en venta en La Dreta de l'Eixample,http://idealista.com/inmueble/89202843/
2,null, Este increíble piso ubicado en el entresuelo/principal se encuentra en una finca regia en la mejor calle de todo el Cuadrado de Oro del Eixample Derecho. Se ofrece a reformar y tiene 18820 m² reales de plano y 106 m² en nota simple. La vivienda dispone también de una terraza con salida desde salón de 748 m² y la altura de sus hermosos techos con molduras alcanza los 3 metros.   Esta vivienda en una finca con mucho carácter dispone de vistas a una zona totalmente peatonal con cafeterías y restaurantes con mucho encanto. &nbsp;   El piso que tiene muchas posibilidades de reforma dispone actualmente de 3 grandes estancias en la zona que da a calle un recibidor amplio central una pequeña cocina en la zona central y un par de baños antes de llegar a las otras 2 grandes estancias a patio interior sumado a 2 almacenes. Al final de todo a patio de manzana encontramos un gran salón de 45 m² con galería cerrada acristalada y salida a una&nbsp; pequeña terraza soleada de 748 m².   Nótese que las primeras dos imagenes son una propuesta visual de renderización de cómo podría quedar el piso después de una reforma integral. ,1,187,null,null,null,192,null,Eixample,null,null,null,990.000 ,5.156 €/m²,Lucas Fox Barcelona, Ref.: BCN20981 ,5,Segunda mano/para reformar,1,Piso en venta en La Dreta de l'Eixample,http://idealista.com/inmueble/87480867/
3,1900,  Ésta vivienda que se ha renovado recientemente con calidades excelentes dispone de una distribución en forma de diamante casi sin pasillos y con un salón y dos dormitorios dobles orientados hacia el exterior con vistas impresionantes gracias a su la altura y a la posición esquinera de la finca. Además la propiedad&nbsp;una singularidad y rareza pocas veces vista en el Quadrat d'Or del Eixample de Barcelona tanto por su excelente localización muy cerca de Rambla Catalunya y Paseo de Gracia como por su disposición esquinera y con espacios comunes en excelente estado de conservación.   Al entrar en la propiedad encontramos un recibidor amplio y a pocos pasos una amplia cocina que está totalmente equipada con muebles de madera en dos tonalidades y encimera de piedra. La habitación principal que es en suite dispone de habitación vestid... ,1,108,null,null,null,161,null,Eixample,null,null,null,1.090.000 ,6.770 €/m²,Lucas Fox Barcelona, Ref.: BCN20930 ,3,Segunda mano/buen estado,1,Piso en venta en La Dreta de l'Eixample,http://idealista.com/inmueble/87381634/
2,1900, Impresionante piso en venta de 175m² totalmente reformado en pleno centro de la ciudad a escasos metros de Paseo de Gracia. Consta de un amplio salón comedor con chimenea de bioetanol y con acceso a una gran galería cubierta con vistas a La Pedrera. Cocina abierta al salón y equipada con electrodomésticos de alta gama y con una vinoteca. 3 habitaciones dobles (1 suite con vestidor) y 2 baños. Dispone de armarios empotrados con iluminación interior doble circuito de aire acondicionado y calefacción ventanas con doble vidrio pasillos anchos techos altos y marcos y puertas de madera original. Conserva elementos arquitectónicos originales tales como rosetones vitrales pre modernistas suelos restaurados y bóveda catalana. Situado cerca de la Avenida Diagonal zona con todo tipo de servicios y con buenas comunicaciones mediante transporte público. ,1,115,4,Gas natural,null,175,null,Eixample,null,null,null,1.600.000 ,9.143 €/m²,ALTING Grupo Inmobiliario, Ref.: 019197 ,4,null,null,Piso en venta en La Dreta de l'Eixample,http://idealista.com/inmueble/86560022/
2,null,  En pleno Eixample derecho tocando con la Avenida Diagonal cerca del emblemático edificio de La Casa de les Punxes y de la parada de metro Verdaguer (metro L4 L5) hallamos esta amplia vivienda a reformar que ofrece muchas posibilidades para que se convierta en el hogar ideal. La zona dispone de todos los servicios necesarios: centros educativos deportivos médicos supermercados. Además goza de una vida vibrante gracias a su oferta cultural y gastronómica.  La vivienda tiene doble orientación (a calle en noroeste y a patio interior de manzana en sureste) y una superficie de 196 m2 según catastro (174 m2 según planos) distribuidos en un amplio salón–comedor con chimenea que tiene dos espacios cocina independiente a reformar conectada con el comedor 4 habitaciones (2 dobles exteriores 1 doble interior y 1 mediana interior). Así ... ,1,0,1,null,null,196,null,Eixample,1,null,null,595.000 ,3.036 €/m²,Bcn Advisors, Ref.: BCN05929 ,4,Segunda mano/para reformar,null,Piso en venta en La Dreta de l'Eixample,http://idealista.com/inmueble/84869947/
4,2019,  Este ático de Balmes 15 se ha concebido como lugar donde disfrutar de una alta calidad de vida con increíbles vistas a la ciudad de Barcelona. Situada a orillas del Mediterráneo Barcelona es una ciudad cosmopolita con una gran importancia a nivel socio-cultural turística comercial y financiera. En la zona más céntrica de la ciudad de Barcelona el distrito L’Eixample con su trazado de calles preciso y armónico en forma de cuadrícula es en la actualidad una de las zonas más cotizadas y de mayor demanda de la capital catalana. En este barrio se encuentran los paseos y plazas más importantes de Barcelona; el Paseo de Gracia la Rambla de Cataluña Avenida Diagonal calle Balmes etc. Dotado de un patrimonio arquitectónico inigualable entre sus edificaciones se encuentran la mayoría de las obras maestras modernistas; La Sagrada Famil... ,1,0,8,Bomba de frío/calor,null,223,null,La Dreta de l'Eixample,null,null,null,1.995.000 ,8.946 €/m²,Jose Carlos Calero, Ref.: GB81 ,3,Segunda mano/buen estado,1,Dúplex en venta en calle Balmes 15,http://idealista.com/inmueble/90414082/
3,2019,  Este espectacular ático se ha concebido como lugar donde disfrutar de una alta calidad de vida con increíbles vistas a la ciudad de Barcelona. Situada a orillas del Mediterráneo Barcelona es una ciudad cosmopolita con una gran importancia a nivel socio-cultural turística comercial y financiera. En la zona más céntrica de la ciudad de Barcelona el distrito L’Eixample con su trazado de calles preciso y armónico en forma de cuadrícula es en la actualidad una de las zonas más cotizadas y de mayor demanda de la capital catalana. En este barrio se encuentran los paseos y plazas más importantes de Barcelona; el Paseo de Gracia la Rambla de Cataluña Avenida Diagonal calle Balmes etc. Dotado de un patrimonio arquitectónico inigualable entre sus edificaciones se encuentran la mayoría de las obras maestras modernistas; La Sagrada Famili... ,1,0,8,Bomba de frío/calor,null,153,null,La Dreta de l'Eixample,null,null,null,1.495.000 ,9.771 €/m²,Jose Carlos Calero, Ref.: GB82 ,3,Segunda mano/buen estado,1,Dúplex en venta en calle Balmes 15,http://idealista.com/inmueble/90414207/
3,1982,  Home Group.- Presentamos este inmueble situado junto a la Avda. Virgen de Montserrat. Dispone de 92 m² útiles distribuidos en un gran salón comedor 3 habitaciones dobles (una con baño completo en suite y vestidor) un segundo baño + un aseo y cocina independiente. La vivienda se encuentra en muy buen estado de conservación y tiene sol todo el día. Consta de carpintería de aluminio puertas de roble calefacción por radiadores y aire acondicionado por conductos. ¡Ideal para familias! ¡Contáctenos para venir a visitarlo!- Home Group  Horta-Guinardó es un distrito distinto al resto de Barcelona&nbsp;siempre condicionado por la diversidad de su medio físico con áreas tan diferentes como Collserola Vall d’Hebron o la rambla de Horta por lo que su estructura urbana es muy característica amoldada a cada área. Esto hace que cada sector es... ,1,0,3,Gas natural,null,102,null,Horta Guinardó,null,330.000 € ,12,290.000 ,2.843 €/m²,Home Group Central, Ref.: BC-40626 ,3,Segunda mano/buen estado,null,Piso en venta en El Baix Guinardó,http://idealista.com/inmueble/90935867/
2,null, Ubicado en una magnifica finca regia de l'Eixample sale a la venta / alquiler este piso que está en aquel punto en el que puedes hacer volar tu imaginación. Una pieza de 180 metros que admite varias posibilidades en cuanto a su distribucion. En la actualidad dispone de 6 habitaciones y dos baños pero admite cualquier cambio para hacerlo completamente a tu gusto. Elementos a destacar la luz que le entra en la parte que da a Roger de LLuria por ser un piso alto orientado a Tarragona. Sus techos altos sus amplios espacios y su distribución actual. Este piso ha estado alquilado como oficina durante varios años y de aqui que tenga que ser reformado para adecuarlo a vivienda. ,1,238,3,Gas natural,null,183,160,La Dreta de l'Eixample,null,null,null,745.000 ,4.071 €/m²,comercial, Ref.: 11152 ,6,Segunda mano/para reformar,null,Piso en venta en calle de Roger de Llúria,http://idealista.com/inmueble/90160121/
2,1982, JUNTO AL TURÓ PARK. Extraordinario inmueble alto de 167 m² útiles refomado más dos terrazas de 6 y 10 m2. Muy luminoso con amplios espacios enmarcados por grandes ventanales. Gran salón comedor con chimenea en uso y salida a terraza cuadrada de 6 m² Tres habitaciones una de ellas suite con baño completo y ducha. Las dos habitaciones restantes comparten un baño completo con bañera y ambas tienen acceso a otra terraza de 10 m². De ellas hay una de tal dimensión y podría segregarse en dos habitaciones. La cocina office está totalmente equipada y tiene salida a una lavadero de unos 25 m². Dispone de aire acondicionado de calefacción por radiadores ventanas de aluminio armarios empotrados y además dispone de una plaza de pk en la misma finca y la opción de compra de una segunda. Junto al parque del Turó ubicación inmejorable buena comunicación en transportes públicos comercios ocio y centro de negocios por excelencia. ( El PVP indicado no incluye impuestos ni gastos de Escritura ). ,1,198,5,null,null,167,142,Sarrià-Sant Gervasi,1,990.000 € ,6,930.000 ,5.569 €/m²,LV Living Barcelona, Ref.: 239390 ,3,Segunda mano/buen estado,1,Piso en venta en Sant Gervasi - Galvany,http://idealista.com/inmueble/89465425/
3,null, En una zona inmejorable junto al Turo Park encontramos este fantástico piso totalmente exterior y muy luminoso de 255m. Distribuido en amplios espacios y elegantes estancias donde podemos encontrar dos zonas completamente diferenciadas. La zona de día se compone de 1 habitación doble exterior actualmente como despacho un salón muy amplio en tres ambientes y con una salida a una pequeña terraza desde la que se pueden disfrutar las vistas a zona ajardinada. Consta de una amplia cocina ofice con despensa y zona de aguas. Habitación de servicio con baño. La zona de noche está distribuida en tres habitaciones dobles que comparten un baño y la suite principal con zona de vestidor y baño. Todas las habitaciones exteriores. Observaciones: Calefacción a gas individual armarios empotrados la finca incluye servicio de portería. Zona con todos los servicios de ocio como multicines gimnasios y restaurantes de prestigio. Asimismo dispone de todas las comodidades necesarias como centros educativos y sanitarios parques y zonas verdes así como todo tipo de comercios. Muy bien comunicado junto Avda. diagonal con servicio de transporte público muy próximo. Es una zona muy agradable en la que todo es fácilmente accesible a pie. ,1,0,5,Calefacción individual,null,255,null,Sant Gervasi - Galvany,null,null,null,1.199.000 ,4.702 €/m²,comercial, Ref.: 11004 ,6,Segunda mano/buen estado,1,Piso en venta en calle de Ganduxer,http://idealista.com/inmueble/87724376/
3,1906,  Excelente propiedad en el mismo centro de Barcelona en finca regia del ensanche totalmente restaurada y de categoría edificio sin ninguna barrera arquitectónica y con 2 ascensores en la 7º planta disponemos de este magnifico ático con doble orientación de 189m2 construidos mas 25 m2 de terraza a pie de salón y orientada a un amplio y tranquilo patio de manzana con orientación sur. El ático se compone de 3 dormitorios dobles cada uno con un espacio anexado como zona de trabajo o vestidor(30m2 20m2 y 25m2 las dimensiones de los dormitorios) y todas ellas exteriores 3 baños completos amplio recibidor que nos distribuye y diferencia las zonas de dia y de noche Cocina office de 20 m2 con acceso a la terraza Salón de 20 m2 y comedor independiente de 15 m2 todas las estancias de dia tienen acceso a la terraza. Amplia zona de aguas t... ,1,0,7,Calefacción individual,null,189,165,La Dreta de l'Eixample,null,null,null,1.175.000 ,6.217 €/m²,comercial, Ref.: 10905 ,4,Segunda mano/buen estado,1,Ático en venta en calle de Pau Claris,http://idealista.com/inmueble/85987731/
3,null,  Proddigia tiene el placer de presentarles esta maravillosa vivienda situada en Calle Madrazo con gran terraza&nbsp; alargada y una plaza de parking opcional en la misma finca.&nbsp; Se trata de un inmueble con posibilidad de segregarlo. El inmueble consta de un gran salón comedor con chimenea y cinco habitaciones dobles exteriores al ser una finca a 4 vientos. La vivienda tiene muy buena distribución diferenciando de forma clara la zona de noche de la de día. La zona de día esta compuesta por un recibidor que da acceso a un gran salón comedor con chimenea y por una cocina con un espacio office muy generoso. En la misma cocina encontramos una entrada de servicio y un espacio de almacenaje y zona de aguas.&nbsp; También encontramos una habitación con baño propio utilizada para el servicio o como despacho según mejor convenga.&nbsp;  La z... ,1,0,1,null,null,206,200,Sant Gervasi - Galvany,1,null,null,720.000 ,3.495 €/m²,Proddigia, Ref.: 6285 ,5,Segunda mano/buen estado,1,Piso en venta en calle dels Madrazo,http://idealista.com/inmueble/85698772/
5,1950,  Fantástico piso a reformar en la mejor zona de Barcelona y con vistas al parque mas codiciado de la zona; el Turó Park.   Finca esquinera con una única vivienda por planta. El piso dispone de una dimensión espectacular y con muchas opciones para poder hacer una distribución y obra con gran encanto.   La vivienda se compone de un gran salón de 80m2 esquinero con salida a terraza orientada a Sur con vistas al Turo Park de 20 m2.   La zona de noche cuenta con 4 habitaciones dobles todas exteriores. Una en suite con un gran vestidor. En esta misma zona entre el salon comedor y la zona de noche encontramos una amplio despacho con chimenea.   La zona de servicio se compone de 2 habitaciones una doble y la otra individual. Un total de 100m2 aproximadamente compuesto por una cocina zona office despensa habitación de planchado lavad... ,1,0,null,Gas natural,null,500,null,Sant Gervasi - Galvany,1,null,null,2.400.000 ,4.800 €/m²,Max Ricart, Ref.: 732 ,7,Segunda mano/para reformar,1,Piso en venta en calle de Josep Bertrand,http://idealista.com/inmueble/84744828/
2,null, Vivienda de 180m2. Exterior. Alto. Buen estado. Excelente distribución. Salón comedor de 44m2 con chimenea y salida a una terraza muy tranquila orientada a sur. El salón tiene integrada parte de la terraza a modo de despacho. Cuatro dormitorios: una suite (15m2) otro doble (14m2) y dos individuales de 10m2 cada una puesto que se han integrado con las dos terracitas cerradas a modo de estudio. Todas las habitaciones son exteriores. Dos baños completos. Cocina office de 18m2 con la antigua habitación de servicio integrada. Lavadero independiente muy ventilado por dar a calle. Pavimentos de parquet. Cerramientos exteriores de aluminio. Calefacción por radiadores. Videoportero. Alarma. La estructura por pilares del edificio permite el cambio de la distribución actual moviendo tabiques. Servicio de conserjería. Ascensor y montacargas. Plaza de garaje para dos coches. ,1,0,4,null,null,180,null,Pedralbes,1,null,null,990.000 ,5.500 €/m²,Gestin 3 - Viadomus, Ref.: 2546 ,4,Segunda mano/buen estado,1,Piso en venta en paseo de Manuel Girona,http://idealista.com/inmueble/91474299/
2,1960,  Espectacular vivienda con reforma impecable en Gran Vía de Les Corts Catalanes- Nova Esquerra de l`Eixample. En una cuarta planta real de altura disfruta de una excelente distribución con espacios de diseño único amplios y de extrema luminosidad.     Sobre una completa superfície de 120m² ofrece 3 amplios dormitorios con mucha luz natural 2 lujosos cuartos de baño (uno de ellos en suite con vestidor) zona de aguas y una elegante a la par que práctica cocina semiabierta con mobiliario panelado en negro electrodomésticos integrados de primeras marcas y diversas opciones de discreto almacenamiento.     El espacio principal de la vivienda el salón dispone de 39m² que estructuralmente permiten diferenciar la sala de estar del comedor en dos confortables ambientes. Con orientación suroeste y ubicado en fachada sobre calle dispone d... ,1,0,60,Calefacción individual,null,120,115,La Nova Esquerra de l'Eixample,null,null,null,575.000 ,4.792 €/m²,Singular Properties, Ref.: SP185FM ,3,Segunda mano/buen estado,1,Piso en venta en Gran Via de les Corts Catalanes,http://idealista.com/inmueble/91389206/
2,1972, West Side vende:  Piso de 100m2 exterior en Les Corts con terraza.  Consta de 3 habitaciones exteriores de las cuales una es doble con armario empotrado y salida a terraza y 2 individuales amplias cocina equipada con pequeña mesa para desayunar y salida a galería donde puede poner una lavadora 2 baños completos con plato de ducha salón comedor amplio de 25 m2 con salida a terraza la terraza es amplia y da a dos calles.  El piso dispone de aire acondicionado calefacción por radiador y carpinterías de aluminio con doble vidrio.  Finca con conserje ascensor y acceso para personas con movilidad reducida.  Cerca de sector servicios supermercados bancos colegios línea 5 de metro y varías líneas de buses.  No dude en llamar y pedir más información. ,1,200,2,Gas natural,null,100,90,La Maternitat i Sant Ramon,null,395.000 € ,3,385.000 ,3.850 €/m²,West Side Real Estate Sl, Ref.: CB_BCN_0340_V ,3,Segunda mano/buen estado,1,Piso en venta en calle de Felipe de Paz,http://idealista.com/inmueble/91147731/
1,1900, Bonito piso completamente renovado de 52m2 útiles en la última planta de una finca regia con ascensor en L'Eixample.    Al lado de Passeig de Gràcia con una gran oferta cultural y gastronómica además de todas las tiendas de lujo. Buena comunicación con transporte público y rodeado de todos los equipamientos y servicios necesarios.     El piso se compone de un cómodo salón-comedor con salida a 2 balcones orientación sur una cocina americana con isla equipada un dormitorio grande con armario y balcón y un amplio baño con ducha. Armario muy grande para lavadora y caldera con puerta corredera.     Ventanas de doble acristalamiento aire acondicionado y calefacción por conductos. En la cocina vitrocerámica campana extractora horno microondas nevera lavadora lavavajillas y termo eléctrico.    Perfecto como pièd-a-terre o como inversión. Rentabilidad actual de 319%. ,1,234,4,null,null,59,52,Eixample,null,null,null,480.000 ,8.136 €/m²,Coldwell Banker Prestige Barcelona, Ref.: B07380BA ,1,Segunda mano/buen estado,null,Piso en venta en La Dreta de l'Eixample,http://idealista.com/inmueble/91334131/
3,2018, Rehabilitación integral de finca clásica en una de las calles más cotizadas de la ciudad: Enrique Granados; a escasos metros de la Av. Diagonal y Passeig de Gràcia las dos arterias por excelencia de Barcelona.    Moderno piso de 126m2 a estrenar con excelentes acabados altura de techos grandes aperturas debido a los grandes ventanales con varias salidas a balcón que da a la calle Enrique Granados muy luminosos debido a la orientación sureste.  Disfruta de una distribución muy moderna con hall de entrada amplio salón-comedor con grandes ventanales y salida a varios balcones moderna cocina Bulthaup equipada con electrodomésticos NEEF.  Tiene dos habitaciones con armarios empotrados y grandes ventanales; 2 baños completos (1 de ellos con bañera hidromasaje).    Se entrega con un trastero en la misma finca.   Posibilidad de parking en venta/alquiler en la propia finca.     Obra nueva finalizada lista para visitar. ,1,0,2,null,null,129,null,L'Antiga Esquerra de l'Eixample,null,null,null,1.015.000 ,7.868 €/m²,Coldwell Banker Prestige Barcelona, Ref.: B06121BA ,2,Segunda mano/buen estado,null,Piso en venta en calle d'Enric Granados 52,http://idealista.com/inmueble/85982531/
3,1982,  West Side vende:    En la mejor zona de les Corts y con espectaculares vistas de Barcelona tenemos el placer de ofrecerles este ático dúplex de 180 m2.    La primera planta de 140 m2 ofrece: El salón comedor se divide en zona de comedor y sala de estar desde las cuales se pueden observar preciosas vistas del cielo de Barcelona desde los amplios ventanales de la planta superior también desde el salón tenemos acceso a una muy bonita y cómoda terraza exterior de 15 m2 con inmejorables vistas. 4 habitaciones tres dobles y una individual muy luminosas exteriores y con amplios armarios empotrados. Además en esta planta tenemos dos baños completos y reformados uno de ellos en la suite principal otro en el pasillo y un aseo de cortesía en el pasillo. Una cocina independiente en buen estado con salida a galería.   La planta superior tien... ,1,200,8,Gas natural,null,185,140,La Maternitat i Sant Ramon,null,null,null,950.000 ,5.135 €/m²,West Side Real Estate Sl, Ref.: CB_BCN_0335_VV ,4,Segunda mano/buen estado,1,Dúplex en venta en Gran Via de Carles III,http://idealista.com/inmueble/91307993/
2,1975, MIQUEL BLEACH - ESTACIÓN DE SANTS Entresuelo muy luminoso de 4 hab.  amplio comedor baño y aseo. Fca. Nuñez y Navarro ( El PVP indicado no incluye impuestos ni gastos de Escritura ). ,1,209,1,null,null,96,null,Sants-Montjuïc,null,null,null,296.000 ,3.083 €/m²,donpiso Bcn Berlín, Ref.: 239230 ,4,null,null,Piso en venta en Hostafrancs,http://idealista.com/inmueble/91045089/
1,1940, ROSSELLÓ - SARDENYA piso en venta junto Templo Sagrada Familia de Barcelona dispone de 2 habitaciones salón-comedor cocina y baño reformados balcón carpintería de aluminio. Finca con ascensor. Muy bien comunicado con metro L5 y autobusés y todo tipo de comercios a su alcance. ( El PVP indicado no incluye impuestos ni gastos de Escritura ). ,1,229,2,null,null,73,null,Eixample,null,null,null,290.000 ,3.973 €/m²,donpiso Bcn Sagrada Família, Ref.: 238971 ,2,Segunda mano/buen estado,null,Piso en venta en La Sagrada Família,http://idealista.com/inmueble/88999987/
3,1960, Piso en Barcelona Junto Avda. Diagonal. Josep Tarradellas. Avda. Sarria. 108 m. de superficie. Tercera planta pero en realidad es una cuarta planta por existir entresuelo. Cuatro habitaciones: Matrimonio y dos habitaciones dobles ( dos de ellas con salida a terraza soleada) la cuarta habitación es de servicio. Un baño un aseo y aseo servicio. Orientación sur soleado luminoso tranquilo. Precisa reformas de baños cocina etc. Planta de la vivienda diáfana. Finca con dos ascensores portería. Zona Comunitaria ajardinada y parque infantil.  La finca dispone de parquin coches y motos (no plaza fija) en la zona ajardinada comunitaria. ,1,152,3,Gas natural,null,108,99,Les Corts,null,null,null,475.000 ,4.398 €/m²,Fidespisos, Ref.: IGNACI ,4,Segunda mano/para reformar,1,Piso en venta en IGNACIO BARRAQUER,http://idealista.com/inmueble/91171558/
2,1965,  Desde Glover Barcelona apreciamos la belleza y la calidad independientemente de su valor pero sobre todo queremos ser partícipes de un estilo de vida. Buscamos esas experiencias placenteras que comienzan por los espacios que habitamos y todo lo que se genera a su alrededor. Es por ello que poner a la venta este piso único nos llena de satisfacción. Es una vivienda en onceava planta con vistas panorámicas a Barcelona y al mar rodeada de terraza. Situada en el barrio de Pedralbes junto al Parque Cervantes y acceso al mismo desde el jardín y en un bonito edificio. El estado es impecable y la reforma se hizo en su momento con materiales de primera calidad. Recibidor con muchos armarios empotrados que nos da acceso a un gran salón comedor con librería y acceso a la terraza. Cocina independiente completamente equipada y habitación de serv... ,1,210,11,null,null,206,180,Pedralbes,1,null,null,1.250.000 ,6.068 €/m²,Gloria Belil Roger, Ref.: GVVMB11 ,4,null,1,Piso en venta en calle de Manuel Ballbè,http://idealista.com/inmueble/91066944/