bathrooms,constructed_year,description,elevator,energetic_qualification_kWhm2_año,floor,heater_system,its_new,m2_build,m2_useful,neighbourhood,parking,price_down_euro,price_down_percentage,price_euro,price_m2,real_estate,ref,rooms,status,terrace,title,link
1,1929,  Piso de 40 m² en Barcelona. Este piso se ajusta perfectamente a las necesidades de una pareja.   Se encuentra en un 4º piso con ascensor y dispone de luminoso salón cocina amueblada totalmente independiente del resto de estancias y equipada con electrodomésticos un dormitorio y un cuarto de baño completo. Además el piso cuenta con armarios empotrados y trastero para optimizar tu espacio de almacenaje. El inmueble es todo exterior y está situado en una vía de fácil acceso.  Con orientación oeste disfrutarás del sol por las tardes el momento en el que la casa resulta especialmente acogedora. La vivienda se vende sin amueblar y en buen estado lista para comenzar la mudanza. En cuanto a las calidades este piso cuenta con aire acondicionado con bomba de calor carpintería exterior de aluminio suelos de parquet que da mucha calidez... ,1,0,4,null,null,40,null,Horta Guinardó,null,200.000 € ,1,198.000 ,4.950 €/m²,Housell.com, Ref.: 114146 ,1,Segunda mano/buen estado,null,Piso en venta en El Baix Guinardó,http://idealista.com/inmueble/91316984/
1,1961,  Piso a estrenar en Passeig Taulat junto a la playa de la Mar Bella En el barrio de Poblenou a dos calles de la playa de la Mar Bella encontramos esta propiedad acabada de reformar y lista para estrenar en una finca racional de 1969 en un segundo real de altura orientado norte y noreste.  El piso dispone de un luminoso salón-comedor con cocina abierta completamente equipada (horno inducción campana empotrada nevera / congelador y lavavajillas) con salida a balcón. Dos dormitorios uno doble con armarios empotrados y totalmente exterior y otro individual con venta a patio interior.  Un gran baño de 3 piezas con encimera de roble francés natural y ducha a ras de suelo con mampara. Y una zona de aguas independiente con zona para planchar y tender la ropa.  En el recibidor hay también un gran armario empotrado.  Todas las ventanas ... ,1,212,2,Gas natural,null,73,null,Sant Martí,null,395.000 € ,5,375.000 ,5.137 €/m²,aProperties Real Estate Barcelona, Ref.: VB2002029-4 ,2,Segunda mano/buen estado,null,Piso en venta en El Poblenou,http://idealista.com/inmueble/91264120/
2,2005, Ático dúplex en venta con licencia turística en pleno Eixample Barcelona Encontramos este precioso ático dúplex con licencia turística ubicado en pleno Eixample en un edificio de obra nueva del 2005. Tiene una superficie total de 121m2 de los cuales 95m2 son del dúplex y una terraza de 40m2. En la primera planta &nbsp;se encuentra un salón-comedor con salida al balcón de 6m2 una cocina independiente totalmente equipada y una habitación doble en suite. La planta superior consiste en una segunda habitación en suite con baño completo y armarios empotrados. Desde la misma planta se accede a la terraza de 40m2 con barbacoa. Está decorado y completamente amueblado para entrar a vivir cuenta con acabados de primera calidad aire acondicionado calefacción por conducto y radiador sistema de alarma carpinterías exteriores de aluminio y cálidos suelos de parqué. El precio de venta incluye una plaza de parking semi-grande en la misma finca.  Está ubicada cerca de los lugares más emblemáticos de la ciudad con buenos servicios y transporte público. Es una oportunidad única de adquirir una propiedad en el centro de Barcelona que además tiene licencia turística. ,1,506,5,Gas natural,null,121,null,La Dreta de l'Eixample,1,null,null,1.000.000 ,8.264 €/m²,aProperties Real Estate Barcelona, Ref.: VB2003027-5 ,2,Segunda mano/buen estado,1,Ático en venta en calle de Girona,http://idealista.com/inmueble/91626738/
3,1999, Exclusivo dúplex en Passeig de Gràcia Barcelona Ubicado en una de las zonas más exclusivas de Barcelona Paseo de Gracia encontramos éste magnífico edificio de principios del siglo XI en condiciones excelentes con servicio de conserje y vigilancia 24h.  El dúplex tiene una superficie construida de 139m² además una terraza de 25m2 orientada a un bonito y tranquilo patio de manzana. En la primera planta tiene amplio salón comedor con acceso a la terraza una cocina independiente completamente equipada una zona de aguas completa y un aseo de cortesía.  Mediante la escalera accedemos a la segunda planta donde encontramos tres dormitorios. Un dormitorio doble en suite con armario empotrado un cuarto de baño completo con bañera y salida a un amplio balcón orientado a patio de manzana. Dos habitaciones semi dobles con armarios empotrados que comparten un baño completo con bañera.  La propiedad destaca por su moderno diseño techos de cinco metros de altura buena distribución y orientación. ,1,180,1,Eléctrica,null,152,null,La Dreta de l'Eixample,null,null,null,1.550.000 ,10.197 €/m²,aProperties Real Estate Barcelona, Ref.: VB1811031-5 ,3,Segunda mano/buen estado,1,Piso en venta en paseo de Gràcia,http://idealista.com/inmueble/91626693/
2,null, Exclusivo piso reformado en Les Corts Piso de exquisito diseño en el barrio de Les Corts totalmente equipado reformado recientemente con acabados de alta calidad y listo para entrar a vivir.  La finca de carácter señorial se encuentra en perfectas condiciones y dispone de ascensor.  La vivienda de 98 m2 y situada en una segunda planta exterior es luminosa tranquila y con muy buena distribución. Consta de gran salón-comedor dos habitaciones dos baños completos cocina completamente equipada y lavadero. Dispone de: aire acondicionado calefacción de gas puerta blindada ventanas de habitaciones de doble cristal aislante.  La ubicación es excepcional zona muy agradable bien comunicada y rodeada de todos los servicios. Idealmente ubicado &nbsp;con el transporte público (metro tranvía y autobús) que con servicios ininterrumpidos conectan con todos los puntos de la ciudad. Cerca de los mejores hospitales (Hospital de Barcelona La Dexeus La Corachán y la Cima) destacados centros comerciales colegios&nbsp; y estación de Sants. ,1,93,2,Gas natural,null,98,null,Les Corts,null,null,null,595.000 ,6.071 €/m²,aProperties Real Estate Barcelona, Ref.: VB2010013-1 ,2,Segunda mano/buen estado,null,Piso en venta en calle de Gandesa,http://idealista.com/inmueble/91612622/
3,1900,  Principal con terraza y vistas en La Pedrera en Pau Claris Con una ubicación excepcional en la calle Pau Claris rodeada de todos los servicios y comercios más prestigiosos de la ciudad al lado de Passeig de Gràcia y la Avinguda Diagonal en la planta principal de una prestigiosa finca regia del año 1900 completamente rehabilitada recientemente encontramos esta maravillosa propiedad de unos 185m2 de vivienda + 130m2 de terraza.  La vivienda reformada y a estrenar conserva todos los detalles originales como las espectaculares vidrieras suelos hidráulicos y en mosaico de Noia techos artesonados carpinterías originales y un largo etcétera de pequeños detalles que hacen de ésta una propiedad de lo más especial.  Accedemos a la vivienda por un amplio recibidor que da paso a un espectacular salón comedor con orientación sur y vistas ... ,1,110,null,Gas natural,null,230,null,La Dreta de l'Eixample,null,null,null,2.300.000 ,10.000 €/m²,aProperties Real Estate Barcelona, Ref.: VB2010016-1 ,4,Segunda mano/buen estado,1,Piso en venta en calle de Pau Claris,http://idealista.com/inmueble/91612614/
2,2004, Propiedad de lujo con terraza en Ausiàs Marc Barcelona  En uno de los enclaves más solicitados de la Dreta de L’Eixample a tan solo un paso de Plaça Catalunya y Plaça Urquinaona tocando Passeig de Gràcia encontramos esta&nbsp; propiedad única ubicada en una espectacular&nbsp; finca&nbsp; regia totalmente rehabilitada en 2004. Tiene una superficie de 110 m2 de vivienda más 50m2 de terraza&nbsp; a pie de salón. Consta de&nbsp; un luminoso salón comedor con cocina totalmente equipada integrada&nbsp; y&nbsp; una gran galería todo ello conectado a la terraza a través de unos grandes ventanales que le dan mucha amplitud a esta pieza de estar integrando el espacio de la terraza y haciéndolo mucho más disfrutable. En la zona de noche encontramos una gran suite con armario ropero salida a un patio interior y baño completo una habitación individual grande con armario y un baño completo. Dispone Aire Acondicionado calefacción por conductos suelos de parque y carpintería de aluminio. Oportunidad única de adquirir una propiedad en una finca regia muy elegante totalmente rehabilitada en una de las zonas más señoriales de Barcelona. &nbsp;  &nbsp;. ,1,100,null,Gas natural,null,125,null,La Dreta de l'Eixample,null,null,null,890.000 ,7.120 €/m²,aProperties Real Estate Barcelona, Ref.: VB2010002-1 ,2,Segunda mano/buen estado,1,Piso en venta en calle d'Ausiàs Marc,http://idealista.com/inmueble/91612609/
1,1972, Ático en la calle Provença Ubicado en l’Eixample Esquerra de Barcelona nos encontramos este luminoso ático. Dispone de dos habitaciones dobles una de ellas con salida a balcón las dos tienen armarios empotrados. Un baño completo. Cocina equipada con todos los electrodomésticos y una pequeña zona de aguas. El salón comedor es muy luminoso y tiene salida a un disfrutable balcón que da a un amplio y tranquilo patio de manzana. Tiene AA por splits y calefacción de gas natural.  Si lo que estás buscando es un piso alto luminoso céntrico y en perfecto estado de conservación esta es tu vivienda!  Está a unos pasos del Hospital Clínico y de la escuela industrial. Y muy cerca de la plaza Francesc Macià. Rodeado de todos los servicios &nbsp;y muy bien comunicado de metros y autobuses. ,1,51,7,Gas natural,null,73,null,La Nova Esquerra de l'Eixample,null,null,null,395.000 ,5.411 €/m²,aProperties Real Estate Barcelona, Ref.: VB2009032-3 ,2,Segunda mano/buen estado,null,Piso en venta en calle de Provença,http://idealista.com/inmueble/91612514/
4,1950, Piso luminoso en venta en l’Eixample de Barcelona En pleno Eixample Esquerra se encuentra esta vivienda que ofrece todas las comodidades y necesidades de la vida de hoy. En una finca clásica y cuidada con servicio de conserjería se encuentra este piso recién reformado de 143m2. Consta de salón-comedor con ventanal que proporciona mucha luz una cocina completa y zona de aguas. Además se compone de cuatro habitaciones una de ellas en suite dos baños completos y un aseo de cortesía. Ubicado en el corazón del Eixample barcelonés tiene una amplia red de servicios como supermercados colegios polideportivos comercios restaurantes centros de salud y farmacias. En definitiva un lugar perfecto para vivir en Barcelona y disfrutar de todos los servicios. ,1,129,2,Gas natural,null,146,120,La Nova Esquerra de l'Eixample,null,null,null,595.000 ,4.075 €/m²,aProperties Real Estate Barcelona, Ref.: VB2009020-3 ,4,Segunda mano/buen estado,null,Piso en venta en calle d'Aragó,http://idealista.com/inmueble/91612512/
2,1934, Balmes - Madrazo en el cotizado Sant Gervasi-Galvany un barrio del distrito de Sarriá-San Gervasio situado en pleno centro financiero de la ciudad condal una zona exclusiva y de reconocido prestigio. La vivienda está ubicada en una cuarta planta y cuenta con una superficie aproximada de 130 m² en excelente estado de conservación que se distribuyen actualmente en un recibidor un salón comedor muy luminoso y tranquilo de prácticamente 40 m² orientado al Sur una cocina cuatro dormitorios (uno de ellos actualmente destinado a despacho) dos cuartos de baño completos y por último el balcón exterior a la calle Balmes.   Forma parte de un edificio singular construido en el año 1934 que dispone de ascensor y que ha sido recientemente rehabilitado en su conjunto conforme a las indicaciones de la ITE realizada y pendiente de certificado de aptitud. &nbsp;. ,1,148,4,null,null,130,116,Sant Gervasi - Galvany,null,null,null,565.000 ,4.346 €/m²,Calvet Premium Real Estate, Ref.: 1641 ,4,Segunda mano/buen estado,null,Piso en venta en calle de Balmes,http://idealista.com/inmueble/91608472/
1,1973,  Piso de 78 m2 totalmente reformado materiales de alta calidad terraza comunitaria 20m2. Exterior y con muchísima luz todo el día.   Consta de salón comedor de 29m2 con salida al balcón cocina abierta americana (isla con barra) con encimera porcelánica equipada con electrodomésticos de marca Bosch dormitorio principal de 14m2 y 2 habitaciones dobles 1 baño con plato de ducha toallero eléctrico y con dos lavabos.  Piso alimentado de energía renovable - solar a través de SomEnergia de muy bajo consumo gracias a todos elementos electrodomesticos siendo A+ o mejor y luces LED en todo el piso.   Aire acondicionado (bomba de calor-frío) conectado a wifi para poder programar la temperatura antes de llegar. Enchufes empotrados con USB en la isla de la cocina.   Espacio contemporáneo y acogedor diseñado con elementos decorativos - ladr... ,1,121,2,Bomba de frío/calor,null,78,71,La Font de la Guatlla,null,329.940 € ,5,313.000 ,4.013 €/m²,Karel Duchon, Anuncio: 89287944 ,3,Segunda mano/buen estado,1,Piso en venta en calle de Mandoni 5,http://idealista.com/inmueble/89287944/
1,null, Edificio Regio del año 1925 restaurado y en buen estado estilo arquitectónico singular: Hoffman de Paris. El inmueble está situado en la última planta del edificio 5ª. Gran ascensor con cabida para bicicletas y cochecitos. El piso tiene 105 m2 es totalmente exterior y muy cuadrado. Completamente rodeado por preciosas ventanas con agradables vistas. Por las noches podemos admirar el reflejo del espectáculo de las fuentes de montjuic. Se ve el Museo Nacional de Arte de catalunya MNAC. Adjuntamos plano en las fotografías. Se distribuye en 3 habitaciones 1 baño cocina de diseño abierta a la sala y un gran comedor. Piso recientemente reformado con acabados de primera calidad y manteniendo las singularidades del edificio como los suelos hidráulicos originales. Todas las habitaciones son exteriores. La galería tiene vistas al Museo Nacional de Catalunya (MNAC) luces de las fuentes de Montjuic.  Hay calefacción por gas aire acondicionado en toda la vivienda excepto en el estudio y el baño. está amueblado con muebles de diseño integrados a medida. ,1,134,5,Gas natural,null,111,null,El Poble Sec - Parc de Montjuïc,null,null,null,550.000 ,4.955 €/m²,departament comercial - yolanda, Ref.: tamarit ,3,Segunda mano/buen estado,null,Piso en venta en calle de Tamarit,http://idealista.com/inmueble/91518068/
3,1988, Piso en venta en pleno Passeig de Gràcia En una preciosa &nbsp;finca regia totalmente rehabilitada en el 1988 ubicada en la avenida más elegante de Barcelona el Paseo de Gracia se encuentra esta increíble propiedad de aproximadamente 250m² construidos para actualizar  El piso consta de un amplio recibidor un gran salón comedor de 50 m2 una cocina con zona office y una zona de agua y de servicio con entrada independiente.  La zona de noche consta de cuatro dormitorios&nbsp; dobles de los cuales tres con baño en suite. &nbsp;  La propiedad incluye dos plazas de parkings en la misma finca a las cuales se accede directamente desde el ascensor principal. Cuenta además con servicio de conserjería 24 horas cada día del año. ,1,73,3,Gas natural,null,250,null,La Dreta de l'Eixample,1,null,null,2.750.000 ,11.000 €/m²,aProperties Real Estate Barcelona, Ref.: VB1912001-5 ,4,Segunda mano/para reformar,null,Piso en venta en paseo de Gràcia,http://idealista.com/inmueble/91249898/
4,1890, Espectacular vivienda en el corazón de L’Eixample Dret Espectacular piso de 146m² en el distrito de l’Eixample Dret entre Passeig de Gràcia y Rambla Catalunya totalmente equipado y reformado con excelentes acabados.  Consta de un amplio salón – comedor muy luminoso tres habitaciones dobles en suite un aseo y zona de aguas. Además dispone de un trastero de 3m² en la misma finca.  Las habitaciones están orientadas a sud-este y cuentan con salida a bacones con agradables vistas. El salón orientado a Norte da a la calle Consell de Cent y cuenta con amplios ventanales.  La vivienda está muy bien comunicada con el transporte público comercios colegios y bonitas zonas ajardinadas. ,1,122,3,Gas natural,null,136,null,La Dreta de l'Eixample,null,null,null,1.150.000 ,8.456 €/m²,aProperties Real Estate Barcelona, Ref.: VB1910027-4 ,3,Segunda mano/buen estado,null,Piso en venta en calle del Consell de Cent,http://idealista.com/inmueble/91249877/
2,2006, Ático dúplex con terraza y vistas al mar en La Illa del Mar Barcelona Se trata de un exclusivo ático dúplex en uno de los complejos residenciales más exclusivos y modernos de Diagonal Mar. El complejo tiene unas excelentes zonas comunitarias tales como piscina jardín gimnasio o pistas de pádel y dispone de vigilancia 24 horas.  La vivienda tiene una superficie de 153 m² más la terraza de 70 m² con jacuzzi privado e impresionantes vistas panorámicas a toda Barcelona y el mar. En la planta principal encontramos un aseo de cortesía &nbsp;el diáfano y luminoso salón comedor a doble altura desde el que da acceso a la terraza que rodea el piso con su una fantástica piscina para relajarse mirando al mar una habitación con su baño en suite y una cocina totalmente equipada con entrada desde el comedor. En planta superior encontramos dos luminosas habitaciones dobles &nbsp;y un baño con plato de ducha. También hay el cuarto de la colada. El apartamento tiene acabados de primera calidad y se entrega amueblado. Aire acondicionado y calefacción. Puerta blindada. En el precio se incluye una plaza de aparcamiento y trastero en la misma finca. ,1,28,21,Eléctrica,null,188,null,Diagonal Mar i el Front Marítim del Poblenou,1,null,null,2.500.000 ,13.298 €/m²,aProperties Real Estate Barcelona, Ref.: VB1909025-4 ,3,Segunda mano/buen estado,1,Ático en venta en paseo del Taulat,http://idealista.com/inmueble/91249872/
3,2017, Exclusiva propiedad de Obra Nueva en Galvany En pleno corazón del Barrio de Galvany&nbsp; y a escasos metros de la Avenida Diagonal situado en una exclusiva promoción de obra nueva rodeada de todo tipo de comercios y transporte público encontramos este elegante piso prácticamente a estrenar. El edificio totalmente rehabilitado consta de ocho pisos con dos ascensores&nbsp; y&nbsp;&nbsp; se caracteriza por sus acabados de gran calidad y diseño. &nbsp;El &nbsp;pisos &nbsp;tiene una superficie aproximada de 140 m²&nbsp; y disponen de un generoso recibidor un amplio y luminoso salón comedor cocina office semi abierta totalmente equipada &nbsp;con electrodomésticos de gran calidad y &nbsp;zona de aguas &nbsp;tres habitaciones una de ellas en suite dos baños y un aseo. Es una gran oportunidad de adquirir una vivienda nueva en uno de los barrios más demandados de Barcelona y a un paso del centro de Barcelona. ,1,35,2,Gas natural,null,139,119,Sant Gervasi - Galvany,null,null,null,1.150.000 ,8.273 €/m²,aProperties Real Estate Barcelona, Ref.: VB1905039-5 ,3,Segunda mano/buen estado,null,Piso en venta en calle de Muntaner,http://idealista.com/inmueble/91249865/
3,1960, Piso segregable a reformar con terraza en calle Mallorca Con una ubicación inmejorable en la confluencia de las calles Mallorca Passeig Sant Joant y Diagonal en una zona con muchísima vida y rodeada de todos los servicios y comercios en una planta alta de una finca señorial de los años 60´s con servicio de portería y muy buen estado de conservación encontramos esta maravillosa vivienda de unos 300m2 con terraza de unos 12m2 con muchísima luz y multitud de posibilidades de reforma.  Accedemos a la vivienda por un amplio recibidor que da paso a un maravilloso salón comedor en 2 ambientes con salida directa a la aprovechable terraza. Al lado del comedor tenemos una inmensa cocina con despensa office zona de aguas habitación y cuarto de baño de servicio.  La zona de noche bien diferenciada consta de 7 habitaciones 4 de ellas orientadas a tranquilísimo patio de manzana típico de Eixample y las otras 3 a patio de luces así como 3 baños completos.  Además dispone de un trastero de unos 10m2. ,1,134,3,Gas natural,null,296,null,La Dreta de l'Eixample,null,null,null,1.200.000 ,4.054 €/m²,aProperties Real Estate Barcelona, Ref.: VB1903055-5 ,7,Segunda mano/para reformar,1,Piso en venta en calle Mallorca,http://idealista.com/inmueble/91249858/
1,1900, Piso reformado en L'Eixample Esquerra En una muy buena ubicación en pleno Eixample izquierdo de Barcelona encontramos en una bonita finca clásica de 1900 este piso de 57m² aproximadamente &nbsp;totalmente reformado con acabados de alta calidad. La propiedad consta de un salón-comedor con cocina abierta totalmente equipada que accede a un pequeño balcón de 3m2 exterior a calle. La zona de noche cuenta con dos habitaciones una doble y una individual con armarios empotrados y zapateros que comparten un baño completo con ducha. &nbsp;Se trata de una pieza ideal para personas que buscan una vivienda muy céntrica para disfrutar de la oferta cultural de la ciudad &nbsp; junto a zonas comerciales y restaurantes &nbsp;o para inversores que busquen una propiedad que sea fácilmente alquilable. La finca no dispone de ascensor aunque existe el espacio ideal para instalarlo. ,0,144,2,Eléctrica,null,57,null,La Nova Esquerra de l'Eixample,null,null,null,345.000 ,6.053 €/m²,aProperties Real Estate Barcelona, Ref.: VB1902029-5 ,2,Segunda mano/buen estado,null,Piso en venta en calle d'Aragó,http://idealista.com/inmueble/91249825/
2,1900, Piso en venta en l’Eixample Esquerra de Barcelona Bonito y luminoso piso en una finca clásica de 1900 con ascensor típica del Eixample ubicado junto a Enrique Granados y la Universidad de Barcelona.  La vivienda que es un tercero real tiene una superficie construida de 106m² y se compone de un salón comedor con orientación Sur-Este con grandes ventanales que dan a los jardines de la Universidad y una cocina office totalmente equipada. Además dispone de dos dormitorios con balcón y orientación Oeste que les confiere una gran luminosidad una habitación que puede utilizarse como despacho y dos baños completos con ducha.  La vivienda dispone de calefacción de gas por radiadores techos artesonados típicos de la zona en el salón y dormitorios techos de “volta catalana” en el pasillo y carpintería de madera en perfecto estado de conservación.  Completa esta vivienda un práctico trastero de 2m² en el terrado.  El Eixample de Barcelona es la zona céntrica y exclusiva de la ciudad dónde puedes vivir con tranquilidad y a un paso de todos los restaurantes y lugares de interés. ,1,131,1,Gas natural,null,106,95,L'Antiga Esquerra de l'Eixample,null,null,null,699.000 ,6.594 €/m²,aProperties Real Estate Barcelona, Ref.: VB1902017-5 ,3,Segunda mano/buen estado,null,Piso en venta en calle d'Aribau,http://idealista.com/inmueble/91249824/
2,1959, Piso en venta en con muchas posibilidades en L’Esquerra de L’Eixample En pleno Eixample encontramos esta vivienda con la posibilidad de dividirse en dos ya que son dos entidades registrales. Actualmente está habilitado en una vivienda.  El piso se distribuye en un amplio recibidor que se divide en dos zonas muy diferenciadas en una de las zonas encontramos un amplio salón comedor con mucha luz que tiene salida a una disfrutable terraza de unos 25m² que da a tranquilo patio de manzana. La zona de noche consta tres habitaciones un baño completo.  En el otro lado de la vivienda encontramos una cocina office con lavadero tres habitaciones el segundo baño y una sala de estar con salida a balcón exterior a calle de unos 10m².  Piso céntrico y rodeado de todos los servicios luminoso y con un sinfín de posibilidades de reforma ya sea para hacerse un gran piso o dividirlo en dos. ,1,100,1,Gas natural,null,185,null,Sant Antoni,null,null,null,780.000 ,4.216 €/m²,aProperties Real Estate Barcelona, Ref.: VB1901021-5 ,6,Segunda mano/para reformar,1,Piso en venta en calle de Calàbria,http://idealista.com/inmueble/91249822/
2,1959,  Piso con terraza en venta en Sagrada Familia Ubicado a pocos metros de La Monumental en el barrio de Sagrada Familia encontramos este amplio piso de 184m² con una distribución ideal y una luminosidad extraordinaria.  La entrada da paso a un amplio recibidor con mucha luz y de ahí se accede al salón comedor de 45m² con una muy disfrutable terraza de 8m² que da a un tranquilo patio de manzana orientado a sur muy soleado. La cocina con vistas a la Sagrada Familia está totalmente equipada con todos los electrodomésticos integrados y zona office. Al lado hay un baño completo con jacuzzi muy luminoso.  La zona de noche está formada por cinco dormitorios dos de ellos son interiores pero al tratarse de una sexta planta entra mucha luz. Otros dos&nbsp; dormitorios dobles muy amplios que tienen salida al balcón con vistas a la Sagrada Familia ... ,1,237,6,Gas natural,null,198,null,La Sagrada Família,null,null,null,790.000 ,3.990 €/m²,aProperties Real Estate Barcelona, Ref.: VB1811006-5 ,5,Segunda mano/buen estado,1,Piso en venta en calle de València,http://idealista.com/inmueble/91249820/
3,1948, Propiedad en venta en Avinguda Diagonal Barcelona Ubicada a escasos metros &nbsp;Avinguda Diagonal una de las zonas más nobles&nbsp;de Barcelona encontramos esta exclusiva propiedad de&nbsp;274m² que por sus características y localización es una pieza única y exclusiva. Se encuentra a pocos metros de Rambla de Catalunya y Passeig de Gràcia rodeada de prestigiosas tiendas y muy bien comunicada.  Es un piso elegante &nbsp; luminoso con los techos altos suelos de madera de espiga y&nbsp; gran amplitud&nbsp; de espacios.  En la zona de día&nbsp; encontramos&nbsp; un luminoso y espacioso salón-comedor dividido en cuatro estancias con chimenea &nbsp;&nbsp;y vistas a la calle cocina office con despensa zona de aguas un cuarto de plancha y habitación de servicio con su baño.  En la zona de noche consta de cuatro&nbsp;habitaciones dobles una de ellas en suite y&nbsp; dos&nbsp;baños completos. &nbsp; Dispone de calefacción central &nbsp;y aire acondicionado y un trastero en la misma finca.  Oportunidad excepcional de adquirir este elegante piso en una de las avenidas más importantes de la ciudad en una finca elegante y con mucha presencia. ,1,177,2,Gas natural,null,274,null,Sant Gervasi - Galvany,null,null,null,1.190.000 ,4.343 €/m²,aProperties Real Estate Barcelona, Ref.: VB1810024-5 ,6,Segunda mano/buen estado,null,Piso en venta en calle de Balmes,http://idealista.com/inmueble/91249805/
2,1964, Piso de 120 m² en Barcelona provincia de Barcelona. Por el espacio que te ofrece este piso es ideal para una familia con hijos. Se contempla tanto la venta como el alquiler con opción a compra.  Se encuentra en un 5º piso con ascensor y cuenta con 1 amplio salón 1 cocina completamente independiente del resto de estancias y equipada con electrodomésticos 3 habitaciones 1 cuarto de baño y 1 aseo. El inmueble es todo exterior. Además por su orientación oeste disfrutarás del sol por las tardes el momento en el que la casa resulta especialmente acogedora.   La vivienda se vende sin amueblar y reformada lista para entrar a vivir. En cuanto a las calidades este piso cuenta con calefacción de gas carpintería exterior de aluminio suelo de parqué que da mucha calidez a la vivienda y suelo de gres de fácil mantenimiento y gran resistencia.   Esta casa está situada en una zona bien comunicada muy cerca de la parada de metro la parada de autobús y la estación de tren. Para mayor comodidad la vivienda se encuentra muy cerca de un colegio de supermercados farmacias y de todos los servicios.   De particular a particular. Sin comisiones. Llámanos y visita esta vivienda.  h1o1u4s0e5l0l. ,1,0,5,null,null,120,99,Sant Gervasi - Galvany,null,null,null,649.999 ,5.417 €/m²,Housell.com, Ref.: 114050 ,3,Segunda mano/buen estado,null,Piso en venta en calle de Calvet,http://idealista.com/inmueble/91242050/
2,1991,  Amplio piso de 105m² en Barcelona. La vivienda por espacio y distribución es ideal para una familia con hijos.   Se encuentra en un segundo piso con ascensor y se distribuye en un amplio y acogedor salón cuatro dormitorios dos cuartos de baño completos y cocina completamente independiente del resto de estancias y equipada con electrodomésticos. Además el piso cuenta con balcón que aporta espectacular luminosidad a toda la estancia y armarios empotrados con buen almacenaje. El inmueble es todo exterior. Además por su orientación este en esta casa disfrutarás del sol por las mañanas.   La vivienda se vende amueblada y en buen estado lista para comenzar la mudanza. En cuanto a las calidades este piso dispone de calefacción de gasy aire acondicionado con bomba de calor las ventanas son de aluminio las puertas son de madera y... ,1,0,2,null,null,105,100,El Poblenou,null,null,null,499.000 ,4.752 €/m²,Housell.com, Ref.: 113952 ,4,Segunda mano/buen estado,null,Piso en venta en calle de Bilbao,http://idealista.com/inmueble/91186772/
2,1910, Piso en venta la calle Enric Granados Barcelona Ubicado en la calle Enric Granados la calle peatonal más cotizada de Barcelona junto a Rambla Catalunya y Passeig de Gràcia encontramos este bonito piso de 82m². La zona de día consta de un luminoso salón-comedor con salida a una terracita y una amplia cocina reformada y equipada con todos los electrodomésticos. En la zona de noche encontramos dos habitaciones dobles una habitación individual grande y dos baños completos. El piso tiene suelos de parqué de madera cornisas y rosetones originales tan característicos de los pisos de la Eixample de Barcelona. &nbsp;La vivienda dispone de un trastero en el terrado. ,1,124,null,Gas natural,null,90,null,L'Antiga Esquerra de l'Eixample,null,null,null,519.000 ,5.767 €/m²,aProperties Real Estate Barcelona, Ref.: VB2001031-5 ,3,Segunda mano/buen estado,1,Piso en venta en calle d'Enric Granados,http://idealista.com/inmueble/91153656/
1,1966, Piso de tres habitaciones en calle Aragó La vivienda de 87 m2 útiles consta de 3 habitaciones y un baño completo cocina y salón-comedor.  Al entrar nos encontramos con un recibidor que nos conduce al pasillo principal que nos da acceso a una de las habitaciones individuales el baño y la cocina.  Al finalizar encontramos el salón-comedor exterior y muy luminoso. Desde éste accedemos a la habitación doble con armarios empotrados y entrada a una tercera habitación individual que puede convertirse en baño (y tener así un baño en suite) o en un bonito vestidor.  Aún que no está de origen tiene muchas opciones de reforma.  La situación de la vivienda es inmejorable en pleno Eixample Dret rodeada de comercios colegios y todas las opciones de transporte público. ,1,85,2,Gas natural,null,100,94,La Dreta de l'Eixample,null,null,null,369.000 ,3.690 €/m²,aProperties Real Estate Barcelona, Ref.: VB1910059-4 ,3,Segunda mano/buen estado,null,Piso en venta en calle d'Aragó,http://idealista.com/inmueble/91153186/
2,1970,  Excelente piso a estrenar en Avinguda Diagonal Piso en excelente zona y muy próximo a la Sagrada Familia. La zona está en pleno proceso de remodelación siendo uno de los puntos fuertes de la ciudad ya que hará que la comunicación sea mucho más fluida disminuyendo en impacto medioambiental.  La propiedad que presentamos es el resultado del estudio de una serie de premisas de arquitectos e interioristas de este proyecto de remodelación integral  La idea de tener espacios amplios es algo que está demostrado que contribuye al bienestar de las personas por eso el tener un salón con dimensiones generosas es un punto que nos ha encantado.  A su vez el espacio se puede convertir en función de las necesidades como sala de estudio recibidor o zona de invitados.  Los materiales elegidos así como la ejecución de la obra ha sido un sello de... ,1,100,null,Eléctrica,null,77,64,El Fort Pienc,null,null,null,350.000 ,4.545 €/m²,aProperties Real Estate Barcelona, Ref.: VB1911052-4 ,1,Segunda mano/buen estado,null,Piso en venta en avenida Diagonal,http://idealista.com/inmueble/91103888/
2,1970,  Excelente piso a estrenar en Avinguda Diagonal Piso en excelente zona y muy próximo a la Sagrada Familia. La zona está en pleno proceso de remodelación siendo uno de los puntos fuertes de la ciudad ya que hará que la comunicación sea mucho más fluida disminuyendo en impacto medioambiental.  La propiedad que presentamos es el resultado del estudio de una serie de premisas de arquitectos e interioristas de este proyecto de remodelación integral  La idea de tener espacios amplios es algo que está demostrado que contribuye al bienestar de las personas por eso el tener un salón con dimensiones generosas es un punto que nos ha encantado.  A su vez el espacio se puede convertir en función de las necesidades como sala de estudio recibidor o zona de invitados.  Los materiales elegidos así como la ejecución de la obra ha sido un sello de... ,1,100,null,Eléctrica,null,106,92,El Fort Pienc,null,null,null,400.000 ,3.774 €/m²,aProperties Real Estate Barcelona, Ref.: VB1911053-4 ,2,Segunda mano/buen estado,null,Piso en venta en avenida Diagonal,http://idealista.com/inmueble/91103796/
2,1936, Piso en venta en l’Eixample Dreta En una ubicación inmejorable en una maravillosa calle peatonal entre Paseo de Gracia Rambla de Cataluña Diagonal y los jardines del Palau Robert en pleno Quadrat D´Or de Barcelona y rodeado de todos los servicios comercios y restaurantes más exclusivos de la ciudad Condal encontramos esta maravillosa propiedad en venta en una primera planta real de una espectacular finca regia catalogada y muy bien conservada con portería y zonas comunes con presencia y servicio de conserjería. &nbsp;  La vivienda consta de unos 172 m2 construidos y multitud de posibilidades de reforma pudiendo convertirse fácilmente en una maravillosa vivienda&nbsp; de 3 / 4 dormitorios y 2 / 3 baños con una amplia zona de día con salón-comedor y cocina independiente mucha luz natural y una aprovechable terraza de unos 7m2. &nbsp;  La propiedad se encuentra en buen estado de conservación siendo su última reforma en el 2004 y habiendo sido utilizada como despacho profesional hasta la fecha actual. &nbsp;. ,1,187,null,Eléctrica,null,197,null,La Dreta de l'Eixample,null,null,null,990.000 ,5.025 €/m²,aProperties Real Estate Barcelona, Ref.: VB1811037-4 ,5,Segunda mano/buen estado,1,Piso en venta en calle de Còrsega,http://idealista.com/inmueble/91052215/
1,1970, Ático alto y luminoso en Eixample Entrando en la propiedad nos encontramos en un salón muy acogedor y luminoso que da acceso a una amplia terraza con orientación Sur-Este y vistas despejadas hacia el Parque del Norte y ciudad. El salón comedor da acceso a una cocina independiente totalmente equipada y con muebles empotrados hechos a medida. Saliendo de la cocina a mano izquierda una puerta nos lleva a la zona de noche de la vivienda esa está compuesta de dos habitaciones una doble y una individual ambas con ventana. Los dos dormitorios comparten un baño completo con ducha y un cuarto de aguas con armarios empotrados. La propiedad necesita algunas actualizaciones se vende con una plaza de parking en la calle colindante incluida en el precio. Ubicado en el barrio de Fort Pienc en una calle peatonal muy bonita del Eixample. Muy cercano al barrio de Sagrada Familia este barrio gana cada vez más adeptos entre jóvenes profesionales y familias gracias a su céntrica ubicación oferta de comercio y ocio además de centros educativos y de salud.  Muy bien comunicada con transporte público. Cercano al renovado Passeig Sant Joan Mercat dels Encants Teatro Nacional de Catalunya y L’Auditori. ,1,264,8,Gas natural,null,60,null,Eixample,1,400.000 € ,10,360.000 ,6.000 €/m²,Barcelona MMC - Eixample - S2, Ref.: W-02JN5I ,2,Segunda mano/buen estado,1,Ático en venta en El Fort Pienc,http://idealista.com/inmueble/90933754/