bathrooms,constructed_year,description,elevator,energetic_qualification_kWhm2_año,floor,heater_system,its_new,m2_build,m2_useful,neighbourhood,parking,price_down_euro,price_down_percentage,price_euro,price_m2,real_estate,ref,rooms,status,terrace,title,link
2,1963, Piso reformado a estrenar en venta de 62m² situado en la calle Capità Arenas.  Dispone de salón comedor con amplios ventanales cocina equipada con electrodomésticos Siemens 2 habitaciones (1 doble) zona de aguas 1 baño y 1 aseo de cortesía.  Cuenta con suelos de parquet aire acondicionado y calefacción a gas. Muy luminoso. Ubicado en un edificio con servicio de conserjería. En el barrio de Pedralbes junto al Paseo Manuel Girona exclusiva zona con todo tipo de servicios y muy bien comunicada con transporte público. ,1,154,5,Gas natural,null,62,null,Pedralbes,null,null,null,450.000 ,7.258 €/m²,ALTING Grupo Inmobiliario, Ref.: 019246 ,2,Segunda mano/buen estado,null,Piso en venta en calle del Capità Arenas,http://idealista.com/inmueble/87920808/
1,1923, Piso amplio de 159m2 con una zona de día grande y soleada cocina&nbsp; abierta al comedor y un salón con vistas y orientado a mar. Dispone de 3 dormitorios grandes y exteriores un baño completo con ducha y bañera y una zona de aguas para lavadora/secadora. Todos los espacios son amplios cálidos y agradables con mucha luz natural y techos altísimos. La distribución de la vivienda es muy práctica separada la zona de día de la zona de noche con grandes ventanales y distribuidores amplios y señoriales. &nbsp; Se trata de un 6o real al lado de la Monumental en pleno Eixample Dret al lado de todos los servicios comercios y transportes. ¡VISITA EN REALIDAD VIRTUAL YA&nbsp; DISPONIBLE! ,0,0,null,null,null,158,147,El Fort Pienc,null,null,null,599.000 ,3.791 €/m²,Proddigia, Ref.: 8368 ,3,null,null,Piso en venta en Gran Via de les Corts Catalanes,http://idealista.com/inmueble/88997451/
2,1900,  Excelente apartamento con licencia turistica Este apartamento ofrece una oportunidad para dirigir un negocio muy rentable tan sólo manteniendo el modelo de negocio actual. Situado en una de las mejores zonas de la ciudad junto a Enric Granados Rambla Catalunya y Passeig de Gràcia este apartamento turístico recién reformado promete una estancia tranquila y lujosa para todas los futuros huéspedes. Consiste en una habitación doble con su propio aseo un baño completo la sala de estar y la zona combinada de cocina y comedor. En esta zona se encuentra la cama doble abatible todo un lujo con su alta calidad. Los actuales propietarios han alcanzado una tasa de ocupación del 94% (2019) y el muy apreciado estatus de Top Host en Aribnb. El negocio puede funcionar de la misma manera en el futuro. La licencia turística para 4 personas está... ,1,80,1,Calefacción individual,null,45,null,Eixample,null,445.000 € ,11,395.000 ,8.778 €/m²,Barcelona MMC - Eixample - S2, Ref.: W-02DXF9 ,1,Segunda mano/buen estado,null,Piso en venta en L'Antiga Esquerra de l'Eixample,http://idealista.com/inmueble/88937791/
4,null, Exclusivo apartamento en el centro de Pedralbes En el tranquilo y exclusivo barrio de Pedralbes cercano a los colegios internacionales hallamos este tranquilo hogar mucha luz y gran terraza.  Nos da la bienvenida un recibidor que distribuye claramente las zonas de día y de noche garantizando así privacidad y comodidad. Orientada a sur la parte diurna se distribuye en un amplio y luminoso salón con comedor independiente y con salida a una bonita y agradable terraza de unos 34m2 con vistas a la zona ajardinada. Actualmente existe una habitación anexa al salón que sirve de despacho pero que podría convertirse fácilmente en una habitación con acceso desde la zona de noche. Del otro lado disponiendo también de entrada de servicio se encuentra una práctica cocina-office que da acceso a la zona de lavandería y a la habitación de servicio con baño.  La zona de noche está compuesta por dos suites (una de ellas con vestidor) y una habitación exterior con armarios empotrados.  Completan esta maravillosa propiedad una zona ajardinada comunitaria dos plazas de parking y un trastero. La finca dispone un servicio de conserjería con los fines de semana incluidos. ,1,0,1,Gas natural,null,217,null,Les Corts,1,1.850.000 € ,8,1.700.000 ,7.834 €/m²,Barcelona MMC - Zona Alta - S1, Ref.: W-02EKID ,5,Segunda mano/buen estado,1,Piso en venta en Pedralbes,http://idealista.com/inmueble/88784359/
2,null, VISITA VIRTUAL DISPONIBLE.  Bonito y funcional piso situado en la séptima planta de una finca seminueva ubicada en el corazón del barrio de El Clot. La vivienda es muy luminosa soleada y con amplias y magníficas vistas. El piso de 90 m2 de forma cuadrada y con un bonito y amplio balcón consta de recibidor salón-comedor exterior 4 habitaciones (3 de ellas exteriores) dos baños exteriores y con luz natural cocina y lavadero independiente. &nbsp; La zona es inmejorable se sitúa en el corazón de El Clot a 1 minuto andando de la parada de metro de Clot cerca del parque del Clot el Mercat del Clot comercios de barrio Centro comercial Les Glories Centro de Salud y otros servicios de interés general. No pierda la oportunidad de visitar el que puede ser el piso que está buscando. &nbsp;&nbsp;. ,1,0,7,null,null,90,85,El Clot,null,null,null,345.000 ,3.833 €/m²,Proddigia, Ref.: 8062 ,4,Segunda mano/buen estado,null,Piso en venta en calle d'Aragó,http://idealista.com/inmueble/88759570/
3,1998,  Soleada casa en Vila de Gràcia En una de las partes más nobles de la zona alta de Vila de Gràcia por debajo de Travessera de Dalt i en un entorno de silencio y tranquilidad como si de un pueblecito se tratara se ofrece esta casa unifamiliar de construcción reciente.  La casa está mantenida en muy buen estado de conservación y cuenta con un garaje con puerta abatible independiente de techo muy alto iluminado por una generosa luz natural.  Un pequeño cancel nos da acceso al recibidor desde el que podemos acceder al garaje a un gran trastero en la planta -1 y a la primera planta donde encontramos el salón comedor esquinero (como lo es la casa) la cocina también con sol directo y con un pequeño office y un elegante baño de cortesía. La planta cuenta con cuatro balcones y la ventana de la cocina orientada hacia el mar. La planta don... ,null,271,null,Gas natural,null,186,null,Gràcia,1,850.000 € ,6,795.000 ,4.274 €/m²,Barcelona MMC, Ref.: W-02BPVK ,3,Segunda mano/buen estado,1,Chalet adosado en venta en Vila de Gràcia,http://idealista.com/inmueble/88697325/
2,1966,  Presentamos este magnifico Piso situado en una 3º planta real en el edificio Mediterrani del arquitecto Antoni Bonet y José Puig Torné. En portería reconocemos frisos de Josep María Subirats (reconocido escultor protagonista del Portal de la Sagrada Familia).    Ubicado en la Nova Esquerra de l'Eixample una de la zonas preferidas de la ciudad condal por su tranquilidad y privilegiada ubicación. Buena conexión con transportes públicos Línea 1 de metro a 200 m y varias líneas de buses en la cercanía.     Entrando al piso nos encontramos con un recibidor muy agradable de un lado tenemos una Cocina tipo Office donde podrás disfrutar de los desayunos en familia. Luego siguiendo por el distribuidor llegamos un gran salón comedor de unas medidas extraordinarias con una salida a un gran balcón.   Dejando el salón del lado derecho sale... ,1,0,3,null,null,126,116,La Nova Esquerra de l'Eixample,null,495.000 € ,5,470.000 ,3.730 €/m²,Principal Primera, Ref.: PP0114-PG ,4,Segunda mano/buen estado,null,Piso en venta en calle del Consell de Cent,http://idealista.com/inmueble/88210215/
1,null, Piso a reformar en Sarriá-Santa Amelia Desde Engel &amp; Völkers os presentamos un edificio que se vende en varios lotes de pisos. Ubicado a tan sólo a 2 minutos de la Plaza María Cristina. Son todos ellos viviendas. Algunos de los pisos arrendados y otros no la tipología de los pisos son de entre 50m2 hasta unos 78m2. Es una buena oportunidad en una zona magnifica los pisos están para reformar y en esta zona tenemos una gran demandada. Es de fácil acceso bien comunicado la vida en Sarriá se caracteriza por la tranquilidad que se respira y la facilidad de movilidad tanto si es una familia como parejas o solteros. Comercios transportes y buenas escuelas además del magnífico Parque de Santa Amelia que nos garantizan una fantástica vida tranquila y cómoda. ,1,184,9,Gas natural,null,73,null,Les Corts,null,460.000 € ,5,435.000 ,5.959 €/m²,Barcelona MMC - Zona Alta - S1, Ref.: W-02GEAF ,3,null,null,Piso en venta en Pedralbes,http://idealista.com/inmueble/87376051/
1,1963, Piso en venta de 76m² situado junto a la Plaza Francesc Macià en el barrio de l’Antiga Esquerra de l’Eixample.  Consta de salón comedor con vistas a la Plaza Francesc Macià y al Turó Parc. 3 habitaciones dobles 1 baño cocina independiente zona de aguas y balcón. Dispone de aire acondicionado calefacción suelos de parquet y armarios empotrados. Ubicado en una finca rehabilitada con servicio de conserjería.  Junto a la Plaza Francesc Macià cerca de la Avenida Diagonal zona con comercios y todo tipo de servicios. Buenas comunicaciones mediante transporte público: metro autobuses y Trambaix. ,1,106,5,null,null,76,null,L'Antiga Esquerra de l'Eixample,null,null,null,460.000 ,6.053 €/m²,ALTING Grupo Inmobiliario, Ref.: 019209 ,3,Segunda mano/buen estado,null,Piso en venta en avenida de Josep Tarradellas,http://idealista.com/inmueble/85794670/
4,null, En una finca a 4 vientos en Pedralbes encontramos esta preciosa y exclusiva vivienda por sus características. La vivienda tiene todas las estancias exteriores por lo que disfruta de luz y sol durante todo el día y de fácil distribución consta en la zona de día de un espacioso salón comedor a tres piezas con salida a terraza cocina de grandes dimensiones con su zona de servicio con baño y lavadero. En la zona de noche la componen 4 habitaciones dobles una master suite con baño y vestidor y 3 habitaciones que comparten 2 baños completos. La vivienda tiene suelos de parqué calefacción individual aire acondicionado por conductos armarios empotrados en todas las habitaciones 2 terrazas. La finca dispone de dos ascensores servicio de conserjeria zona ajardinada con piscina y 3 aparcamientos y cuarto trastero en el mismo edificio. ,1,25,null,Gas natural,null,270,null,Pedralbes,1,null,null,2.000.000 ,7.407 €/m²,Max Ricart, Ref.: 948 ,5,Segunda mano/buen estado,1,Piso en venta en calle de Bosch i Gimpera,http://idealista.com/inmueble/85756699/
2,1970,  Acogedor piso cerca de la Sagrada Familia Piso esquinero y luminoso en la calle Sardenya a 4 minutos de la Sagrada Familia en finca restaurada con 2 ascensores. La orientación sur garantiza mucha luminosidad durante casi todo el día.  También ideal para inversores se alquilaría muy bien. La propiedad destaca por sus excelentes acabados y estado de conservación de las reformas. El piso discurre por la calle Sardenya y Sant Antoni María Claret.  Entrada a un agradable recibidor a continuación dos habitaciones una doble y la otra individual y un baño completo. Más adelante nos encontramos la entrada a la cocina que da acceso a un patio de unos 10 m2 cuadrados de uso privativo. A continuación una generosa antesala (antes tercera habitación) ideal para despacho y teletrabajo que nos lleva a un espacioso salón comedor con grandes venta... ,1,208,1,Gas natural,null,76,null,Gràcia,null,315.000 € ,3,305.000 ,4.013 €/m²,Barcelona MMC, Ref.: W-02COZ3 ,2,Segunda mano/buen estado,null,Piso en venta en El Camp d'En Grassot i Gràcia Nova,http://idealista.com/inmueble/81556566/
3,1998, Exclusivo dúplex en venta de 140m² más terraza privada de 25m² situado en la planta principal de un edificio de diseño en Passeig de Gràcia.  Dispone de amplio salón comedor cocina equipada y aseo de cortesía en la planta baja. En la planta superior 3 habitaciones (1 suite y 2 habitaciones individuales una de ellas es 1 vestidor) y 2 baños completos. Aire acondicionado calefacción por conductos suelos de parquet y carpintería exterior de acero inoxidable. Plaza de parking incluida en la misma finca y con acceso directo. Posibilidad de alquilar otra plaza de parking. Edificio con servicio de conserjería y seguridad 24h. en privilegiada zona de la ciudad. ,1,120,1,Eléctrica,null,140,null,La Dreta de l'Eixample,1,null,null,2.500.000 ,17.857 €/m²,ALTING Grupo Inmobiliario, Ref.: 019121 ,3,Segunda mano/buen estado,1,Piso en venta en paseo de Gràcia,http://idealista.com/inmueble/40476481/
2,1966, Piso reformado a estrenar en Santaló En una excelente ubicación cerca del Mercado de Galvany y de la estación de FGC muy bien comunicado encontramos esta propiedad totalmente reformada. Se encuentra en una planta alta muy luminosa y soleada. Tiene una distribución lógica y racional diferenciando claramente la zona de día de la zona de noche: la zona de día consta de un agradable salón comedor cocina con zona de agua y entrada de servicio. La zona de noche tiene tres habitaciones una de ellas en suite con baño y las otras dos comparten un baño. La finca dispone de servicio de conserjería también hay la posibilidad de adquirir una plaza de garaje en una finca muy cercana. &nbsp;. ,1,161,4,Eléctrica,null,128,null,Sarrià-Sant Gervasi,null,null,null,759.000 ,5.930 €/m²,aProperties Real Estate Barcelona, Ref.: VB2007026-4 ,3,Segunda mano/buen estado,null,Piso en venta en Sant Gervasi - Galvany,http://idealista.com/inmueble/91521335/
2,1912,  Piso de 80m2 y 2 dormitorios ubicado en una maravillosa finca regia con ascensor de 1912. Se encuentra a pocos metros del ‘Mercat dels Encants’ y de la ‘Sagrada Família’ en una de las arterias del Eixample la calle Mallorca. La vivienda destaca por su abundante luz natural gracias a sus grandes ventanales a su quinta altura real y a su excelente orientación sureste. Se distribuye desde un recibidor hacia un salón con balcón a calle y cocina independiente abierta de vitrocerámica con zona office de comedor. Consta de dos dormitorios dobles uno de ellos en suite con baño balcón vestidor y armarios empotrados. Cuenta con un baño completo en suite y un aseo de cortesía.  Se entrega completamente reformado con espacios adaptados y cómodos. Sin amueblar. Suelos de parqué y doble cristal de aislamiento. Calefacción por radiadores y air... ,1,0,null,null,null,80,73,Eixample,null,470.000 € ,4,450.000 ,5.625 €/m²,Atipika Lifestyle Properties, Ref.: 14690 ,2,Segunda mano/buen estado,null,Piso en venta en La Sagrada Família,http://idealista.com/inmueble/91502018/
4,null, Unico ático reformado con exquisita elegancia en una de las calles destacadas del Turo Park.  Se trata de un dúplex especialmente luminoso con generosas entradas de luz natural como si fuera una casa. En la planta principal encontramos: Un cómodo recibidor que comunica con un amplio y privado comedor y un luminoso salón con salida exterior a una amplia y agradable terraza donde destaca el verde totalmente equipada con ducha riego automático. En esta misma planta tenemos la gran master room con dos completos vestidores separados y su amplio baño completo. Desde la suite accedemos a la terraza. También encontramos en la misma planta la moderna cocina office con grandes ventanales con acceso a la terraza. Habitación de servicio y zona de aguas.  Accedemos a la planta superior mediante una elegante escalera que nos lleva a un segundo salón. En esta planta tenemos 2 habitaciones dobles muy grandes que comparten un baño un despacho y zona gym. Aire acondicionado y calefacción por radiadores.  La propiedad incluye una plaza de parking en la misma finca servicio de conserjería.  Esta vivienda es la única de la planta dando mayor privacidad. ,1,0,null,Gas natural,null,350,null,Sarrià-Sant Gervasi,1,null,null,3.450.000 ,9.857 €/m²,Max Ricart, Ref.: 1399 ,5,Segunda mano/buen estado,1,Dúplex en venta en Sant Gervasi - Galvany,http://idealista.com/inmueble/91387110/
1,null, ¡OPORTUNIDAD EN EL BARRIO!  En inmejorable zona en el barrio de La Bordeta próximo a todo tipo de comercios y servicios como colegios parques restaurantes y centro médico. Excelente comunicación con metro L1 Hostafrancs L5 Plaça de Sants Rodalies Renfe distintas lineas de autobús y bicing. A tan solo 5 minutos de la misma Gran Via de les C. C que comunica con Plaza de España y su centro comercial Las Arenas.   Vivienda en 1ª planta en finca que dispone de ascensor que consta de 65 metros de superficie distribuida en salón comedor con salida a balcón cocina independiente 3 dormitorios (1 doble y 2 individuales) y baño completo. El estado de esta vivienda es listo para entrar a vivir.   ¡CONCRETA TU VISITA Y VEN A VISITARLO! ,1,213,1,null,null,65,null,La Bordeta,null,189.000 € ,3,183.000 ,2.815 €/m²,LA CASA AGENCY, Ref.: VILADECANS 189K ,3,Segunda mano/buen estado,null,Piso en venta en calle de Viladecans s/n,http://idealista.com/inmueble/91229122/
2,1969, NICARAGUA / MARQUES DE SETMENAT En C/ Nicaragua se encuentra este piso exterior en la cuarta planta del edificio alto y luminoso listo para entrar a vivir. Vivienda de 88m² útiles en les Corts. se compone de salón exterior con salida a balcón con sol y luz durante todo el día cocina independiente 4 dormitorios dos de ellos exteriores a calle dos baños (uno completo y el otro de cortesía) y aire acondicionado. El edificio dispone de ascensor y servicio de portería. La vivienda se encuentra ubicada muy cerca a centros Comerciales zona universitaria y colegios Internacionales junto a amplias zonas verdes. Muy bien comunicada por Metro autobuses y tranvía a unos 10 minutos andando de la Avenida Diagonal. ,1,0,4,Eléctrica,null,97,88,Les Corts,null,395.000 € ,5,375.000 ,3.866 €/m²,Gema, Ref.: 4049 ,4,Segunda mano/buen estado,null,Piso en venta en calle de Nicaragua,http://idealista.com/inmueble/91208241/
3,1947, Excelente piso alto de 123 metros muy luminoso; recién reformado nuevo a estrenar situado en L´Eixample junto a Francesc Macià.  La vivienda se distribuye en: amplio salón-comedor terraza acristalada cocina office completamente equipada 3 habitaciones dobles (1 de ellas tipo suite) amplio vestidor 2 baños y 1 aseo a estrenar.  El inmueble que se ha reformado con materiales de alta calidad dispone de aire acondicionado y calefacción por conductos suelos de parquet carpintería exterior de aluminio con climalit y puerta blindada.   El proyecto de reforma llevado a cabo es de alto standing; cuenta con un diseño moderno con materiales de alta calidad.  Se ubica en pleno centro de la ciudad en el emblemático barrio del Eixample Alta junto a Francesc Macià. Muy bien comunicado por todos los transportes (metro bus ferrocarriles tranvía) muy comercial ( a 5 min de las principales calles comerciales como La Diagonal Passeig de Gràcia Rambla Catalunya y de El Corte Inglés) y con todos los servicios cercanos (Hospital Clínic Hospital Sagrat Cor y colegios). ,1,0,5,Calefacción individual,null,123,115,Eixample,null,null,null,850.000 ,6.911 €/m²,Coldwell Banker Prestige Barcelona, Ref.: B04679BA ,3,null,1,Piso en venta en L'Antiga Esquerra de l'Eixample,http://idealista.com/inmueble/91183842/
2,1961, Este precioso ático de 124 m2 con terraza de 55 m2 está ubicado en el borde de dos barrios de Zona Alta - Sant Gervasi y Vallcarca y Penitents a 5 minutos de FCG Avinguda Tibidabo y metro Vallcarca la zona dispone de múltiples servicios entre los que destacan colegios internacionales clínicas privadas y preciosos parques.  El ático es muy luminoso y se compone de una gran zona de estar en estilo loft con acceso a la terraza con vistas a Tibidabo extendiendo a la zona de office y cocina. Cuenta con una suite una habitación mediana la posibilidad de una tercera habitación exterior doble y un total de 2 baños. El piso esta en buen estado tiene aire acondicionado calefacción por gas parquet natural trastero en la misma vivienda y una zona de aguas.  La finca data de 1961 y dispone de ascensor. Existe la posibilidad de comprar plaza de parking en el mismo edificio o en uno cercano. ,1,0,7,Gas natural,null,151,null,Sarrià-Sant Gervasi,null,null,null,715.000 ,4.735 €/m²,Bcn Advisors, Ref.: BCN06128 ,3,Segunda mano/buen estado,1,Ático en venta en Sant Gervasi - La Bonanova,http://idealista.com/inmueble/91136703/
2,1961, Este precioso ático de 124 m2 con terraza de 55 m2 está ubicado en el borde de dos barrios de Zona Alta - Sant Gervasi y Vallcarca y Penitents a 5 minutos de FCG Avinguda Tibidabo y metro Vallcarca la zona dispone de múltiples servicios entre los que destacan colegios internacionales clínicas privadas y preciosos parques.  El ático es muy luminoso y se compone de una gran zona de estar en estilo loft con acceso a la terraza con vistas a Tibidabo extendiendo a la zona de office y cocina. Cuenta con una suite una habitación mediana la posibilidad de una tercera habitación exterior doble y un total de 2 baños. El piso esta en buen estado tiene aaire acondicionado calefacción por gas parquet natural trastero en la misma vivienda y una zona de aguas.  La finca data de 1961 y dispone de ascensor. Existe la posibilidad de comprar plaza de parking en el mismo edificio o en uno cercano. ,1,0,7,Gas natural,null,151,null,Sarrià-Sant Gervasi,null,null,null,715.000 ,4.735 €/m²,Bcn Advisors, Ref.: BCN06128 ,3,Segunda mano/buen estado,1,Ático en venta en El Putxet i el Farró,http://idealista.com/inmueble/91136350/
3,1890,  Esta propiedad ha sido reformada completamente con las máximas calidades y confort conservando elementos originales característicos de la arquitectura de Barcelona. Se encuentra en una finca histórica de 1890 que pertenece al conjunto catalogado del Eixample.  La vivienda cuenta con 127 m2 interiores construidos y 12 m2 de terrazas. La zona de día cuenta con vestíbulo y un amplio salón-comedor que tiene orientación suroeste hacia la calle y recibe Sol de tarde. Por su parte la cocina es semiabierta con un elegante cerramiento acristalado y tiene un comedor interior con banco. Está totalmente equipada con electrodomésticos de primeras marcas. Esta zona se completa con un aseo de cortesía.  La zona de noche destaca por la master suite con vestidor y cuarto de baño y una segunda habitación doble. Ambas reciben Sol de día y tienen salida... ,1,133,4,Gas natural,null,140,null,Eixample,null,null,null,650.000 ,4.643 €/m²,Bcn Advisors, Ref.: BCN06332 ,3,Segunda mano/buen estado,1,Piso en venta en La Nova Esquerra de l'Eixample,http://idealista.com/inmueble/91064319/
2,1986, En Paseo Sant Joan entre Tetuán y Arc de Triomf. Vivienda a reformar muy luminosa orientada a patio de manzana. Se distribuye en: recibidor amplia cocina con lavadero salón comedor espacioso con acceso a terraza 4 dormitorios de los cuales dos son al patio de luces y dos exteriores a la terraza baño suite y baño con plato de ducha. Edificio del año 1986 con dos ascensores. Actualmente se está rehabilitando la fachada principal y balcones. Plaza de aparcamiento en la misma finca por 20.000€. Gastos de la compraventa (notaría registro e impuestos) no incluidos en el precio. ,1,328,4,Calefacción individual,null,102,90,La Dreta de l'Eixample,1,550.000 € ,7,510.000 ,5.000 €/m²,fincas anzizu, Ref.: 6335 ,4,Segunda mano/para reformar,1,Piso en venta en paseo de Sant Joan,http://idealista.com/inmueble/90865626/
3,1894, Este hermoso piso de 133 m2 en finca regia tiene ubicación privilegiada por estar junto a la calle Enric Granados y a la Plaça Letamendi. Disfruta de la excelente infraestructura y conexiones de transporte de l'Eixample y su oferta gastronómica y comercial.  El piso tiene mucha luz natural y se compone de un gran salón comedor con puertas francesas que acceden a un balcón una cocina 3 habitaciones dobles dos baños y 1 aseo. La propiedad está en buen estado y dispone de aire acondicionado calefacción suelos de parquet electrodomésticos domótica zona de lavadero y trastero en el terrado.  Además goza de elementos históricos de su época como los techos altos con molduras y precioso balcón con hierro forjado.  La finca es de 1894 con una fachada muy bonita y una magnífica escalera. Cuenta con ascensor. ,1,0,2,Calefacción individual,null,133,null,Eixample,null,null,null,750.000 ,5.639 €/m²,Bcn Advisors, Ref.: BCN06126 ,3,Segunda mano/buen estado,null,Piso en venta en L'Antiga Esquerra de l'Eixample,http://idealista.com/inmueble/88242882/
1,1975, Piso en exclusiva en La Sagrera que consta de salón comedor con salida a balcón cocina independiente con galería 4 habitaciones dos de ellas dobles y un baño con plato de ducha.    La vivienda está para entrar a vivir cabe destacar la buena distribución altillo en el pasillo galería con zona de aguas y amplio balcón donde podrá disfrutarlo poniendo mesa con sillas para poder comer o cenar en familia en una finca del año 1975 en buen estado con doble ascensor y con sistema de seguridad mediante vídeo-vigilancia y un parquing amplio opcional esquinero a 50 metros para coche grande y moto con acceso de salida y entrada anchas.    El barrio de La Sagrera tiene todos los servicios a su alcance con solo bajar a la calle tiene varios supermercados farmacia una oferta comercial variada y a escasos metros colegios la conocida Avd. Meridiana con fácil salida de Barcelona por el norte parada de metro con varias líneas a su disposición como también varias paradas de bus y Renfe. ,1,146,4,Calefacción individual,null,85,79,La Sagrera,null,285.000 € ,4,275.000 ,3.235 €/m²,Global Invest Ejd S.l., Ref.: PVL5 ,4,Segunda mano/buen estado,null,Piso en venta en calle de Cienfuegos,http://idealista.com/inmueble/90526542/
3,1910, Esta propiedad recién reformada a estrenar disfruta de una ubicación muy céntrica de Barcelona próxima a Plaça Universitat y Plaça Catalunya. Por lo tanto ofrece una variada oferta de restaurantes comercios oficinas y medios de transporte en los alrededores.  La vivienda de 120 m2 en una 2ª planta real es muy luminosa ya que cuenta con 4 terrazas que la bordean y suman 28 m2 5 ventanas a calle y 4 al patio de manzana. La reforma es espectacular con un aire muy moderno y elegante que crea una sensación de amplitud y confort muy agradable gracias también a los techos altos.  El salón-comedor es exterior a calle dispone de una hermosa chimenea y se comunica con la cocina semiabierta. El dormitorio principal con cuarto de baño en suite y un dormitorio doble son exteriores mientras que el dormitorio individual da al patio de manzana interior. La zona de noche se completa con 1 cuarto de baño y 1 aseo.  El piso dispone de aire acondicionado frío/calor y se encuentra en una finca regia de 1910 del Eixample con ascensor. Se trata de una oportunidad única para vivir en un entorno muy especial en el corazón de Barcelona. ,1,161,2,Bomba de frío/calor,null,134,null,Eixample,null,null,null,890.000 ,6.642 €/m²,Bcn Advisors, Ref.: BCN06413 ,3,Segunda mano/buen estado,1,Piso en venta en L'Antiga Esquerra de l'Eixample,http://idealista.com/inmueble/90525576/
1,1946,  Piso junto a Recinto Modernista de Sant Pau Piso muy luminoso de 75 m2 en finca de 1969 con ascensor. Se encuentra en una primera planta con orientación suroeste. El acceso a la vivienda nos lleva directamente al recibidor. Justo delante nos encontramos la cocina con todo el equipamiento. A mano izquierda tenemos la primera de las dos habitaciones dobles y exteriores. Al otro lado el salón-comedor amplio con acceso a la terraza de unos 10 m2 y a la segunda habitación doble y exterior. Un pequeño pasillo con altillo separa la habitación con zona de aguas y el cuarto de baño completo. Aire acondicionado por Split y suelo de parquet. El Baix Guinardó es un barrio que lo podríamos definir como muy tranquilo. Está perfectamente comunicado con el centro de la ciudad. Disponemos de la parada de metro de Sant Pau / Dos de Maig (línea azul-L5) ... ,1,193,2,null,null,66,null,Horta Guinardó,null,295.000 € ,7,275.000 ,4.167 €/m²,Barcelona MMC, Ref.: W-02JETS ,2,Segunda mano/buen estado,1,Piso en venta en El Baix Guinardó,http://idealista.com/inmueble/90462733/
3,2017, Este magnífico ático tríplex con terraza y vistas sobre la Eixample y la Sierra del Collserola tiene 127 m2 construidos interiores más terraza de 63 m2 en una décima planta de altura. Se sitúa en la mejor zona de la Eixample a pocos pasos de la Universitat de Barcelona y del centro neurálgico de la ciudad con servicios de todo tipo y conectado a todos los modos de transporte de la capital catalana.  La primera planta se compone de un amplio salón comedor con una pequeña terraza a pie de salón cocina abierta totalmente equipada marca Bulthaup un dormitorio doble en suite y armarios empotrados un aseo de cortesía y grandes ventanales en toda la planta. La segunda planta consta de dos dormitorios dobles con armarios empotrados y un baño compartido. La tercera planta alberga la majestuosa terraza con orientación oeste y norte.  La propiedad está equipada con cortinas motorizadas alta calidad de elementos y de acabados aire acondicionado y calefacción por conductos parquet natural y electrodomésticos y domótica.  La finca fue completamente renovada en 2017 y consta de ascensor zona comunitaria con gimnasio y un spa con piscina de hidroterapia. ,1,0,10,Calefacción individual,null,158,null,Eixample,null,null,null,1.495.000 ,9.462 €/m²,Bcn Advisors, Ref.: BCN06223 ,3,Segunda mano/buen estado,1,Dúplex en venta en La Dreta de l'Eixample,http://idealista.com/inmueble/90410809/
6,1962, Esta sensacional propiedad se encuentra en la Zona Alta de Barcelona que destaca por su exclusividad y tranquilidad por lo que es un lugar ideal para vivir. Está cerca del Paseo de la Bonanova la Via Augusta y varias estaciones de Ferrocarrils de la Generalitat. Además la zona dispone de gran variedad de comercios restaurantes servicios y reconocidos colegios y centros educativos superiores.  El inmueble es un ático dúplex con una superficie construida de 387 m2 y 2 terrazas que suman 97 m2. Además incluye 2 plazas de parking y trastero. Necesita reforma y se puede segregar por lo que también es una excelente oportunidad de inversión. Se encuentra en una finca a 4 vientos con orientación sur lo que ofrece una gran luminosidad en toda la vivienda.  La planta baja dispone de una gran sala de estar de 100 m2 con espacio diferenciado para el comedor y chimenea espectacular terraza de 42 m2 cocina 4 habitaciones (la principal en suite con cuarto de baño y vestidor) 2 cuartos de baño 1 aseo y zona para el servicio con 2 habitaciones y cuarto de baño.  La planta superior cuenta con una sala de estar perfecta para relajarse aseo increíble terraza e invernadero.  El edificio tiene tan solo 4 vecinos y conserje. ,1,0,4,Calefacción individual,null,435,null,Sarrià-Sant Gervasi,1,null,null,1.850.000 ,4.253 €/m²,Bcn Advisors, Ref.: BCN06407 ,7,Segunda mano/para reformar,1,Dúplex en venta en Les Tres Torres,http://idealista.com/inmueble/90398613/
1,1972,  En El Barrio de Sant Antoni se encuentra esta fabulosa vivienda con (2) terrazas 400m2 y 23m2 recién reformada consta de tres dormitorios amplio salón-comedor con salida a terraza de 23m2 la cocina integrada al salón-comedor equipada con todos los electrodomésticos desde el salón y dormitorio principal tienes acceso directo a la terraza 23m2y desde esta se accede a la terraza de 400m2 equipada con pérgola sofás iluminación acabado pavimentando imitación césped suelo de tarima en terraza a nivel salón así como jardineras y una fuente de agua elementos que dan un aire de tranquilidad destacar la luz a raudales que rodea la terraza en la reforma se han utilizado excelentes acabados. Iluminación LED en todas las estancias parquet de madera hidrófugo y carpinterías con aislamiento acústico-térmico. Toda ha sido pensado y diseñad... ,1,108,null,Bomba de frío/calor,null,101,null,Sant Antoni,null,439.000 € ,4,420.000 ,4.158 €/m²,aincasa aicat 2677, Ref.: 4268 ,3,Segunda mano/buen estado,1,Piso en venta en calle Viladomat,http://idealista.com/inmueble/90349763/
3,null,  Esta vivienda de diseño único ha sido la protagonista de numerosas publicaciones en revistas de decoración internacional. Se trata de un exclusivo loft de 800 m2 ubicado en el Eixample barcelonés cerca de Paseo de Gracia.  Sus amplios espacios gozan de gran luminosidad gracias a sus lucernarios perfectamente ubicados por todo el espacio para dar luz a las habitaciones inferiores. Su cocina de la marca Gaggnau consta de isla central y se encuentra equipada con mobiliario italiano horno eléctrico y de vapor o nevera de doble puerta.  Consta de 4 grandes habitaciones siendo la principal de 90 m2 dotada de vestidor italiano ducha y jacuzzi despacho así como zona de TV y audio. Sus estancias cuentan con climatización frío/calor y radiadores de bajo consumo eléctrico.  Además dispone de acceso a la terraza de la finca desde la cual... ,1,0,0,Calefacción individual,null,800,null,Eixample,null,null,null,1.450.000 ,1.812 €/m²,Bcn Advisors, Ref.: BCN04358 ,4,Segunda mano/buen estado,1,Dúplex en venta en La Sagrada Família,http://idealista.com/inmueble/90277260/