bathrooms,constructed_year,description,elevator,energetic_qualification_kWhm2_año,floor,heater_system,its_new,m2_build,m2_useful,neighbourhood,parking,price_down_euro,price_down_percentage,price_euro,price_m2,real_estate,ref,rooms,status,terrace,title,link
1,2010, ProntoPiso pone a la venta este fantástico ático dúplex con espectaculares vistas y terraza de 60m2 junto a metro Coll teixonera línea 5   Ático dúplex con espectacular terraza de 60 m2 a pie de salón-comedor en 2 ambientes con balcón 6 m2 cocina americana todo en planta superior y planta inferior 2 habitaciones (1 doble) con salida a balcón 6 m2 amplio baño con ducha finca del año 2010 suelos parquet ventanas aluminio climalit puertas interior roble calefacción finca con ascensor incluye parking amplio. ,1,0,5,Calefacción individual,null,92,75,Horta Guinardó,1,null,null,267.000 ,2.902 €/m²,ProntoPiso, Ref.: B2D955F5 ,2,Segunda mano/buen estado,1,Dúplex en venta en El Carmel,http://idealista.com/inmueble/91443931/
1,1966, Sobreático único con dos terrazas (25m + 55m) a pie de planta  VÍDEO 1 - vivienda VÍDEO2 - terrazas  Principales características:  - Propiedad única en la zona: por sus dos terrazas por las vistas y por la altura  - Amplio salón con orientación sur-este y vistas al mar zona de noche a tranquilo patio de manzana  - Vivienda de 103m (según escritura) + 80m de terrazas (25m + 55m)  - Última planta del edificio (9º) y único piso en planta  - En excelente ubicación: en el distrito del Eixample barrio de la Sagrada Familia a 4 calles de la Sagrada Familia al lado de varios parques: los Jardines de la Industria y del Baix Guinardó a 200 metros del Passeig de Sant Joan Av. Gaudí y andando del barrio de Gracia.   - Edificio con inspección ITE pasada en excelente estado de mantenimiento y buena convivencia  - A 5 minutos metro Joanic (L4) y 5 minutos de metro Sagrada Familia (L5)  ¡Ven a visitarlo y no te arrepentirás! ,1,345,9,Gas natural,null,180,130,La Sagrada Família,null,null,null,790.000 ,4.389 €/m²,Global Service 2005 - Alvaro, Ref.: SAMC975 ,4,Segunda mano/buen estado,1,Ático en venta en calle de Sant Antoni Maria Claret,http://idealista.com/inmueble/91200638/
2,2006,  Allaround Lab vende este fantástico piso reformado a estrenar cuenta con una superficie total de 180m2 siendo 100m2 de terraza y 80m2 interiores de vivienda totalmente exterior y súper luminoso magnífica ubicación en el barrio de l’Eixample junto a Plaça Universitat y Mercat de Sant Antoni. Vivienda muy tranquila con una increíble cantidad de luz natural. El piso se encuentra completamente reformado diseñado por el despacho de arquitectura Allaround Lab cuenta con una imagen fresca y actual un hogar funcional y moderno con materiales de calidad y una atención especial en el detalle.  El piso dispone tres habitaciones dos de ellas dobles y una simple con armarios empotrados una sala de estar-comedor-cocina de 30m2 con mucha luz cocina abierta incorporada al salón completamente equipada dos baños completos y un funcional pat... ,1,0,2,null,null,180,80,L'Antiga Esquerra de l'Eixample,null,null,null,530.000 ,2.944 €/m²,Lena AAL, Ref.: AAL_91 ,3,Segunda mano/buen estado,1,Piso en venta en calle de Villarroel,http://idealista.com/inmueble/91112776/
1,null,  Encantadora vivienda reformada! Descripción: Piso en Calle Independencia &amp; Aragon 50 m2 1 dormitorio salón comedor cocina independiente baño completo con plato de ducha 1ero real con ascensor exterior a la calle carpinteria de aluminio doble climalit A/A y bomba de Calor instalación eléctrica y agua nuevas. Cedula de habitabilidad Certificado energético en vigor e Inspección técnica de la finca pasada.  El inmueble se encuentra a estrenar.   El barrio: Sagrada Familia el barrio con el monumento más visitado Este barrio lleva el nombre del monumento más prestigioso de Gaudí y de los más visitados en España conocido en todo el mundo. Es una zona residencial bastante tranquila con una estructura típica del Eixample pero con un constante ir y venir de turistas a parte de su barrio residencial que cuenta con diversos come... ,1,230,1,Bomba de frío/calor,null,59,50,La Sagrada Família,null,230.000 € ,9,209.000 ,3.542 €/m²,jean paul cherigny, Ref.: VTA-JP-ARAGOINDEP-DIVINITY ,1,Segunda mano/buen estado,null,Piso en venta en calle dels Enamorats,http://idealista.com/inmueble/90681311/
1,1978, Este hermoso apartamento se encuentra muy cerca del Parque de la Ciutadella y del Arco de Triunfo de Barcelona. Zona céntrica. Salón comedor amplio con suelos de gres con ventanales que dan al exterior hacia la calle Comerç por lo que es muy luminoso. Cuenta con 3 habitaciones dobles una cocina independiente y un lavadero. Consta de 1 baños con ducha. Buena comunicación con transporte público. Somos Casc Antic una inmobiliaria experta en alquiler de pisos en el centro de Barcelona y con una larga trayectoria en los barrios del Raval Gótico Born Sant Antoni Barceloneta y Poble Sec. Si quieres alquilar un piso en el centro de Barcelona ¡somos tu inmobiliaria! ,1,0,2,null,null,70,65,Ciutat Vella,null,null,null,255.000 ,3.643 €/m²,Casc Antic Bcn Sl, Ref.: V1637 ,3,Segunda mano/buen estado,null,Piso en venta en Sant Pere - Santa Caterina i la Ribera,http://idealista.com/inmueble/91580401/
1,1950, Este piso se encuentra en el barrio del Guinardó a tan solo 5 minutos del Hospital de Sant Pau. Tiene unas dimensiones de 96 m2 3 habitaciones 1 baño un amplio comedor y una cocina repleta de luz.  El piso se encuentra en una cuarta planta y la luz se cuela por las diferentes ventanas que rodean este fantástico piso. La zona dispone de plazas de parking disponibles supermercados colegios y todo lo que necesitas para tu comodidad.  El piso además dispone de aire acondicionado calefacción parquet y una terraza comunitaria muy bonita.  Muy bien comunicado con el transporte público. ,1,0,4,Calefacción individual,null,100,null,Horta Guinardó,null,null,null,315.000 ,3.150 €/m²,Marc Mercadal, Ref.: ID-7857 ,3,Segunda mano/buen estado,null,Piso en venta en El Guinardó,http://idealista.com/inmueble/91409899/
1,1953, Espectacular piso de 80 metros cuadrados en venta en el centro de Barcelona a solo 2 minutos de las Ramblas y del Puerto  Al acceder a la vivienda nos encontramos con un gran recibidor que da acceso a un espacioso salón comedor con salida a una galería muy luminosa.  El piso también dispone de 3 habitaciones dobles muy amplias una cocina un lavadero y 1 baño completo.  El inmueble se encuentra en el centro de Barcelona muy bien conectado con todos los transportes públicos de la ciudad y a 1 minuto de las emblemáticas Ramblas de Barcelona zona de ocio y comercio por excelencia. También se sitúa a escasos metros del puerto de la ciudad y de la playa. Barrio con mucho carácter y mezcla cultural.  No se lo pierda es una oportunidad única para vivir o invertir en una de las zonas con más demanda de la ciudad. Se trata de una vivienda única.  ¡Llámenos para concertar una visita! ,1,0,1,Calefacción individual,null,80,null,Ciutat Vella,null,null,null,258.000 ,3.225 €/m²,Marc Mercadal, Ref.: ID-7469 ,3,Segunda mano/buen estado,null,Piso en venta en El Raval,http://idealista.com/inmueble/91408542/
2,1925,  Este piso destaca por su elegante reforma realizada hace muy pocos años. En la reforma se mantuvieron los elementos originales más característicos de las fincas regias como los rosetones y las molduras. Se realizó con unos acabados de altísima calidad conservando el ambiente señorial de la finca modernista en la que se ubica el inmueble.   El piso dispone de 187 m² distribuidos en zona de día y zona de noche. En la zona de día encontramos un salón-comedor y una cocina abierta. Estas estancias son muy luminosas ya que el salón dispone de amplios ventanales por donde entra mucha luz. Los ventanales comunican con un balconcito.   En la zona de noche tenemos los cuatro dormitorios: uno doble y uno individual que comarten un baño completo y una master suite con vestidor y baño con bañera y plato de ducha. Asimismo la suite dispone de un ... ,1,0,null,null,null,167,null,Sarrià-Sant Gervasi,null,null,null,850.000 ,5.090 €/m²,Lucas Fox Barcelona, Ref.: BCN23946 ,4,Segunda mano/buen estado,null,Piso en venta en Sant Gervasi - Galvany,http://idealista.com/inmueble/91222710/
2,1940, Piso céntrico ubicado en el barrio de Eixample Izquierdo a tan solo tres manzanas de la Calle Enric Granados y muy cerca de la Plaza de Catalunya Rambla de Catalunya Passeig de Gracia Hospital Clinic Plaza Universitat.  Recientemente renovado con materiales de gran calidad en una segunda planta real se encuentra este fabuloso piso con 166m2 construidos y 153 m2 útiles que cuenta con 4 habitaciones 2 cuartos de baño completos y nuevos una gran cocina moderna reformada y un espacio amplio y luminoso para el salón y comedor.  El piso se caracteriza por tener vistas a la calle y también hacia el patio interior lo que hace que su distribución sea sobresaliente y muy práctica diferenciando claramente las zonas de habitaciones mirando al patio de manzana tranquilo y silencioso del área social con vistas hacia la calle. El piso cuenta con habitación master con vestidor y baño en suite salón familiar o salón de tv.  un espectacular recibidor una habitación/oficina y zona independiente para lavandería.   No dude en llamarnos para recibir más información del piso. ,1,0,null,null,null,166,155,L'Antiga Esquerra de l'Eixample,null,740.000 € ,3,720.000 ,4.337 €/m²,Proddigia, Ref.: 9677 ,4,null,null,Piso en venta en avenida de Roma,http://idealista.com/inmueble/91173701/
4,1970,  En calle tranquila cerca de Via Augusta. Ofrecemos una vivienda de 281m2 exterior a tres vientos y con vistas despejadas. Se trata de un piso de 5 dormitorios cuatro de ellos dobles una suite amplia con salida a una de las terrazas y la quinta habitación en zona de servicio con un aseo y junto a lavandería.  En finca señorial con amplio vestíbulo accedemos a la vivienda que tiene entrada principal con hall dos pisos por planta y entrada de servicio directo a la zona cocina con ascensor independiente. Desde el amplio recibidor podemos entrar directamente a la biblioteca al gran salón comedor con salida a terraza de más 20m2 con dos orientaciones y que dispone de chimenea o podemos acceder al resto de la casa por un pasillo lleno de armarios empotrados que no dirigen primero a la cocina con zona office y lavandería y al resto de la... ,1,128,2,Gas natural,null,281,null,Sarrià-Sant Gervasi,1,null,null,1.260.000 ,4.484 €/m²,Cambra de la Propietat Urbana de Barcelona, Ref.: 555v ,5,Segunda mano/buen estado,1,Piso en venta en Les Tres Torres,http://idealista.com/inmueble/91032582/
3,null,  Vivienda de grandes dimensiones situada a pocos metros de la Rambla de Catalunya y cerca de la Diagonal una ubicación muy solicitada en el Eixample. La zona dispone de una gran oferta gastronómica y comercial con una gran variedad de restaurantes tiendas y bares. Está muy bien comunicada con el resto de la ciudad mediante transporte público.   Este piso de 167 m² ofrece techos altos con molduras decorativas que le añaden mucho carácter. El salón-comedor es muy espacioso y luminoso gracias a los grandes ventanales que dan acceso a la terraza. La cocina está completamente equipada con espacio para una mesa perfecta para cenas informales. Unas puertas correderas de cristal separan la cocina del resto de estancias.   Con 5 dormitorios (2 de ellos actualmente usados como vestidores) esta vivienda sería ideal para una familia en el cent... ,1,0,null,null,null,197,null,Eixample,null,null,null,1.430.000 ,7.259 €/m²,Lucas Fox Barcelona, Ref.: BCN3836 ,5,Segunda mano/buen estado,1,Piso en venta en La Dreta de l'Eixample,http://idealista.com/inmueble/81832476/
7,1999,  Esta casa excepcional de 4 plantas con ascensor disfruta de una construcción moderna y funcional y acabados interiores y exteriores de estilo clásico. La vivienda se ubica en Pedralbes en una zona muy privada y tranquila y se beneficia de una orientación excelente un jardín una piscina de agua dulce y unas vistas impresionantes sobre Barcelona.   La planta baja consta de la escalera de mármol y el ascensor vidriado un amplio gimnasio con salida y vistas a la piscina y a Barcelona un baño con ducha depurativa y sauna y una sala de cine insonorizada con salida al exterior y un proyector de pantalla móvil que se puede esconder en el techo. Además esta planta se podría destinar a un piso independiente para invitados ya que también cuenta con 2 dormitorios dobles con armarios empotrados (uno de ellos el más grande con vistas y sali... ,null,192,null,null,null,660,null,Les Corts,1,null,null,6.900.000 ,10.455 €/m²,Lucas Fox Barcelona, Ref.: BCN16348 ,5,Segunda mano/para reformar,1,Casa o chalet en venta en Pedralbes,http://idealista.com/inmueble/32582393/
8,2005, Casa clásica y señorial situada en el prestigioso distrito barcelonés de Zona Alta en el barrio de Sant Gervasi-Bonanova cerca de las escuelas internacionales y con fácil acceso al centro por la Ronda de Dalt.   Esta encantadora casa construida en 2005 goza de una decoración elegante y bonitas vistas al Tibidabo y al parque natural de Collserola.   Al entrar encontramos un magnífico salón-comedor con acceso a una terraza de 70 m² una cocina con zona de comedor y un privilegiado jardín privado con piscina.   La primera planta ofrece 2 dormitorios individuales con armarios y tres dormitorios dobles con acceso directo a la terraza. En esta planta hay 3 cuartos de baño. La planta superior acoge 1 dormitorio más con cuarto de baño privado y vestidor y acceso a la terraza. En esta planta también hay una sala que sería ideal como estudio.   En el sótano encontramos la bodega el lavadero la despensa la sala de juegos y &nbsp;una habitacion con baño para el servicio y un aseo de cortesia. Cuenta con 2 plazas de aparcamiento.   Una vivienda familiar magnífica y elegante en uno de los mejores barrios de Barcelona. ,null,0,null,null,null,488,null,Sarrià-Sant Gervasi,1,null,null,2.600.000 ,5.328 €/m²,Lucas Fox Barcelona, Ref.: BCN2468 ,7,Segunda mano/buen estado,1,Casa o chalet en venta en Sant Gervasi - La Bonanova,http://idealista.com/inmueble/84065852/
2,1945, Este piso en Sant Antoni uno de los barrios de la moda de Barcelona se ubica en la segunda planta de una finca regia esquinera con ascensor que ofrece unas vistas excelentes del mercado de Sant Antoni. Aunque está en un buen estado se trata de una vivienda con mucho potencial que ganaría mucho con una distribución más diáfana por lo que se recomienda una actualización.   Al entrar nos da la bienvenida un cómodo recibidor con un armario donde dejar las chaquetas y los abrigos. El piso ofrece una cocina independiente y un salón-comedor con salida a un balcón con vistas al mercado de Sant Antoni que llena la estancia luz natural. Cuatro dormitorios dobles y 3 baños completan la vivienda. También dispone de un patio interior de uso privado.   El piso está equipado con calefacción para garantizar su confort en cualquier época del año.   Póngase en contacto con nosotros para visitar este piso con potencial de reforma y vistas al mercado de Sant Antoni. ,1,0,null,null,null,184,null,Ciutat Vella,null,null,null,850.000 ,4.620 €/m²,Lucas Fox Barcelona, Ref.: BCN15479 ,4,Segunda mano/para reformar,1,Piso en venta en El Raval,http://idealista.com/inmueble/33743918/
2,1900,  Este piso recién renovado se sitúa en una finca modernista a pocos pasos del Passeig de Gràcia de Barcelona. Es la zona más buscada del centro de la ciudad rodeada de tiendas de diseñadores y restaurantes exclusivos así como algunos de los lugares más emblemáticos de Barcelona. Aunque está en una finca histórica el piso está completamente renovado con acabados de alta calidad para ofrecer un estilo de vida moderno.   El piso cuenta con una fantástica terraza de 163 m² más un patio interior proporcionando un envidiable espacio al aire libre en el centro de la ciudad. Además tiene un pequeño anexo en la terraza que puede destinarse a diversos fines. Accedemos a la terraza a través de una galería con grandes ventanales que permite que el salón situado al lado esté inundado de luz natural.   La entrada principal conduce a la cocina ... ,1,0,null,null,null,162,null,Eixample,null,null,null,1.550.000 ,9.568 €/m²,Lucas Fox Barcelona, Ref.: BCN11235 ,3,Segunda mano/buen estado,1,Piso en venta en La Dreta de l'Eixample,http://idealista.com/inmueble/83240794/
3,null, Preciosa vivienda reformada situada en una ubicación céntrica excepcional en Barcelona a pocas calles de la Avenida Diagonal la calle de Enric Granados y la Rambla Catalunya. La zona ofrece una gran variedad de tiendas y restaurantes además está muy bien comunicada con toda la ciudad mediante transporte público. El piso se encuentra en un atractivo edificio esquinero con una entrada preciosa y balcones forjados a mano.   Los elementos arquitectónicos originales como la bóveda catalana en los techos y las puertas de madera de medio punto se han combinado con modernos acabados para crear una elegante vivienda llena de personalidad. El salón-comedor con una preciosa combinación de suelo de parqué e hidráulico tiene vistas a la calle. La cocina es moderna y está totalmente equipada.   De los 3 dormitorios 1 es doble y 2 son individuales todos interiores y muy tranquilos. El dormitorio doble dispone de baño privado armario y una agradable galería con vistas al patio interior. Otro cuarto de baño completa el piso.   La vivienda perfecta en el centro de la ciudad ideal para cualquier persona que quiera un piso de calidad en el corazón del Eixample Izquierdo de Barcelona. ,null,0,null,null,null,132,null,Eixample,null,null,null,890.000 ,6.742 €/m²,Lucas Fox Barcelona, Ref.: BCN11485 ,3,Segunda mano/buen estado,null,Piso en venta en L'Antiga Esquerra de l'Eixample,http://idealista.com/inmueble/81137028/
2,null,  Esta elegante vivienda goza de una ubicación privilegiada la exclusiva zona del Quadrat d'Or una de las más exclusivas de Barcelona. El piso situado en una planta alta se entrega con una exquisita reforma en la que se han conservado sus elementos originales como techos altos con bóveda catalana o preciosos suelos hidráulicos. Además la vivienda dispone de una distribución funcional y de doble orientación que proporciona una buena ventilación y abundante luz natural. Se encuentra en una elegante finca regia bien conservada con ascensor.   Al entrar al piso lo primero que encontramos es la cocina una estancia de buen tamaño y completamente renovada con techos altos de bóveda catalana. A mano derecha la vivienda conduce a un confortable salón-comedor bien conectado con la cocina: un espacio con mucha luminosidad gracias a su salida ... ,1,0,null,null,null,105,null,Eixample,null,null,null,740.000 ,7.048 €/m²,Lucas Fox Barcelona, Ref.: BCN19403 ,4,Segunda mano/buen estado,null,Piso en venta en La Dreta de l'Eixample,http://idealista.com/inmueble/81973276/
2,1994,  Este fantástico piso de 147 m² construidos se encuentra en Eixample Izquierdo cerca de Hospital Clínic. La vivienda ubicada en una quinta planta real destaca por su amplitud mayor que la de los edificios de la zona por su abundante luz natural en todas las estancias y por su acceso a una terraza de uso privativo de 120 m². Aunque se presenta en buen estado y listo para vivir el piso se beneficiaría de una actualización para alcanzar su máximo potencial y transformarse en una maravillosa vivienda moderna en el centro de Barcelona. Se sitúa en una finca de la constructora Metro 3 un edificio que dispone de doble puerta de seguridad y aparcamiento.   Al entrar nos da la bienvenida un amplio distribuidor que conduce a la cocina un espacio de buen tamaño con office y salida a una práctica galería con zona de aguas. Cabe destacar qu... ,1,0,null,null,null,186,null,Eixample,null,null,null,895.000 ,4.812 €/m²,Lucas Fox Barcelona, Ref.: BCN19521 ,4,Segunda mano/buen estado,1,Piso en venta en La Nova Esquerra de l'Eixample,http://idealista.com/inmueble/86140571/
4,1967, Exclusivo ático a tres vientos situado en una finca con dos ascensores y servicio de conserjería.   La vivienda está muy bien distribuida la zona de día consta de un salón-comedor una cocina independiente un baño con ducha y salida a dos fantásticas terrazas una con vistas al mar y la mas grande con vistas al mar ciudad y montaña ideales para disfrutar esta época del año.   Por otro lado la zona de noche dispone de 4 habitaciones (pueden ser 5) de las cuales 2 son en suite y las otras 2 son dobles. Todas las habitaciones están equipadas con armarios empotrados.   La vivienda dispone de aire acondicionado por conductos y calefacción de gas.   En el precio se incluye una plaza de aparcamiento.   Esta vivienda se encuentra en Sant Gervasi uno de los barrios residenciales más exclusivos y solicitados de Barcelona. Se trata de un barrio tranquilo muy popular entre familias tanto nacionales como internacionales gracias a su proximidad a prestigiosos centros de salud clubes deportivos y escuelas internacionales.   No dude en ponerse en contacto con nosotros para obtener más información o concertar una visita. ,1,0,null,null,null,200,null,Sarrià-Sant Gervasi,1,null,null,1.475.000 ,7.375 €/m²,Lucas Fox Barcelona, Ref.: BCN20124 ,5,Segunda mano/buen estado,1,Ático en venta en Sant Gervasi - Galvany,http://idealista.com/inmueble/86317867/
5,1996,  Esta casa excepcional se encuentra en Sarrià al lado de un bosque en plena Ciudad Condal sin renunciar por ello a la proximidad a colegios internacionales transporte público y centros deportivos. La vivienda dividida en cinco plantas fue diseñada por el renombrado arquitecto Oscar Tusquets y edificada por Nuñez y Navarro en 1996. Se beneficia de un diseño muy especial ya que se ideó inspirándose en las casas romanas con patio central potenciando la luminosidad y tranquilidad de sus amplias estancias. Además la casa ofrece comodidades exclusivas como un solárium con vistas al mar y piscina privada dos terrazas exteriores (una con acceso a un bosque) y un garaje con capacidad para tres vehículos.   Entramos a la casa por un acceso peatonal a través de una terraza-porche de 37 m² con orientación suroeste y una mesa exterior. Este... ,null,135,null,null,null,310,null,Sarrià-Sant Gervasi,1,null,null,1.590.000 ,5.129 €/m²,Lucas Fox Barcelona, Ref.: BCN19123 ,5,Segunda mano/buen estado,1,Casa o chalet en venta en Sarrià,http://idealista.com/inmueble/87381826/
2,1900, Este precioso piso se ubica en Pau Claris en un edificio que data de finales del siglo XX.   El piso dispone de una superficie de 82 m² y se ha reformado con 2 dormitorios de buen tamaño un dormitorio individual 2 baños (uno de ellos con baño privado) una cocina de planta abierta una zona de salón-comedor y dos balcones con vistas a Pau Claris.   La vivienda se beneficia de muchas características de época incluyendo techos altos con molduras y puertas y ventanas originales. Los suelos hidráulicos se han utilizado para proporcionar una sensación histórica y con mucho encanto.   Una gran vivienda perfecta como inversión ya que se ofrece completamente amueblada y con una licencia de alquiler. ,1,0,null,null,null,82,null,Eixample,null,null,null,650.000 ,7.927 €/m²,Lucas Fox Barcelona, Ref.: BCN19189 ,3,Segunda mano/buen estado,null,Piso en venta en La Dreta de l'Eixample,http://idealista.com/inmueble/86164011/
2,2008, BARCELONA. Impecable ático de lujo con vistas al mar y panorámicas de la ciudad de Barcelona. A escasos metros de la playa y de zonas ajardinadas. &nbsp; Rodeado de todos los servicios y comercios con fácil acceso a los medios de transporte de la ciudad con una bonita terraza solárium en esquina con increíbles vistas panorámicas de Barcelona. Amplia zona de día que consta de un soleado espacio de salón-comedor con salida directa a terraza solárium con madera de teka un baño completo y una cocina totalmente equipada con electrodomésticos de alta gama. La zona de noche consta de dos luminosas habitaciones una doble exterior y otra en suitte con un amplio ventanal. Cuenta con dos plazas de parquing y trastero La vivienda en perfecto estado de conservación dispone de acabados de alta calidad. ¡Una vivienda única! ,1,0,14,Eléctrica,null,134,118,Sant Martí,1,null,null,1.900.000 ,14.179 €/m²,Assessors Immobiliaris Setclaus, Ref.: 8073 ,2,Segunda mano/buen estado,1,Ático en venta en El Poblenou,http://idealista.com/inmueble/87702634/
4,1976, Luminoso piso de 260 m² con una terraza de 28 m² orientada a sur-este. Se encuentra a reformar en su totalidad y está ubicado en&nbsp;la cuarta planta de un edificio con conserje las 24h. del día y una fantástica zona comunitaria con piscina.   Actualmente el piso dispone de cinco dormitorios cuatro baños completos y un amplio recibidor que lleva a un gran salón-comedor con chimenea. Este espacio da acceso a una magnífica terraza con orientación sur-este. La cocina también es muy amplia y cuenta con despensa y zona de aguas.   La vivienda ofrece tres plazas de aparcamiento en el mismo edificio y un trastero.   Una propiedad excepcional por sus grandes dimensiones vistas instalaciones comunitarias y su privilegiada ubicación. Un oasis de tranquilidad y confort a pocos minutos del centro de la ciudad.   Póngase en contacto con nosotros para solicitar más información o concertar una visita. ,1,0,null,null,null,274,null,Les Corts,1,null,null,2.000.000 ,7.299 €/m²,Lucas Fox Barcelona, Ref.: BCN24608 ,5,Segunda mano/para reformar,1,Piso en venta en Pedralbes,http://idealista.com/inmueble/90530814/
2,1967, Piso de 120 m² con terraza de 8 m². Ofrece dormitorios exteriores con armarios empotrados incluido el principal con salida a terraza. Asimismo cuenta con dos baños completos y la cocina totalmente equipada con posibilidades de ampliar con una sencilla reforma.   La distribución del piso es muy funcional y con las zonas de día y de noche claramente diferenciadas para aprovechar el espacio al máximo. Entrando a mano izquierda encontramos el salón-comedor que conecta visualmente con la cocina equipada con office.   La zona de noche alberga el dormitorio principal con salida a terraza dos dormitorios con armarios empotrados un dormitorio que actualmente se utiliza como despacho y 2 baños completos que dan servicio a los dormitorios.   La calefacción es comunitaria y por gas y dispone de un aparato de aire acondicionado en la zona de salón-comedor. Existe la opción de adquirir una plaza de aparcamiento próximo a la finca no incluida en el precio.   Póngase en contacto con nosotros para obtener más información o concertar una visita. ,1,173,null,null,null,124,null,Sarrià-Sant Gervasi,1,null,null,695.000 ,5.605 €/m²,Lucas Fox Barcelona, Ref.: BCN24446 ,4,Segunda mano/buen estado,1,Piso en venta en Sant Gervasi - La Bonanova,http://idealista.com/inmueble/90393932/
3,2008, BARCELONA. Piso espectacular de 120m2 con ascensor de gran diseño y calidad hasta el mínimo detalle. Ubicado delante de la playa y cerca del centro comercial Diagonal Mar. Cuenta con gran zona comunitaria con piscina pista de fútbol y baloncesto pádel y gimnasio. Servicios de vigilancia y portero. Distribuido con amplio salón comedor con salida a gran terraza cocina office conectada al comedor totalmente equipada dos habitaciones dobles una individual y una preciosa suite tres baños completos y un gran vestidor. Cuenta con una plaza de parking. Acabados de gran calidad así como puerta blindada aire acondicionado y calefacción por conductos armarios empotrados carpintería exterior de aluminio con doble acristalamiento carpintería interior de madera noble y suelos de parqué. . ,1,17,19,Eléctrica,null,130,120,Sant Martí,1,null,null,1.950.000 ,15.000 €/m²,Assessors Immobiliaris Setclaus, Ref.: 1186 ,4,Segunda mano/buen estado,1,Piso en venta en Diagonal Mar i el Front Marítim del Poblenou,http://idealista.com/inmueble/90222436/
4,1974,  Excelente piso alto reformado de 212m2 situado en una de las mejores zonas de Pedralbes.   La vivienda cuenta con una buena distribución y destaca por su gran reforma con acabados de calidad y un diseño moderno y funcional.   La zona de día se distribuye en dos niveles distintos la zona del salón con salida directa a la agradable terraza de 10m2 y la zona de comedor con el despacho contiguo. La cocina destaca por su funcionalidad y modernidad con acabados de alta calidad. Esta zona se complementa con una habitación individual de servicio baño y zona de aguas independiente.  La zona de noche se compone de habitación doble con armario empotrado y baño una habitación suite con baño y salida a terraza de 5m2 y la habitación principal en suite con baño y zona de vestidor.  La reforma se hizo por un interiorista de prestigio con materiale... ,1,0,3,Gas natural,null,212,null,Les Corts,1,null,null,1.595.000 ,7.524 €/m²,Max Ricart, Ref.: 1309 ,5,Segunda mano/buen estado,1,Piso en venta en Pedralbes,http://idealista.com/inmueble/90126202/
2,1900, Este fantástico piso se encuentra en la última planta de una finca regia con carácter en el centro del Cuadrado de Oro muy cerca de la Diagonal de Enric Granados y de Rambla Catalunya. &nbsp;   El piso con una superficie de 130 m2 escriturados dispone de salón orientado a la calle Tarragona y dos dormitorios a patio de manzana. &nbsp;   En total dispone de cuatro dormitorios y dos baños. Una de ellas es ensuite con su baño propio. Cabe recalcar que todos los dormitorios son luminosos y que el cuarto dormitorio situado junto al salón dispone de un sistema de paredes correderas que permiten convertirla en espacio diáfano para ampliar la zona de día. Por lo tanto se puede destinar a dormitorio de invitados estudio o simplemente a dormitorio.   Cabe destacar que la terraza comunitaria está justo encima de la vivienda y es de fácil acceso.   Es una gran oportunidad de adquirir una vivienda en el mejor barrio del Eixample. ,1,0,null,null,null,130,null,Eixample,null,null,null,895.000 ,6.885 €/m²,Lucas Fox Barcelona, Ref.: BCN22375 ,4,Segunda mano/buen estado,1,Piso en venta en L'Antiga Esquerra de l'Eixample,http://idealista.com/inmueble/90072495/
2,null, Ático en venta con licencia turística tres dormitorios dos baños y una magnífica terraza de 40 m².   Este increíble ático en venta con licencia turística se encuentra en una finca clásica con una entrada espectacular. Lo más destacado de esta vivienda es la combinación de la impresionante finca y su ubicación frente a una gran zona verde por lo que desde la terraza se puede disfrutar de unas de las vistas más espectaculares de la ciudad.   El piso está completamente reformado. Cuenta con tres dormitorios dos baños y un salón-comedor muy amplio con cocina abierta y unos ventanales de suelo a techo que conectan con la magnífica terraza. &nbsp;   Todo el piso se encuentra amueblado y listo para continuar con el alquiler turístico. &nbsp;. ,1,0,null,null,null,125,null,Eixample,null,null,null,1.100.000 ,8.800 €/m²,Lucas Fox Barcelona, Ref.: BCN23766 ,3,Segunda mano/buen estado,1,Ático en venta en La Nova Esquerra de l'Eixample,http://idealista.com/inmueble/89933303/
1,null,  Balmes 262 se encuentra ubicado en la esquina en la que confluyen la calle que le da nombre y la calle Madrazo en el barrio de Sant Gervasi-Galvany uno de los más distinguidos de Barcelona.  Este exclusivo edificio Balmes 262 consta de 31 viviendas de 1 y 2 dormitorios todas exteriores y muy luminosas. Su ubicación en la zona alta de la Ciudad Condal otorga a estas estancias unas vistas privilegiadas y una extraordinaria orientación al sol. Calma y armonía en acogedores espacios que abrazan el entorno y lo miran de frente sin límites.  Este inmueble está situado frente al hospital El Pilar y a pocos metros de la Plaza Molina. Las amplias calles de la zona dejan el camino despejado a la luz que inunda las viviendas.  Uno de los barrios residenciales preferidos por aquellos que buscan un lugar tranquilo para vivir sin alejarse de... ,1,0,1,null,Obra nueva,51,null,Sant Gervasi - Galvany,null,null,null,403.000 ,7.902 €/m²,Akm III, Ref.: 1º 2º ,1,Promoción de obra nueva,null,Piso en venta en calle Balmes 262,http://idealista.com/inmueble/89636782/