bathrooms,constructed_year,description,elevator,energetic_qualification_kWhm2_año,floor,heater_system,its_new,m2_build,m2_useful,neighbourhood,parking,price_down_euro,price_down_percentage,price_euro,price_m2,real_estate,ref,rooms,status,terrace,title,link
1,1962,  Situado en una de las mejores zonas de Barcelona en la Calle Ramon Albo (Congres). Accesible a Colegios e institutos centros médicos parques comercios y todo tipo de servicios. Muy bien Comunicado con los servicios públicos metro (Congres) L5 Azul (Maragall) L5 Azul y L4 Amarilla y distintas Líneas de Autobuses. La vivienda se distribuye de la siguiente manera: 70m² de superficie con 3 dormitorios 1 Doble con vistas al exterior 1 mediana con vistas al exterior y 1 individual interior salón comedor espacioso con salida a balcón orientado al oeste cocina independiente 1 baño completo con plato de ducha un trastero-lavadero que puede transformarse en aseo Buena distribución Exterior con mucha luz natural mañana y tarde Finca con Ascensor.  - Si su intención es vender para comprar y desea conocer el valor tu vivienda contá... ,1,999,2,null,null,70,65,El Congrés i els Indians,null,null,null,207.000 ,2.957 €/m²,La casa agency, Ref.: elena207virrei ,3,Segunda mano/para reformar,null,Piso en venta en calle de Ramon Albó,http://idealista.com/inmueble/90764482/
1,1952, Piso en venta de 72m2 con 4 habitaciones y ascensor en c/Comandante Benítez Les Corts Barcelona.    Inmueble de 72m2 construidos 5º de altura en una finca con ascensor. Exterior.    La vivienda se encuentra distribuida en 1 salón comedor cocina independiente 4 habitaciones (2 de tamaño doble y 2 de tamaño individual) 1 baño y galería.    Equipada con suelo de gres carpinteria interior y exterior de aluminio puertas de madera y gas ciudad.    En cuanto a su ubicación se encuentra situada en Carrer del Comandante Benítez Les Corts Barcelona; junto a Gran Via de Carles III y del Camp Nou.    Bien conectada con transporte público mediante Metro L3 parada Les Corts Metro L5 parada Badal y diversidad de opciones de Bus TMB.    Costes de ITP notaría y registro no incluidos en el precio de venta. Para más información puede consultar la página web atc. gencat. cat/es/tributs/itpajd/    Gestión inmobiliaria incluida en el precio de venta.     Contacte para más información. ,1,147,5,null,null,72,69,La Maternitat i Sant Ramon,null,null,null,255.000 ,3.542 €/m²,Immoaugusta Serveis Immobiliaris, Ref.: IAUcoman ,4,Segunda mano/buen estado,null,Piso en venta en calle del Comandant Benítez,http://idealista.com/inmueble/90222823/
2,null,  Fantástico piso señorial al lado de Passeig Sant Joan.  Su gran salón comedor es amplio y luminoso orientado a Sur. Una bonita galería con vidrieras de los años 20 es un estupendo rincón de lectura o relax. En su terraza a patio de manzana disfrutarás del sol y de la tranquilidad.  Dispone de 5 habitaciones 4 de ellas dobles siendo una de ellas un gran despacho luminoso. dos de las habitaciones de grandes dimensiones con balcón modernista que dan a la calle principal.  El piso dispone de 2 baños uno de cortesía y un baño principal con ducha y bañera tipo terma de grandes dimensiones.  El piso conserva los artesonados de la época y la carpintería original así como amplios pasillos y techos altos de 4mts con suelos de parquet.      El salón está decorado con piezas de interiorismo como la mesa Norman Foster la lámpara pintada a mano d... ,1,258,3,Gas natural,null,209,188,La Dreta de l'Eixample,null,null,null,859.000 ,4.110 €/m²,Dux Grupo Inmobiliario, Ref.: DUX0055 ,5,Segunda mano/buen estado,1,Piso en venta en calle d'Aragó,http://idealista.com/inmueble/89938101/
1,1842,  CARACTERÍSTICAS:  Altura piso 3º piso superficie total 63 m² superficie útil 57 m² hab. individuales: 1 habitaciones dobles: 2 1 baño antigüedad más de 50 armarios empotrados (más de 2) carpintería exterior (aluminio) carpintería interior (interior en madera) cocina (inpendiente) estado conservación: a reformar nº de planta: 1 orientación sur suelos: gres nivel energético de emisiones: D 22 nivel energético de consumo: E 122.  UBICACIÓN: Este barrio pertenece al distrito de Ciutat Vella Está situado en el lado izquierdo de las Ramblas por lo que su situación no puede ser más céntrica. Dispone muy buenas conexiones al transporte público centros de salud escuelas uno de los campus de la Universidad de Barcelona y muchos otros equipamientos. Es uno de los barrios más multiculturales de la ciudad condal encontramos u... ,0,122,3,null,null,63,57,El Raval,null,145.000 € ,15,123.000 ,1.952 €/m²,ALL 4 FLAT, Ref.: 001070 ,3,Segunda mano/para reformar,null,Piso en venta en calle de la Cera,http://idealista.com/inmueble/89925454/
1,1976, Planta baja sin barreras arquitectónicas que dificulten el acceso a personas con problemas de movilidad. Tiene 56m² construidos más un trastero de 3 m². Consta de recibidor salón-comedor cocina independiente cuarto de baño equipado con ducha 3 dormitorios ( uno doble y dos individuales) y un luminoso patio de 12m². El piso está ubicado en el corazón de La Marina de Port al lado del mercado municipal varios supermercados colegios servicios médicos comercios etc. Está muy bien comunicado tanto en transporte privado como público (Buses y Metro).  REF: ZF2011. ,1,295,0,Gas natural,null,59,52,La Marina del Port,null,null,null,178.000 ,3.017 €/m²,Dux Grupo Inmobiliario, Ref.: ZF2011 ,3,Segunda mano/buen estado,null,Piso en venta en calle de la Mare de Déu de Port,http://idealista.com/inmueble/89881778/
2,1925,  Espectacular ático de 175 m2 útiles en finca rehabilitada con ascensor se encuentra en buen estado y conserva un alto nivel arquitectónico.    Dispone de una distribución alargada la entrada se encuentra en su parte central con la zona de estar a un lado y las habitaciones en el otro. Doble orientación a este y oeste.     En el recibidor la luz entra a través de una gran vidriera con cristales emplomados.    A través de una puerta con cristales se advina el espacio donde se halla el comedor situado en un entrante que forman las paredes antes de pasar al salón. El salón consta de tres zonas bien diferenciadas a la derecha un ambiente alrededor de una gran chimenea y otros dos espacios con una gran galería.    En la parte derecha del recibidor un arco inicia un pasillo que conduce a las habitaciones.  Suelo de terrazo pulido y abrilla... ,1,172,4,Calefacción individual,null,188,175,Sant Gervasi - Galvany,null,null,null,880.000 ,4.681 €/m²,Withfor Ethical Real Estate, Ref.: BCN799 ,5,Segunda mano/buen estado,1,Ático en venta en calle de Balmes,http://idealista.com/inmueble/88493434/
2,1935, Se vende piso exclusivo en la calle Roger de Flor. Junto a Arco de Triunfo este magnífico inmueble consta de 90m2 compuestos de un recibidor-distribuidor seguido de dos dormitorios amplios y un aseo completo con plato de ducha. En el mismo pasillo nos encontramos las escaleras de acceso a un altillo(trastero) de 2 metros. Continuamos y encontramos la cocina totalmente equipada y en perfecto estado. Siguiendo por el distribuidor llegamos a un dormitorio doble exterior 1 dormitorio individual y 1 baño completamente equipado y con bañera hidromasaje. Finalmente tenemos uns salón-comedor de 20 m2 con salida al balcón con vistas al precioso Arco de Triunfo de Barcelona. Ubicación inmejorable en finca adaptada con 2 ascensores y servicio de conserjería. No deje escapar este maravilloso inmueble en perfecto estado para entrar a vivir. ¡NO SE LO PUEDE PERDER VENGA A VERLO! ,1,191,1,Gas natural,null,98,null,El Fort Pienc,null,null,null,379.000 ,3.867 €/m²,oficina barcelona, Ref.: BVJC3522 ,4,Segunda mano/buen estado,1,Piso en venta en calle de Roger de Flor,http://idealista.com/inmueble/88894356/
1,1975, Luminoso piso a reformar en la calle de Sants de 86 m2 reales en un tercer piso con ascensor y con terraza. Consta de 3 habitaciones dos son dobles y una individual amplio salón comedor muy luminoso y soleado con salida directa a terraza cocina con galería independiente baño y recibidor.  Suelos de gres y calefacción a gas. Cerca de todos los servicios en zona comercial con diversos colegios y servicios médicos en la zona. Muy bien comunicado con Metro de L5 y L1 y diversas lineas de autobus. Para visitarlo puede contactar con nuestras oficinas. 933170929 933170494. ,1,0,3,Gas natural,null,93,86,Sants,null,null,null,300.000 ,3.226 €/m²,departamento alquileres, Ref.: MR_Sants3-2 ,3,Segunda mano/para reformar,1,Piso en venta en Sants,http://idealista.com/inmueble/91600409/
1,1930, Los 62m2 de este LOCAL-LOFT distribuido en 2 niveles han dado como resultado un espacio absolutamente acogedor y dotado de gran personalidad. Gracias a una sensacional reforma llevada a cabo respetando el carácter industrial del edificio en el que se encuentra una antigua fábrica del Poblenou visitarlo te trasladará al Soho Newyorkino o los Docklands londinenses.   En la planta baja de unos 47 m2 se encuentran las zonas de salón cocina comedor y baño independiente junto con diferentes armarios convenientemente distribuidos que aportan servicio y comodidad. El segundo nivel al que se accede mediante una bonita escalera de hierro es de aproximadamente 15 m2 y aquí se ha ubicado el dormitorio que al igual que el resto es totalmente exterior. Suelos de tarima natural aire acondicionado frío/calor vigas de hierro en techo y armarios lacados. Una reforma de calidad y totalmente respetuosa con el estilo de la edificación. Situado en el barrio de Poblenou muy cerca del Parque del Centro de Poblenou y sólo unos minutos del Centro Comercial Diagonal Mar.  ¿Quieres venir a verlo? Llámanos y concertaremos una visita (+34) 93 162 16 65 - whatsapp (+34) 637 62 83 61 -. ,1,234,2,Calefacción individual,null,62,55,Sant Martí,null,null,null,210.000 ,3.387 €/m²,Kasapisos, Ref.: 9955-Y ,0,Segunda mano/buen estado,null,Estudio en venta en Provençals del Poblenou,http://idealista.com/inmueble/91580357/
2,1945, Esta sensacional propiedad presenta muchas posibilidades para su comprador a la hora de actualizarla lo que unido a la excepcional zona donde está ubicada la convierten en un inmueble muy interesante. Se encuentra en la 4ª planta real de un edificio con ascensor y portería en muy buen estado.  El piso tiene una superficie de 98 m2 y es muy luminoso. El salón-comedor tiene unas vistas muy agradables y despejadas con orientación sureste. La cocina es independiente. La zona de noche dispone de 3 habitaciones interiores (1 doble una mediana y 1 individual) y 2 cuartos de baño completos. Está equipado con suelos de parquet.  La vivienda se encuentra en una calle muy tranquila y muy bien comunicada con el resto de la ciudad mediante varias paradas de FGC. La zona destaca por su prestigio y cuenta en sus alrededores con servicios comercios y espacios públicos como el Turó Parc el parque de Monterols y los Jardines de Enric Sagnier. También destaca la presencia de reconocidos centros de salud y educativos. ,1,0,4,null,null,98,null,Sarrià-Sant Gervasi,null,null,null,425.000 ,4.337 €/m²,Bcn Advisors, Ref.: BCN06432 ,3,Segunda mano/para reformar,null,Piso en venta en Sant Gervasi - Galvany,http://idealista.com/inmueble/91506503/
1,1979, JTO. VALLDAURA. Inmueble de 3 dormitorios y BALCÓN exterior con orientación sur ubicado en finca con fachada nueva. El piso dispone además de salón comedor cocina baño y lavadero.  Por su orientación tiene mucho sol y luz natural casi todo el día. Es una tercera planta real sin ascensor y su estado es para actualizar. En la finca se han realizado varias obras dejando esas derramas ya pagadas.  La ubicación es inmejorable: está casi en el mismo Paseo Valldaura y a dos calles de Plaza de la República y el metro Llucmajor. Al lado de todos los servicios supermercados buses ambulatorio comercios zonas verdes Heron City y Corte Inglés.  *Consultar condiciones y gastos de la compraventa. *. ,0,150,2,null,null,60,55,Nou Barris,null,null,null,147.000 ,2.450 €/m²,La Casa Agency Paseo Valldaura, Ref.: Prospe Robert ,3,Segunda mano/buen estado,null,Piso en venta en La Prosperitat,http://idealista.com/inmueble/91384739/
1,null, Ronda de Dalt Vivienda alta exterior vistas despejadas con balcón VISTAS AL MAR la vivienda tiene 68 m2 2 habitaciones 1 baño construida en el año 1962 cocina en buen estado al lado de metro Canyelles al lado del Hospital Valldebron.  La vivienda está en el El barrio de Verdún está situado en la parte central del distrito barcelonés de Nou Barris y rodeado por los barrios de Les Roquetes La Guineueta y La Prosperitat.  Los datos expuestos son informativos y recabados de terceros y que suponemos correctos. Esta oferta se sujeta a errores cambios de precio omisión y o retirada del mercado sin aviso previo.  Todos los precios reflejados en esta página web están sujetos transmisión patrimonial y a cualquier otro tipo de impuesto o gravamen aplicable. ,0,0,4,null,null,68,50,Verdun,null,null,null,129.000 ,1.897 €/m²,Real Estate El PortalV Barcelona & Palma, Ref.: BP2029 ,2,Segunda mano/buen estado,null,Piso en venta en via Favència,http://idealista.com/inmueble/88984665/
1,1965,  Si te gusta la ciudad y eres urbanita te encantará vivir en la calle Balmes por sus comercios supermercados restaurantes colegios y tiendas pero te sorprenderá la cantidad de parques que tienes a pocos minutos como los Jardines de Enric Sagnier Parque de Monterols y Jardines del Turó del Putxet.   Es una bonita vivienda esquinera situada en un entresuelo de 86m2 construidos. El salón-comedor es muy acogedor y luminoso la cocina es semi-abierta al salón pero con entrada independiente y está totalmente equipada. El cuarto de baño es cómodo y funcional. Tiene 3 habitaciones dos dobles que son exteriores a calle pero tranquilas por estar dotadas de buenos cerramientos y con mucha luz por sus grandes ventanales. La tercera habitación es individual y polivalente pudiéndose utilizar como dormitorio despacho sala de juegos o monta... ,1,204,1,Bomba de frío/calor,null,86,null,Sant Gervasi - Galvany,null,null,null,365.000 ,4.244 €/m²,Bufete Montiel, Ref.: BM V-123 ,3,Segunda mano/buen estado,null,Piso en venta en calle de Balmes,http://idealista.com/inmueble/89261354/
1,1970, Piso amplio y luminoso de 4 habitaciones dos dobles y dos individuales con posibilidad de dar una al comedor y tener de esta manera un gran salon. salida exterior a un bonito balcón. Vivienda para actualizar especialmente cocina y baño. Dispone de galeria. Se encuentra en finca con ascensor muy bien conservada. Zona muy tranqila al lado del Pg. Maragall diversos colegios CAP Maragall y el Mercat del Guinardó. Muy bien comunicado con todo tipo de transporte público. ,1,140,1,null,null,89,80,El Guinardó,null,null,null,259.500 ,2.916 €/m²,MONTSE GARRIDO, Anuncio: 91413297 ,4,Segunda mano/para reformar,null,Piso en venta en calle de Rubió i Ors 8,http://idealista.com/inmueble/91413297/
5,1995, Os presentamos esta cómoda casa unifamiliar apareada.  Se trata de una propiedad esquinera. Consta de 300 m2 construidos con un amplio jardín privado de 70 m2 aproximados.  Desde la planta alta de la vivienda podemos gozar de las vistas panorámicas sobre la ciudad de Barcelona. Orientada a Sur lo cual hace que sea muy soleada.  Distribuida en 3 plantas. En la planta principal encontramos la zona de día con un amplio salón comedor en dos ambientes con salida al jardín. Una buena cocina con office y lavadero zona de servicio y aseo de cortesía.  En la primera planta encontramos la zona de noche con cuatro dormitorios; la suite principal con vestidor y balcón con únicas vistas de la ciudad además de tres habitaciones dobles las cuales comparten dos baños completos.  En la planta inferior -1 hay una sala diáfana utilizable como estudio salón niños habitación invitados zona servicio con un baño completo trastero y un amplio garaje con capacidad para 4 coches más motos de muy fácil acceso. ,null,187,null,Gas natural,null,296,null,Sarrià-Sant Gervasi,1,null,null,1.350.000 ,4.561 €/m²,Max Ricart, Ref.: 1370 ,6,Segunda mano/buen estado,1,Casa o chalet en venta en Sarrià,http://idealista.com/inmueble/91001399/
1,1930, Piso luminoso en el Casco antiguo El Raval. Se trata de un piso exterior de 43 m útiles. El piso consta de una habitación doble amplia la cocina es americana junto a ella se encuentra el salón que a su vez dispone de un balcón con disponibilidad de sol durante todo el día por lo que tanto el salón como la cocina disfrutan de este. El baño es espacioso con plato de ducha. Frente del edificio se encuentra una plaza recién renovada hace unos meses. A sus alrededores se encuentran colegios salas de deporte supermercados hospitales farmacias. Está a pocos metros de Las Ramblas y La Avenida Paralelo. Somos Casc Antic una inmobiliaria experta en compra y venta de pisos en el centro de Barcelona y con una larga trayectoria en los barrios del Raval Gótico Borne Sant Antoni Barceloneta y Poble Sec. Si quieres comprar o vender un piso en el centro de Barcelona ¡somos tu inmobiliaria! ,0,101,4,null,null,47,43,Ciutat Vella,null,135.000 € ,12,119.000 ,2.532 €/m²,Casc Antic BCN SI, Ref.: V1604 ,1,null,null,Piso en venta en El Raval,http://idealista.com/inmueble/90249748/
3,1950,  Fantástica casa situada en la zona de La Mercè barrio de Pedralbes una demandada zona residencial de la Zona Alta de Barcelona. Vivienda muy luminosa y con vistas despejadas cuenta con 185 m2 construidos y unos 100 m2 de terrazas.     Dispone de dos entradas desde calles diferentes y se distribuye en tres plantas. La planta baja y entrada principal cuenta con salón-comedor un aseo de cortesía y cocina con acceso al jardín. La planta superior alberga la habitación principal vestidor balcón y dos habitaciones dobles una de ellas con altillo y techo abuhardillado. La planta inferior ofrece un apartamento de invitados independiente con su propio salón cocina abierta dormitorio baño y pequeña terraza.     Existe la posibilidad de crear un garaje en esta planta de la casa  La casa fue reformada en el año 2.012 no solo en sus ele... ,null,0,null,Calefacción individual,null,185,null,Les Corts,null,null,null,860.000 ,4.649 €/m²,Ibusa, Ref.: 190102 ,4,Segunda mano/buen estado,1,Chalet pareado en venta en Pedralbes,http://idealista.com/inmueble/88047322/
3,1989, Piso en venta en la Dreta de l´Eixample. Reforma completa en una superficie de 150m2. Cuenta con 3 dormitorios dobles 3 cuartos de baño (1 de ellos en suite) cocina amueblada y equipada salón- comedor de 45m2.  El espacio principal de la vivienda integra una elegante cocina en L con electrodomésticos integrados (Gaggenau) y barra americana al salón en el que se fusionan la zona de estar y el comedor con salida a un balcón sobre calle. Sus altos techos conservan la bóveda catalana original y estéticas molduras. Instala carpintería interior de madera maciza exterior de aluminio tipo climalit suelos de mosaico hidráulico sistema de aire acondicionado por conductos armarios empotrados y puerta blindada. Disfruta de orientación este y mucha luz natural. Adaptado para personas con movilidad reducida.  Los gastos de comunidad incluyen el consumo total de agua. Ubicado en finca rehabilitada con ascensor a solo 100 metros del Paseo de Gracia. Transporte metropolitano (bus metro renfe) paradas de taxi y diversos puntos de bicing. ,1,90,3,null,null,150,144,Eixample,null,null,null,1.495.000 ,9.967 €/m²,Singular Properties, Ref.: SP103FM ,3,Segunda mano/para reformar,null,Piso en venta en La Dreta de l'Eixample,http://idealista.com/inmueble/40414659/
3,2017,  Excepcional vivienda en venta en el Eixample a una calle de la Sagrada Familia. Reforma muy cuidada y reciente en una superficie de 150m2 con 2 dormitorios dobles 1 individual 2 cuartos de baño completos (uno de ellos en suite) y 1 aseo. Puerta de entrada principal directa al salón - comedor. y zona de noche sobreelevada en media planta.  En nivel de acceso una amplia y elegante terraza acristalada de techo a suelo por 2 de sus cuatro costados ocupa el espacio principal alrededor del cual se ubica el salón- comedor una cocina independiente un aseo y escalones de acceso a los dormitorios. Una acogedora salita precede a la suite principal que cuenta con un elegante baño completo y un espacioso vestidor. Dormitorio individual (amplio) y dormitorio doble ambos con salida a terraza. Ventanales en todas las estancias con la máxima ent... ,0,200,0,null,null,153,143,Eixample,null,null,null,790.000 ,5.163 €/m²,Singular Properties, Ref.: SP248JO ,3,Segunda mano/buen estado,1,Piso en venta en La Sagrada Família,http://idealista.com/inmueble/40223581/
3,1966, General Mitre - Alt de gironella. Fabuloso ático a 3 vientos 233 m² 5 h + 3 b. Terraza 20m² + Balcón 8m² y trastero. ( El PVP indicado no incluye impuestos ni gastos de Escritura ). ,1,148,4,null,null,236,186,Sarrià-Sant Gervasi,1,null,null,1.200.000 ,5.085 €/m²,LV Living Barcelona, Ref.: 243582 ,5,Segunda mano/buen estado,1,Ático en venta en Sant Gervasi - Galvany,http://idealista.com/inmueble/91610638/
1,1973,  CARACTERÍSTICAS: Piso de 68m2 (62m2 útiles) situado en el barrio de Sants.  La vivienda está distribuida en: - Amplio salón-comedor con salida al balcón. - Cocina independiente totalmente equipada con todos los electrodomésticos necesarios. - 3 habitaciones de las cuales 2 son dobles y 1 es individual.  - 1 baño completo con bañera. - 1 balcón con vistas a la ciudad. - Totalmente amueblado con todo lo necesario para entrar a vivir.  - Cerca de todas las comodidades.  Se ubica en zona inmejorable cerca de todos los servicios comercios y establecimientos. Cerca del metro de Plaça de Sants (L5) Hostafrancs (L1) a 5 minutos a pie y 6 respectivamente.  FICHA TÉCNICA: Altura piso 3º piso superficie total 68 m² superficie útil 62 m² hab. individuales: 1 habitaciones dobles: 2 1 baño antigüedad entre 30 y 50 años armarios empotrados... ,1,0,3,null,null,68,62,Sants,null,null,null,249.000 ,3.662 €/m²,ALL 4 FLAT, Ref.: 001363 ,3,Segunda mano/buen estado,null,Piso en venta en calle del Guadiana,http://idealista.com/inmueble/91517574/
2,1960,  Presentamos precioso piso distribuido en amplio recibidor con puertas a ambos lados divide esta fantástica vivienda en dos zonas la zona día está compuesta por un espacioso y luminoso salón comedor de 65m2 con chimenea techos altos y suelo de gres con 2 amplios ventanales dobles de madera calefacción a gas cocina independiente con despensa área de lavado y tendedero con altillo 1 lavabo de cortesía armario empotrados para abrigos.  Actualmente dispone de 5 dormitorios de los cuales ( 3 Dobles y 2 individuales) 2 baños completos con bañera y 1 aseo amplio salón comedor de 65m2 con dos salidas a terraza cocina independiente con despensa de unos 20m2 su distribución es de la siguiente manera:  La zona noche está compuesta por 2 amplios baños completos con bañeras con ventanas a patio de manzana cielo abierto una primera habi... ,1,0,5,Gas natural,null,200,190,Sant Gervasi - Galvany,null,null,null,999.000 ,4.995 €/m²,REAL ESTATE, Ref.: 62127 ,5,Segunda mano/para reformar,1,Piso en venta en calle d'Amigó,http://idealista.com/inmueble/91508699/
1,1966, Piso en venta en Sagrada Familia uno de los barrios más concurridos de la ciudad de Barcelona.  Los detalles del piso en venta en Barcelona  Se trata de un piso de 80 m² construcción. Distribuido en salón comedor con salida a balcón cocina solo con muebles e independiente. La zona de noche cuenta con tres (3) habitaciones dos (2) dobles y una (1) individual. Por último cuenta con un (1) baño completo.  Entre sus calidades cuenta con suelos de gres aire acondicionado carpintería exterior de aluminio carpintería interior de Madera salón con salida a balcón. La finca cuenta con ascensor.  Sagrada familia  Ubicación inmejorable a solo cinco (5) minutos de la estación de metro Sagrada Familia diferentes paradas de autobuses y se encuentra rodeado de comercio en general centros comerciales colegios parques y zonas de recreación e interés para toda la familia. ,1,0,5,Calefacción individual,null,80,null,La Sagrada Família,null,null,null,320.000 ,4.000 €/m²,REAL ESTATE, Ref.: 63222 ,3,Segunda mano/buen estado,null,Piso en venta en Valencia,http://idealista.com/inmueble/91451962/
1,1936,  CARACTERÍSTCAS: Piso de 59m2 (56m2 útiles) recién reformado y a estrenar ubicado en el Fort Pienc. El piso está distribuido en: - 2 habitaciones (1 individual y 1 doble) una con salida al balcón y un gran ventanal y otra con salida al patio interior.  - Amplio y luminoso salón-comedor con una pared focal de ladrillos y un amplio ventanal con salida al balcón. - Cocina tipo americana abierta al salón-comedor totalmente equipada con acabados de alta calidad. - Patio interior-lavadero. - Balcón con vistas a la ciudad.  Además está situado en una zona inmejorable ya que se encuentra muy bien comunicada por metro Monumental (L2) Girona (L4) a 5 y 8 minutos a pie respectivamente y distintas líneas de autobús.   FICHA TÉCNICA: Superficie total 59 m² piso superficie útil 56 m² hab. individuales: 1 habitaciones dobles: 1 1 baño aire ac... ,1,198,null,null,null,59,56,La Dreta de l'Eixample,null,null,null,338.000 ,5.729 €/m²,ALL 4 FLAT, Ref.: 001311 ,2,Segunda mano/buen estado,null,Piso en venta en calle del Consell de Cent,http://idealista.com/inmueble/91363138/
2,null, Se trata de una promoción de viviendas de obra nueva situada en el centro histórico por naturaleza de Barcelona en el Gotic a sólo un paso del Port Vell y del mar.  Las propiedades disponen de muy buenos acabados y cuentan con aire acondicionado frío/calor así como suelos de parquet.   Ésta en concreto consta de 88 m2 y se compone de 2 dormitorios (1 suite exterior 1 double interior) y 2 baños completos. ,1,0,2,null,null,88,null,Ciutat Vella,null,null,null,545.000 ,6.193 €/m²,Bcn Advisors, Ref.: BCN05476 ,2,Segunda mano/buen estado,null,Piso en venta en El Gòtic,http://idealista.com/inmueble/88177505/
1,1959, En BDI Barcelona no podemos dejar escapar la oportunidad de ofrecerte esta vivienda a reformar íntegramente en la Vila de Gracia espacio clave para entender el desarrollo de la ciudad de Barcelona en los últimos 20 años.  El inmueble que te ofrecemos esta ubicado en una de las áreas más reconocidas de la zona por la exclusividad que le confiere estar situado a sólo 5 minutos a pie del emblemático paseo de Gracia de Barcelona.  La vivienda con una posibilidad de reforma y distribución excepcional se enclava en un edificio rehabilitado de manera integral y compuesto por 10 exclusivos apartamentos.  Pero no solo la ubicación y la tranquilidad que se respira en el barrio son únicos sino sus posibilidades pues te permitirá respetar el encanto original de sus techos alto sus vigas vistas o las paredes de ladrillo natural.  Todo ello combinado con los materiales de vanguardia actuales pueden convertir este espacio en un hogar único.  Pregúntanos por las excelentes opciones de distribución y por la posibilidad de que te ayudemos a gestionar la reforma. LAS FOTOS CORRESPONDEN A UN INMUEBLE PARECIDO Y YA REFORMADO EN LA MISMA FINCA.  No te pierdas esta oportunidad te arrepentirías. ,1,56,1,Gas natural,null,64,58,Vila de Gràcia,null,null,null,280.000 ,4.375 €/m²,BDI Barcelona, Ref.: JT1413 ,1,Segunda mano/para reformar,null,Piso en venta en calle de Josep Torres 14,http://idealista.com/inmueble/87672839/
1,null, Piso reformado quinto de altura real en finca con ascensor. Con un total de 64m2 se compone de salón-comedor soleado con salida a balcón tres dormitorios (dos dobles y uno individual de buen tamaño) cocina reformada con zona de lavandería y baño también reformado.  El piso dispone de cerramientos de aluminio A/A frío/calor instalación eléctrica gas y agua nuevas y mucho mas.   En FINCAS Gp somos una empresa especializada en servicios inmobiliarios en la ciudad de Barcelona desde el año 1.993. Los precios indicados no incluyen gastos e impuestos de escrituras ni de financiación. Venta y alquiler de pisos y locales comerciales Encuentra más en. ,1,0,5,null,null,64,null,Hostafrancs,null,null,null,239.000 ,3.734 €/m²,Fincas Gp, Ref.: E-27900C ,3,Segunda mano/buen estado,1,Piso en venta en Gran Via de les Corts Catalanes,http://idealista.com/inmueble/91229525/
2,1982, Garlasa Tradele ofrece esta autentica oportunidad en la calle Torrent Can Marine (Horta).  El piso se encuentra en una tercera planta sin ascensor (con posibilidad de ponerla) de una finca del 1982.  El inmueble tiene 102m2 que se distribuye en:   -Salón-comedor de 20m2 muy agradable con acceso a la terraza.   -Cocina office con salida a la galería.   -1 baño completo y un aseo de cortesía (posibilidad de hacer 2 baños completos)  -1 habitación doble exterior con sol de tarde 1 habitación individual exterior a calle.   -2 habitaciones medianas.  El piso se encuentra para entrar a vivir igualmente hay una gran posibilidad de reforma.   No duden en llamarnos   686408074. ,0,0,3,Gas natural,null,92,null,Horta,null,null,null,235.000 ,2.554 €/m²,Garlasa Trade, Ref.: _torrent ,4,Segunda mano/buen estado,1,Piso en venta en Torrent de Can Mariner,http://idealista.com/inmueble/91018130/
1,1963, *****OPORTUNIDAD! *****  Magnífico piso ubicado en La Pau. 76m2 construidos 60m2 útiles exterior 2ª de altura real Consta de 3 habitaciones (1 dobl y 2 individuales) baño de 3 piezas cocina salón con salida a balcón. La vivienda se encuentra cerca de todo tipo de comercios tiendas supermercados colegios polideportivos y zonas verdes.  Bien comunicado con las líneas de Metro: Besos(L4) La Pau (L2-L4) Cercano a TRAM Besós y las diferentes líneas de Bus (V29 - H10 - H12 - 60- 33 - B24 - B23 - B25). Fácil y buen acceso a rondas.  A 15 minutos de la playa y del Campus Universitario Forúm. A 10 minutos de los centros comerciales Diagonal Mar y Glorias.  No pierdas la oportunidad de conocerlo y ven a visitarlo. Contamos con nuestro propio Departamento Financiero y convenios con más de catorce entidades bancarias.  Llámanos sin compromiso!  **Impuestos gastos de notaría registro gestoría y honorarios de intermediación no incluidos en el precio**. ,1,208,2,Gas natural,null,76,63,Sant Martí,null,140.000 € ,4,135.000 ,1.776 €/m²,La casa agency, Ref.: ELENA140SM ,3,Segunda mano/buen estado,null,Piso en venta en La Verneda i la Pau,http://idealista.com/inmueble/91017977/
2,1900, Fantástico piso en venta situado en una 2ª planta real de una finca regia del año 1900 junto al Mercat de Sant Antoni y a diez minutos de Plaça Catalunya y de la Av. Paral·lel. La vivienda dispone de 109m² según catastro y la finca cuenta con un pequeño ascensor para dos personas. Piso con 4 habitaciones dos de ellas dobles salón comedor de 16m² con salida al balcón cocina tipo office muy bien conservada lavadero independiente con un aseo baño completo de cuatro piezas y plato de ducha y zona de comedor independiente al salón. Vivienda equipada con aire acondicionado en varias estancias calefacción por radiadores en todo el piso y ventiladores de techo. Altillos de carga y muy buena ventilación. Inmejorable ubicación a una calle de la parada de metro de Sant Antoni L2 a tres calles de la L1 parada Urgell y al lado de varias líneas de autobús. Muy buena comunicación con el centro de Barcelona y alrededores y rodeado de todo tipo de comercios servicios ocio y restauración.   FORCADELL le ofrece asesoramiento y le ayuda en las gestiones para la obtención de la hipoteca.  FINCAS FORCADELL SLU AICAT 163 Pl. Universitat 3 Baixos. Barcelona. ,1,168,null,null,null,109,null,El Raval,null,null,null,350.000 ,3.211 €/m²,Emma Perales, Ref.: V35604 ,4,Segunda mano/buen estado,null,Piso en venta en calle de la Riera Alta,http://idealista.com/inmueble/90863714/