bathrooms,constructed_year,description,elevator,energetic_qualification_kWhm2_año,floor,heater_system,its_new,m2_build,m2_useful,neighbourhood,parking,price_down_euro,price_down_percentage,price_euro,price_m2,real_estate,ref,rooms,status,terrace,title,link
2,null,  Gran piso reformado en finca regia cerca de l’Avinguda Diagonal En Barcelona a escasos metros de l’Avinguda Diagonal Rambla de Catalunya y Passeig de Gràcia en pleno corazón del prestigioso barrio de Galvany rodeado de todo tipo de servicios comercios y transporte público encontramos este fantástico piso recién reformado. La propiedad tiene una superficie de 167 m² aproximadamente y accedemos a ella a través de un amplio recibidor que da paso por un lado a la zona de día en la cual encontramos un luminoso salón-comedor y una gran cocina office semi abierta al salón diseñada con todo tipo de detalles y con electrodomésticos de calidad como nevera de vinos horno de 90 cm cocina Smeg.. . Por otro lado en la zona de noche encontramos cuatro habitaciones de las cuales dos son individuales una doble una gran suite con baño completo... ,1,189,2,Gas natural,null,176,null,Sarrià-Sant Gervasi,null,null,null,850.000 ,4.830 €/m²,aProperties Real Estate Barcelona, Ref.: VB2009043-3 ,4,Segunda mano/buen estado,null,Piso en venta en Sant Gervasi - Galvany,http://idealista.com/inmueble/91612594/
2,1973, GOLDEN SQUARE PRESENTA: CON LICENCIA TURISTICA maravillosa propiedad ubicada en una finca señorial con servicio de conserjería en la zona alta del barrio del Eixample barcelonés.  La vivienda destaca por su altura siendo esta un cuarto real por su luz sol de tardes y amplia terraza.  Se distribuye en un amplio salón-comedor con salida a gran terraza de 12 m2 cocina independiente office equipada con zona de aguas 4 dormitorios dos dobles y dos individuales uno de estos últimos superior y 2 baños completos uno con plato de ducha y otro con bañera.  La vivienda cuenta con calefacción de gas natural aire acondicionado por splits armarios empotrados carpintería de aluminio y suelos de parquet.  Inmejorable ubicación una de las zonas más céntricas de la ciudad considerada por muchos el corazón de Barcelona. A pocos metros de la Avda. Josep Tarradellas la Avda. Diagonal Paseo de Gracia y Rambla Catalunya. Excelentemente enlazado con el transporte público y con una amplia oferta de comercios y servicios en los alrededores. ,1,166,4,Gas natural,null,115,107,La Nova Esquerra de l'Eixample,null,595.000 € ,6,560.000 ,4.870 €/m²,Golden Square Barcelona Consultors Immobiliaris, Ref.: JV-RES-970-124-20 ,4,Segunda mano/buen estado,1,Piso en venta en calle de París,http://idealista.com/inmueble/91285367/
2,1960, Piso reformado cerca de Plaça Adriano A unos pasos de la plaza Adriano rodeado de comercios y con muy buenas comunicaciones encontramos este bonito piso totalmente reformado a estrenar. Muy luminoso con una distribución lógica y racional diferenciándose claramente la zona de día de la zona de noche. &nbsp;  La zona de día &nbsp;con un amplio salón comedor con salida a un soleado balcón y&nbsp; cocina office. La zona de noche está compuesta por&nbsp; tres habitaciones una de las cuales es en suite con baño y las otras dos compartirán otro baño. Es una propiedad muy atractiva por ubicación y zona. ,1,222,2,Gas natural,null,104,null,Sarrià-Sant Gervasi,null,null,null,660.000 ,6.346 €/m²,aProperties Real Estate Barcelona, Ref.: VB1912036-5 ,3,Segunda mano/buen estado,null,Piso en venta en Sant Gervasi - Galvany,http://idealista.com/inmueble/91250003/
6,1845,  La villa se corresponde con un edificio entero de finales de siglo XIX de tres plantas: planta baja primera planta y segunda planta.   Es una única propiedad vertical o entidad registral con tres pisos uno por planta que ofrece un abanico enorme de posibilidades. Por ejemplo se puede emplear el conjunto entero como una única casa o bien dedicar las dos plantas inferiores como vivienda dúplex y dejar el ático para familiares invitados o como inversión. Otra posibilidad es destinar los tres pisos a inversión ya sea en conjunto para una familia o cada piso individual puesto que ofrece un gran potencial de rentabilidad.   Actualmente el edificio se presenta como tres pisos independientes de 9287 m² cada uno en perfecto estado.   Las plantas baja y primera ya están conectadas por escalera interior como si fuera un dúplex lo que da... ,null,0,null,null,null,290,null,Gràcia,null,null,null,1.595.000 ,5.500 €/m²,Lucas Fox Barcelona, Ref.: BCN25348 ,5,Segunda mano/buen estado,1,Casa o chalet en venta en Vila de Gràcia,http://idealista.com/inmueble/91222708/
3,1887, Este piso de 174 m² está situado en la cuarta planta de un precioso edificio modernista en la esquina de Rambla Catalunya y calle Provença.   Se trata de un piso único reformado y diseñado por Nobohome una promotora de lujo en Barcelona.   El piso ofrece lujo y confort combinados con un cálido toque personal. Gracias a su orientación disfruta de sol todo el día.   El salón de más de 50 m² con cocina abierta a medida es completamente exterior. El gran balcón que recorre la fachada ofrece unas vistas espectaculares a Rambla Catalunya; por un lado se ve el mar y por el otro el Tibidabo.   La vivienda dispone de cuatro dormitorios dobles tres baños (dos de ellos en suite) una sala de vídeo con proyector una lavandería (con sistema de descalcificación de agua) y un aseo para invitados.   Este piso llave en mano se vende con todos los muebles y equipamientos del hogar. Cuenta con dos sillas Barcelona una mesa Knoll ovalada ocho sillas Carl Hansen Wishbone dos lámparas Raimond de Moooi un escritorio de madera de Porada y un sofá Zanotta. ,1,0,null,null,null,174,null,Eixample,null,null,null,1.850.000 ,10.632 €/m²,Lucas Fox Barcelona, Ref.: BCN19869 ,3,Segunda mano/buen estado,null,Piso en venta en La Dreta de l'Eixample,http://idealista.com/inmueble/91178037/
2,1900,  Piso en la calle Ginebra en la Barceloneta En el carismático barrio marinero de la Barceloneta se encuentra este fantástico piso esquinero de 81m2 en una finca regia con encanto y un excelente estado de conservación.  La vivienda se encuentra en una tercera planta real y está orientado a mar y a sureste por lo que goza de mucha luz y claridad durante buena parte del día. La finca no tiene ascensor.  La propiedad actualmente está siendo reformada con materiales de alta calidad y acabados de diseño y se entregará totalmente amueblada.  Se distribuye en un amplio salón-comedor con cocina abierta tres dormitorios uno de ellos en suite con vestidor y dos individuales que comparten un baño de tres piezas. Desde este baño se accede a la zona de aguas. Completa la propiedad una zona de despacho y una aprovechable zona de despensa. Todas ... ,0,88,2,Eléctrica,null,83,71,Ciutat Vella,null,null,null,395.000 ,4.759 €/m²,aProperties Real Estate Barcelona, Ref.: VB1911017-4 ,3,Segunda mano/buen estado,null,Piso en venta en La Barceloneta,http://idealista.com/inmueble/91153493/
6,null,  Exclusiva villa con una superficie construida de 605 m² situada en una parcela de 1.750 m² con un precioso jardín piscina y un garaje de 45 m². Se encuentra en la prestigiosa zona de Pedralbes en Barcelona.   En la planta baja nos da la bienvenida un impresionante vestíbulo de 41 m² con las escaleras que llevan a la primera planta. Desde el recibidor llegamos a la cocina con acceso directo a la zona del servicio el salón-comedor con salida al porche y una sala de estar que da paso a la terraza y el jardín. Un aseo de cortesía y un despacho completan esta planta.   La primera planta alberga el dormitorio principal de 30 m² con su propio cuarto de baño privado 1 dormitorio doble de 29 m² con cuarto de baño privado 2 dormitorios dobles que comparte un baño 1 dormitorio doble con baño privado y otro dormitorio de 10 m² que se usa c... ,null,0,null,null,null,605,null,Les Corts,1,null,null,4.500.000 ,7.438 €/m²,Lucas Fox Barcelona, Ref.: BCN7990 ,9 o más,Segunda mano/buen estado,1,Casa o chalet en venta en Pedralbes,http://idealista.com/inmueble/40248811/
8,2007,  Moderna casa de grandes dimensiones situada en una excelente ubicación en el barrio de Pedralbes de Barcelona. La propiedad ofrece un diseño impecable con acabados de lujo y prestando especial atención al detalle. Se presenta en excelentes condiciones con una gran variedad de accesorios y elementos que la convierten en una auténtica vivienda de lujo. Tanto en la parte delantera como la parte trasera de la casa se encuentran preciosas zonas ajardinadas privadas una piscina y una excelente iluminación exterior.   Los espacios interiores se caracterizan por su abundante luz natural y sus estancias diáfanas con un esquema cromático neutro y sutil que combina con los suelos de mármol y los muebles de diseño italiano creando así un entorno agradable y elegante. Toda la casa cuenta con un sistema audiovisual de Bang &amp; Olufsen aire a... ,null,0,null,null,null,900,null,Les Corts,1,null,null,10.000.000 ,11.111 €/m²,Lucas Fox Barcelona, Ref.: BCN9752 ,7,Segunda mano/buen estado,1,Casa o chalet en venta en Pedralbes,http://idealista.com/inmueble/81247994/
3,1930, Magnífica vivienda situada en una de las zonas más exclusivas de la ciudad en Les Tres Torres cerca de todos los servicios como tiendas parques colegios de renombre y restaurantes. Esta emblemática propiedad es una de las 3 torres que da nombre a este barrio de la Zona Alta.   Se distribuye en 2 plantas. La planta baja dispone de un amplio salón-comedor dividido en 2 ambientes con bóveda catalana y vigas de madera vistas en los techos. La cocina está totalmente equipada con salida al patio exterior que se comunica con la calle con acceso a pie y en coche. Junto a la cocina se sitúa un lavadero.   La primera planta ofrece 2 dormitorios dobles con cuartos de baño privados y vestidor o armario y una gran sala usada como salón despacho con posibilidad de convertir en 2 dormitorios más.   La vivienda se presenta en buenas condiciones con materiales de la más alta calidad y suelo de parqué o mármol en todas las estancias. Ideal para una familia gracias a su tranquila ubicación cerca del centro de la ciudad. ,null,0,null,null,null,224,null,Sarrià-Sant Gervasi,1,null,null,2.750.000 ,12.277 €/m²,Lucas Fox Barcelona, Ref.: BCN11347 ,2,Segunda mano/buen estado,1,Casa o chalet en venta en Les Tres Torres,http://idealista.com/inmueble/81345140/
4,1850, Vivienda situada en el emblemático Paseo de Gràcia una increíble ubicación en el corazón de la ciudad.   Se encuentra en la quinta planta de la finca por lo que se puede disfrutar de un oasis de calma además de las excelentes vistas a la ciudad y al mar.   El edificio se construyó en 1850 y se rehabilitó por completo hace pocos años conservando la mayoría de elementos neoclásicos y modernistas. La propiedad inicial era de los condes de Brias y se reformó por completo en 2003 adecuándolo a las instalaciones de confort modernas.   La calidad de los acabados es excelente en toda la vivienda. El salón consta de 3 balcones con vistas a Paseo de Gràcia y da acceso a la luminosa cocina de estilo minimalista y al comedor además de los 4 dormitorios (todos con armarios empotrados) y 3 cuartos de baño.   La combinación de paredes blancas y suelo de parqué otorga a la propiedad cierta sensación de amplitud y su posición en planta alta permite la entrada de abundante luz natural durante todo el día.   Ideal como primera residencia o como inversión dadas sus características y ubicación. ,1,0,null,null,null,250,null,Eixample,null,null,null,3.500.000 ,14.000 €/m²,Lucas Fox Barcelona, Ref.: BCN11435 ,4,Segunda mano/buen estado,null,Piso en venta en La Dreta de l'Eixample,http://idealista.com/inmueble/81411081/
4,null,  Este fantástico y luminoso ático de 277 m² se ubica en una finca regia en la Zona Alta de Barcelona. Esta finca señorial y elegante data de 1939 y ofrece unas vistas espectaculares servicio de conserjería terrazas y una plaza de aparcamiento en su garaje privado: todo un lujo en la ciudad. Su ubicación es inmejorable en la Zona Alta de la ciudad en un barrio con todos los servicios y una conexión excelente con el resto de la ciudad. Una oportunidad única de adquirir un ático luminoso y espacioso perfecto para una familia en el barrio de Sarrià.   Al entrar nos recibe un vestíbulo que a la izquierda da paso a un cómodo dormitorio individual un baño completo con ventilación a patio interior de luz una práctica cocina office reformada y equipada con una cocina Santos y electrodomésticos marca Bosch y un espacio separado mediante... ,1,104,null,null,null,306,null,Sarrià-Sant Gervasi,1,null,null,1.900.000 ,6.209 €/m²,Lucas Fox Barcelona, Ref.: BCN16482 ,5,Segunda mano/para reformar,1,Ático en venta en Sant Gervasi - Galvany,http://idealista.com/inmueble/84279689/
7,1960,  Esta magnífica casa moderna se encuentra en la zona más solicitada de Barcelona y dispone de una ubicación ideal para disfrutar de paz y tranquilidad con unos espacios de vida increíbles y unas vistas maravillosas. Todo esto sin renunciar a la cercanía al centro de la ciudad.   La vivienda &nbsp;en una amplia parcela con jardines preciosos áreas cubiertas y una piscina fantástica está rodeada de vegetación y tiene el parque natural de Collserola a la vuelta de la esquina lo que le proporciona una ambiente exuberante a la par que privado.   Las salas de estar cuentan con ventanas de vidrio de suelo a techo y con puertas correderas que fusionan el espacio interior con el exterior mientras que las terrazas en la planta principal y en la parte superior de la vivienda aprovechan su increíble ubicación para disfrutar de las vistas pano... ,null,0,null,null,null,800,null,Les Corts,1,null,null,6.500.000 ,8.125 €/m²,Lucas Fox Barcelona, Ref.: BCN18245 ,6,Segunda mano/para reformar,1,Casa o chalet en venta en Pedralbes,http://idealista.com/inmueble/85613129/
8,1956,  Para los compradores que buscan espacio y privacidad en un entorno tranquilo esta villa en Pedralbes es una oportunidad fantástica. Esta zona residencial de Barcelona es privada y tranquila pero al mismo tiempo está bien comunicada con el centro de la ciudad y los alrededores por lo que es una opción muy demandada entre las familias.   La villa diseñada por el arquitecto Cabarrocas es impresionante tanto por dentro como por fuera rodeada de 500 m² de jardines con vistas despejadas. Los 790 m² de vivienda se distribuyen en 2 plantas. En la planta principal un pasillo conduce al amplio salón con una chimenea y vigas de madera que le confieren calidez y encanto mientras que una galería llena el espacio de luz natural. El comedor es perfecto para comidas familiares y celebraciones y tiene acceso a una terraza con vistas al jardín. ... ,null,0,null,null,null,790,null,Les Corts,1,null,null,4.600.000 ,5.823 €/m²,Lucas Fox Barcelona, Ref.: BCN16287 ,10,Segunda mano/para reformar,null,Casa o chalet en venta en Pedralbes,http://idealista.com/inmueble/84342098/
3,null,  Casa pareada de dos plantas con dos terrazas en una zona privilegiada entre el Eixample Dret y Gràcia junto al Passeig de Sant Joan y la Sagrada Familia. La vivienda cuenta con una orientación suroeste y ofrece luz natural tranquilidad y mucho confort lo que la hace muy acogedora.   La casa se distribuye en 2 plantas y accedemos por la planta baja. Entramos a un vestíbulo que conduce al amplio salón-comedor diáfano muy grande con suelos de mármol y abundante luz natural gracias a la galería con claraboya. A continuación dispone de un aseo de cortesía y una cocina abierta con salida a la terraza de 2971 m² y trastero. La cocina consta de un mobiliario moderno lacado en blanco e integrado con suelos de parqué.   La primera planta alberga la zona de noche compuesta por 3 dormitorios (1 con baño privado) todos con armarios empotrados... ,null,0,null,null,null,134,null,Gràcia,null,null,null,780.000 ,5.821 €/m²,Lucas Fox Barcelona, Ref.: BCN17489 ,3,Segunda mano/buen estado,1,Casa o chalet en venta en El Camp d'En Grassot i Gràcia Nova,http://idealista.com/inmueble/84997225/
2,1979, GRÀCIA NOVA Magnífico piso de cuatro habitaciones la de matrimonio consta de amplio vestidor salón exterior con acceso a terraza con vistas magníficas y orientado a sur baño completo en perfecto estado y aseo de cortesía. Cocina muy amplia de once metros cuadrados totalmente equipada. Finca joven con ascensor amplio hall sin barreras arquitectónicas y con rampa para personas de movilidad reducida. Se encuentra en el distrito de Camp Grassot i Gràcia Nova junto a parques y jardines como Passeig de Sant Joan y La Sagrada Família. Zona equipada con colegios y bien comunicada con líneas de metro L5 L4 y varias líneas de autobús. ( El PVP indicado no incluye impuestos ni gastos de Escritura ). ,1,230,6,null,null,85,null,Gràcia,null,null,null,389.000 ,4.576 €/m²,donpiso Bcn Sagrada Família, Ref.: 241478 ,4,Segunda mano/buen estado,1,Piso en venta en El Camp d'En Grassot i Gràcia Nova,http://idealista.com/inmueble/90925731/
3,null, Este fantástico piso reformado con las más altas calidades se ubica en la Rambla de Catalunya en pleno Eixample Derecho. La vivienda está situada en una de las plantas más altas de un edificio modernista por lo que disfruta de abundante luminosidad. La finca cuenta con una elegante y espaciosa entrada además de conserje y ascensor.   El piso cuenta con una superficie de 207 m² y presenta claramente diferenciadas la zona de día y de noche. Justo en la entrada del piso encontramos un amplio recibidor. A continuación accedemos al salón-comedor completamente exterior con 4 ventanas y mucha luz natural junto a la zona de cocina. Esta última es amplia y está equipada con electrodomésticos Smeg.   Pasada la zona de día podremos vislumbrar la zona de noche que se distribuye en 3 dormitorios con vestidores y baños propios tanto con plato de ducha como con bañeras de hidromasaje.   La vivienda presenta suelos en madera francesa y está termoregulada por zonas mediante la instalación de conductos. Todas las persianas son automáticas y la cocina está completamente equipada con electrodomésticos Smeg. ,1,0,null,null,null,211,null,Eixample,null,null,null,1.450.000 ,6.872 €/m²,Lucas Fox Barcelona, Ref.: BCN25108 ,3,Segunda mano/buen estado,1,Piso en venta en La Dreta de l'Eixample,http://idealista.com/inmueble/90911937/
3,1900,  Este piso de 174 m² se encuentra en la planta principal de un edificio de 1900. La finca está en buen estado y cuenta con un total de seis vecinos uno por planta.   Esta vivienda de techos muy altos y con vigas vistas nos recibe con un amplio hall de entrada donde encontramos toda la zona técnica del edificio. Hacia la izquierda tenemos el dormitorio principal con baño privado vestidor abierto y salida a un balcón orientado hacia la calle.   A la derecha nos esperan otros dos dormitorios dobles con armarios empotrados un baño completo muy amplio para compartir y un espacio abierto utilizado actualmente como zona de cine pero que podría destinarse a zona de trabajo estudio lectura música etc. Además de estar decorado de forma muy elegante este espacio le da una gran amplitud al piso y separa lo que es la zona de noche de la de d... ,1,0,null,null,null,196,null,Ciutat Vella,null,null,null,990.000 ,5.051 €/m²,Lucas Fox Barcelona, Ref.: BCN25137 ,3,Segunda mano/buen estado,1,Piso en venta en El Raval,http://idealista.com/inmueble/90897985/
2,1950, Oportunidad única para renovar por completo una vivienda de 208 m² en una ubicación privilegiada en avenida Diagonal en el cruce con calle Bruc y cerca de paseo de Gracia.   El piso se sitúa en una preciosa finca señorial de los años cincuenta con servicio de conserjería y una atractiva fachada. Conserva varias características de época como una chimenea que se podrían mantener para conferirle personalidad y carácter.   Actualmente dispone de salón comedor cocina seis dormitorios dos baños completos y aseo para invitados. El salón el comedor y dos de los dormitorios dan a la calle.   El proyecto de renovación presentado por la prestigiosa firma de arquitectos Luv sugiere alterar la distribución para ofrecer un salón-comedor con tres balcones con vistas a la calle y dos dormitorios con baño privado y vestidor a cada lado del salón. La cocina estaría en el centro actuando como el corazón del inmueble. Un tercer dormitorio un baño un aseo de cortesía y un despacho&nbsp;completarían la nueva distribución.   Un piso espacioso muy exclusivo y con mucho potencial en una ubicación inmejorable de Barcelona.   Nótese que el proyecto de reforma está incluido en el precio pero no la reforma en sí. ,1,0,null,null,null,208,null,Eixample,null,null,null,1.195.000 ,5.745 €/m²,Lucas Fox Barcelona, Ref.: BCN10245 ,6,Segunda mano/para reformar,null,Piso en venta en La Dreta de l'Eixample,http://idealista.com/inmueble/90845806/
3,1910, Al entrar al piso encontramos un recibidor que distribuye la zona de día. A mano izquierda está la cocina con isla en medio y salida a terraza interior y zona de aguas. Gracias a su orientación esta estancia recibe mucho sol directo.   Hacia la derecha encontramos el salón-comedor con chimenea y con salida a tres balcones uno de ellos amplio y cuadrado con espacio para colocar una mesa y sillas. Un aseo de cortesía completa esta zona.   A continuación pasamos a la zona de noche con un dormitorio a cada lado y el dormitorio en suite al fondo. Las dos dobles se benefician de salida a balcón exterior y la individual a la izquierda tiene salida a terraza interior. Un segundo baño completo da servicio al resto de la vivienda.   Este piso se presenta con una renovación moderna y atemporal de excelentes calidades a estrenar. Además se entrega amueblado listo para entrar a vivir.   Una oportunidad inmejorable para los que busquen una vivienda en el corazón de Barcelona. ,1,0,null,null,null,135,null,Eixample,null,null,null,890.000 ,6.593 €/m²,Lucas Fox Barcelona, Ref.: BCN23663 ,3,Segunda mano/buen estado,1,Piso en venta en L'Antiga Esquerra de l'Eixample,http://idealista.com/inmueble/90831126/
2,2016,  Esta vivienda se encuentra en la primera planta de un edificio del siglo XIX completamente renovado en una ubicación insuperable en el centro histórico de Barcelona. Este exquisito inmueble se encuentra a solo 15 minutos a pie del Port Vell el recién reformado puerto deportivo de lujo y de las playas de La Barceloneta.   En esta primera planta hay solo dos pisos. Este en concreto ofrece una superficie construida de 115 m² con techos altos de 4 metros y cuenta con 2 dormitorios dobles con 2 cuartos de baño completos.   La zona de día consta de un espacio de planta abierta de 48 m² que combina el salón el comedor y la cocina. Gracias a sus amplios ventanales y al balcón toda la vivienda goza de una fantástica luz natural.   El piso de esta promoción del 2016 fue diseñado por los prestigiosos arquitectos de Lagula Arquitectes que combi... ,1,56,null,null,null,116,null,Ciutat Vella,null,null,null,780.000 ,6.724 €/m²,Lucas Fox Barcelona, Ref.: BCN24980 ,2,Segunda mano/buen estado,1,Piso en venta en El Gòtic,http://idealista.com/inmueble/90657560/
4,1974,  Magnífica vivienda a reformar situada en la exclusiva zona de Pedralbes en la Zona Alta de Barcelona perfectamente comunicada con la Ronda de Dalt y la salida de Barcelona por la Diagonal. El piso goza de vistas a la ciudad y al jardín comunitario por el lado sureste mientras que por el otro lado tiene vistas a un jardín de 200 años de antigüedad.   El dúplex se encuentra en la segunda planta de un edificio de estilo racionalista ubicado en el complejo residencial de Les Escales Park diseñado por el reconocido arquitecto Josep Lluís Sert y premio FAD de arquitectura en 1974. Este complejo se completa con una piscina un jardín trasero y un jardín de 200 años de antigüedad con una gran calidad paisajística y situado lejos de la calle para alejarse del ruido.   Al entrar por la puerta principal nos recibe un práctico vestíbulo con arm... ,1,128,null,null,null,286,null,Les Corts,1,null,null,1.550.000 ,5.420 €/m²,Lucas Fox Barcelona, Ref.: BCN24847 ,5,Segunda mano/para reformar,1,Piso en venta en Pedralbes,http://idealista.com/inmueble/90625847/
4,2012,  Este maravilloso piso se ubica en Pedralbes en un moderno edificio de obra vista situado en uno de los barrios más exclusivos de Barcelona. &nbsp;La vivienda con orientación a tres vientos se encuentra en perfecto estado.   La finca data de 2012 y dispone de una zona comunitaria ajardinada con piscina una elegante portería espacios comunes (por ej. una sala de reuniones o juegos) servicio de conserjería vigilancia nocturna y dos ascensores (uno de ellos de servicio). La vivienda dispone de tres plazas de aparcamiento y un trastero de 1625 m².   Al entrar por la puerta principal nos recibe un práctico vestíbulo con armario que conduce a un amplio salón-comedor el cual es una estancia muy acogedora gracias al suelo de parqué y a los grandes ventanales que permiten la entrada de abundante luz natural. Desde el salón salimos a una ... ,1,0,null,null,null,207,null,Les Corts,1,null,null,1.700.000 ,8.213 €/m²,Lucas Fox Barcelona, Ref.: BCN24848 ,4,Segunda mano/buen estado,1,Piso en venta en Pedralbes,http://idealista.com/inmueble/90583152/
5,1979,  El piso de 345 m² se sitúa en un edificio de obra vista de 1979 con un vestíbulo elegante y servicio de portería así como una entrada independiente para el servicio. Se ubica en el elegante barrio de Tres Torres muy bien comunicado y muy próximo a varios colegios internacionales y a todos los servicios.   El piso a reformar ofrece un gran potencial para adecuarlo al estilo individual de cada cliente. Actualmente dispone de suelos de roble macizo en la zona de día y moqueta en la zona de noche puertas de madera persianas manuales aire acondicionado y calefacción por conductos una cocina muy amplia con isla central y despensa caldera individual para agua caliente descalcificadora y sistema de ósmosis.   Accedemos a la vivienda por un amplio recibidor que se abre al salón-comedor a tres ambientes que resulta muy espacioso y solea... ,1,183,null,null,null,351,null,Sarrià-Sant Gervasi,1,null,null,2.300.000 ,6.553 €/m²,Lucas Fox Barcelona, Ref.: BCN24619 ,6,Segunda mano/para reformar,1,Piso en venta en Les Tres Torres,http://idealista.com/inmueble/90571031/
5,2001, Esta moderna casa en venta se ubica en un lugar aislado en el envidiable distrito de Pedralbes de Barcelona.   Construida en 2001 la casa cuenta con jardín piscina y aparcamiento privado y se encuentra a poca distancia de algunos de los mejores colegios internacionales de Barcelona.   La vivienda se distribuye en 3 plantas y tiene un total de 5 dormitorios (incluyendo el dormitorio del servicio) 5 baños una cocina un salón un lavadero y una terraza en la azotea con unas vistas espectaculares de la ciudad y del mar.   Al entrar a la vivienda encontramos la zona de día que consta de un amplio salón-comedor con acceso al jardín con piscina una gran cocina un baño de cortesía y una zona de servicio con dormitorio y baño completo.   En la primera planta hay 3 dormitorios dobles 2 de ellos con cuarto de baño privado vestidor y acceso a una terraza. La planta superior acoge un impresionante dormitorio de 60 m2 con chimenea vestidor y cuarto de baño privado. Esta última planta da salida también a una gran terraza de unos 60 m2 aproximadamente con excelentes vistas a toda la ciudad.   Sin duda una vivienda de lujo en la zona más prestigiosa de Barcelona. ,null,0,null,null,null,340,null,Les Corts,1,null,null,2.060.000 ,6.059 €/m²,Lucas Fox Barcelona, Ref.: LFS2992 ,5,Segunda mano/buen estado,1,Casa o chalet en venta en Pedralbes,http://idealista.com/inmueble/90536761/
3,1966, Se trata de una de las mejores viviendas en venta en la zona actualmente.   Al entrar al piso encontramos un gran salón-comedor con acceso directo a cocina office lavadero y dormitorio para el servicio.   Por otro lado la zona de noche dispone de dos suites que comparten un baño completo y una tercera gran suite con baño ducha y doble vestidor.   En la parte superior hay un gran espacio diáfano con chimenea y zona de estar con acceso a terraza. Este nivel también se compone de un dormitorio/despacho y de un pequeño office con fregadero nevera y un baño. Esta planta ofrece acceso directo a zona de piscina y solárium.   Cabe destacar que la vivienda consta de dos terrazas y de una plaza de aparcamiento en la misma finca.   No dude en ponerse en contacto con nosotros para concertar una visita. ,1,0,null,null,null,375,null,Sarrià-Sant Gervasi,1,null,null,2.150.000 ,5.733 €/m²,Lucas Fox Barcelona, Ref.: BCN24679 ,4,Segunda mano/para reformar,1,Ático en venta en Les Tres Torres,http://idealista.com/inmueble/90468664/
3,1900,  Esta fantástica casa adosada de origen colonial se encuentra en un pasaje peatonal y seguro cerca de todos los servicios.   La vivienda tiene unas dimensiones de 280 m² y se sitúa en una parcela de 400 m². Como si de una casa de estilo inglés se tratara para acceder a ella atravesaremos un encantador porche de entrada con una escalera de cuatro peldaños. Este porche nos separa del pasaje ya de por sí privado y tranquilo.   La casa en total nos ofrece cinco dormitorios y tres baños completos dos espacios polivalentes una zona de aguas y salón-comedor con cocina semiabierta. Además cuenta con un jardín una terraza y una zona de solárium. Se distribuye de la siguiente manera:   En la planta baja encontramos dos dormitorios dobles un baño completo un gran salón-comedor de 50 m² con chimenea central y una cocina semiabierta al salón... ,null,0,null,null,null,248,null,Sarrià-Sant Gervasi,null,null,null,1.950.000 ,7.863 €/m²,Lucas Fox Barcelona, Ref.: BCN8554 ,5,Segunda mano/buen estado,1,Casa o chalet en venta en El Putxet i el Farró,http://idealista.com/inmueble/90409073/
3,1900,  Espectacular piso en venta con licencia turística con 5 dormitorios dobles y 3 baños completos en una finca clásica en la mejor localización turística de la ciudad con vistas a la plaza Catalunya.   En una localización inmejorable y en una calle de prestigio como Rambla Catalunya encontramos esta espectacular oportunidad de inversión. El piso tiene vistas abiertas a la plaza Catalunya y al centro de la ciudad. Dispone de todos los servicios de transporte público (metro aerobús tren autobuses) restaurantes y ocio y está cerca de la mayoría de las atracciones turísticas de la ciudad.   El piso se encuentra en la quinta planta de un edificio clásico en muy buen estado de conservación con una entrada amplia y señorial servicio de conserjería y ascensor.   El piso disfruta de una distribución única con las 7 estancias principales to... ,1,0,null,null,null,213,null,Eixample,null,null,null,1.798.000 ,8.441 €/m²,Lucas Fox Barcelona, Ref.: BCN24647 ,5,Segunda mano/buen estado,null,Piso en venta en La Dreta de l'Eixample,http://idealista.com/inmueble/90409072/
2,2018,  PatrimoniaPREMIUM tiene el placer de presentarles este espectacular piso reformado con jardín y piscina privada LISTO PARA ENTRAR A VIVIR en el corazón del Putxet.  Un excepcional bombón único en su zona. Tiene una bonita vista des de un punto del salón al Tibidabo.   VEA EL TOUR VIRTUAL para hacerse una idea mejor.  El bajos a 2 vientos está distribuido en dos plantas: En planta piso encontramos 103m2 distribuidos en: - Salón comedor de 25m2 con glorieta 3 ventanales con vistas al jardín y des de la mesa del comedor al tibidabo. - Moderna Cocina independiente SANTOS completamente equipada reformada hace 2 años en forma de L que da al lavadero. - 1 Suite (con ventana a calle) con baño reformado hace 2 años con plato de ducha - 1 Dormitorio doble con (ventanal a calle) - 1 Dormitorio individual con ventilación a patio interior. - 1 bañ... ,1,0,0,Gas natural,null,207,103,El Putxet i el Farró,null,778.000 € ,3,755.000 ,3.647 €/m²,PatrimoniaPREMIUM.com, Ref.: P_HURT ,3,Segunda mano/buen estado,1,Piso en venta en hurtado 7,http://idealista.com/inmueble/90311630/
4,1978,  Excelente vivienda pasante en elegante edificio de ladrillo visto de planta rectangular. La finca dispone de dos ascensores y servicio de portería con conserje. También se incluyen dos plazas de aparcamiento (ambas grandes y de fácil acceso) y un cuarto trastero. La propiedad se encuentra en uno de las mejores zonas de la Zona Alta un oasis en medio de la ciudad que se encuentra cercana a todo y a la vez tranquila silenciosa y aireada sin apenas circulación de tráfico. Está cerca del transporte público y tiene una buena conexión con toda la ciudad.   El piso tiene una superficie construida de 251 m² más una terraza de 25 m² a lo largo de todo el salón.   Al acceder a la vivienda por la puerta principal encontramos un amplio recibidor que separa la zona de día (a fachada) de la zona de noche (contrafachada). La cocina se encuentra p... ,1,93,null,null,null,264,null,Sarrià-Sant Gervasi,1,null,null,1.630.000 ,6.174 €/m²,Lucas Fox Barcelona, Ref.: BCN24201 ,5,Segunda mano/para reformar,1,Piso en venta en Sant Gervasi - Galvany,http://idealista.com/inmueble/90237270/
2,1970,  ¡VISITA VIRTUAL DISPONIBLE! Proddigia tiene el placer de presentarles este precioso piso que se sitúa en una segunda planta y que cuenta con una superficie de 125m2 perfectamente aprovechados donde encontramos 5 habitaciones 2 baños completos un amplio patio interior y una pequeña terraza. El piso está en perfecto estado ya que el piso fue reformado integralmente hace menos de 3 años con materiales de primeras calidades.&nbsp; La distribución fue pensada para que la amplitud y comodidad fueran dos de las características más destacadas ya que al entrar al piso tenemos una primera zona de noche donde hay 3 habitaciones y un baño completo. Dos de estas habitaciones tienen cama doble y la otra es individual.&nbsp; Continuando por el pasillo llegamos a la zona de día y la principal de la casa donde encontramos la amplia y bonita cocina ame... ,1,0,null,null,null,125,120,La Marina del Port,null,440.000 € ,14,380.000 ,3.040 €/m²,Proddigia, Ref.: 8964 ,5,null,1,Piso en venta en paseo de la Zona Franca,http://idealista.com/inmueble/90229592/