bathrooms,constructed_year,description,elevator,energetic_qualification_kWhm2_año,floor,heater_system,its_new,m2_build,m2_useful,neighbourhood,parking,price_down_euro,price_down_percentage,price_euro,price_m2,real_estate,ref,rooms,status,terrace,title,link
1,1900, Piso en excelente ubicación para que pueda disfrutar dejándolo a su gusto de 52 m2.  Actualmente el piso esta para reformar las fotos que le ofrecemos en el anuncio son virtuales. Disponemos de proyecto de reforma valorado. (La reforma no esta incluida en el precio de venta de la propiedad).  Podemos ofrecer financiación para la compra y la reforma en función de su calificación financiera.  Muy bien comunicado con transporte publico a tan solo 15 minutos de la estación de Sants y 30 del Aeropuerto del Prat metro L1 estación Urgell a 2 minutos andando. Todos los servicios a mano. Muy céntrico a 15 minutos de Plaça Catalunya Rambla Catalunya Passeig de Gràcia a 10 minutos de plaza Universidad y a tan solo 2 minutos de Gran Via de Les Corts Catalanes. ,0,199,1,null,null,52,45,La Nova Esquerra de l'Eixample,null,null,null,290.000 ,5.577 €/m²,Joan Gurgui Gual, Ref.: 3451-02069 ,2,Segunda mano/para reformar,null,Piso en venta en calle del Comte d'Urgell,http://idealista.com/inmueble/91391400/
1,1964, Piso exterior totalemente reformado recientemente en una 6ª planta súper luminoso y con vistas hacia el Tibidabo y hacia el Mar. Con un total de 84m2 construidos según el catastro de los que 74 son útiles que están distribuidos en 2 habitaciones (1 doble) amplio salon 1 baño generoso en tamaño. La propiedad dispone de aire acondicionado con bomba de calor. Este estupendo piso esta ubicado en una de las mejores zonas de Barcelona dispone a pocos metros de los mejores centros médicos colegios supermercados restaurantes trasnporte público parques y otros. El piso no tiene parking pero a 40m de la finca dispone de parking con plazas disponibles. Contactanos. ,1,191,6,Bomba de frío/calor,null,84,70,Sant Gervasi - La Bonanova,null,350.000 € ,6,330.000 ,3.929 €/m²,"OMEGA HOUSE, S. L.", Ref.: V134VL ,2,Segunda mano/buen estado,null,Piso en venta en paseo de Sant Gervasi s/n,http://idealista.com/inmueble/88645122/
1,1967, PASSEIG JOSEP CARNER VILA- VILA PISO EN VENTA DE TRES HABITACIONES TOTALMENTE EXTERIOR. Piso de tres habitaciones (una de ellas es doble) salón baño con plato de ducha y cocina con armarios a dos niveles. Vivienda en excelente estado totalmente exterior a calle muy soleado y con muy buena distribución sin espacios perdidos Suelo de parquet ventanas de aluminio y bomba de frío y calor. Se pueden aparcar vehículos dentro del recinto de la finca Desde la vivienda tenemos vistas del Funicular y del puerto. ( El PVP indicado no incluye impuestos ni gastos de Escritura ). ,0,0,2,Gas natural,null,68,null,El Poble Sec - Parc de Montjuïc,null,null,null,167.000 ,2.456 €/m²,Aureli Sanchez, Ref.: poblaERICK ,3,Segunda mano/buen estado,null,Piso en venta en paseo Josep Carner,http://idealista.com/inmueble/91646270/
2,1900, Piso reformado en venta al lado de Passeig de Gràcia En una ubicación privilegiada entre Rambla de Cataluña Paseo de Gracia y la Avenida Diagonal encontramos esta espectacular finca regia de principios de siglo. Rodeada de todos los servicios y comercios de la zona de los mejores restaurantes boutiques y hoteles de la ciudad.  Reformada recientemente con todo lujo de detalles y manteniendo perfectamente rehabilitados todos los detalles originales como sus bonitas vidrieras magníficos suelos hidráulicos sus maravillosos techos artesonados carpinterías. &nbsp;  La vivienda consta de: Cocina semi-abierta completamente equipada un bonito espacio de salón-comedor con maravillosa galería a patio de manzana típico del Eixample Barcelonés tres dormitorios (uno de ellos en suite) y dos baños.  Tiene aire acondicionado por conductos frío-calor y una bonita chimenea de gas.  La finca dispone de servicio de conserjería. ,1,288,2,Eléctrica,null,106,95,La Dreta de l'Eixample,null,null,null,880.000 ,8.302 €/m²,aProperties Real Estate Barcelona, Ref.: VB1811035-5 ,3,Segunda mano/buen estado,null,Piso en venta en calle del Rosselló,http://idealista.com/inmueble/91644147/
1,null, NUVEC PRESENTA: Inmueble situado en calle Aragó con padilla  Se distribuye en 80 metros cuadrados compuesto por 3 habitaciones de las cuales 2 son dobles y una individual salón comedor cocina y baño completo el inmueble dispone de muchas posibilidades ya que todo es tabique y te permite redistribuir el inmueble a tu gusto.   En uno de los mejores barrios el ensanche derecho muy cercano a la Sagrada Familia encontramos este espectacular piso muy cercano al transporte público se encuentra muy bien comunicado a pocos metros de la estación de Encants estacion de autobuses taxi y bicing. Tambien cuentas con supermercados cercanos y multitud de servicios como hospitales comercios colegios universidades y zonas infantiles.  No dude en venir a verlo. ,1,0,2,Eléctrica,null,80,null,La Sagrada Família,null,null,null,245.000 ,3.062 €/m²,NUVEC, Ref.: VM-5915 ,3,Segunda mano/buen estado,null,Piso en venta en calle d'Aragó,http://idealista.com/inmueble/91626673/
2,1940, Piso reformado en venta en l’Eixample Esquerra En una calle de un solo carril y muy tranquila en l’Esquerra de l’Eixample a pocos metros del Hospital Clínic encontramos este piso recién reformado en una finca regia con ascensor.  La vivienda de 75m² ha sido reformada con mucho gusto conservando los elementos típicos de la época como los suelos hidráulicos restaurados los techos de Volta Catalana recuperados y la paredes de obra vista.  Actualmente goza de una cocina abierta al salón comedor tres dormitorios dobles de los cuales uno es en suite dos exteriores a calle y el tercero orientado a interior de isla. Además tiene un segundo baño completo y una pequeña zona de aguas independiente. Todas las piezas son muy luminosas por estar orientado a Tarragona.  Es una magnífica oportunidad de vivir en una zona muy demandada por estar rodeada de comercios servicios y muy bien comunicada por el transporte público. ,1,99,3,Eléctrica,null,75,null,La Nova Esquerra de l'Eixample,null,null,null,518.000 ,6.907 €/m²,aProperties Real Estate Barcelona, Ref.: VB1807030-5 ,3,Segunda mano/buen estado,null,Piso en venta en calle del Comte Borrell,http://idealista.com/inmueble/91626445/
1,2019, Piso en finca esquinera en Francesc Macià En una finca rehabilitada en el 2013 y&nbsp; con las zonas comunes reformadas &nbsp;situada en una zona Premium como es Francesc Macià tocando a la emblemática Avenida Diagonal y orientado a SE encontramos esta magnífica vivienda en muy buen estado de 83m².  El piso consta de un luminoso salón comedor con acceso a una terraza de unos 8m2 una cocina con office un dormitorio doble con vestidor y acceso a pequeño balcón cerrado un baño y un despacho. Está situada en un noveno real y por su buena orientación goza de muchísima luz.  La finca está rehabilitada por completo y ofrece la posibilidad de comprar varias viviendas a reformar de entre 83m² y 98m² con tres dormitorios y un baño. La construcción por pilares permite variar por completo las distribuciones actuales y adecuar cada piso a las diferentes necesidades de cada usuario final. ,1,94,7,Eléctrica,null,83,73,L'Antiga Esquerra de l'Eixample,null,null,null,470.000 ,5.663 €/m²,aProperties Real Estate Barcelona, Ref.: VB2010005-1 ,1,Segunda mano/buen estado,1,Piso en venta en avenida de Josep Tarradellas,http://idealista.com/inmueble/91613038/
3,1991,  Fenomenal casa en Les Corts  Housfy de particular a particular y sin comisiones de agencia.  Esther vende su casa directamente del propietario en Les Corts Barcelona perfecta para familias o parejas que busquen un lugar cómodo para su día a día.  Sus 153 m2 están perfectamente distribuidos creando un espacio cómodo para el día a día.  Características:  - Admirable casa de 153 m2 en La Maternitat i Sant Ramon. (Los metros cuadrados están verificados con la Dirección General de Catastro) - Esta vivienda cuenta con 5 habitaciones y 3 baños . - Práctico salón-comedor que es un lugar perfecto para descansar tras una jornada de trabajo creando un precioso y único espacio. - Disfruta de la opción de armario empotrado. - Aire acondicionado y calefacción para todas las estaciones del año. - Esta casa cuenta también con un trastero. - Exter... ,null,145,null,null,null,234,null,La Maternitat i Sant Ramon,1,null,null,850.000 ,3.632 €/m²,Housfy Real Estate CAT, Ref.: 307390 ,5,Segunda mano/buen estado,1,Casa o chalet en venta en Passatge de Xile s/n,http://idealista.com/inmueble/91612612/
2,1973,  Estupendo piso en Sant Martí  Housfy sin comisiones de inmobiliaria.  ANA GLORIA vende su piso directamente del propietario en Sant Martí Barcelona perfecto para familias o parejas que busquen un lugar cómodo para su día a día. Este espléndido piso fue construido en el año 1973 en Sant Martí. Consta de 124 m²  Características: - Fantástico piso de 124 m²2 en El Parc i la Llacuna del Poblenou frente al Parque de la Ciudadela. (Los metros cuadrados están verificados con la Dirección General de Catastro) - Vivienda tipo dúplex invertido donde en la planta de entrada se encuentra el comedor la cocina y el aseo; en la planta inferior está la zona de noche donde encontramos los tres dormitorios y el baño completo. - Dispone de salida exterior desde el comedor con vistas al Parc de la Ciutadella. - La vivienda es totalmente exterior y mu... ,1,94,1,null,null,124,null,La Vila Olímpica del Poblenou,null,null,null,450.000 ,3.629 €/m²,Housfy Real Estate CAT, Ref.: 305384 ,3,Segunda mano/buen estado,1,Piso en venta en calle de Wellington 50,http://idealista.com/inmueble/91605016/
1,1980, Bonita vivienda situada junto la Plaça del Sol Baix y calle Fígols. Este inmueble dispone de 3 estancias exteriores a calle y sus 78 m2 sin pasillos se distribuyen en 3 dormitorios ( 2 dobles) baño completo amplia cocina independiente con acceso a galería y salón comedor. Tiene carpintería de aluminio suelo de parquet calefacción de gas por slip y aire acondicionado por conductos. La finca de obra vista del año 1980 dispone de 2 ascensores y no tiene barreras arquitectónicas. La situación del inmueble es perfecta a 2 minutos del metro de les Corts y del mercado rodeada de todo tipo de servicios comercios colegios y jardines. La convierten en una vivienda ideal para residencia habitual.    IMPUESTOS DERIVADOS DE LA COMPRA VENTA NO ESTÁN INCLUIDOS EN EL PRECIO. ,1,0,1,Gas natural,null,78,null,Les Corts,null,null,null,329.000 ,4.218 €/m²,Cambra de la Propietat Urbana de Barcelona, Ref.: 587v ,3,Segunda mano/buen estado,null,Piso en venta en calle de Lluçà,http://idealista.com/inmueble/91603133/
1,null, ZONA MATERNITAT  Se encuentra en una 3ª planta con ascensor.  Piso de 60m² cuenta con 3 habitaciones 1 doble y 2 individuales que son de tamaño medianas lavabo de 3 piezas con plato de ducha cuenta con cocina independiente del salón- comedor y salida desde el mismo a un balcón amplio.  Dispone de suelos de parquet y cuenta con mucha luz natural.  A pocos minutos del estadio de futbol Camp Nou. Con todo tipo de servicios y comercios cerca. Dispone de transporte público muy bien conectado con todo Barcelona (L5 azul y L9 naranja que conecta con el aeropuerto) y varias líneas de autobuses.   No dude en contactarnos para más información.  Solicita asesoramiento financiero para tramitar tu hipoteca sin compromiso disponemos de los mejores especialistas para ayudarte en todo el proceso.  Por otro lado si está pensando en vender su vivienda contacte con nosotros para una valoración profesional y gratuita. ,1,121,3,null,null,60,null,La Maternitat i Sant Ramon,null,null,null,260.000 ,4.333 €/m²,La Casa Agency, Ref.: HOSTAFRANCS ,3,Segunda mano/buen estado,null,Piso en venta en calle d'Arizala s/n,http://idealista.com/inmueble/91583100/
1,1920,  Estupendo piso con terraza en Eixample  De particular a particular.  Manel vende su piso de particular a particular en Eixample Barcelona una vivienda luminosa y ubicada en un entorno idóneo para disfrutarlo. Este piso fue construido en el año 1920 en Eixample. Consta de 64 m2.  Detalles del inmueble:  - Perfecto piso de 64 m2 en La Sagrada Família. (Los metros cuadrados están verificados con la Dirección General de Catastro) - La vivienda dispone de 2 habitaciones y 1 baño perfecto para una familia. - Funcional salón con amplio espacio de luz natural creando un precioso y único espacio. - Exterior. - Con una práctica cocina. - Terraza COMUNITARIA. - Muy bien comunicado muy cerca paradas de transporte público. - Los gastos de la compraventa del inmueble corren a cargo del comprador.  La localización de este piso está localizado en ... ,0,0,1,null,null,64,50,La Sagrada Família,null,null,null,169.000 ,2.641 €/m²,Housfy Real Estate CAT, Ref.: 269794 ,2,Segunda mano/buen estado,null,Piso en venta en Passatge de Vilaret 40,http://idealista.com/inmueble/91591285/
1,1921,  Vivienda para reformar en finca centenaria en uno de los barrios más carismáticos y con mayor florecimiento de Barcelona. Se trata de un piso de 66m² construidos situado en la tercera (y última) planta del edificio y con sólo dos vecinos por rellano. Su ubicación y distribución le permiten perfecta ventilación y máxima entrada de luz natural a cualquier hora del día puesto que además se trata de un apartamento totalmente exterior con aberturas y salidas a balcones en dos fachadas de la finca una de ellas sobre una calle peatonal. La disposición de las piezas favorece el aprovechamiento del espacio en la actualidad presenta dos habitaciones holgadas pequeño pasillo salón-comedor cocina independiente y amplio cuarto de baño. Aunque la vivienda necesita una reforma ésta permite aprovechar completamente la distribución. La vivienda... ,0,306,3,null,null,66,57,El Camp de l'Arpa del Clot,null,215.000 € ,7,200.000 ,3.030 €/m²,dept. comercial, Ref.: bz302 ,2,Segunda mano/buen estado,1,Piso en venta en calle Industria 302,http://idealista.com/inmueble/91574639/
3,1969, Este piso se caracteriza por tener una buena distribución y estructura contando con 270m2 construidos y 210m2 útiles.   Al entrar a la vivienda podrás encontrar un precioso recibidor con acceso a todas las estancias del inmueble el cual cuenta con 5 amplias habitaciones y tres baños completos.   El salón-comedor tiene mucha luminosidad muy amplio y con acceso directo a la hermosa terraza ideal para desayunar o para tomar un café por las tardes. La cocina es muy grande por lo que disfrutarás de cocinar en familia.    Está ubicado en la primera planta de una finca de 1969 con ascensor y con vigilancia.   Alrededor de la finca como queda en la misma Avenida Diagonal encontrarás de muy fácil acceso el transporte público a través de autobuses. Tiene a pocos pasos el centro comercial L’Illa restaurantes bares supermercados bancos escuelas áreas verdes etc.   Posibilidad de negociar plaza de parking.  Es ideal para una familia grande. ¡Contáctanos! ,1,186,1,Gas natural,null,270,210,La Dreta de l'Eixample,null,null,null,1.050.000 ,3.889 €/m²,Sellfree Estate, Ref.: SF413 ,5,Segunda mano/buen estado,1,Piso en venta en avenida Diagonal,http://idealista.com/inmueble/91574364/
3,1982, GOLDEN SQUARE PRESENTA: magnífica vivienda ubicada en el prestigioso y tranquilo barrio de Pedralbes. Con todas sus estancias exteriores y disfrutando de sol de mañana y de tarde. De superfície 170 m2 construidos se distribuye en zona de día con un amplio salón comedor de casi 40 m2 orientado al sureste y con acceso a una agradable terraza de 10 m2. Amplia cocina exterior con vistas a Collserola y zona office unida a una estancia para lavadora plancha etc un aseo y la entrada de servicio. La zona de noche goza de 4 dormitorios dobles todos dobles donde 3 de ellos comparten un baño completo y otro es suite con vestidor y baño completo privado.  La finca está en perfecto estado con una bonita entrada ajardinada a su alrededor. Dispone de conserje de ascensor principal y de servicio.  En el precio de la vivienda están incluidas 2 plazas muy amplias de parking además de un trastero.  Una propiedad con una excelente distribución y grandes posibilidades de reforma donde además lo que nunca faltará es luz natural.  Producto Apialia. ,1,146,5,Bomba de frío/calor,null,170,150,Pedralbes,1,null,null,1.250.000 ,7.353 €/m²,Golden Square Barcelona Consultors Immobiliaris, Ref.: AP-RES-983-137-20 ,4,Segunda mano/para reformar,1,Piso en venta en calle dels Cavallers 65,http://idealista.com/inmueble/91569661/
1,1930,  Piso 79m2. 2 habitaciones mas despacho salón cocina calefacción a gas por radiadores aire acondicionado patio de 14m2 Orientación Noroeste (para reformar)  Barcelona Municipio y ciudad de España Superficie 10215 km² Población 1 620 809 hab. (2017) • Densidad 15 86695 hab./km² Gentilicio Barcelonés -esa o barcinonense3 (poético) Código postal 08001-08042 Pref. telefónico (+34) 93 Presupuesto 2 550 000 000 €4 (año 2015) Patrona Santa Eulalia (ciudad) Virgen de la Merced (diócesis) Barcelona es una ciudad española capital de la comunidad autónoma de Cataluña de la comarca del Barcelonés y de la provincia homónima. Con una población de 1 620 809 habitantes en 20175 es la segunda ciudad más poblada de España después de Madrid y la undécima de la Unión Europea. El área metropolitana de Barcelona incluida en el ámbito metropolit... ,1,200,1,Gas natural,null,79,70,La Sagrada Família,null,320.000 € ,7,299.000 ,3.785 €/m²,GOLDMARK, Ref.: PISO0055 ,2,Segunda mano/para reformar,1,Piso en venta en calle de Sant Antoni Maria Claret 204,http://idealista.com/inmueble/91517695/
2,1955, Piso en venta en Galileu junto a la Diagonal Piso recién reformado para entrar a vivir. Consta de un gran salón y tres habitaciones. Una de ellas doble y las otras dos individuales. Dos baños completos. Cocina independiente. Los suelos son de parque y calefacción por radiadores. El cerramiento de aluminio con doble acristalamiento aislante térmico y acústico climalit. La finca esta recién reformada y dispone de conserje. La situación es inmejorable. Junto a la Diagonal y Corte Ingles. Tenemos todo tipo de comercios y servicios de transporte. ,1,100,1,Gas natural,null,85,null,Les Corts,null,null,null,449.000 ,5.282 €/m²,aProperties Real Estate Barcelona, Ref.: VB2001017-5 ,3,Segunda mano/buen estado,null,Piso en venta en calle de Galileu,http://idealista.com/inmueble/91390430/
1,1963, Piso a reformar en Capitán Arenas Piso a la venta en el distrito de Sarrià con excelente ubicación a escasos minutos de la Av. Diagonal (Zona María Cristina) muy próximo a l’Illa Diagonal y a la Plaça de Francesc Macià. Es exterior soleado y luminoso con vistas despejadas a la calle Capitán Arenas sexta planta de altura en finca del año 1963 con ascensor y servicio de conserjería. La vivienda se encuentra a reformar en su totalidad. Tiene una superficie de 63m². Actualmente se distribuye en salón comedor 3 dormitorios que comparten 1 baño competo cocina y recibidor.  &nbsp;. ,1,100,6,Gas natural,null,69,null,Pedralbes,null,null,null,425.000 ,6.159 €/m²,aProperties Real Estate Barcelona, Ref.: VB1912033-6 ,3,Segunda mano/para reformar,null,Piso en venta en calle del Capità Arenas,http://idealista.com/inmueble/91250028/
2,1900, Piso en venta en el centro de Barcelona Ubicado en una de las mejores zonas de Barcelona rodeado de comercios a un paso de la emblemática Rambla de Cataluña y con una comunicación excelente encontramos esta bonita propiedad de 130m2 aproximadamente. Cuenta con zona de noche y zona de día. &nbsp;La zona de día tiene un amplio salón que da a la calle Balmes. Tiene doble cristal y está totalmente insonorizado lo que lo hace muy agradable y acogedor y cocina totalmente equipada.  La zona de noche cuenta con una habitación en suite armarios placa de ducha y una galería que hace de vestidor. Da hacia un patio de l’Eixample que es muy tranquilo y silencioso. El segundo dormitorio es doble y muy espacioso cuenta con varios armarios ya que su orientación es interior al patio de l’Eixample. La tercera habitación actualmente es un despacho es individual e interior. Cuenta con otro baño completo con plato de ducha.  El piso tiene aire acondicionado y calefacción. La finca cuenta con ascensor y es piso único por planta. ,1,100,1,Gas natural,null,129,null,La Dreta de l'Eixample,null,null,null,745.000 ,5.775 €/m²,aProperties Real Estate Barcelona, Ref.: VB1910035-5 ,3,Segunda mano/buen estado,null,Piso en venta en calle de Balmes,http://idealista.com/inmueble/91250020/
4,1940, Piso en venta en Avinguda Diagonal Barcelona Ubicada en Avinguda Diagonal una de las zonas más nobles&nbsp; de Barcelona encontramos esta exclusiva propiedad de&nbsp;220m² que por sus características y localización es una pieza única y exquisita. Se encuentra a pocos metros de Rambla de Catalunya y Passeig de Gràcia rodeada de prestigiosas tiendas y muy bien comunicada. Es un piso alto con orientación sur y tiene los techos altos y suelos de auténtico&nbsp; parqué de espiga. En la zona de día&nbsp; encontramos&nbsp; un luminoso y espacioso salón-comedor con vistas a la Avda. Diagonal cocina office totalmente equipada un cuarto de plancha y habitación de servicio con su baño. En la zona de noche hay&nbsp; cuatro&nbsp;habitaciones dobles una de ellas con salida a &nbsp;terraza y tres&nbsp; baños completos. Todo ello con acabados de gran calidad. Dispone de calefacción y aire acondicionado. Completa esta magnífica vivienda señorial una plaza de parking en una finca cercana y servicio de conserjería. Oportunidad excepcional de adquirir este elegante piso en una de las avenidas más importantes de la ciudad. ,1,155,5,Gas natural,null,220,null,Sant Gervasi - Galvany,1,null,null,1.100.000 ,5.000 €/m²,aProperties Real Estate Barcelona, Ref.: VB1903007-5 ,5,Segunda mano/buen estado,1,Piso en venta en avenida Diagonal,http://idealista.com/inmueble/91249878/
2,1850,  Maravilloso piso en Ciutat Vella.  VILAFANT FUTUR SL vende su piso de particular a particular en Ciutat Vella Barcelona una vivienda luminosa y ubicada en un entorno idóneo para disfrutarlo. Construido en el año 1850 con vistas a la montaña en Ciutat Vella. El fantástico piso está formado por 85 m2 construidos. de terraza 26 m2 aprox  Detalles del inmueble:  - Fabuloso piso de 85m2 incluyendo terraza de 26m2 en El Raval.  - Terraza de 26m2 - En este piso encontraremos 2 habitaciones y 2 baños muy bien acomodadas. - Agradable comedor que te proporcionará el relax diario siendo además un espacio agradable estupendo para visitas de amigos y familiares. - Con una cocina con todo lo necesario. - Sistema de calefacción y aire acondicionado. - Los gastos a cargo de la compraventa del inmueble corren a cargo del comprador.  Sobre la loca... ,0,112,5,null,null,85,55,El Raval,null,null,null,239.000 ,2.812 €/m²,Housfy Real Estate CAT, Ref.: 200715 ,2,Segunda mano/buen estado,null,Piso en venta en calle de l'Aurora 12,http://idealista.com/inmueble/91249857/
2,1975,  Fantástico piso en Sant Martí  Housfy de particular a particular y sin comisiones de agencia.  Montserrat vende su piso directamente del propietario en Sant Martí Barcelona perfecto para familias o parejas que busquen un lugar cómodo para su día a día.  Este piso fue construido en el año 1975 en Barcelona. El perfecto piso está formado por 86 m2 construidos.  Detalles del inmueble:  - Estupendo piso de 86 m2 en El Clot. (Los metros cuadrados están verificados con la Dirección General de Catastro) - Podemos disfrutar de 4 habitaciones y 2 baños para familias completas. - Cálido salón que es un lugar perfecto para descansar tras una jornada de trabajo siendo además un espacio agradable estupendo para visitas de amigos y familiares. - Exterior. - Puerta blindada. - Con una cocina en buen estado. equipada con lo necesario para el día ... ,1,126,5,null,null,86,null,El Clot,null,null,null,339.000 ,3.942 €/m²,Housfy Real Estate CAT, Ref.: 290194 ,4,Segunda mano/buen estado,null,Piso en venta en calle de Lope de Vega 253,http://idealista.com/inmueble/91228483/
1,1936,  Estupendo piso en Poble Sec  Housfy la agencia inmobiliaria sin comisiones y con las mejores condiciones hipotecarias.  María vende su piso directamente del propietario en Poble Sec.  Características de la vivienda:   -Precioso piso exterior con una habitación doble un espacio diáfano con salón comedor y cocina y un baño completo. Reformado amueblado y con todos los electrodomésticos. Como nuevo. Impecable. Listo para entrar a vivir o para alquilar.  -Muy buena distribución. No tiene nada de pasillo así que los 48m2 están completamente aprovechados y da la sensación de ser más grande. -Piso tercero (cuarto real) en una finca regia reformada de seis alturas con ascensor. -Diseño moderno pero conservando elementos arquitectónicos originales como una pared de ladrillo visto y vigas y contraventanas de madera restauradas. Una combinac... ,1,193,3,null,null,48,null,El Poble Sec - Parc de Montjuïc,null,null,null,225.000 ,4.688 €/m²,Housfy Real Estate CAT, Ref.: 254934 ,1,Segunda mano/buen estado,1,Piso en venta en calle del Roser 26,http://idealista.com/inmueble/91224906/
1,null,  ¡AHORA PUEDES VISITAR ESTE PISO SIN MOVERTE DE TU CASA! Realiza nuestro tour virtual para empezar a conocer tu piso.   ¿Deseas vivir en un piso muy bien ubicado en Barcelona? Podemos cumplir tu deseo con esta excelente vivienda en Ronda Sant Antoni.  Una tercera planta real exterior a la que le podrás sacar mucho partido. El dormitorio principal de las cuatro habitaciones que dispone el piso cuenta además de la cama doble con un espacio anexo que podrás aprovechar para tu mayor confort. Además de la sala de estar con vistas a la calle el piso cuenta con un salón comedor una cocina equipada y un baño completo estancias ideales para invertir o vivir con tu familia con la mayor de las comodidades.   Por si fuera poco la ubicación es inmejorable y presume de extraordinarias comunicaciones con las principales líneas de autobús Bus Turís... ,1,0,2,null,null,84,null,El Raval,null,null,null,297.069 ,3.537 €/m²,REDPISO BARCELONA-SANT ANTONI, Ref.: RP207202074712 ,4,Segunda mano/buen estado,null,Piso en venta en ronda de Sant Antoni,http://idealista.com/inmueble/91203845/
2,1967,  Espléndido piso en Eixample  Housfy compraventa entre particulares. Sin comisiones.  Jordi vende su piso de particular a particular en Eixample Barcelona perfecto para familias o parejas que busquen un lugar cómodo para su día a día.  Este genial piso está formado por 94 m2 construidos.  Características:  - Espléndido piso de 94 m2 en La Sagrada Família. (Los metros cuadrados están verificados con la Dirección General de Catastro) - La vivienda dispone de 3 habitaciones y 2 baños perfecto para una familia. - Reforma de cocina y baños hace 5 años. - Agradable comedor amplio y luminoso un lugar perfecto para descansar en los ratos libres - Exterior. - Ascensor. - Este piso cuenta también con un útil trastero. - Con una útil cocina muy completa. - Se han realizado la derrama del terrado y se ha instalado doble puerta de entrada en la ... ,1,147,null,null,null,94,83,La Sagrada Família,null,null,null,389.000 ,4.138 €/m²,Housfy Real Estate CAT, Ref.: 296971 ,3,Segunda mano/buen estado,null,Piso en venta en calle del Rosselló 425,http://idealista.com/inmueble/91169024/
1,1893,  Maravilloso piso en Eixample  Compraventa entre particulares y sin comisiones con Housfy.  Paloma vende su piso directamente del propietario en Eixample Barcelona una vivienda luminosa y ubicada en un entorno idóneo para disfrutarlo. Con una distribución ideal para aprovechar al máximo sus 61 m2.  Detalles del inmueble:  - Fantástico piso de 61 m2 en Sant Antoni. (Los metros cuadrados están verificados con la Dirección General de Catastro) - Esta vivienda cuenta con 3 habitaciones y 1 baño perfecto para una familia. - Cómodo salón que te proporcionará el relax diario creando un precioso y único espacio. - Exterior. - Ascensor. - Con una ventajosa cocina. - Los gastos de la operación de compra son asumidos por el comprador.  La situación de este piso está localizado en Barcelona en la localidad de Barcelona. Con todos los servicios ... ,1,208,4,null,null,61,null,Sant Antoni,null,null,null,315.000 ,5.164 €/m²,Housfy Real Estate CAT, Ref.: 285200 ,3,Segunda mano/buen estado,null,Piso en venta en calle de Sepúlveda 103,http://idealista.com/inmueble/91148063/
1,1972,  Si lo que estás buscando es un piso con amplitud bien distribuido con buena luz y mucha tranquilidad esta es tu oportunidad.  Se vende piso alto ( 6to real) y luminoso en Barcelona en la zona de avenida paralelo cercana a la estatua de Colón. La vivienda consta de 3 habitaciones grandes amplias y luminosas con posibilidad de hacer una cuarta habitación Tiene un salón comedor luminoso y espacioso con salida al balcón con bonitas vistas. La vivienda tiene una cocina equipada con una galería y un baño totalmente equipado se entrega con muebles (de manera opcional) ideal para entrar a vivir tiene aire acondicionado y calefacción. La finca tiene ascensor con unas zonas comunes bien cuidadas. La vivienda tiene una plaza de parking a tan solo 3 calles del piso a negociar con la venta del inmueble. En la zona tenemos supermercados... ,1,121,5,Eléctrica,null,113,95,El Poble Sec - Parc de Montjuïc,1,430.000 € ,5,410.000 ,3.628 €/m²,Sellfree Estate, Ref.: SF381 ,3,Segunda mano/buen estado,null,Piso en venta en avenida del Paralelo,http://idealista.com/inmueble/91145043/