bathrooms,constructed_year,description,elevator,energetic_qualification_kWhm2_año,floor,heater_system,its_new,m2_build,m2_useful,neighbourhood,parking,price_down_euro,price_down_percentage,price_euro,price_m2,real_estate,ref,rooms,status,terrace,title,link
2,1970, En pleno Eixample Izquierdo y cerca de la estación de Sants del parque Joan Miró y de plaza Espanya encontramos este magnífico ático reformado en 2015 con un encanto muy especial.   La vivienda ubicada en una finca de los años 70 se encuentra en una novena planta real. Ofrece dos terrazas privadas de 18 m² y 12 m² con unas vistas increíbles de la ciudad de Barcelona.   El piso tiene una superficie construida de 101 m² y dispone de tres dormitorios dos de ellos de tamaño medio y uno doble con un magnifico vestidor y baño privado.   La zona de día fusiona cocina comedor y salón en un mismo espacio donde predomina la luz natural y la comunicación con el exterior.   Además en una de las terrazas también encontramos una zona de aguas y trastero cubierto.   La madera de castaño está presente en toda la vivienda tanto en carpinterías exteriores como en el suelo interior de madera macizo y el entarimado de las terrazas.   La vivienda se ha diseñado con todo lujo de detalles muy funcional y con gran espacio de almacenaje puesto que todos los dormitorios disponen de armarios empotrados y librerías hechas a medida. ,1,0,null,null,null,116,null,Eixample,null,null,null,695.000 ,5.991 €/m²,Lucas Fox Barcelona, Ref.: BCN4638 ,3,Segunda mano/buen estado,1,Ático en venta en La Nova Esquerra de l'Eixample,http://idealista.com/inmueble/90345257/
2,1978, En una de las zonas más populares de la Zona Alta encontramos este piso&nbsp;perfecto completamente renovado de unos 140 m². La vivienda se caracteriza por la luminosidad que recibe del exterior gracias a dos terrazas y a su buena orientación.   El piso estaría dividido en tres estancias. La parte de la entrada ofrece el dormitorio principal con vestidor y baño propios. La misma dispone de salida directa a una de las terrazas de la vivienda.   Seguidamente encontramos el amplio y luminoso salón-comedor con salida a la misma terraza y una cocina abierta totalmente equipada. Dicha distribución potencia la sensación de amplitud del salón ya que aprovecha el espacio al máximo.   Para acabar encontramos dos dormitorios dobles que comparten un baño. Estas estancias dan al exterior y disfrutan de salida a una de las terrazas del piso.   Una vivienda acogedora reformada y con dos terrazas para disfrutar en compañía de sus seres queridos. Se presenta lista para entrar a vivir y poder gozar de las calidades que proporciona la Zona Alta.   Además el piso dispone de dos plazas de aparcamiento.   Póngase en contacto con nosotros para obtener más información o concertar una visita. ,1,121,null,null,null,155,null,Les Corts,1,null,null,940.000 ,6.065 €/m²,Lucas Fox Barcelona, Ref.: BCN24166 ,3,Segunda mano/buen estado,1,Piso en venta en Les Corts,http://idealista.com/inmueble/90304041/
6,1968,  En una de las mejores zonas de Barcelona encontramos este ático dúplex&nbsp;a reformar con excelente distribución: una oportunidad ideal para crear la vivienda familiar perfecta.   La vivienda dispone de dos entradas: acceso por la puerta de servicio y por la entrada principal. Gracias a ello la zona de día está bien diferenciada de la zona de noche.   La zona de día está compuesta por un vestíbulo que da a un dormitorio pequeño. Desde el vestíbulo también podemos pasar al salón-comedor una estancia que dispone de salida a una de las terrazas principales. En esta misma zona encontramos una cocina amplia con lavadero propio. La cocina además se beneficia de su propia terraza. Justo al lado de la misma se sitúa la escalera para acceder a la planta superior.   La zona de noche consta de seis dormitorios cinco baños y un aseo. Encon... ,1,326,null,null,null,394,null,Sarrià-Sant Gervasi,1,null,null,2.700.000 ,6.853 €/m²,Lucas Fox Barcelona, Ref.: BCN23671 ,7,Segunda mano/para reformar,1,Ático en venta en Sant Gervasi - Galvany,http://idealista.com/inmueble/90304040/
1,1926,  Magnífico piso exterior de 69 m2 por delante da a la calle y detrás a un patio de manzana soleado luminoso ubicado en una cuarta planta sin ascensor de momento.  Acordado por la comunidad de propietarios la INSTALACIÓN DE ASCENSOR en la finca. La obra se iniciará en Noviembre de 2020 las derramas están pagadas por el actual propietario a excepción de de una derrama de 5.000 euros.   La vivienda está distribuida por un gran salón-comedor luminoso que da a la calle. La cocina es independiente y equipada con armarios a dos niveles una pequeña despensa y un cuarto para lavadora secadora.  Tiene dos habitaciones amplias ventiladas luminosas que dan a un tranquilo patio de luces una es doble y la otra individual. Tiene un baño completo con bañera.  Los suelos son de parquet las puertas interiores de madera de haya y las exterior... ,0,0,4,Gas natural,null,69,62,La Sagrada Família,null,299.250 € ,6,280.000 ,4.058 €/m²,FINCAS SANPO, Ref.: ROSELLON ,2,Segunda mano/buen estado,null,Piso en venta en ROSSELLO,http://idealista.com/inmueble/81329258/
4,1900,  Fantástico piso totalmente reformado con los más altos estándares situado en una finca regia&nbsp;a solo 2 calles de Urquinaona y a 2 manzanas de paseo de Gràcia. El edificio conserva sus elementos modernistas y dispone de ascensor.   El piso tiene unas dimensiones de 278 m² con 32 m² de terraza que podrá disfrutar en cualquier época del año. El piso dispone de 3 dormitorios dobles en suite con vestidor y otro dormitorio que actualmente se destina a despacho.   Al entrar al piso se presenta una galería con imágenes de la bonita ciudad de Río de Janeiro con un aseo de cortesía al lado. En la parte izquierda tenemos la zona de día con el amplio salón-comedor junto con la cocina americana totalmente equipada y de estilo moderno con la terraza una grande despensa y lavadero. En esta zona tenemos uno de los dormitorios&nbsp; en suite pa... ,1,0,null,null,null,295,null,Eixample,null,null,null,1.683.000 ,5.705 €/m²,Lucas Fox Barcelona, Ref.: BCN24533 ,4,Segunda mano/buen estado,1,Piso en venta en La Dreta de l'Eixample,http://idealista.com/inmueble/90252880/
5,2008,  Ático dúplex de 339 m² situado en Torre Vilana. El edificio donde se encuentra ofrece exclusivos servicios comunitarios que incluyen grandes zonas ajardinadas con zona de recreo para niños parque piscinas pistas de pádel y vestuarios.   Se accede por la primera planta que dispone de un gran salón con salida a la terraza con piscina. Contiguo al salón se sitúa un gran comedor y la cocina totalmente exterior y equipada con electrodomésticos de alta calidad (Deulonder Gaggenau y Corian). También consta de una sala de plancha un despacho un dormitorio doble con baño privado y el gran dormitorio principal tipo suite con un gran vestidor baño privado y salida a su propia terraza.   Desde el distribuidor se llega a la planta inferior mediante unas amplias escaleras. Esta planta alberga el dormitorio de servicio con su baño privado u... ,1,0,null,null,null,447,null,Sarrià-Sant Gervasi,1,null,null,5.400.000 ,12.081 €/m²,Lucas Fox Barcelona, Ref.: BCN14940 ,7,Segunda mano/buen estado,1,Ático en venta en Sant Gervasi - La Bonanova,http://idealista.com/inmueble/87633487/
5,1964,  Espectacular piso a 3 vientos en una de las mejores calles de la zona alta. El inmueble de 305m2 construidos es totalmente exterior y cuenta con una gran terraza-jardín.     Cuenta con una excelente distribución amplias estancias y una gran terraza que rodea todo el piso una cocina de más de 20m2 y cinco grandes habitaciones más una adicional de servicio. El piso goza de mucha amplitud entrada de luz natural durante todo el día que obtiene de la gran terraza le da una ambiente ameno y relajado.    La vivienda dispone de calefacción suelos de parquet armarios empotrados y otros elementos de calidad excepcional. El estado de conservación es excelente ya que el piso se ha ido renovando a lo largo del tiempo.    La ubicación privilegiada en la zona de Tres Torres hace que este piso esté perfectamente comunicado con las principales sal... ,1,257,1,null,null,305,271,Sant Gervasi - Galvany,1,1.700.000 € ,6,1.600.000 ,5.246 €/m²,Duran Carasso, Ref.: 1405 ,6,Segunda mano/buen estado,1,Piso en venta en via Augusta,http://idealista.com/inmueble/89998839/
1,1975,  Vivienda situada en la magnifica Gran Vía de les Corts Catalanes de 63m² útiles. Distribuida en tres dormitorios un baño completo cocina independiente con salida a lavadero cómodo saló - comedor con salida a un largo y deseado balcón. Finca con ascensor.    Muy bien situado cercano a la playa centros comerciales (15 andando al Centro Comercial Glories) transporte públicos (H12 tranvía L2 Sant Martí 33 B24 y H10)    * Los gastos propios de Notaria gestoría registro y honorarios de agencia no están incluidos en el precio. Consúltenos *          ¡No dude en solicitar una valoración gratuita y profesional de su vivienda!    En el caso que necesite asesoramiento financiero disponemos del departamento para que pueda tramitar la hipoteca. Solicita el asesoramiento sin compromiso      En virtud de los actuales acontecimientos sani... ,1,192,8,null,null,73,63,Provençals del Poblenou,null,245.000 € ,4,235.000 ,3.219 €/m²,Sofía López Marque, Ref.: sol-248 ,3,Segunda mano/buen estado,1,Piso en venta en Gran Via de les Corts Catalanes,http://idealista.com/inmueble/90190413/
2,1963, Este fantástico piso de 2 dormitorios se ubica en una finca moderna detrás del Corte Inglés de la plaza Francesc Macià en el Eixample Izquierdo a muy pocos metros de la famosa zona de Turó Park repleta de todo tipo de comercios restaurantes y servicios. La vivienda está de origen y destaca por sus estancias amplias con abundante luminosidad y con una preciosa terraza de 14 m² muy tranquila. Un acogedor hogar ideal para una familia en pleno centro de la ciudad.   Al entrar nos recibe un vestíbulo que da a un pasillo que nos conduce a la zona de noche con sus 2 dormitorios uno doble y uno individual que comparten un baño completo con bañera.   A continuación se dispone la cocina office totalmente equipada y muy práctica con su lavadero su despensa con mucho espacio y un baño pequeño con ducha. Siguiendo el pasillo encontramos un espacioso salón-comedor una estancia elegante y confortable con abundante luz natural gracias a sus ventanales con salida a una amplia terraza muy tranquila.   La vivienda cuenta con suelos de madera y está equipada con aire acondicionado calefacción ventanas de doble acristalamiento y trastero. ,1,0,null,null,null,139,null,Eixample,null,null,null,695.000 ,5.000 €/m²,Lucas Fox Barcelona, Ref.: BCN24203 ,2,Segunda mano/buen estado,1,Piso en venta en L'Antiga Esquerra de l'Eixample,http://idealista.com/inmueble/90137566/
1,1970,  Piso ubicado en el corazón de Vila de Gracia barrio con encanto con muchos lugares de ocio (Bares Cafeterias Restaurantes) exterior a calle con mucha luz completamente reformado.  La vivienda se distribuye en un salón comedor en concepto abierto con Cocina Americana totalmente Reformada y equipada 1 baño reformado con plato de ducha y 3 habitaciones 1 de las cuales es doble con salida al balcón y las otras 2 individuales con literas dobles IDEAL PARA ESTUDIANTES para poder invitar a sus amigos y familiares. El piso totalmente REFORMADO tiene suelos de parquet electrodomésticos y se encuentra amueblado.  Ceca de toda clase de servicios como supermercados farmacias colegios comercios transporte público Metro L3 Bus 39 114.  El distrito de Gracia (en catalán Districte de Gràcia) es uno de los diez distritos en que se divid... ,0,164,1,Calefacción individual,null,65,60,Vila de Gràcia,null,260.000 € ,2,255.000 ,3.923 €/m²,eRitage Solutions SL, Ref.: B20538 ,3,Segunda mano/buen estado,null,Piso en venta en Guilleries,http://idealista.com/inmueble/90049788/
1,1936, Atractiva vivienda situada en la segunda planta (altura real) de una finca regia sin ascensor aunque existe la posibilidad de instalar uno.   El piso tiene unas dimensiones de 111 m² y actualmente consiste en una gran salón con una cocina integrada y techos con bóveda catalana que combinan con el suelo de parqué. Este espacio da acceso a 2 balcones que dan a la calle. También dispone de un dormitorio doble con vestidor un amplio cuarto de baño y un balcón con vistas al patio interior. Existe la posibilidad de crear otro dormitorio según convenga.   La vivienda se presenta en buenas condiciones tan solo requiere de una pequeña actualización. Ofrece muchas posibilidades de convertirse en un excelente piso moderno de 1 o 2 dormitorios situado en una ubicación prime de la ciudad. ,null,0,null,null,null,111,null,Ciutat Vella,null,null,null,555.000 ,5.000 €/m²,Lucas Fox Barcelona, Ref.: BCN7314 ,1,Segunda mano/buen estado,null,Piso en venta en Sant Pere - Santa Caterina i la Ribera,http://idealista.com/inmueble/89918054/
2,1900,  En la planta principal de un edificio clásico de 1900 encontramos este magnífico piso lujosamente reformado de aproximadamente 160 m² distribuidos en dos zonas totalmente diferenciadas. La zona de día consta de un gran salón-comedor con cocina abierta de 42 m² muy amplio y luminoso con un diseño vanguardista a la par que sobrio; un baño completo con aplacados de mármol y una funcional zona de aguas. Los suelos del salón-comedor son de mosaico de Nolla recuperados mediante las más modernas técnicas y le confieren a la estancia una espectacular originalidad. Cabe destacar además que los techos de esta zona son de más de 4 metros de altura con bellos y delicados artesonados originales que le aportan amplitud y luminosidad a la estancia. Desde el salón hay salida con dos grandes ventanales a un balcón de 5 m² con vistas a ronda Sa... ,null,0,null,null,null,163,null,Eixample,null,null,null,995.000 ,6.104 €/m²,Lucas Fox Barcelona, Ref.: BCN21802 ,3,Segunda mano/buen estado,1,Piso en venta en La Dreta de l'Eixample,http://idealista.com/inmueble/89128697/
6,2014,  En el barrio de Tres Torres nos encontramos con este característico y maravilloso piso reformado listo para entrar a vivir.   Este piso de 249 m² está situado en un edificio de obra nueva del año 2014 con servicio de conserjería y acceso a dos ascensores. La vivienda está totalmente reformada en perfectas condiciones y con acabados de alto standing.   Según entramos tenemos dos accesos: la puerta de servicio y la puerta principal. Si entramos por la puerta de servicio nos encontramos con el dormitorio de servicio un baño y lavadero que darían a la cocina que también dispondría de un baño de cortesía.   Si entramos por la entrada principal nos encontramos con un gran recibidor que comunica con la zona de día y noche. Como está muy bien distribuido podemos diferenciar las dos zonas de una manera acogedora y confortable.   La zona... ,1,34,null,null,null,264,null,Sarrià-Sant Gervasi,1,null,null,3.100.000 ,11.742 €/m²,Lucas Fox Barcelona, Ref.: BCN23416 ,5,Segunda mano/buen estado,1,Piso en venta en Les Tres Torres,http://idealista.com/inmueble/89119368/
2,1966, Fantástico ático de 114 m² registrados y con muy buena distribución con 4 dormitorios 2 baños y una fabulosa terraza de 13 m² en el barrio de la Nova Esquerra de l'Eixample. Este ático destaca por su luminosidad y localización.   Al entrar en el piso encontramos un pasillo con dos dormitorios individuales interiores que sirven actualmente como despacho y despensa. A continuación tenemos un primer baño completo con ducha y al lado el segundo baño completo con bañera. Más adelante llegamos al gran salón-comedor con cocina abierta totalmente equipada todo en un solo espacio muy amplio y luminoso con grandes ventanas exteriores. En la zona de la cocina hay una puerta con acceso al lavadero con balcón que da al patio interior del edificio. A la izquierda del salón tenemos el primer dormitorio doble con armarios empotrados y con una gran ventana exterior. Siguiendo el salón hacia la derecha daremos con otro dormitorio doble con una gran ventana por donde entra mucha luz natural. Por último encontramos una magnífica terraza con orientación sur y vistas a la ciudad.   Esta vivienda dispone de calefacción y aire acondicionado. ,1,0,null,null,null,121,null,Eixample,null,null,null,650.000 ,5.372 €/m²,Lucas Fox Barcelona, Ref.: BCN23094 ,4,Segunda mano/buen estado,1,Ático en venta en La Nova Esquerra de l'Eixample,http://idealista.com/inmueble/89001178/
2,1895,  Este magnífico apartamento de 66m2 acaba de ser completamente reformado utilizando materiales de primera calidad en todas sus estancias y sacándole el mayor partido a la entrada de luz natural. Por otro lado el mobiliario y la decoración son completamente de diseño y nos ambientan por sus tonos cálidos y las formas de los muebles en la cultura del sur de América. Se ubica en el barrio de 'Sant Antoni' una de las zonas gastronómicas referentes de Barcelona donde destacan lugares tan emblemáticos como el ‘Mercat de Sant Antoni’ y la ‘Ronda Sant Pau’ en el interior de una de las fincas más representativa de la zona gracias a los coloridos frescos de la fachada.   La propiedad se distribuye en primer lugar en una amplia cocina totalmente equipada y con acabados de excelente calidad en madera noble encimera de granito y suelo de t... ,1,0,null,null,null,66,null,Eixample,null,null,null,498.000 ,7.545 €/m²,Atipika Lifestyle Properties, Ref.: 14152 ,2,Segunda mano/buen estado,null,Piso en venta en Sant Antoni,http://idealista.com/inmueble/88944597/
1,2002,  Esta fabulosa vivienda se encuentra en el exclusivo complejo residencial de alto standing de Illa del Llac a tan solo 200 metros de la playa y frente al centro comercial de Diagonal Mar. El complejo residencial dispone de dos pistas de pádel dos piscinas gimnasio servicio de conserjería vigilancia las 24 horas zona infantil y sala para eventos.   Al acceder al piso nos encontramos con un agradable recibidor que nos da acceso al salón con grandes ventanales que dan a la terraza y donde se puede disfrutar de unas vistas magníficas al mar y a la ciudad. Además ofrece una cocina abierta con un lavadero y el comedor. En la zona de noche se dispone un dormitorio individual con acceso a la terraza y armarios empotrados otro dormitorio doble con armarios empotrados y ventana y un baño completo con bañera.   El piso se encuentra en la ... ,1,0,null,null,null,80,null,Sant Martí,1,null,null,595.000 ,7.438 €/m²,Lucas Fox Barcelona, Ref.: BCN22992 ,2,Segunda mano/buen estado,1,Piso en venta en Diagonal Mar i el Front Marítim del Poblenou,http://idealista.com/inmueble/88929820/
3,1966, El piso se divide en zona de día y zona de noche mediante el recibidor y el pasillo que separan las 2 partes de la vivienda.   La zona de día está compuesta por un gran recibidor que da al salón-comedor con chimenea. El comedor cuenta con salida a un pequeño balcón que a su vez le proporciona una sensación de luminosidad y amplitud. Al lado encontramos una cocina totalmente equipada con materiales de calidad como campana marca Bosch o fogones de Teka.   La zona de noche alberga 4 dormitorios en suite con vestidor 2 baños y un estudio de 22 m². También dispone de un dormitorio del servicio con aseo y con un fácil acceso a la cocina. Tanto la suite como el despacho dan al exterior gracias a la terraza de 15 m².   Se trata de una vivienda de 205 m² ideal para reformar toda exterior con servicio de conserjería. Se beneficia de suelos de madera y de moqueta en los dormitorios así como de aire acondicionado y calefacción. &nbsp;. ,1,64,null,null,null,215,null,Sarrià-Sant Gervasi,null,null,null,1.450.000 ,6.744 €/m²,Lucas Fox Barcelona, Ref.: BCN22334 ,5,Segunda mano/buen estado,1,Piso en venta en Sant Gervasi - Galvany,http://idealista.com/inmueble/88898889/
3,2014, Este maravilloso piso de lujo con entrada de servicio se ubica en un edificio completamente renovado con garaje y servicio de conserjería en una calle tranquila junto a la prestigiosa calle Pau Casals en el barrio de Sant Gervasi.   Este amplio piso de diseño contemporáneo se presenta en condiciones excelentes y se divide en 2 zonas claramente diferenciadas. Ofrece un salón amplio y luminoso con 3 grandes ventanales con vistas a la calle Mestre Nicolau un aseo de cortesía con una ventana al patio y una gran cocina totalmente equipada con electrodomésticos de alta gama. También cuenta con un comedor y 2 ventanas al patio.   Desde la cocina accedemos al dormitorio de servicio con baño privado con ducha y una pequeña ventana al pozo de luz. En la zona de noche encontramos 3 dormitorios que dan a un patio agradable y tranquilo. Todos los dormitorios se benefician de armarios empotrados y uno de los dobles incluye un gran vestidor y un baño privado con ducha y un lavabo doble. Los otros 2 dormitorios dobles comparten un magnífico baño moderno con una elegante bañera.   Póngase en contacto con nosotros para visitar este piso amplio y luminoso en un lujoso barrio de Barcelona. ,1,0,null,null,null,214,null,Sarrià-Sant Gervasi,1,null,null,1.750.000 ,8.178 €/m²,Lucas Fox Barcelona, Ref.: BCN16632 ,4,Segunda mano/buen estado,null,Piso en venta en Sant Gervasi - Galvany,http://idealista.com/inmueble/88820231/
5,2000,  Esta bonita casa unifamiliar se encuentra en uno de los mejores barrios de Barcelona. Ofrece una excelente vida familiar cerca de las estribaciones del parque natural de Collserola mientras combina paz y privacidad con un fácil acceso al centro de la ciudad.   Esta villa es una de las 4 casas grandes que forman esta comunidad exclusiva. La vivienda se ha renovado recientemente y cuenta con amplios jardines privados con una piscina terrazas y preciosas vistas de Barcelona.   Ofrece 4 plantas que se conectan por ascensor. Los grandes ventanales y las cristaleras correderas permiten la entrada la luz natural en todo momento. Además sus espacios interiores y exteriores son perfectos para relajarse divertirse y disfrutar del sol.   La zona principal de día se ubica en la planta baja que incluye un gran salón biblioteca comedor y cocin... ,null,0,null,null,null,554,null,Sarrià-Sant Gervasi,1,null,null,2.975.000 ,5.370 €/m²,Lucas Fox Barcelona, Ref.: BCN22363 ,6,Segunda mano/buen estado,1,Casa o chalet en venta en Sarrià,http://idealista.com/inmueble/88720483/
1,1977,  Ático de 72 m² con una terraza de 62 m². La vivienda es de planta abierta excepto por el baño y el área de lavandería.   Al entrar en la vivienda nos recibe un gran espacio abierto con divisores de diseño que separan la entrada de la zona de noche. El dormitorio dispone de un armario empotrado muy generoso y está resguardado del resto del piso por dos grandes columnas que contienen armarios y electrodomésticos (refrigerador congelador con dispensador de hielo lavavajillas horno cafetera cajón calentador y enfriador de vino).   A mano izquierda hay una zona de lavandería independiente. Frente a la gran isla de cocina de acero inoxidable se encuentra el salón-comedor que alberga un gran sofá de cuero negro chaiselongue una chimenea y aparadores diseñados a medida. Más a la izquierda encontramos el baño de lujo con paredes rev... ,null,0,null,null,null,91,null,Eixample,null,null,null,624.000 ,6.857 €/m²,Lucas Fox Barcelona, Ref.: BCN22361 ,1,Segunda mano/buen estado,1,Ático en venta en Sant Antoni,http://idealista.com/inmueble/88513669/
4,1964,  Este piso alto cuenta con una entrada principal que da acceso a un amplio recibidor y una estancia con diferentes ambientes: por un lado la zona del piano y por otro lado el salón con chimenea con salida a amplia terraza para disfrutar de grandes veladas. Contiguo al amplio salón tenemos un generoso comedor que comunica con una amplia cocina de alta calidad con vinoteca y campana de Die Dietrich. La amplia cocina dispone de zona office y de la entrada de servicio. Esta zona consta de un dormitorio con su baño completo.   Tras el distribuidor disponemos de un baño completo de cortesía y de un dormitorio doble interior aunque actualmente se usa como despacho.   Al final del pasillo encontramos otro amplio distribuidor con tres dormitorios dos de ellos dobles muy amplios y con grandes ventanales que dan a un agradable patio de manza... ,1,0,null,null,null,259,null,Sarrià-Sant Gervasi,1,1.690.000 € ,17,1.395.000 ,5.386 €/m²,Lucas Fox Barcelona, Ref.: BCN18906 ,5,Segunda mano/buen estado,1,Piso en venta en Sant Gervasi - Galvany,http://idealista.com/inmueble/88499695/
1,1963, REHABILITACIÓN FINCA (ANTIGA ESQUERRA EIXAMPLE)  &nbsp;  PISOS PENDIENTES DE REFORMA: Desde 440.000€ hasta 690.000€  &nbsp;  LUMINOSOS Pisos bien DISTRIBUIDOS de 73 m2 / hasta 85m2 construidos en zona premium (justo en frente de la Plaza Francesc Macià en Av. Josep Tarradellas).  &nbsp;  Finca del año 1963 pero completamente rehabilitada en el año 2013. Ascensor y conserje.  &nbsp;  A la entrada un recibidor que proporciona acceso a la vivienda. El salón es amplio y cuenta con una destacable luminosidad que aporta frescura al conjunto de la vivienda. Sin lugar a duda el lugar perfecto para disfrutar de los ratos libres con amigos y familia. &nbsp;&nbsp;  Ubicado en zona premium justo en frente de la Plaza de Francesc Macià. Además esta zona cuenta con buenas comunicaciones de transporte público. En definitiva el lugar perfecto para vivir en el centro de la ciudad.    Las fotografías de los pisos están mezcladas son meramente informativas y no tienen valor contractual. Pueden&nbsp;haber variaciones significativas con respecto al producto final. &nbsp;&nbsp;  &nbsp;  ¡Llámenos para más información o realizar una visita!  &nbsp;. ,1,106,6,Gas natural,null,81,76,L'Antiga Esquerra de l'Eixample,null,475.000 € ,7,440.000 ,5.432 €/m²,Vivendex, Ref.: INV138JOSR-INVXG1 ,3,Segunda mano/para reformar,null,Piso en venta en avenida de Josep Tarradellas,http://idealista.com/inmueble/88409729/
2,1963,  LUMINOSOS Pisos bien DISTRIBUIDOS en zona premium (justo en frente de la Plaza Francesc Macià en Av. Josep Tarradellas) y con excelentes calidades.  &nbsp;  Finca del año 1963 pero completamente rehabilitada en el año 2013. Ascensor y conserje.  &nbsp; Al entrar en la Vivienda un amplio recibidor nos conduce por un lado a una de las habitaciones y por el otro a un amplio salón comedor exterior a calle &nbsp;con cocina con Isla abierta al salon y salida a lavadero. Dispone también de una amplia habitación suite(exterior) con baño y vestidor. &nbsp;Un segundo baño completa la vivienda    El piso cuenta con unas calidades excelentes. Puertas de paso DM. Armarios empotrados y otras vitrinas KICO. Parquet de madera natural de Hungría. Griferías VAIA. Sanitarios FLAMINIA. La cocina de la casa GELSE electrodomésticos SUBZERO... ,1,0,5,Gas natural,null,84,73,L'Antiga Esquerra de l'Eixample,null,650.000 € ,3,630.000 ,7.500 €/m²,Vivendex, Ref.: INV138JO31-INVXG1 ,2,Segunda mano/buen estado,null,Piso en venta en Josep Tarradellas,http://idealista.com/inmueble/88399029/
1,null, Viviendas a estrenar en finca rehabilitada cerca Av Diagonal  Esta preciosa promoción de rehabilitación integral de una bonita finca clásica se encuentra ubicada en una calle tranquila de la Vila de Gracia al lado de la plaza del Raspall y a cinco minutos de la Av Diagonal.  Las viviendas constan de amplios salones con cocina equipada integrada 1 o 2 habitaciones 1 baño completo zona lavadero y terraza o balcones. Su orientación este/oeste les proporciona mucha luz natural. En la reforma se han recuperado elementos originales convirtiendo los apartamentos en viviendas modernas con características de su época.  Los acabados incluyen suelos de parquet flotante laminado EGGER en las estancias baldosas de gres porcelainico en los baños climatización con Aerotermia sistema hibrido MITSUBISHI ECODAN carpintería doble cristal los electrodomésticos en la cocina incluyen placa de inducción horno multifunción microondas lavavajillas y campana extracción de la marca BOSCH. ,1,72,1,null,Obra nueva terminada,51,null,Vila de Gràcia,null,332.000 € ,5,315.400 ,6.184 €/m²,Aproperties ., Ref.: ONB1910013 ,1,Promoción de obra nueva,null,Piso en venta en calle Josep Torres 14,http://idealista.com/inmueble/88341829/
1,null, Viviendas a estrenar en finca rehabilitada cerca Av Diagonal  Esta preciosa promoción de rehabilitación integral de una bonita finca clásica se encuentra ubicada en una calle tranquila de la Vila de Gracia al lado de la plaza del Raspall y a cinco minutos de la Av Diagonal.  Las viviendas constan de amplios salones con cocina equipada integrada 1 o 2 habitaciones 1 baño completo zona lavadero y terraza o balcones. Su orientación este/oeste les proporciona mucha luz natural. En la reforma se han recuperado elementos originales convirtiendo los apartamentos en viviendas modernas con características de su época.  Los acabados incluyen suelos de parquet flotante laminado EGGER en las estancias baldosas de gres porcelainico en los baños climatización con Aerotermia sistema hibrido MITSUBISHI ECODAN carpintería doble cristal los electrodomésticos en la cocina incluyen placa de inducción horno multifunción microondas lavavajillas y campana extracción de la marca BOSCH. ,1,72,2,null,Obra nueva terminada,53,null,Vila de Gràcia,null,361.000 € ,5,342.950 ,6.471 €/m²,Aproperties ., Ref.: ONB1910013 ,1,Promoción de obra nueva,1,Piso en venta en calle Josep Torres 14,http://idealista.com/inmueble/88341830/
2,null, Consta de un impresionante dormitorio tipo suite con estudio vestidor y baño completo con bañera de hidromasaje y ducha dos dormitorios dobles con un baño con ducha una cocina equipada un salón-comedor un aseo de invitados un lavadero y un trastero.   El salón es extenso con amplios ventanales que dan paso a un gran balcón con orientación sur y vistas al paseo de Gràcia y al mar. Es un piso excepcional confortable y luminoso.   Tiene aire acondicionado y calefacción. Hay servicio de conserjería así como posibilidad de aparcamiento a escasos metros. La finca cuenta con ascensor y montacargas. ,null,0,null,null,null,183,null,Eixample,null,null,null,1.840.000 ,10.055 €/m²,Lucas Fox Barcelona, Ref.: BCN21742 ,3,Segunda mano/buen estado,1,Piso en venta en La Dreta de l'Eixample,http://idealista.com/inmueble/87876144/
1,2004, Ubicado en la zona del Born en el histórico barrio gótico a unos pasos de Santa María del Mar y del Museo de Historia de Cataluña encontramos este fantástico piso tipo lof. La vivienda se encuentra en una cuarta planta de una finca que fue renovada completamente en el 2004 manteniendo la fachada original y con un interior de diseño moderno y funcional. Destacamos los 4 ventanales dos de ellos con salida a balcón que aportan luminosidad y que distribuyen el amplio espacio en un salón-comedor cocina abierta y una gran habitación con armarios empotrados y baño con ducha. Suelos de parquet carpintería de madera con cristales climalit aire frío y caliente por conductos. Se vende semiamueblado y con electrodomésticos. Listo para entrar a vivir. ,1,224,3,Bomba de frío/calor,null,86,70,Sant Pere - Santa Caterina i la Ribera,null,420.000 € ,5,399.000 ,4.640 €/m²,Gloria Belil Roger, Ref.: GVVCN6 ,1,null,null,Piso en venta en calle dels Canvis Nous,http://idealista.com/inmueble/87249672/
2,null, Entre sus características principales cabe destacar sus techos altos señoriales&nbsp;y las vigas de madera que se combinan a la perfección con la obra nueva realizada en el inmueble de líneas modernas a la par que elegantes. Entre sus instalaciones destacan el sistema de aire acondicionado y calefacción centralizado acabados de altas calidades y suelo de parqué de madera natural combinado con mosaicos de inspiración modernista.   El piso consta de una distribución muy funcional. Al entrar a la derecha encontramos un gran salón-comedor completamente amueblado con dos grandes ventanales y balcones a calle. Desde el salón accedemos a la cocina independiente y totalmente equipada con electrodomesticos de alta calidad. A la izquierda nos encontarmos un baño completo y 2 dormitorios dobles uno de ellos con baño privado. La finca será totalmente rehabilitada con ascensor   Póngase en contacto con nosotros para obtener más información. ,1,0,null,null,null,128,null,Ciutat Vella,null,null,null,595.000 ,4.648 €/m²,Lucas Fox Barcelona, Ref.: BCN20052 ,2,Segunda mano/buen estado,1,Piso en venta en El Gòtic,http://idealista.com/inmueble/86583417/
2,1950, Piso señorial en zona alta de Barcelona.   Accedemos al inmueble a través de un cuidado jardín que da paso a la consejería. Es una finca regia con mucha clase pocos vecinos y un esperado servicio de conserjería.  Al entrar a la vivienda encontramos un elegante distribuidor que separa las zonas de noche y de día a la derecha en el ala sur encontramos un gran salón con 3 ambientes diferenciados Comedor sala de estar y biblioteca con chimenea esta estancia dispone de sol durante casi todo el día y mucha luz gracias a sus grandes ventanales.   En esta misma ala sur tenemos la cocina y la habitación de servicio con su cuarto de baño.   En el ala norte encontramos 4 dormitorios y el baño principal. Todos las habitaciones son exteriores encontramos dos de ellas configuradas como dormitorios y otras dos como despacho.   La vivienda cuenta con parquet en las zonas nobles cocina completamente equipada sala de lavado aire acondicionado y calefacción a gas.  El precio incluye plaza de parking en otra finca cercana.   VISITA VIRTUAL DISPONIBLE. Llámanos y te enseñamos el piso sin que salgas de tu casa. ,1,140,4,Gas natural,null,180,150,Sant Gervasi - Galvany,1,900.000 € ,3,875.000 ,4.861 €/m²,eRitage Solutions SL, Ref.: B20516 ,5,Segunda mano/buen estado,null,Piso en venta en calle de l'Avenir,http://idealista.com/inmueble/89339850/
1,1871, En el corazón del encantador del barrio de Gracia en la plaza del mercado la mejor ubicación junto a la Plaza de Gala Placídia rodeada de todos los servicios y transportes.  Con unas vistas despejadas y soleadas nos encontramos en la segunda y ultima planta de esta pequeña finca de tan solo 4 vecinos con este encantador piso de 74 m2 a reformar.  Actualmente cuenta con dos habitaciones y un baño y la cocina da a un tranquilo patio de manzana. La vivienda está para reformar y hay la posibilidad de recuperar unos fantásticos suelos hidráulicos y respetar la altura de los techos y sus bonitas molduras.  El piso se destaca sin duda por su luminosidad y posibilidad de reforma un inmueble bohemio en una ubicación unica en el barrio.  Cercle d’assessors Encuentra más en. ,0,0,2,Gas natural,null,74,null,Vila de Gràcia,null,359.000 € ,3,349.000 ,4.716 €/m²,Zamacois Molas, Ref.: ZM-562 ,2,Segunda mano/para reformar,null,Piso en venta en plaza de la Llibertat,http://idealista.com/inmueble/91392492/