bathrooms,constructed_year,description,elevator,energetic_qualification_kWhm2_año,floor,heater_system,its_new,m2_build,m2_useful,neighbourhood,parking,price_down_euro,price_down_percentage,price_euro,price_m2,real_estate,ref,rooms,status,terrace,title,link
2,2017, Elegante piso de obra nueva de 121m² más 18m² de terraza en venta junto el centro comercial L´Illa Diagonal.  Dispone de un amplio salón comedor 3 habitaciones (1 suite y 2 individuales) con posibilidad de realizar una cuarta habitación. y 2 baños completos. Cocina office equipada con electrodomésticos Neff (placa inducción campana extracción lavavajillas y nevera doble) y lavadero independiente con lavadora y secadora también de la marca Neff. Aire acondicionado suelos de parquet Kährs persianas Gradhermetic y domótica.  Posibilidad de adquirir plazas de parking y trastero en la misma finca. Excelentes acabados con materiales de gran calidad. Situado en una finca con zona comunitaria con piscina con cascada zona de solárium y unas increíbles vistas al litoral de Barcelona.   Exclusiva promoción cerca de múltiples ejes comerciales excelentes comunicaciones y todos los servicios centros educativos ocio y cultura. ,1,50,6,Eléctrica,null,121,null,Les Corts,null,null,null,1.454.000 ,12.017 €/m²,ALTING Grupo Inmobiliario, Ref.: 019258 ,3,null,1,Piso en venta en calle de Can Segalar,http://idealista.com/inmueble/88551642/
2,2017, Elegante piso de obra nueva de 95m² en venta junto el centro comercial L´Illa Diagonal.  Dispone de un amplio salón comedor 3 habitaciones (1 suite y 2 individuales) 2 baños completos cocina office equipada con electrodomésticos Neff (placa inducción campana extracción lavavajillas y nevera doble) y zona de aguas independiente con lavadora y secadora también de la marca Neff. Aire acondicionado suelos de parquet Kährs persianas Gradhermetic y domótica.  La orientación de la vivienda es Sur. Excelentes acabados con materiales de gran calidad. Situado en una finca con zona comunitaria con piscina con cascada zona de solárium y unas increíbles vistas al litoral de Barcelona.  Posibilidad de adquirir plaza de parking y trastero en la misma finca. Exclusiva promoción cerca de múltiples ejes comerciales excelentes comunicaciones y todos los servicios centros educativos ocio y cultura. ,1,50,5,Eléctrica,null,95,null,Les Corts,null,null,null,1.082.000 ,11.389 €/m²,ALTING Grupo Inmobiliario, Ref.: 019107 ,3,null,1,Piso en venta en calle de Can Segalar,http://idealista.com/inmueble/39916328/
2,1900, Piso en Aribau en preciosa finca catalogada En una finca regia catalogada en la última planta del edificio nos encontramos este fantástico piso de 135m2.  Tiene la típica distribución de L’Eixample que da delante y detrás en la zona de día tenemos un gran salón-comedor exterior a calle con dos balcones. Tiene cocina office muy amplia y luminosa en perfecto estado de conservación y un despacho abierto que se podría convertir en una cuarta habitación. En la zona de noche tenemos 2 habitaciones dobles con mucha luz que comparten un baño completo y una fantástica suite con vestidor y baño. El piso está en perfecto estado es muy luminoso y la distribución es muy buena techos altos con molduras y ventanas originales de la época. Toda la instalación de gas del edificio es nueva. Tiene una magnífica y disfrutable terraza en el terrado. Dispone de un trastero de gran capacidad.  La vivienda está en la mejor zona de L’Eixample a dos calles de la prestigiosa calle Enrique Granados y a 5 minutos de la Avda. Diagonal. ,1,152,4,Gas natural,null,135,null,L'Antiga Esquerra de l'Eixample,null,null,null,895.000 ,6.630 €/m²,aProperties Real Estate Barcelona, Ref.: VB2002041-5 ,3,Segunda mano/buen estado,null,Piso en venta en calle d'Aribau,http://idealista.com/inmueble/91521223/
3,1967, Piso totalmente reformado a escasos metros de Plaça Molina Piso totalmente reformado a escasos metros de Plaça Molina. Al lado de Plaça Molina en el barrio de Sant Gervasi-Galvany de Barcelona encontramos esta elegante vivienda en una zona muy solicitada rodeada de restaurantes comercios y transporte público. Este piso de 3 dormitorios tiene una distribución muy lógica y práctica. La vivienda completamente reformada consta de salón-comedor y cocina semi abierta al salón equipada con todos los electrodomésticos. Consta de tres dormitorios dos de ellos dobles y en suite. Y un baño completo independiente que haría a la vez de baño de cortesía. La vivienda cuenta con materiales excelentes como pavimentos de la conocida casa MATTER para crear una vivienda elegante y acogedora con un interiorismo muy cuidado. Además se han utilizado accesorios de alta gama en toda la vivienda para ofrecer una calidad y un estilo inigualables con baños de Roca y electrodomésticos BOSCH. Una vivienda sofisticada en una ubicación excepcional en el centro de la ciudad. El edificio cuenta con parking en el sótano de la finca y habría posibilidad de comprar o alquilar una plaza no incluida en el precio y sujeto a disponibillidad. ,1,202,4,Eléctrica,null,115,null,Sant Gervasi - Galvany,null,null,null,615.000 ,5.348 €/m²,aProperties Real Estate Barcelona, Ref.: VB2002031-5 ,3,Segunda mano/buen estado,null,Piso en venta en calle de Balmes,http://idealista.com/inmueble/91521231/
2,1950, Piso alto exterior con vistas despejadas situado en calle tranquila junto a Via Augusta / Muntaner.  En el corazón de Galvany con todo tipo de servicios tiendas colegios y transporte público alrededor. Es un inmueble muy cuidado con preciosa escalera y una ascensor moderno de diseño.  Entrando al piso se sitúa la cocina y el salón comedor hacia la izquierda. En esta zona la vivienda también tiene un dormitorio individual grande y exterior y otro más pequeño interior ideal como vestidor. Hacia la derecha se sitúa el corredor con dos baños completos el dormitorio doble y finalmente otro salón -actualmente sala multimedia- muy grande y luminoso con vistas hasta el mar. Esta vivienda es ideal para familias muy acogedora y con múltiples posibilidades para adaptar la distribución a su gusto. Terraza comunitaria a disposición. La vivienda dispone de un trastero en la planta baja del mismo edificio. Tour virtual disponible. ,1,141,4,Gas natural,null,144,130,Sant Gervasi - Galvany,null,null,null,630.000 ,4.375 €/m²,Jose Rodriguez, Ref.: 162 San Elías (Vía Augusta / Muntaner) ,4,Segunda mano/buen estado,1,Piso en venta en calle San Elías,http://idealista.com/inmueble/91504023/
2,1941, Piso reformado de tres habitaciones en Ausiàs Marc En Ausiàs Marc cerca de Arc de Triomf y Plaça Catalunya encontramos esta bonita propiedad ubicada en una finca del 1941.  Es una planta principal con una superficie construida de 7151m2 además 464m2 de un bonito patio interior. En la zona de día encontramos amplio salón-comedor con una gran ventana orientada a la calle Ausiàs Marc y una cocina de estilo abierto equipada con electrodomésticos de alta gama.  La zona de noche se compone de una habitación doble con armario ropero y salida a patio interior; una habitación individual; un baño grande con ducha para el uso de las habitaciones. La zona de lavado se encuentra en el patio interior.  La propiedad fue reformada con materiales de alta calidad dispone de instalación de aire acondicionado y calefacción por conducto suelo de parque ventanas con doble cámara de aire que aísla acústica y térmicamente.  El edificio se encuentra en buen estado de conservación y dispone de ascensor.  Es una excelente oportunidad de compra para disfrutar del centro de la ciudad desde una perspectiva única de confort y prestigio. ,1,132,null,Eléctrica,null,74,null,La Dreta de l'Eixample,null,null,null,363.400 ,4.911 €/m²,aProperties Real Estate Barcelona, Ref.: VB2006006-4 ,2,Segunda mano/buen estado,1,Piso en venta en calle d'Ausiàs Marc,http://idealista.com/inmueble/91341988/
2,1900, Vivienda a estrenar cerca de Passeig Sant Joan A un paso de la prestigiosa Avenida Diagonal y del cotizado Passeig Sant Joan en una zona con muchísima vida y rodeada de todos los servicios y comercios encontramos esta maravillosa propiedad completamente reformada a estrenar con calidades máximas y todo lujo de detalles.  La vivienda situada en una tercera planta real de una finca regia tiene una superficie de 138 m2. Dispone de una luminosa zona de día con orientación sur-oeste y dos balcones a la calle consistente en un amplio salón cocina independiente totalmente equipada con electrodomésticos de marca Miele y comedor a lado de la cocina.  La zona de noche consta de tres habitaciones dobles una de ellas en suite y vestidor independiente y otro baño completo. Además hay un amplio recibidor y una zona de agua. ,1,100,2,Calefacción individual,null,138,null,La Dreta de l'Eixample,null,null,null,850.000 ,6.159 €/m²,aProperties Real Estate Barcelona, Ref.: VB2005032-4 ,3,Segunda mano/buen estado,null,Piso en venta en calle de Bailèn,http://idealista.com/inmueble/91341906/
2,1974,  Les presentamos esta vivienda en exclusiva. En calle Urgell con Sepúlveda encontramos este piso de 3 habitaciones (2 dobles) exterior con mucha luz orientado a Tarragona y al lado del Mercado de Sant Antoni y metro. La distribución es la siguiente: Tal como entramos a nuestra izquiera tenemos la cocina muy bien conservada y con lavadero para tender la ropa y tener la lavadora. Calentador y cocina de Gas Natural. Continuamos y accedemos a un gran salón-comedor todo exterior y con salida a un balcón-terrcita a calle Urgell. Este espacio es amplio y con mucha luz. Desde este salón accedemos a una habitación individual con ventanal y vistas también a la calle Urgell y igual de luminosa. En la otra zona del piso tenemos una de las habitaciones dobles con salida a balcón un baño completo reformado con plato de ducha un aseo y l... ,1,142,3,Gas natural,null,78,74,Sant Antoni,null,null,null,260.000 ,3.333 €/m²,Tàndem Immobiliària, Ref.: TANDEM-URGELL ,3,Segunda mano/buen estado,null,Piso en venta en calle del Comte d'Urgell,http://idealista.com/inmueble/91639910/
1,1964, OPORTUNIDAD! PISO REFORMADO EN VENTA EN LA SAGRERA- BARCELONA  Piso en Barcelona zona La Sagrera 55.00 m. de superficie una habitación doble y una habitación sencilla un baño propiedad reformada cocina equipada carpinteria interior de madera orientación sureste suelo de parquet carpintería exterior de aluminio. Extras: agua ascensor gas ciudad línea telefónica luminoso luz t. v.  autobuses árboles centros comerciales centros médicos colegios hospitales metro parques supermercados tren zona de paso zonas infantiles  Venta: 189000 €. ,1,0,1,null,null,55,49,La Sagrera,null,189.000 € ,5,179.000 ,3.255 €/m²,NICE PROPERTIES BCN, Ref.: 1789 ,2,Segunda mano/buen estado,null,Piso en venta en calle de Concepción Arenal,http://idealista.com/inmueble/91309250/
1,1967,  PISO REFORMADO PARA ENTRAR A VIVIR.  Encantador piso con reformas muy actuales Ideal inversión o primera vivienda. Consta de 49 m² según catastro de superficie construida distribuidos en 2 habitaciones 1 doble y 1 individual. La habitación principal y el salón cuentan con mucha luz natural la cocina está integrada con el salón y está completamente amueblada y equipada. Baño de buen tamaño con plato de ducha calentador de toallas y mampara. Es un 3ro real con ascensor y la finca fue construida en el año 1967 ITE pasado y todos los papeles en regla. Ubicado en el Barrio de El Clot a dos calles del metro de Navas de Tolosa L1 y Bac de Roda L2  El barrio: Camp del Arpa cuenta con todos los servicios colegios parque comercios muy buena comunicación de transporte con 3 líneas de metro a su alrededor. Hospital de Sant Pau a solo 2 cal... ,1,145,2,Gas natural,null,45,40,El Clot,null,215.000 € ,3,209.000 ,4.644 €/m²,jean paul cherigny, Ref.: VTA-LU-NAVAS-DIVINITY ,2,Segunda mano/buen estado,null,Piso en venta en calle de Mallorca 643,http://idealista.com/inmueble/91113016/
2,1900, Piso modernista cerca de Passeig de Gràcia En una bonita finca regia de 1900 al lado de Passeig de Gràcia con tan solo una vivienda por planta y solo seis vecinos encontramos esta maravillosa vivienda recientemente actualizada respetando todo los detalles de época.  &nbsp;Accedemos directamente a un gran hall de entrada que da paso a una amplísima zona de salón –comedor en dos ambientes con maravillosos techos artesonados y vitrales modernistas muy bien rehabilitados y con acceso a una pequeña pero agradable terracita.  La cocina independiente ha sido recientemente reformada. Cuenta también con una zona de aguas independiente. &nbsp;  Al otro lado del amplio hall de entrada en una zona diferenciada encontramos otras tres habitaciones dobles también con techos artesonados y muchísima luz debido a su magnífica orientación a sureste y dos baños completos.  Uno de los dormitorios tiene &nbsp;acceso a un patio interior.  Además tiene calefacción por radiadores carpintería de época suelos de madera dos trasteros en el piso y en el terrado una agradable terraza comunitaria. ,1,261,null,Gas natural,null,135,null,La Dreta de l'Eixample,null,null,null,795.000 ,5.889 €/m²,aProperties Real Estate Barcelona, Ref.: VB1809006-5 ,4,Segunda mano/buen estado,1,Piso en venta en calle de València,http://idealista.com/inmueble/91613090/
1,1952, Piso exterior a reformar en Josep Tarradellas En una zona inmejorable cercano a comercios servicios y transporte público encontramos este acogedor piso de 87m2 alto y exterior en una finca esquinera de l’Avinguda Josep Tarradellas.  Actualmente el piso se distribuye en un amplio salón-comedor exterior con espléndidas vistas a la avenida dos dormitorios también exteriores y con vistas un dormitorio individual cocina independiente lavadero y un baño con la posibilidad de hacer un segundo baño.  Por la época de la finca existe la posibilidad de recuperar la bóveda catalana en los techos y las baldosas hidráulicas hexagonales en perfecto estado. ,1,100,4,Gas natural,null,87,null,La Nova Esquerra de l'Eixample,null,null,null,385.000 ,4.425 €/m²,aProperties Real Estate Barcelona, Ref.: VB2010039-2 ,3,Segunda mano/para reformar,null,Piso en venta en avenida de Josep Tarradellas,http://idealista.com/inmueble/91612899/
2,1966, Piso reformado a estrenar en Santaló En una excelente ubicación cerca del Mercado de Galvany y de la estación de FGC muy bien comunicado encontramos esta propiedad totalmente reformada. Se encuentra en una planta alta muy luminosa y soleada. Tiene una distribución lógica y racional diferenciando claramente la zona de día de la zona de noche: la zona de día consta de un agradable salón comedor cocina con zona de agua y entrada de servicio. La zona de noche tiene tres habitaciones una de ellas en suite con baño y las otras dos comparten un baño. La finca dispone de servicio de conserjería también hay la posibilidad de adquirir una plaza de garaje en una finca muy cercana. &nbsp;. ,1,211,4,Eléctrica,null,128,null,Sant Gervasi - Galvany,null,null,null,749.000 ,5.852 €/m²,aProperties Real Estate Barcelona, Ref.: VB2001029-5 ,3,Segunda mano/buen estado,null,Piso en venta en calle de Santaló,http://idealista.com/inmueble/91250039/
3,1973, Fantástico piso reformado en Sarrià En una de las mejores ubicaciones del barrio de Sarria rodeado de tiendas y muy cerca Avenida Diagonal nos encontramos este maravilloso piso reformado de aproximadamente de 185 m² de superficie con dos amplias terrazas.  El piso se distribuye en un recibidor que da acceso a un gran salón comedor con salida a una gran &nbsp;terraza de 20 mts con vistas. Dispone de una amplia cocina con lavadero independiente y habitación doble en suite exterior.  La zona de noche consta de tres dormitorios todos exteriores y muy luminosos con armarios empotrados el dormitorio principal en suite con armarios empotrados y vestidor independiente con salida a una terraza de 10m² y dos habitaciones dobles exteriores con armarios empotrados comparten un amplio baño.  Tiene dos plazas de parking grande en la misma finca. Servicio de conserjería.  Piso a tres vientos que por su situación y metraje se convierte en una muy buena vivienda. ,1,169,1,Gas natural,null,225,null,Pedralbes,1,null,null,1.350.000 ,6.000 €/m²,aProperties Real Estate Barcelona, Ref.: VB1912004-5 ,4,Segunda mano/buen estado,1,Piso en venta en Gran Via de Carles III,http://idealista.com/inmueble/91250017/
4,1971, Ático en venta en pleno corazón de Galvany Ubicado en pleno corazón de Galvany a un paso del mercado rodeado de todo tipo de comercios y transporte público a diez minutos del centro de Barcelona &nbsp;encontramos este luminoso ático dúplex de unos 140 m² aproximadamente. &nbsp; El piso fue reformado hace pocos años y se encuentra en perfecto estado. Se distribuye en dos plantas. En la planta baja encontramos un luminoso salón comedor de unos 40 m² orientado al mar aseo de cortesía cocina&nbsp; office abierta y &nbsp;totalmente equipada con electrodoméstico de alta gama y una zona de despacho contigua al comedor. En la planta superior encontramos una habitación individual&nbsp; grande con armarios empotrados y salida al balcón de 2m² aprox.  una &nbsp;habitación doble también con armarios empotrados y salida a terraza de 5m² aprox.  &nbsp;un baño completo y &nbsp;el dormitorio principal en suite amplio luminoso con armarios empotrados y un baño completo.  &nbsp;Posibilidad de alquilar plaza de parking en el mismo edificio. Oportunidad única de adquirir una propiedad totalmente exterior en una zona inmejorable. ,1,76,5,Gas natural,null,134,null,Sant Gervasi - Galvany,1,null,null,895.000 ,6.679 €/m²,aProperties Real Estate Barcelona, Ref.: VB1911059-5 ,3,Segunda mano/buen estado,1,Ático en venta en calle de Marià Cubí,http://idealista.com/inmueble/91249885/
2,1936, Piso en venta cerca de La Monumental En pleno Eixample Dret cerca de la Monumental rodeada de todo tipo de servicios y comercios encontramos esta finca regia actualizada. La vivienda está situada en una sexta planta y tiene unos 158m2. Consta de un amplio salón-comedor una cocina reformada completamente equipada dos habitaciones dobles con salida a una galería cubierta un dormitorio doble que comparten un baño completo con ducha y bañera y un aseo junto con el lavadero. La finca no cuenta con garaje ni servicio de conserjería. ,1,158,4,Gas natural,null,158,null,El Fort Pienc,null,null,null,599.000 ,3.791 €/m²,aProperties Real Estate Barcelona, Ref.: VB1909027-7 ,3,Segunda mano/buen estado,null,Piso en venta en Gran Via de les Corts Catalanes,http://idealista.com/inmueble/91249874/
3,null, Piso con terraza en Sant Gervasi–La Bonanova Encontramos esta amplia vivienda familiar en el barrio de la Bonanova con múltiples servicios de transporte comercios y colegios cercanos. &nbsp; Se trata de un piso de 180m² con excelente distribución. La zona de día dispone de recibidor un gran salón-comedor con chimenea y salida a una terraza luminosa de 10m² una cocina office la cual se comunica con el área de servicio que cuenta con una habitación con baño zona de aguas y despensa. La zona de día incluye también cuatro dormitorios dos dobles exteriores con armarios &nbsp;dos individuales interiores y dos baños completos uno con ducha y uno con bañera. &nbsp; La calefacción es central de gas por radiadores y está incluida en el precio. &nbsp;&nbsp; Incluye también una plaza de parking en la misma finca y vigilancia las 24hrs. &nbsp;La finca cuenta con servicio de conserje. ,1,119,4,Gas natural,null,185,null,Sant Gervasi - La Bonanova,1,null,null,950.000 ,5.135 €/m²,aProperties Real Estate Barcelona, Ref.: VB1905025-5 ,5,Segunda mano/buen estado,1,Piso en venta en calle de Balmes,http://idealista.com/inmueble/91249862/
2,1936, Piso totalmente reformado en Galvany En pleno corazón del Barrio de Galvany&nbsp; y a escasos metros de la Avenida Diagonal situado en un edificio&nbsp; rehabilitado rodeado de todo tipo de comercios y transporte público encontramos este elegante piso recién reformado con materiales de diseño y gran calidad. El &nbsp;piso se caracteriza por su gran luminosidad y &nbsp;&nbsp;tiene una superficie aproximada de 102m². Dispone de un generoso recibidor un amplio salón comedor cocina office abierta totalmente equipada &nbsp;con electrodomésticos de gran calidad &nbsp;dos habitaciones dobles y dos baños completos. Es una oportunidad única &nbsp;de adquirir una vivienda a estrenar en uno de los barrios más demandados de Barcelona y a un paso del centro de Barcelona. ,1,73,4,Gas natural,null,102,null,Sant Gervasi - Galvany,null,null,null,595.000 ,5.833 €/m²,aProperties Real Estate Barcelona, Ref.: VB2001034-4 ,2,Segunda mano/buen estado,null,Piso en venta en calle de Muntaner,http://idealista.com/inmueble/91153658/
1,1900, Piso en venta junto a Passeig de Gràcia Barcelona En una bonita finca regia del 1900 a pocos metros del emblemático Paseo de Gracia con un solo vecino por planta &nbsp;se encuentra esta impresionante vivienda de aproximadamente 170m2 que conserva elementos de la época como techos altos artesanales. Tiene una distribución típica de los pisos de Eixample con orientación Sur-Este y Nor-Oeste siendo la primera orientación la que da al patio de manzana y la segunda a la calle. La vivienda es muy amplia y se compone de zona del salón-comedor con salida a una luminosa galería que da a un tranquilo patio de manzana. Actualmente el piso tiene cinco habitaciones cocina un baño completo y una amplia terraza. Por su amplitud y distribución el piso tiene muchas posibilidades de reforma pudiéndose adaptar a las necesidades y al gusto de cada cliente. Es ideal para personas que buscan una vivienda para reformar a su gusto en una situación muy céntrica cercana a todos los lugares de mayor interés. ,1,157,3,Gas natural,null,170,null,L'Antiga Esquerra de l'Eixample,null,null,null,730.000 ,4.294 €/m²,aProperties Real Estate Barcelona, Ref.: VB2001003-4 ,4,Segunda mano/para reformar,1,Piso en venta en calle d'Aragó,http://idealista.com/inmueble/91153536/
2,1949,  Piso de tres habitaciones a estrenar en Galvany En una de las zonas con más encanto del barrio de Galvany encontramos esta finca señorial con elementos arquitectónicos preciosos y muy cuidados.  La propiedad está completamente reformada con materiales de primera calidad donde se han respetado los elementos como la volta catalana. La cocina está integrada al comedor de forma inteligente dando protagonismo a la amplitud. A pie de salón encontramos una preciosa terraza muy disfrutable ya que se encuentra en una zona muy tranquila.  Todo con materiales muy cuidados y de alta calidad en todos los elementos. Cuenta con un sistema de climatización y cerramientos en ventanas pensado para conseguir la máxima eficacia energética así como una óptima insonorización. Piso de tres habitaciones con terraza&nbsp; en Galvany  En una de las zonas ... ,1,100,1,Eléctrica,null,126,107,Sant Gervasi - Galvany,null,null,null,735.000 ,5.833 €/m²,aProperties Real Estate Barcelona, Ref.: VB1911054-4 ,3,Segunda mano/buen estado,null,Piso en venta en calle de Balmes,http://idealista.com/inmueble/91153506/
2,1949, Piso de tres habitaciones y 40 m2 de terraza en Galvany En una de las zonas con más encanto del barrio de Galvany encontramos esta finca señorial con elementos arquitectónicos preciosos y muy cuidados.  La propiedad está completamente reformada con materiales de primera calidad donde se han respetado los elementos como la volta catalana. La cocina está integrada al comedor de forma inteligente dando protagonismo a la amplitud. A pie de salón encontramos una preciosa terraza muy disfrutable ya que se encuentra en una zona muy tranquila. El piso cuenta con tres habitaciones generosas una tipo suite con armarios empotrados.  Todo con materiales muy cuidados y de alta calidad en todos los elementos. Cuenta con un sistema de climatización y cerramientos en ventanas pensado para conseguir la máxima eficacia energética así como una óptima insonorización. ,1,100,1,Eléctrica,null,130,null,Sant Gervasi - Galvany,null,null,null,795.000 ,6.115 €/m²,aProperties Real Estate Barcelona, Ref.: VB1911055-4 ,3,Segunda mano/buen estado,1,Piso en venta en calle de Balmes,http://idealista.com/inmueble/91153499/
3,1890,  Piso a estrenar en El Eixample Esquerra Con una de las mejores ubicaciones céntrica rodeada de servicios y comercios muy bien comunicada con todo tipo de transporte público encontramos esta vivienda de 140m² completamente reformada con un exquisito gusto y materiales de alta calidad. La propiedad se encuentra en una cuarta planta real de una bonita finca clásica con ascensor propia del ensanche de Barcelona. La zona de día se distribuye en un amplio y luminoso salón-comedor con volta catalana dos grandes ventanales con doble cristal y aislamiento acústico. Además dispone de contraventanas totalmente reformadas con salida a un balcón doble orientado a sur que da luminosidad a todo el piso. Se han conservado las carpinterías originales y se han restaurado por completo conservando los detalles de la época. Suelo de parqué natural de ... ,1,133,2,Gas natural,null,144,null,L'Antiga Esquerra de l'Eixample,null,675.000 € ,4,650.000 ,4.514 €/m²,aProperties Real Estate Barcelona, Ref.: VB1911013-4 ,3,Segunda mano/buen estado,1,Piso en venta en calle de Villarroel,http://idealista.com/inmueble/91153491/
2,1900,  Vivienda con increíbles vistas a La Pedrera Espectacular propiedad en preciosa finca modernista catalogada y rehabilitada conservando íntegramente su esencia. Tiene una ubicación inmejorable en pleno Quadrat D’Or de Barcelona en la calle Pau Claris y en la misma manzana que la Pedrera de Gaudí rodeada a su vez de todos los servicios transportes y comercios más exclusivos de la ciudad.  La vivienda de unos 175m2 registrados dispone de 3 dormitorios y 2 baños cuenta con techos altos artesonados bóveda catalana suelos hidráulicos originales en mosaico de Nolla completamente rehabilitados vidrieras pre-modernistas y carpinterías de madera rehabilitadas.  Accedemos a la vivienda por un amplio recibidor que da paso a un amplísimo salón comedor con cocina americana completamente equipada con electrodomésticos de alta gama. El salón&amp;... ,1,115,4,null,null,173,null,La Dreta de l'Eixample,null,null,null,1.600.000 ,9.249 €/m²,aProperties Real Estate Barcelona, Ref.: VB1911001-4 ,3,Segunda mano/buen estado,null,Piso en venta en calle de Pau Claris,http://idealista.com/inmueble/91153174/
3,1964,  Espectacular vivienda con terraza al lado de Passeig de Gràcia Con una ubicación privilegiada a una manzana de Paseo de Gracia y al lado de la Avinguda Diagonal encontramos esta espectacular vivienda diseñada por el exclusivo e internacionalmente premiado estudio de arquitectura External Reference galardonados entre otros con el premio de diseño internacional&nbsp;World´s Best Restaurant por el restaurante de estrella Michelin Alkimia. &nbsp;  Vivienda de unos 150m2 totalmente customizada y con acabados de primera calidad que equilibra el estilo contemporáneo del barrio de L´Eixample de Barcelona con un estilo moderno y purista. &nbsp;  La transicción entre la zona pública y la zona privada es acompañada por una triangulación en el techo que da acceso a las diferentes estancias y que se conecta con una personalizada pared retro... ,1,150,null,Gas natural,null,172,118,La Dreta de l'Eixample,null,null,null,1.295.000 ,7.529 €/m²,aProperties Real Estate Barcelona, Ref.: VB1910033-4 ,3,Segunda mano/buen estado,1,Piso en venta en calle del Rosselló,http://idealista.com/inmueble/91153182/
3,1926, Piso totalmente reformado en L'Eixample Dret Con una ubicación inmejorable en una tranquila calle entre Paseo de Gracia y Paseo San Juan una zona con muchísima vida de barrio y con todos los servicios y comercios encontramos esta maravillosa propiedad de unos 130m2 completamente reformada con excelentes calidades.  Accedemos a la vivienda por un amplio recibidor que da paso a una espaciosa cocina office abierta al salón con 2 balcones a la calle y bonita vista verde.  La zona de noche consta de 4 dormitorios dos amplísimos dobles uno de ellos en suite y 2 individuales. Y 3 baños completos.  La vivienda consta de preciosos suelos hidráulicos perfectamente combinados con tarima techos altos con molduras carpinterías originales calefacción de gas y aire acondicionado por conductos. Dispone de abundante luz natural. ,1,211,null,Gas natural,null,136,null,La Dreta de l'Eixample,null,null,null,745.000 ,5.478 €/m²,aProperties Real Estate Barcelona, Ref.: VB1908002-4 ,4,Segunda mano/buen estado,null,Piso en venta en calle del Rosselló,http://idealista.com/inmueble/91153034/
2,1948, Piso a reformar muy cerca de Passeig de Gràcia Con una ubicación inmejorable en una bonita finca del año 1948 en muy buen estado de conservación a un paso de Paseo de Gracia y de Diagonal en un zona rodeada de todos los servicios comercios y de los mejores restaurantes de la ciudad aunque con mucha vida de barrio encontramos esta vivienda de unos 170m² con muchísimas posibilidades de reforma. &nbsp;  La vivienda se encuentra en una primera planta real. Tiene doble orientación a mar y montaña con vistas por un lado a un tranquilo patio de manzana con mucha vegetación y por otro lado a una tranquila calle del Eixample. &nbsp;. ,1,295,null,Gas natural,null,173,null,La Dreta de l'Eixample,null,null,null,595.000 ,3.439 €/m²,aProperties Real Estate Barcelona, Ref.: VB1907039-4 ,5,Segunda mano/para reformar,null,Piso en venta en calle de Còrsega,http://idealista.com/inmueble/91052381/
2,2015, Piso de 4 dormitorios y terraza en Sant Martí En edificio de obra nueva encontramos este piso amueblado y complemanente equipado cocina con los electrodomésticos nuevos salón comedor con salida a terraza cuatro dormitorios uno de ellos con baño en suite y otros tres que comparten baño en pasillo cuartito de lavandería y/o almacenamiento. Está equipado con muebles modernos y prácticos. ¡Listo para entrar a vivir! Próximo a comercios supermercados farmacias. Además fácil conexión por metro parada Glorias y Llacuna y autobuses. ,1,31,1,Calefacción individual,null,112,null,Sant Martí,1,570.000 € ,2,558.000 ,4.982 €/m²,Barcelona MMC - Ciutat Vella - Sant Martí - S7, Ref.: W-02JR26 ,4,Segunda mano/buen estado,1,Piso en venta en El Parc i la Llacuna del Poblenou,http://idealista.com/inmueble/90901630/
2,1986, Acogedor piso en Galvany Piso de 104 m2 con una terraza de 16 m2 de y un patio de 14 m2. Según se entra al piso el recibidor da al salón totalmente exterior y reformado hace 6 meses al fondo la terraza que tiene vistas a la zona comunitaria muy amplia y disfrutable. Desde el recibidor también accedemos a la cocina completamente equipada que tiene una puerta que comunica con la zona de noche. Dispone de 4 habitaciones: 3 exteriores y 1 interior todas ellas con armarios empotrados. La propiedad dispone de 2 baños uno de ellos en suite. La suite es la estancia con más privacidad y se encuentra en el extremo más alejado.  Buenos acabados suelo de madera 2 splits de aire acondicionado y calefacción de gas. Una plaza de aparcamiento en la finca incluido en precio. Al garaje podrá acceder desde el ascensor. El piso está situado en una buena finca. La zona es muy comercial y está muy bien comunicada con los FGC. También muy próximo al Mercado de Galvany o a colegios de la zona alta. La Plaza Molina está a tan sólo un paso del piso. ,1,150,1,Gas natural,null,120,null,Sarrià-Sant Gervasi,1,620.000 € ,4,595.000 ,4.958 €/m²,Barcelona MMC - Zona Alta - S1, Ref.: W-02H60R ,4,Segunda mano/buen estado,1,Piso en venta en Sant Gervasi - Galvany,http://idealista.com/inmueble/90883774/
2,1900, Fantástico 'Pied a Terre' en Sant Antoni Esta bonita vivienda situada en la planta cuarta real de una finca regia tiene una superficie de 86 m2 construidos. Consiste de un salón comedor amplio. Una cocina totalmente equipada y muy cómoda. 2 baños completos uno de ellos ensuite con Jacuzzi. Un vestidor amueblado con armarios hechos a medida y un dormitorio muy luminoso. La vivienda dispone de Aire condicionado por conducto en todas las instancias como calefacción de gas. Esta vivienda es ideal para parejas sin niños que buscan una vivienda bien situada en el centro de la ciudad en uno de los barrios de moda del momento. Está situado en el barrio de Sant antoni donde hay todo tipo de servicios escuelas y medios de transporte a todas partes de la ciudad a pocos minutos en un agradable paseo estaremos en la parte más turística de Barcelona. ,1,260,3,Gas natural,null,86,null,Eixample,null,380.000 € ,5,360.000 ,4.186 €/m²,Barcelona MMC - Eixample - S2, Ref.: W-02JHPH ,1,Segunda mano/buen estado,null,Piso en venta en Sant Antoni,http://idealista.com/inmueble/90630684/
2,1970,  Funcional piso listo para vivir en Sant Antoni A una manzana del recién inaugurado Mercat de Sant Antoni en la calle Viladomat se encuentra este práctico piso listo para entrar a vivir que destaca por su funcionalidad y su privilegiada ubicación en el corazón del barrio de Sant Antoni. La vivienda de planta rectangular con orientación a calle se distribuye en una superficie construida de 80m2 aproximadamente. La entrada al piso se realiza por un extremo en el que el recibidor conecta con el distribuidor que da acceso por el lado derecho a una habitación doble y a un aseo de cortesía. Al frente el pasillo conduce a la zona de día compuesta por el salón con vistas a la calle y el comedor con cocina abierta. Desde el salón se accede a una habitación individual con ventana a la calle y a un pequeño distribuidor con entrada al baño... ,1,176,1,Calefacción individual,null,89,null,Eixample,null,315.000 € ,5,300.000 ,3.371 €/m²,Barcelona MMC - Eixample - S2, Ref.: W-02IWL3 ,3,Segunda mano/buen estado,null,Piso en venta en Sant Antoni,http://idealista.com/inmueble/89652093/