bathrooms,constructed_year,description,elevator,energetic_qualification_kWhm2_año,floor,heater_system,its_new,m2_build,m2_useful,neighbourhood,parking,price_down_euro,price_down_percentage,price_euro,price_m2,real_estate,ref,rooms,status,terrace,title,link
3,1969,  Fantástico y luminoso piso en Francesc Macià Exclusivo y reformado piso alto en el Edificio Quinta Avenida sureste y con estancias exteriores al lado de la Plaça de Francesc Macià que dispone de parking con acceso desde la misma finca en una de las mejores zonas por ubicación de la ciudad. Esta propiedad destaca por su reforma en todos los detalles de excelentes calidades y acabados de diseño. Desde la entrada del piso hay situado un recibidor amplio y luminoso que da paso una estancia de salón-comedor abierto con vistas despejadas con ventanales en orientación sureste con dos zonas diferenciadas del salón comedor por una chimenea y que da acceso abierto a la cocina equipada con isla para su total confort. En la misma estancia y desde el recibidor situado a la izquierda se halla un aseo de cortesía y al lado derecho una estancia h... ,1,145,6,Gas natural,null,139,null,Eixample,1,979.000 € ,2,959.000 ,6.899 €/m²,Barcelona MMC - Eixample - S2, Ref.: W-02F52B ,3,Segunda mano/buen estado,1,Piso en venta en L'Antiga Esquerra de l'Eixample,http://idealista.com/inmueble/89383956/
1,1900,  Luminoso piso con patio privado en Poblenou Luminoso piso en finca totalmente rehabilitada en el barrio de Poblenou. La propiedad cuenta con un patio / terraza privado. Los techos altos que lucen el trazado de la bóveda catalana generan sensación de amplitud. Toda la reforma ha sido supervisada por arquitectos la estructura ha sido reforzada y las instalaciones renovadas. Se trata de un primero real al que se accede a través de una escalera bien dimensionada y en óptimo estado. La cocina tiene instalados todos los electrodomésticos necesarios (fogones nevera horno lavavajillas). El salón comedor es de concepto abierto se articula con la zona de dormitorios a través de un espacio de distribución que cuenta además con el baño y lavandería. Todos los ambientes de la vivienda tienen ventanas altas favoreciendo la ventilación cruzada y ... ,0,24,1,null,null,79,null,Sant Martí,null,391.000 € ,5,370.000 ,4.684 €/m²,Barcelona MMC - Ciutat Vella - Sant Martí - S7, Ref.: W-02HWY6 ,2,Segunda mano/buen estado,1,Piso en venta en El Poblenou,http://idealista.com/inmueble/88877897/
2,1970,  Ático con 2 terrazas en Pintor Mir Excepcional Ático-Dúplex de tres dormitorios y dos baños con dos amplias terrazas. La superficie de la propiedad se distribuye eficientemente en dos plantas planta ático y planta sobreático.  A la primera planta se tiene acceso a través de la escalera de vecinos presentándose inicialmente un vestíbulo distribuidor que da paso a la izquierda al salón-comedor a la cocina abierta de estilo americano y a la primera de las terrazas que con forma rectangular tiene una superficie de más de 20 m2; y a la derecha al primer dormitorio al primer baño y a las cómodas escaleras de madera que suben al segundo piso. En la segunda planta (sobreático) nos encontramos los dos dormitorios restantes el segundo baño un trastero y el acceso a la segunda de las terrazas también rectangular y también con más de 20 m2 ... ,1,173,5,Calefacción individual,null,126,null,Nou Barris,null,480.000 € ,4,460.000 ,3.651 €/m²,Barcelona MMC, Ref.: W-02H828 ,3,Segunda mano/buen estado,1,Ático en venta en Vilapicina i la Torre Llobeta,http://idealista.com/inmueble/87734205/
2,1998,  Encantador piso en zona peatonal en Eixample Este piso se encuentra en una finca clásica rehabilitada en la mejor zona del Quadrat d’Or. Se trata de una ubicación privilegiada por tratarse de un pasaje peatonal muy tranquilo y exclusivo en las inmediaciones de Passeig de Gràcia de la Casa Milà y del Palau Robert y sus jardines. El piso tiene una distribución práctica diferenciando claramente la zona de día y la de noche… A la entrada encontramos un cuarto de baño completo y un despacho que podría hacer la función de dormitorio a continuación el living de unos 40m2 luminoso y tranquilo con vistas al pasaje y bien orientado al SudOeste a continuación una cocina remodelada hace poco conectada con la sala. En la zona de noche encontramos la master suite con baño completo y dos habitaciones dobles todas ellas exteriores y luminosas. El ... ,1,164,4,null,null,143,null,Eixample,1,1.050.000 € ,5,995.000 ,6.958 €/m²,Barcelona MMC - Eixample - S2, Ref.: W-02GTWJ ,4,Segunda mano/buen estado,null,Piso en venta en La Dreta de l'Eixample,http://idealista.com/inmueble/87125233/
6,null,  Casa vanguardista única en el corazón de Gràcia. En pleno distrito de Gràcia en una de las plazas más emblemáticas y con mayor encanto del barrio se ubica esta impresionante casa de obra nueva con jardín piscina y varias terrazas. Ofrece la intimidad de vivir en una casa abierta a los espacios exteriores pero en una zona céntrica y perfectamente comunicada con transporte público y próxima a las principales vías de acceso a la ciudad. La zona cuenta con una gran vida comercial servicios y amplia oferta de ocio y gastronomía. La vivienda tiene una superficie construida total de 360 m² distribuida en 3 plantas y cuenta con un total de 7 habitaciones 5 baños y 1 aseo. En la planta baja se ubica la zona social de la casa compuesta por un recibidor un salón comedor una cocina de concepto abierto completamente equipada y con zona de agu... ,null,78,null,null,null,360,null,Vila de Gràcia,null,null,null,1.900.000 ,5.278 €/m²,Departamento Comercial, Ref.: 39533 ,7,Segunda mano/buen estado,1,Chalet pareado en venta en plaza de Rovira i Trias,http://idealista.com/inmueble/86950973/
2,1810, Piso de 200m² en venta con muchas posibilidades ubicado en Rambla de Catalunya. Consta de un amplio salón comedor con 3 balcones con vistas a Rambla de Catalunya amplia cocina y zona de aguas. 5 habitaciones 2 baños y una bonita galería a patio de manzana. Dispone de elementos decorativos originales como techos altos artesonados y suelos hidráulicos. Finca de 1890 muy bien conservada con 2 ascensores y servicio de conserjería. Incluye un trastero.  Ubicado en el centro de la ciudad Condal en el barrio de la Dreta de l’Eixample zona con todo tipo de servicios y comercios y excelentes comunicaciones mediante transporte público metro autobuses y Ferrocarriles de la Generalitat. ,1,256,4,Gas natural,null,200,null,La Dreta de l'Eixample,null,null,null,1.200.000 ,6.000 €/m²,ALTING Grupo Inmobiliario, Ref.: 019215 ,5,Segunda mano/para reformar,null,Piso en venta en rambla de Catalunya,http://idealista.com/inmueble/86073242/
2,1936, En una localización inmejorable del Quadrat d'Or a pocos pasos de la Avenida Diagonal y Passeig de Gràcia esta sensacional propiedad a reformar está ubicada en una finca regia. La zona reúne los mejores restaurantes comercios y servicios de la ciudad así como organismos y oficinas y se encuentra perfectamente comunicada con el centro y el resto de la ciudad.  El piso con 188 m2 construidos tiene doble orientación: hacia la calle en una estancia con 2 grandes ventanales; y hacia el patio interior de manzana en un gran salón de 45 m2 con galería cerrada acristalada y salida a una terraza muy soleada de 8 m2. Uno de sus elementos característicos son sus hermosos techos de 3 metros de altura con molduras.  La propiedad presenta múltiples posibilidades de reforma. Actualmente dispone de 3 grandes estancias en la zona exterior a calle un gran recibidor una pequeña cocina y 2 cuartos de baño en la zona central y 2 amplias estancias con 2 almacenes en la zona orientada hacia el patio interior.  La propiedad se encuentra en la primera planta real de una finca regia con mucho carácter ubicada en una callea paetonal que destaca por sus cafeterías y restaurantes con mucho encanto. ,1,0,1,null,null,192,null,Eixample,null,null,null,990.000 ,5.156 €/m²,Bcn Advisors, Ref.: BCN06436 ,5,Segunda mano/para reformar,1,Piso en venta en La Dreta de l'Eixample,http://idealista.com/inmueble/91627282/
2,null, Home Group. -    Ref: G-40600    CAMP DE L'ARPA. Magnifico piso en 6ª planta de 110 m².    Consta de 4 amplias habitaciones 2 de ellas dobles y 2 simples 2 baños completos con ducha comedor con salida a balcón. Muy soleado. Cocina independiente con lavadero. Finca joven en perfecto estado con ascensor.    ¡Oportunidad por precio y zona!      Sagrada Familia    En el centro del barrio se localiza el templo mundialmente conocido de la Sagrada  Familia de Gaudí. Se trata de la obra arquitectónica más importante del  modernismo catalán. De allí nace la Avenida Gaudí es una vía que une el templo  con otra obra del modernismo catalán: El Hospital de San Pau. Ambos edificios  han sido declarados Patrimonio de la Humanidad por la UNESCO. Es un paseo  donde destacan los locales comerciales y de restauración. Un punto para destacar  en esta avenida son las farolas modernistas que se encuentran a lo largo de todo el  paseo. ,1,340,5,Gas natural,null,110,105,El Camp de l'Arpa del Clot,null,395.000 € ,5,375.000 ,3.409 €/m²,Home Group Gràcia, Ref.: G-40600 ,4,Segunda mano/buen estado,null,Piso en venta en calle de la Independència,http://idealista.com/inmueble/90374064/
2,1926,  Home Group. -Les presentamos este fantástico piso con reforma de calidad a estrenar situado en el Barrio del Born.    El ambiente medieval a pesar del paso de los años sigue presente en el barrio del Born. Estamos ante una zona encantadora que se ha adaptado a los nuevos tiempos&nbsp;sin olvidarse de un pasado muy rico y que dota de personalidad.   Actualmente la vivienda se encuentra en proceso de reforma. La vivienda estará lista para entrar a vivir a finales de marzo 2020.    Consta de 70m² útiles distribuidos en un amplio salón comedor con salida a balcón a nivel; disponemos de cocina americana lo cal nos da gran amplitud y comodidad a la misma 2 habitaciones dobles una de ellas en suite y baño completo y aseo. El inmueble dispone de techos altos con vigas de madera y volta catalana suelos de parquet y aire acondicionado con bo... ,0,174,2,Bomba de frío/calor,null,74,70,Sant Pere - Santa Caterina i la Ribera,null,335.000 € ,6,315.000 ,4.257 €/m²,Home Group Esquerra, Ref.: E-40522 ,2,Segunda mano/buen estado,null,Piso en venta en Cirera,http://idealista.com/inmueble/88325243/
10,1960,  Amplia y soleada casa unifamiliar en La Bonanova En el exclusivo barrio de Bonanova una de las zonas más prestigiosas de la parte alta de la ciudad de Barcelona encontramos esta extraordinaria y amplia casa unifamiliar; una sólida y emblemática construcción del año 1900 sobre una generosa parcela de terreno de más de 670 m2. Se trata de una casa unifamiliar soleada con orientación a cuatro vientos varias terrazas y mucho espacio para jardín. De construcción rectangular la edificación está distribuida en 4 plantas con un total de 664m2 todas ellas comunicadas entre sí por una escalera interior con vistas al jardín y mucha luz las dos plantas superiores incluso con doble orientación además de salidas a distintas terrazas y patios exteriores que rodean gran parte de la propiedad. La casa está en buen estado de conservación requirie... ,null,159,null,Gas natural,null,850,null,Sarrià-Sant Gervasi,null,null,null,3.850.000 ,4.529 €/m²,Barcelona MMC - Zona Alta - S1, Ref.: W-02GDSO ,10,Segunda mano/para reformar,1,Casa o chalet independiente en venta en Sant Gervasi - La Bonanova,http://idealista.com/inmueble/91278447/
1,1960, West Side vende:  Vivienda de 92 m2 útiles.  Consta de Salón comedor muy luminoso desde el que se accede a un balcón con vistas a la Avda. Madrid 3 dormitorios 2 de ellos dobles y 1 individual. Baño reformado recientemente y una amplia cocina en buen estado de conservación.   Vivienda vacía acabada de pintar con todos los suministros dados de alta suelos de parquet ventanas de aluminio calefacción a gas y armarios empotrados.  El edificio cuenta con conserje ascensor y esta totalmente rehabilitado incluido vestíbulo y fachada.  Zona muy comercial y muy bien comunicada por metro y bus.  No dude en llamar y pedir más información. ,1,200,6,Gas natural,null,92,86,Les Corts,null,null,null,375.000 ,4.076 €/m²,West Side Real Estate Sl, Ref.: CB_BCN_0343_VVV ,3,Segunda mano/buen estado,null,Piso en venta en avenida de Madrid,http://idealista.com/inmueble/91608569/
3,2007, Precioso dúplex con vistas y zona comunitaria con piscina En una de las zonas más tranquilas y bonitas de Sant Gervasi cerca de los colegios y con fácil acceso a las principales vías de salida de la ciudad encontramos este precioso dúplex exterior esquinero y muy luminoso de 218m2 de vivienda más dos terrazas de 36m2 y 40m2. La exclusiva finca cuenta con zona comunitaria con piscina.  La vivienda destaca por su tranquilidad y privacidad y goza de vistas panorámicas a Barcelona así como de muchísimas luz gracias a su inmejorable orientación.  La primera planta se compone de gran salón comedor con acceso a &nbsp;terraza con vistas cocina office completamente equipada con una encantadora despensa y un aseo de cortesía. En la planta inferior hay cuatro dormitorios dobles &nbsp; uno de ellos en suite con baño y acceso a la bonita y soleada terraza un amplio baño completo &nbsp;y un lavadero. Las dos plantas tienen puerta de entrada independiente.  Completan la vivienda una plaza de parking grande y un trastero. Opción a adquirir una segunda plaza de parking. Dispone de servicio de conserjería y vigilancia 24h. ,1,88,0,Gas natural,null,256,null,Sarrià-Sant Gervasi,1,1.390.000 € ,7,1.295.000 ,5.059 €/m²,aProperties Real Estate Barcelona, Ref.: VB1910052-4 ,4,Segunda mano/buen estado,1,Piso en venta en Sant Gervasi - La Bonanova,http://idealista.com/inmueble/91249879/
1,1967, Precioso piso en el barrio San Marti muy cerca de todos los servicios Autobús Metro bicing a 15 min de la playa en coche y a 5 min del parque y mercado del Clot. Se trata de un Segundo piso en finca con Ascensor. 50 mt2 útiles totalmente reformados. Dispone de Salón Comedor con cocina abierta e integrada 2 Habitaciones Lavabo completo y Lavadero exterior. Equipado con persianas eléctricas con mando a distancia altavoces de calidad en todas las estancias insonorización en techo comedor y pared contigua al vecino carpintería de aluminio Climalit negra con cristales de diferente espesor para mejor insonorización calefacción por radiadores a Gas Natural con mando inalámbrico programable Aire Acondicionado y Parquet. Pre-instalación de Fibra óptica. Se vende con electrodomésticos nevera lavavajillas horno y lavadora. Es una buena zona con proyecto de la estación de AVE cerca del piso y carril de bicing en la misma calle directo hasta la playa. Ideal para invertir o como vivienda habitual. El precio no incluye Impuestos ni gastos de Notaria y Registro. ,1,0,2,Calefacción individual,null,48,null,El Clot,null,215.000 € ,3,209.000 ,4.354 €/m²,Prontopiso Barcelona, Ref.: 67DC1EBC-0 ,2,Segunda mano/buen estado,null,Piso en venta en calle de las Navas de Tolosa,http://idealista.com/inmueble/91234609/
1,1973, ProntoPiso pone a la venta este piso totalmente reformado con excelentes acabados cerca de todos los servicios metro bus.. . La vivienda se ubica en una tercera planta real salón-cocina office amplio exterior a calle con salida a balcón 2 habitaciones + estudio baño con ducha y aseo de cortesía ambos con puertas correderas suelos parquet ventanas aluminio climalit oscilobatientes y puertas interior blancas calefacción y aire acondicionado con bomba de calor armario empotrado en recibidor finca con ascensor. ,1,0,2,Calefacción individual,null,87,83,El Poble Sec - Parc de Montjuïc,null,265.000 € ,10,238.000 ,2.736 €/m²,Prontopiso Barcelona, Ref.: 3A0EFA86-0 ,2,Segunda mano/buen estado,null,Piso en venta en calle de Magalhães,http://idealista.com/inmueble/87818420/
1,null, ProntoPiso pone a la venta piso totalmente reformado en pleno gótico junto plaza real ramblas y teatro liceo próximo a metro.  Piso de 45 m2 totalmente exterior reformado con excelentes acabados comedor-cocina co salida a balcón exterior a calle trastero amplio para lavadora 2 habitaciones (1 exterior a calle) baño amplio con ducha ventanas aluminio climalit y puertas interior blancas suelos parquet aire acondicionado bomba frío/calor finca sin ascensor. ,0,0,4,null,null,45,null,El Gòtic,null,195.000 € ,14,167.000 ,3.711 €/m²,Prontopiso Barcelona, Ref.: 0D4EB1BC-4 ,2,Segunda mano/buen estado,null,Piso en venta en calle del Vidre,http://idealista.com/inmueble/90477581/
8,2016,  Esta villa completamente nueva mide 700 m² y cuenta con un estilo muy contemporáneo y acabados de alta gama así como abundante luz natural en toda la propiedad.   La planta inferior de la villa ofrece el dormitorio principal con cuarto de baño (44 m²) y 3 dormitorios más con cuartos de baño privados. También tienen armarios empotrados y sistemas de iluminación. La primera planta acoge la cocina con zona de comedor con acceso directo al jardín un estudio un comedor y un salón de 38 m².   En la segunda y última planta de la villa encontramos un espacio de 69 m² que el nuevo propietario podrá usar como desee. Además la terraza de 40 m² ofrece un gran jacuzzi y espectaculares vistas a Barcelona y al mar. Es el lugar ideal para terminar un día ajetreado en un jacuzzi con las luces de la ciudad de fondo.   La planta baja dispone de una h... ,null,0,null,null,null,672,null,Sarrià-Sant Gervasi,1,3.300.000 € ,9,3.000.000 ,4.464 €/m²,Lucas Fox Barcelona, Ref.: BCN2354 ,5,null,1,Casa o chalet en venta en Sarrià,http://idealista.com/inmueble/34591620/
3,2015, Este maravilloso ático de 138 m² se encuentra en la exclusiva zona de Turó Park en Sant Gervasi dentro de la Zona Alta de Barcelona. Este piso de 3 dormitorios reformado&nbsp;con un gusto exquisito cuenta con materiales y acabados de alta calidad como preciosos suelos de parqué.   El amplio salón-comedor y el dormitorio principal con baño privado disponen de salida directa a un balcón alargado-terraza. Los otros dos dormitorios dobles comparten un baño. La moderna cocina se presenta totalmente equipada y con una barra de desayuno ideal para una cena informal así como una zona de servicio muy práctica que incluye dormitorio de servicio y baño. La vivienda cuenta con calefacción y aire acondicionado para su garantizar su confort en cualquier época del año.   Un excelente ático en una ubicación exclusiva. ,1,0,null,null,null,151,null,Sarrià-Sant Gervasi,null,1.350.000 € ,4,1.300.000 ,8.609 €/m²,Lucas Fox Barcelona, Ref.: BCN1925 ,3,Segunda mano/buen estado,1,Ático en venta en Sant Gervasi - Galvany,http://idealista.com/inmueble/86198306/
3,1974,  Piso exterior a tres vientos en venta ubicado en Pedralbes rodeado de parques zonas verdes y vistas despejadas a montañas y mar.   La vivienda cuenta con 178 m² según registro y se distribuye en zona de día y zona de noche. La zona de día ofrece un salón-comedor (la terraza ha sido integrada al salón) cocina totalmente equipada zona de aguas y zona de servicio que ahora se utiliza como planchador y que tiene un baño completo de servicio.   La zona de noche dispone de 4 dormitorios todos exteriores: el principal con baño privado dos dormitorios dobles y un dormitorio individual actualmente acondicionado como despacho. Por último un baño da servicio a los 3 dormitorios. Todos los dormitorios disponen de armarios empotrados.   La finca se presenta en muy buen estado dispone de dos ascensores y de servicio de portería las 24 horas d... ,1,0,null,null,null,178,null,Les Corts,1,1.350.000 € ,4,1.300.000 ,7.303 €/m²,Lucas Fox Barcelona, Ref.: BCN24457 ,4,Segunda mano/buen estado,null,Piso en venta en Pedralbes,http://idealista.com/inmueble/90237282/
1,1986, OBLIT - TEODOR LLORENTE Piso en venta en el barrio del Guinardó de Barcelona dispone de 3 habitaciones( uno doble y dos individuales amplias) salón independiente con salida a una terraza de ciento cincuenta metros cuadrados aproximadamente exterior a patio de manzana cocina con armarios a dos niveles con salida a la terraza baño con plato de ducha. Suelo de terrazo ventanas de aluminio y de madera calefacción individual y aire acondicionado en el salón. Incluido en el precio de venta una plaza de garaje en la misma finca de 25 m² de superficie. Finca del año 1986 de obra vista en excelente estado. Vivienda muy bien ubicada a un paso del recientemente rehabilitado Mercat del Guinardó y del CAP de Guinardó junto al eje comercial del Passeig Maragall. ( El PVP indicado no incluye impuestos ni gastos de Escritura ). ,1,183,0,null,null,96,null,Horta Guinardó,1,425.000 € ,6,399.000 ,4.156 €/m²,donpiso Bcn Sants, Ref.: 239506 ,3,Segunda mano/buen estado,1,Piso en venta en El Guinardó,http://idealista.com/inmueble/89980335/
2,1957,  Espectacular piso en Sant Gervasi- Galvany C/ Balmes impecable para entrar a vivir en finca señorial con ascensor. de 134 metros construidos según catastro. Piso con una perfecta distribución de 4 habitaciones dos de las cuales son dobles una de ellas con salida a amplia terraza y la otra doble con gran armario empotrado en madera noble además de contar un baño completo reformado perfecto con bañera y un aseo. Cuenta con una amplia cocina office donde podrá disfrutar de dos ambientes completamente diferenciados donde en una zona podrá estar cocinando por su gran amplitud y en la otra zona para las divertidas reuniones familiares además de contar con galería. Piso con un amplio salón comedor con salida a una gran terraza con unas vistas realmente espectaculares y con un tranquilidad que le enamora. Piso con acabados de primera calida... ,1,133,4,null,null,134,122,Sarrià-Sant Gervasi,null,620.000 € ,4,595.000 ,4.440 €/m²,donpiso Bcn Les Corts, Ref.: 234063 ,4,Segunda mano/buen estado,1,Piso en venta en Sant Gervasi - Galvany,http://idealista.com/inmueble/88165359/
2,1963, RIERA D´HORTA - CONCEPCIÓN ARENAL Piso en venta de tres habitaciones en el barrio de Vilapiscina i Torre Llobeta. Vivienda de tres habitaciones (una de ellas doble con armarios empotrados) salón independiente con salida a un balcón exterior a patio de manzana baño con plato de ducha y un aseo de cortesía; ambos en excelente estado. Cocina bien conservada con armarios a dos niveles. Buena distribución sin espacios perdidos. La vivienda se encuentra en excelente estado para entrar a vivir. Suelo de gres ventanas de aluminio con doble acristalamiento y de madera. Puertas de embero y persianas eléctricas en el salón y la habitación principal. Suministros de luz agua y gas de alta. Buena ubicación junto al Parc de la Recerca Creativa (antiguo Canódromo de la Meridiana) muy cerca de la Avenida Meridiana junto a la estación de metro de la línea 1 de Fabra i Puig y de la parada de RENFE de Sant Andreu Arenal y de la estación de Sagrera línea 1 y 5 y RENFE ( El PVP indicado no incluye impuestos ni gastos de Escritura ). ,1,154,6,null,null,85,null,Nou Barris,null,263.000 € ,4,253.000 ,2.976 €/m²,donpiso Bcn Fabra i Puig, Ref.: 232750 ,3,Segunda mano/buen estado,null,Piso en venta en Vilapicina i la Torre Llobeta,http://idealista.com/inmueble/87875419/
1,1966,  LA JOTA - PLAZA VIRREY AMAT en el barrio de Vilapicina y Torre LLobeta de Barcelona ático con gran terraza de 25 metros cuadrados y buenas vistas en finca rehabilitada con amplio vestíbulo reformado sin barreras arquitectónicas. Emplazado en calle semi peatonal arbolada sin apenas trafico dispone de dos habitaciones amplias (con posibilidad de una tercera) salón independiente con dos ambientes cocina con galería y baño. Puerta blindada videoportero aire acondicionado y cerramientos de aluminio; rejas y toldo. Bien situado con todos los servicios a mano zona muy comercial a un paso del Paseo de Fabra i Puig Hipercor Heron Citi y Corte Inglés Meridiana. Bien comunicado con fácil acceso a Avenida Meridiana y Rondas metro linea 1 ( Roja ) linea 5 ( azul ) linea 4 ( amarilla ) autobuses como 62 V-15 D-50 intercambio de metro d... ,1,208,4,null,null,58,null,Nou Barris,null,275.000 € ,5,260.000 ,4.483 €/m²,donpiso Bcn Fabra i Puig, Ref.: 225987 ,2,Segunda mano/buen estado,1,Ático en venta en Vilapicina i la Torre Llobeta,http://idealista.com/inmueble/86483062/
1,null,  HOMEGROUP.-    Ref.: G-40653    Magnifico piso de 70 m² en el barrio de Gracia  Compuesto por 3 habitaciones de las cuales 2 son dobles y 1 de ellas tiene salida a un pequeño balcón un baño completo con plato de ducha. Cocina independiente. Totalmente exterior muy luminoso y tranquilo con vistas al mercado. Salón-comedor con salida a un pequeño balcón.  Impecable para entrar a vivir. Dispone de aire acondicionado y calefacción. Finca con ascensor.  El piso se encuentra en buen estado con suelos de parquet carpintería exterior e interior de madera.    Ubicado en Vila de gracia en una calle tranquila y a escasos minutos del metro y de cualquier comercio necesario para tu día a día.    Es carismático bullicioso bohemio y combina a la perfección un estilo pueblerino  con aires de cosmopolitismo.  Gràcia es un distrito diferente es... ,1,340,3,Gas natural,null,70,68,Vila de Gràcia,null,null,null,295.000 ,4.214 €/m²,Home Group Gràcia, Ref.: G-40653 ,3,Segunda mano/buen estado,null,Piso en venta en calle de Puigmartí,http://idealista.com/inmueble/91520854/
1,1936,  PISO EN VENTA EN EL POBLE SEC SANTS - Barcelona  Bonito piso con muchas posibilidades de reforma idealmente ubicado en el barrio de El Poble Sec. Consta de 65 m² distribuidos en 3 habitaciones (1 doble y 2 individuales) 1 baño salón - comedor con salida a bonita y tranquila terraza que da a gran patio de manzana. La cocina es de tipo office suelos de gres. Finca construida en el año 1936 SIN ASCENSOR el piso es un entresuelo a pocos pasos de la Avenida Paralelo y metro L3.  Como barrio el Poble-sec mantiene un carácter popular y una cultura variada que abre las puertas a todos aquellos que se quieran acercar a visitarlo. Sus arterias principales son la calle de Blai que funciona como una pequeña rambla llena de bares y comercios por igual y la plaza del Sortidor donde tocaba en sus tiempos un joven Joan Manel Serrat y donde ah... ,0,0,0,Calefacción individual,null,70,60,El Poble Sec - Parc de Montjuïc,null,null,null,198.000 ,2.829 €/m²,NICE PROPERTIES BCN, Ref.: 1798 ,3,Segunda mano/para reformar,1,Piso en venta en calle Nou de la Rambla,http://idealista.com/inmueble/91455474/
2,1939,  Piso totalmente reformado en zona inmejorable Sant Gervasi - Galvany&nbsp; Bonito y acogedor piso reformado de 120 m2 con tres dormitorios uno de ellos en suite con vestidor las dos otras habitaciones constan de armarios empotrados hasta el techo y lacados en blanco dos baños completos se pueden contemplar&nbsp; techos restaurados de volta catalana.  La cocina es abierta a la zona del comedor y del salón logrando así un espacio de día diáfano cómodo y más amplio puedes disfrutar de una chimenea decorativa y aprovechar de los dos patios privados de unos 10m ² aproximadamente. Aire acondicionado y calefacción por conducto. Suelos de parqué. El piso esta actualmente amueblado pero todos los muebles no están incluidos en el precio (TV chimenea horno micro-ondas incluidos) La propiedad goza de una reforma impecable bonita encanta... ,1,0,null,null,null,120,97,Sant Gervasi - Galvany,null,476.000 € ,4,455.000 ,3.792 €/m²,Proddigia, Ref.: 9640 ,3,null,null,Piso en venta en calle de Balmes,http://idealista.com/inmueble/91041665/
2,null, Bonito y acogedor piso reformado de dos dormitorios y dos baños con techos restaurados de volta catalana y ladrillo visto en paredes. La propiedad goza de una reforma impecable bonita encantadora y muy cuidada en pleno Sant Gervasi cerca de&nbsp; todos los comercios y servicios de Galvany y Gracia. Se trata de un primer piso con salida a un balconcito en un extremo del piso y con un gran ventanal en el otro extremo orientado a sur. &nbsp; La cocina es abierta a la zona del comedor y del salón logrando así un espacio de día diáfano cómodo y más amplio. La finca es del 1930 y tiene un piso por planta. Se ubica en la confluencia de Travessera de Gracia y Via Augusta. No dude en contactar para ampliar información o concertar visitas. ,0,0,null,null,null,90,82,Sant Gervasi - Galvany,null,435.000 € ,11,389.000 ,4.322 €/m²,Proddigia, Ref.: 9134 ,2,null,null,Piso en venta en calle de Regàs,http://idealista.com/inmueble/90314257/
3,1996,  Proddigia tiene el placer de mostrarles este magnífico inmueble que cuenta con todas las características necesarias para convertirse en su próxima vivienda.  El piso tiene una superficie de 215m2 construidos y totalmente cuadrada de forma que se puede aprovechar el espacio al máximo. Está situado en una cuarta planta y tiene orientación a dos vientos de forma que todas las estancias son exteriores y muy luminosas. En total cuenta con 4 habitaciones actualmente (aunque en origen fueron 5 ya que la habitación de servicio se incorporó a la cocina) 3 baños completos gran salón y amplia cocina con lavadero. &nbsp; La estancia principal de la vivienda es el fantástico salón comedor que cuenta con 40m2 con salida a una amplia terraza de 20m2 y desde donde tenemos una maravillosas vistas al Tibidabo especialmente destacables por la noche. Ha... ,1,119,null,null,null,215,195,Sant Gervasi - Galvany,1,1.250.000 € ,5,1.190.000 ,5.535 €/m²,Proddigia, Ref.: 8842 ,4,null,1,Piso en venta en via Augusta,http://idealista.com/inmueble/89940602/
3,1951, Preciosa vivienda ubicada en el corazón de la zona clásica de la Avenida Diagonal de Barcelona a 10 minutos andando de Paseo de Gracia y a 5 de la Plaza Francesc Macià. Consiste en una planta bastante cuadrada muy práctica y bien distribuida con la zona de día orientada orientada a la Avenida Diagonal y la zona de noche a un interior de manzana muy tranquilo y agradable. La propiedad respira aire elegante y noble en una finca clásica ubicada en una de las Avenidas más emblemáticas de la ciudad. &nbsp; El estado general de la vivienda es buenísimo aunque requiere de una actualización en cocina y zona de servicio. &nbsp;¡VISITA YA DISPONIBLE EN REALIDAD VIRTUAL! ,1,0,null,null,null,189,175,Sant Gervasi - Galvany,null,1.190.000 € ,8,1.100.000 ,5.820 €/m²,Proddigia, Ref.: 8852 ,5,null,null,Piso en venta en avenida Diagonal,http://idealista.com/inmueble/89926357/
1,1900,  ARIBAU - ARAGÓN magnífico piso en finca clásica de l´Eixanple de 100 m² alto y luminoso ubicado en el centro vibrante de la ciudad Condal. Ideal para disfrutar del lujo de vivir en una de las mejores zonas de Barcelona. Este piso es muy confortable y esta muy bien conservado listo para entrar a vivir. Dispone de 3 dormitorios 1 de ellos doble con salida a balcón con vista a calle amplio y luminoso salón comedor cocina reformada y equipada con vista a un patio tranquilo baño grande con plato de ducha y lavandero. Además dispone de armarios en las habitaciones y suelo de parquet en todas las estancias la carpintería interior es de madera con encanto y la exterior de aluminio tipo climalit. Equipado con aire acondicionado con bomba de calor y frío. Suministros de agua electricidad y gas dados de alta. La finca muy bien conservada... ,1,126,3,null,null,100,80,Eixample,null,null,null,518.150 ,5.182 €/m²,donpiso Bcn Rogent, Ref.: 243104 ,3,Segunda mano/buen estado,null,Piso en venta en L'Antiga Esquerra de l'Eixample,http://idealista.com/inmueble/91546114/
1,1940,  Piso reformado situado en la Plaça del Centre Sants Bonita y funcional propiedad totalmente reformada y lista para entrar a vivir situada en la Plaça del centre del barrio de Sants colindante con el barrio de Les Corts. La finca data de 1940 NO TIENE ASCENSOR. Se está reformando la fachada se cambiará la puerta de entrada y se actualizarán las zonas comunitarias.  El piso de 60m2 construidos tiene una terraza de 45m2 al mismo nivel así como&nbsp; un patio interior de 8m2. Es una primera planta de altura se halla en la planta principal del edificio que actualmente sólo tendrá 3 vecinos.  La cocina americana y el salón comedor de 24m2 totalmente exteriores gozan de mucha luz natural. Y tienen acceso directo a la terraza totalmente privada. Dos dormitorios de 115m2 y 75m2 respectivamente así como un baño de 45m2 que incluye la ... ,0,204,null,Eléctrica,null,87,53,Sants-Montjuïc,null,null,null,460.000 ,5.287 €/m²,aProperties Real Estate Barcelona, Ref.: VB2008001-4 ,2,Segunda mano/buen estado,1,Piso en venta en Sants,http://idealista.com/inmueble/91541425/