bathrooms,constructed_year,description,elevator,energetic_qualification_kWhm2_año,floor,heater_system,its_new,m2_build,m2_useful,neighbourhood,parking,price_down_euro,price_down_percentage,price_euro,price_m2,real_estate,ref,rooms,status,terrace,title,link
3,2020,  Impresionante rehabilitación de lujo en L'Eixample de Barcelona Maravillosa rehabilitación de cuatro viviendas ubicadas en una finca clásica del Eixample de Barcelona. El edificio de cinco plantas ha sido completamente reformado ultimando cada pequeño detalle hasta convertirlo en un oasis de lujo.  El proyecto de reforma ha sido realizado por Jaime Beriestain Studio reconocido a nivel mundial y con varios premios en su haber diseñando cada rincón al milímetro y cuidando todos los detalles.  La finca de estilo clásico ha sido completamente rehabilitada tiene ascensor y una terraza comunitaria en la azotea de 6105m².  El principal situado en el primer piso y ocupando toda la planta consta de 14865m² de superficie construida más una preciosa terraza de 4172m².  El primero situado en el segundo piso y&nbsp; ocupa toda la planta ... ,1,100,1,Gas natural,null,149,null,L'Antiga Esquerra de l'Eixample,null,null,null,1.200.000 ,8.054 €/m²,aProperties Real Estate Barcelona, Ref.: ONB1909050-2 ,2,Segunda mano/buen estado,null,Piso en venta en calle de la Diputació,http://idealista.com/inmueble/91470423/
3,2020,  Impresionante rehabilitación de lujo en L'Eixample de Barcelona Maravillosa rehabilitación de cuatro viviendas ubicadas en una finca clásica del Eixample de Barcelona. El edificio de cinco plantas ha sido completamente reformado ultimando cada pequeño detalle hasta convertirlo en un oasis de lujo.  El proyecto de reforma ha sido realizado por Jaime Beriestain Studio reconocido a nivel mundial y con varios premios en su haber diseñando cada rincón al milímetro y cuidando todos los detalles.  La finca de estilo clásico ha sido completamente rehabilitada tiene ascensor y una terraza comunitaria en la azotea de 6105m².  El principal situado en el primer piso y ocupando toda la planta consta de 14865m² de superficie construida más una preciosa terraza de 4172m².  El primero situado en el segundo piso y&nbsp; ocupa toda la planta ... ,1,100,null,Gas natural,null,149,null,L'Antiga Esquerra de l'Eixample,null,null,null,1.325.000 ,8.893 €/m²,aProperties Real Estate Barcelona, Ref.: ONB1909050-1 ,2,Segunda mano/buen estado,null,Piso en venta en calle de la Diputació,http://idealista.com/inmueble/91470438/
1,null,  Este magnífico&nbsp;piso&nbsp;se encuentra en uno de los barrios más emblemáticos de Barcelona Sant Antoni. Se trata de un barrio familiar que cuenta con muchos pequeños comercios locales prestigiosos restaurantes y numerosos colegios y servicios. El piso se sitúa en una ubicación inmejorable en calle Entença muy cerca de la parada de metro de Poble Sec.  La finca en la que se encuentra el piso tiene&nbsp;ascensor. El piso cuenta con&nbsp;50 metros cuadrados&nbsp;en los que encontramos un salón comedor con una cocina un baño y dos habitaciones.  El&nbsp;salón&nbsp;comedor&nbsp;es la estancia principal de la vivienda un espacio abierto y diáfano. Los grandes ventanales que ofrecen acceso al balcón proporcionan también mucha luz natural durante todo el día. La&nbsp;cocina es una estancia amplia que cuenta con muchísima capacidad de... ,1,0,1,null,null,72,63,Sant Antoni,null,350.000 € ,3,340.000 ,4.722 €/m²,RMP Real Estate, Ref.: 494 ,2,Segunda mano/buen estado,null,Piso en venta en calle d'Entença 2,http://idealista.com/inmueble/91458219/
1,1850,  Estupendo piso en El Raval  Housfy sin intermediarios sin comisiones de inmobiliaria.  Edward vende su piso directamente del propietario en Ciutat Vella Barcelona un espacio para disfrutar en tu día a día. Consta de 80 m2 muy bien distribuidos de un 5º piso real con ascensor exterior soleado y reformado.  Detalles del inmueble:  - Atractivo piso de 80 m2 en El Raval. (Los metros cuadrados están verificados en el Registro Catastral) - En el piso encontramos 2 habitaciones y 1 baño muy bien acomodadas. (1a habitación es más grande con alcoba privada con puertas a un amplio estudio espacio perfecto para montar un despacho o una zona de sofá-cama para invitados; también tiene un cuarto vestidor. Segunda habitación doble y exterior al otro lado del piso. El baño con bañera. - Cálido salón-comedor amplio (20m2) y luminoso un espacio... ,1,219,3,null,null,80,null,El Raval,null,null,null,335.000 ,4.188 €/m²,Housfy Real Estate CAT, Ref.: 250273 ,2,Segunda mano/buen estado,null,Piso en venta en calle de les Sitges 5,http://idealista.com/inmueble/91458062/
1,1960,  Admirable piso en Nou Barris Virrei Amat  Housfy sin intermediarios sin comisiones de inmobiliaria.  Roberto vende su piso directamente del propietario en Nou Barris Barcelona una vivienda luminosa y ubicada en un entorno idóneo para disfrutarlo.  El piso fue construido en el año 1960 en Nou Barris. Sus 73 m2 están perfectamente distribuidos creando un espacio cómodo para el día a día.  Detalles del inmueble:  - Perfecto piso de 73 m2 en Vilapicina i la Torre Llobeta. (Los metros cuadrados están verificados con la Dirección General de Catastro) - Esta vivienda cuenta con 3 habitaciones y 1 baño perfecto para una familia. - Funcional salón con amplio espacio de luz natural un lugar perfecto para descansar en los ratos libres. - Aire acondicionado bomba frío calor y calefacción por radiadores para todas las estaciones del año. - Ext... ,1,194,3,null,null,73,68,El Congrés i els Indians,null,null,null,214.990 ,2.945 €/m²,Housfy Real Estate CAT, Ref.: 304849 ,3,Segunda mano/buen estado,null,Piso en venta en calle de Felip II s/n,http://idealista.com/inmueble/91455977/
1,1960,  Maravilloso piso en Sant Martí  Housfy: la agencia inmobiliaria online. Sin comisiones.  Rosa vende su piso de particular a particular en Sant Martí Barcelona una vivienda luminosa y ubicada en un entorno idóneo para disfrutarlo.  Construido en el año 1960 en El Poblenou. Sus 85 m2 ofrecen un espacio moderno y de concepto abierto.  Características:  - Admirable piso de 85 m2 en El Poblenou. (Los metros cuadrados están verificados con la Dirección General de Catastro) - Podemos disfrutar de 3 habitaciones y 1 baño perfecto para una familia. - Cómodo comedor que te proporcionará el relax diario un lugar perfecto para descansar en los ratos libres. - Con una útil cocina con muchísima luz. - Suelos de parquet ventanas de aluminio cocina y baño reformados aa y calefacción por conducto. - Los gastos de la operación de compra son asumid... ,0,46,2,null,null,85,null,El Parc i la Llacuna del Poblenou,null,350.000 € ,9,320.000 ,3.765 €/m²,Housfy Real Estate CAT, Ref.: 303881 ,3,Segunda mano/buen estado,null,Piso en venta en calle de la Llacuna 89,http://idealista.com/inmueble/91422273/
2,1957,  Fenomenal piso en Horta Guinardó  Compraventa entre particulares y sin comisiones con Housfy.  Marta vende su piso de particular a particular en Horta Guinardó Barcelona perfecto para familias o parejas que busquen un lugar cómodo para su día a día.  Con una distribución ideal para aprovechar al máximo sus 132 m2.  Características:  - Espléndido piso a reformar de 132 m2 en El Baix Guinardó. (Los metros cuadrados están verificados con la Dirección General de Catastro) - Esta vivienda cuenta con 6 habitaciones y 2 baños. - Práctico salón-comedor con amplio espacio de luz natural siendo además un espacio agradable estupendo para visitas de amigos y familiares. - Aire acondicionado y calefacción para todas las estaciones del año. - Ascensor. - Exterior. - Los gastos de la operación de compra son asumidos por el comprador.  El piso se s... ,1,141,3,null,null,132,null,El Baix Guinardó,null,null,null,389.000 ,2.947 €/m²,Housfy Real Estate CAT, Ref.: 301666 ,6,Segunda mano/buen estado,null,Piso en venta en calle de Rosalia de Castro 30,http://idealista.com/inmueble/91422262/
2,2007,  Estupendo piso en Eixample   Housfy compraventa entre particulares. Sin comisiones.  Eulalia vende su piso de particular a particular en Eixample Barcelona perfecto para familias o parejas que busquen un lugar cómodo para su día a día. Con una distribución ideal para aprovechar al máximo sus 96 m2.  Detalles del inmueble:  - Espléndido piso de 96 m2 en Sant Antoni. (Los metros cuadrados están verificados con la Dirección General de Catastro) - Contamos con todas las comodidades posibles de 3 habitaciones y 2 baños para familias completas. - Cálido salón-comedor con amplio espacio de luz natural siendo además un espacio agradable estupendo para visitas de amigos y familiares. - Sistema de calefacción y aire acondicionado. - Puerta blindada. - Exterior. - Terraza. - Garaje opcional. - Con una apropiada cocina muy completa. - Ascenso... ,1,166,5,null,null,96,90,Sant Antoni,null,null,null,465.000 ,4.844 €/m²,Housfy Real Estate CAT, Ref.: 264107 ,3,Segunda mano/buen estado,1,Piso en venta en calle de Calàbria 8,http://idealista.com/inmueble/91420064/
1,1968, INMUEBLE EN VENTA  EXCELENTE COMO PRIMERA VIVIENDA  Vivienda de 3 dormitorios todo exterior salvo el baño amplio balcón con ventanas actualmente cocina salón-comedor y trastero.  Finca con ascensor.  Emplazada en el barrio de San Martín a un paso del metro (L2) de San Martín y de la futura estación del AVE - Rodalies y bus.  Si tienes dudas en algún producto financiero o deseas valorar tu piso contacta con nosotros.  *El precio de venta del inmueble no incluye los honorarios de la inmobiliaria ni los tributos que gravan Ia compraventa (ITPAJD o IVA) ni en caso de haberlos los notariales y los registrales que satisface el comprador. ,1,156,3,Gas natural,null,85,null,La Verneda i la Pau,null,199.000 € ,2,195.000 ,2.294 €/m²,La Casa Agency - Pont Del Treball, Ref.: VTA-PUIGRUB2 ,3,Segunda mano/para reformar,null,Piso en venta en calle de Puigcerdà,http://idealista.com/inmueble/91414861/
2,1970,  Estupendo piso con terraza en Les Corts   Housfy: la agencia inmobiliaria online. Sin comisiones.  La propietaria vende su piso de particular a particular en Les Corts Barcelona perfecto para familias o parejas que busquen un lugar cómodo para su día a día. Sus 148 m2 ofrecen un espacio moderno y de concepto abierto.  Características:  - Espléndido piso de 148 m2 en La Maternitat i Sant Ramon. (Los metros cuadrados están verificados con la Dirección General de Catastro) - Esta vivienda cuenta con 4 habitaciones y 2 baños para familias completas. - Acogedor comedor que es un lugar perfecto para descansar tras una jornada de trabajo siendo además un espacio agradable estupendo para visitas de amigos y familiares. - Una puerta blindada para garantizar su seguridad en todo momento. - Terraza. - Totalmente exterior exceptuando los baño... ,1,128,3,null,null,148,131,La Maternitat i Sant Ramon,null,null,null,635.000 ,4.291 €/m²,Housfy Real Estate CAT, Ref.: 304843 ,4,Segunda mano/buen estado,1,Piso en venta en calle de Sabino Arana 17,http://idealista.com/inmueble/91384178/
1,1906, Admirable piso en Sants-Montjuïc  Housfy de particular a particular y sin comisiones de agencia.  Se vende piso de 98 m2 construidos en Poble Sec a unos minutos de la parada de metro de Paral•lel.   Ubicado en finca regia de bonita fachada. Para entrar a vivir.   Piso principal equivalente a un segundo de altura. Finca con ascensor. Cerca de todos los servicios (buses metro L3 y L2 ambulatorio comercio parques etc). A lado del parque de Montjuïc. Es exterior y muy luminoso con vistas a la calle Nou de la rambla. Dispone de gran comedor de 30m2 una habitación doble una habitación/estudio cocina con lavadero un gran baño y balcón. Techos muy altos. Consta de instalación de gas natural de aire acondicionado/calefacción centralizada por conductos suelos de parquet carpintería de aluminio y puertas de cristal correderas en toda la vivienda.  Sobre nosotros: Housfy es una plataforma tecnológica que ofrece al propietario/a todos los servicios necesarios para que pueda vender la propiedad por su cuenta. Es por ello que la vivienda no tiene comisiones de intermediación ajustando así el valor a los precios de mercado. Para más información visítenos en housfy. com. AICAT número: 7922. ,1,90,null,null,null,98,88,El Poble Sec - Parc de Montjuïc,null,null,null,328.000 ,3.347 €/m²,Housfy Real Estate CAT, Ref.: 301372 ,2,Segunda mano/buen estado,null,Piso en venta en calle Nou de la Rambla 152,http://idealista.com/inmueble/91380197/
1,1963,  Perfecto piso en Sant Andreu  Compra tu piso con Housfy sin comisiones inmobiliarias.  Pilar vende su piso directamente del propietario en Sant Andreu Barcelona perfecto para familias o parejas que busquen un lugar cómodo para su día a día.  Sus 101 m2 están perfectamente distribuidos orientado al sur y muy soleado creando un amplio y abierto espacio con mucha luz y con un diseño muy especial.  Detalles del inmueble:  - Genial piso de 101 m2 en El Congrés i els Indians. (Los metros cuadrados están verificados con la escritura pública) - Contamos con todas las comodidades posibles de 4 habitaciones totalmente exteriores y muy luminosas 1 baño para familias completas. - Agradable salón-comedor amplio y luminoso siendo además un espacio agradable estupendo para visitas de amigos y familiares. - Con una cocina equipada con lo neces... ,1,159,4,null,null,101,null,El Congrés i els Indians,null,null,null,298.000 ,2.950 €/m²,Housfy Real Estate CAT, Ref.: 62202 ,4,Segunda mano/buen estado,null,Piso en venta en calle de Puerto Príncipe 75,http://idealista.com/inmueble/91368365/
1,2002,  Acogedor piso con terraza en Hostafrancs  HOUSFY sin comisiones de agencia.  Astrid vende de particular a particular este acogedor piso con terraza en Hostafrancs. Una vivienda bien ubicada en una zona con todos los servicios y bien comunicada que cuenta con una estupenda terraza particular.  Características de la vivienda:  - Acogedor piso de 63 m² construidos en Hostafrancs (Los metros cuadrados están verificados con la Dirección General de Catastro) - 2 habitaciones 1 baño completo y 1 aseo. - Ascensor. - Calefacción y aire acondicionado.  - Cocina equipada. - Suelos de parquet. - Gran terraza propia. - Exterior.  - Mobiliario a negociar con el propietario. - Los gastos de la compraventa del inmueble corren a cargo del comprador.   Descripción de la propiedad:  Este acogedor piso se encuentra en la primera planta con ascensor de e... ,1,169,1,null,null,63,56,Hostafrancs,null,null,null,310.000 ,4.921 €/m²,Housfy Real Estate CAT, Ref.: 100463 ,2,Segunda mano/buen estado,1,Piso en venta en calle de l'Àliga 3,http://idealista.com/inmueble/91360245/
3,1947, Propiedad reformada al lado de Francesc Macià En una zona privilegiada al lado de Francesc Macià y tocando a la Avenida Diagonal encontramos esta vivienda con mucha luz. Se encuentra en una quinta planta de una finca clásica con ascensor en perfecto estado.  La propiedad de aproximadamente 125m2 ha sido recientemente reformada con mucho gusto y está distribuida claramente en zona de día y zona de noche. En la zona de día encontramos un amplio salón comedor exterior a calle con salida a una pequeña y agradable galería con obra vista recuperada y volta catalana una cocina semi abierta totalmente equipada con electrodomésticos integrados una zona de aguas independiente y un aseo de cortesía.  En la zona de noche encontramos tres dormitorios dobles orientados a Tarragona con mucha luz de los cuales uno es en suite y dos baños completos.  Los acabados son de mucha calidad como pavimentos de parqué de espiga grande techos con molduras con luces indirectas paredes de obra vista recuperada etc. ,1,190,5,Eléctrica,null,133,null,L'Antiga Esquerra de l'Eixample,null,null,null,850.000 ,6.391 €/m²,aProperties Real Estate Barcelona, Ref.: VB1911036-4 ,3,Segunda mano/buen estado,null,Piso en venta en calle de Villarroel,http://idealista.com/inmueble/91341709/
2,1969,  Espléndido piso en Sants-Montjuïc  HOUSFY sin comisiones de agencia.  Rafael vende su piso de particular a particular en Sants-Montjuïc Barcelona una vivienda luminosa y ubicada en un entorno idóneo para disfrutarlo.  Construido en 1969 en Barcelona. Con una distribución ideal para aprovechar al máximo sus 91 m2.  Detalles del inmueble:  - Fantástico piso de 91 m2 en Sants. (Los metros cuadrados están verificados con la Dirección General de Catastro) - Podemos disfrutar de 3 habitaciones y 2 baños perfecto para una familia. - Confortable salón-comedor con amplio espacio de luz natural donde disfrutar de tu familia. - Exterior. - Terraza. - Ascensor. - Puerta de entrada de seguridad blindada. - Con una cocina con todo lo necesario. - Los gastos de la compraventa del inmueble corren a cargo del comprador.  Respecto a la ubicación se... ,1,194,null,null,null,91,null,Sants,null,null,null,430.000 ,4.725 €/m²,Housfy Real Estate CAT, Ref.: 286738 ,3,Segunda mano/buen estado,1,Piso en venta en calle de Melcior de Palau 38,http://idealista.com/inmueble/91332301/
1,1970, La vivienda dispone 3 habitaciones (1 doble y 2 individuales) salón comedor exterior a patio de manzana muy tranquilo y solado.   Amplio salón comedor cocina independiente con pasa platos y con patio-lavadero 1 baño completo calefacción a gas con radiadores cerramientos de aluminio parquet aire acondicionado.  Finca con ascensor.   Zona comercial y bien comunicada con transporte público Tren de cercanías 2 líneas de metro Ferrocarrils de la Generalitat y 10 líneas de autobuses.   Ubicada en el barrio de Hostafrancs en el sector del distrito más cercano de la plaza de España. Los ejes vitales del barrio son la Creu Coberta y los alrededores del mercado. Hostafrancs un barrio de servicios con la mayor calle comercial de Europa la carretera de Sants.   Junto a la renovada Plaza España con el centro comercial de Las Arenas Las Torres Venecianas La Fira de Barcelona y el pulmón de la montaña de Montjuïc que ha sido testimonio y protagonista de hechos trascendentales donde se encuentran numerosos jardines en los que pasear descansar jugar hacer deporte o simplemente disfrutar de la naturaleza.    LOS IMPUESTOS VIGENTES DERIVADOS DE LA COMPRA VENTA NO ESTÁN INCLUIDOS EN EL PRECIO. ,1,125,2,Gas natural,null,60,null,Hostafrancs,null,null,null,219.000 ,3.650 €/m²,Cambra de la Propietat Urbana de Barcelona, Ref.: 573v ,3,Segunda mano/buen estado,null,Piso en venta en calle del Moianès,http://idealista.com/inmueble/91329529/
1,1900, Este piso se encuentra en Carrer d'Entença 08015 Barcelona Barcelona en la planta 5. Es un piso luminoso y amueblado construido en el año 1900 que tiene 46 m2 de los cuales 43 m2 son útiles y dispone de 1 habitaciones y 1 baños.  Se trata de un inmueble exterior. Tiene ascensor cocina equipada y aire acondicionado y tiene calefacción eléctrica antena tv buen estado ventanas climalit puerta blindada suelo gres y gas natural.   El equipo de La Meva Llar estará encantado de ayudarte para que puedas sentirte como en casa a la hora de realizar tu compra o tu alquiler. Encuentra más en. ,1,0,5,Eléctrica,null,43,40,Sant Antoni,null,185.000 € ,3,180.000 ,4.186 €/m²,La Meva Llar, Ref.: entençaofi ,1,Segunda mano/buen estado,null,Piso en venta en calle d'Entença,http://idealista.com/inmueble/91326290/
1,null,  TOUR VIRTUAL 3D ¡AHORA PUEDES VISITAR ESTE PISO SIN MOVERTE DE TU CASA! Realiza nuestro tour virtual para empezar a conocer tu piso.  ¿Estás soñando en vivir en ese ático tan especial cómodo y práctico que tanto te mereces? Aquí tienes lo que estás buscando una magnífica oportunidad bien ubicada en Barcelona. 75m² de vivienda más una terraza perfecta para respirar desconectar y relajarse de un ÁTICO muy luminoso en una finca con ascensor. Además OPCIONALES DOS PLAZAS DE GARAJE POR 30.000€ AMBAS. La vivienda con amplias posibilidades de distribución consta de tres dormitorios (dos de ellos dobles) baño completo cocina equipada y un bonito salón por el que podrás acceder a una terraza exterior ideal para disfrutar de las vistas de Barcelona mientras tomas una taza de café o refresco. El ático se encuentra en la dinámica calle Blai... ,1,0,5,null,null,75,null,El Poble Sec - Parc de Montjuïc,null,370.000 € ,8,340.000 ,4.533 €/m²,REDPISO BARCELONA-SANT ANTONI, Ref.: RP207202075350 ,3,Segunda mano/buen estado,null,Ático en venta en calle de Blai,http://idealista.com/inmueble/91315177/
3,1944, Piso reformado o a reformar a dos calles de la Sagrada Familia En la quinta planta real de una finca clásica a dos calles de la Basílica de la Sagrada Familia &nbsp; encontramos esta propiedad de 123m² construidos más dos balcones de 180m2 y 340m2 respectivamente muy bien orientada al SE. La propiedad se vende tanto en fase para reformar como reformada por completo con altas calidades (precio a consultar). El estado actual es un espacio diáfano para poder personalizar la reforma según las necesidades. Sus dimensiones permiten realizar diferentes distribuciones. Si quieres tener un piso personalizado no puedes perder esta oportunidad. Si lo quieres llaves en mano consulta el precio de la reforma. El precio incluye una plaza de parking en una finca cercana. &nbsp;. ,1,78,4,Gas natural,null,123,108,La Sagrada Família,1,null,null,595.000 ,4.837 €/m²,aProperties Real Estate Barcelona, Ref.: VB1911058-4 ,3,Segunda mano/para reformar,null,Piso en venta en calle de Còrsega,http://idealista.com/inmueble/91310454/
2,2003,  Espléndido piso en Sants-Montjuïc  Housfy sin intermediarios sin comisiones de inmobiliaria.  Marta vende su piso de particular a particular en Sants-Montjuïc Barcelona perfecto para familias o parejas que busquen un lugar cómodo para su día a día.  Sus 101 m2 están perfectamente distribuidos creando un espacio cómodo para el día a día.  Características:  - Sensacional piso de 101 m2 en La Marina del Port. (Los metros cuadrados están verificados con la Dirección General de Catastro) - En este piso encontraremos 2 habitaciones y 2 baños muy bien acomodadas. - Cálido comedor que es un lugar perfecto para descansar tras una jornada de trabajo donde disfrutar de tu familia. - Terraza. - Exterior. - Con plaza de garaje OPCIONAL. - Con una efectiva cocina. - Los gastos de la compraventa del inmueble corren a cargo del comprador.  Sobre ... ,0,95,3,null,null,101,96,La Marina del Port,null,null,null,290.000 ,2.871 €/m²,Housfy Real Estate CAT, Ref.: 289287 ,2,Segunda mano/buen estado,1,Piso en venta en calle de la Mare de Déu de Port 107,http://idealista.com/inmueble/91302450/
1,null,  TOUR VIRTUAL 3D ¡AHORA PUEDES VISITAR ESTE PISO SIN MOVERTE DE TU CASA! Realiza nuestro tour virtual para empezar a conocer tu piso.   ¿Buscas ese cómodo y práctico piso que además se encuentre bien ubicado en Barcelona? Esta vivienda en buen estado es una oportunidad magnífica para completar esa búsqueda.  69m² de una PLANTA ÁTICO muy luminosa en una finca con ascensor. El piso con amplias posibilidades de distribución consta de tres dormitorios (dos de ellos dobles y uno de estos de hasta 15m²) baño completo y semireformado cocina equipada y un salón donde además de relajarte y desconectar del día a día podrás acceder a un balcón exterior ideal para respirar o tomarte esa merecida taza de café o ese refresco. Por si fuera poco también dispone de un gran trastero en la finca.   La vivienda se encuentra en pleno corazón del barrio d... ,1,0,4,Calefacción individual,null,69,null,El Poble Sec - Parc de Montjuïc,null,null,null,229.000 ,3.319 €/m²,REDPISO BARCELONA-SANT ANTONI, Ref.: RP207202075157 ,3,null,null,Ático en venta en calle de la Creu dels Molers,http://idealista.com/inmueble/91294844/
2,1985,  Maravilloso piso en Eixample  HOUSFY sin comisiones de agencia.  D. SIMÓN vende su piso directamente del propietario en Eixample Barcelona una vivienda luminosa y ubicada en un entorno idóneo para disfrutarlo.  Este piso fue construido en el año 1985 con vistas a la montaña en Eixample. Este perfecto piso está formado por 80 m2.  Detalles del inmueble:  - Fabuloso piso de 80 m2 en La Nova Esquerra de l'Eixample. (Los metros cuadrados están verificados con la Dirección General de Catastro) - Contamos con todas las comodidades posibles de 2 habitaciones y 2 baños muy bien acomodadas. - Coqueto salón que es un lugar perfecto para descansar tras una jornada de trabajo siendo además un espacio agradable estupendo para visitas de amigos y familiares. - Puerta de entrada de seguridad blindada. - Con una apropiada cocina muy completa. -... ,1,136,2,null,null,80,null,La Nova Esquerra de l'Eixample,null,null,null,319.000 ,3.988 €/m²,Housfy Real Estate CAT, Ref.: 288968 ,2,Segunda mano/buen estado,null,Piso en venta en calle d'Aragó 27,http://idealista.com/inmueble/91287231/
1,1966,  Piso situado en el Barrio de Sagrada Familia muy cercano a todo tipo de comercios hospital de Sant Pau colegios CC Les Glorias. Muy bien comunicado con la línea 2 (Morada) parada de Encants y con diversas líneas de autobuses.    Consta de 95 m2 útiles de piso + 80 m2 de terraza de uso privativo ubicada una planta más arriba.  Tiene un salón-comedor cocina independiente 3 habitaciones y un baño completo con plato de ducha.    Finca sin ascensor.    No pierdas la oportunidad de venir a verlo.    Honorarios registro gestoría notaría no incluidos en el precio.    CONDICIONES DE VENTA  Consulte los honorarios de venta a su asesor comercial. La empresa trabajará y se dispondrá para acordar cualquier oferta. La presente oferta está sujeta a cambios de precio o retirada del mercado sin aviso previo. Las fotografías renders y planos tie... ,0,125,2,Gas natural,null,99,95,La Sagrada Família,null,340.000 € ,6,320.000 ,3.232 €/m²,Sofía López Marque, Ref.: sp-340 ,3,Segunda mano/buen estado,1,Piso en venta en Passatge de Vilaret,http://idealista.com/inmueble/91272706/
2,2005,  Acogedor piso en Sant Martí  Housfy sin comisiones de inmobiliaria.  Maria Eugènia vende su piso directamente del propietario en Sant Martí Barcelona una vivienda con mucha luz y ubicada en un entorno idóneo para disfrutarlo.  Detalles del inmueble: - Fabuloso piso de 75 m2 en El Poblenou. (Los metros cuadrados están verificados con la Dirección General de Catastro) - Podemos disfrutar de 2 habitaciones dobles desde las cuales puedes ver el cielo una tipo suite con baño con bañera y dispone de otro baño con plato de ducha a parte. - Agradable salón amplio y luminoso un lugar perfecto para descansar en los ratos libres. - Con una funcional cocina con todo lo necesario y un gran ventanal. - Buenos acabados: suelos de mármol grifería grohe puerta cortafuegos en el rellano. - Puerta blindada. - Solo 4 vecinos por planta; dos a cada l... ,1,184,5,null,null,75,66,El Poblenou,null,null,null,395.000 ,5.267 €/m²,Housfy Real Estate CAT, Ref.: 288659 ,2,Segunda mano/buen estado,null,Piso en venta en calle de Lope de Vega 25,http://idealista.com/inmueble/91268462/
1,1890,  Encantador piso en Eixample  De particular a particular y sin comisiones de agencia con Housfy.  Camilo vende su piso de particular a particular en Eixample Barcelona una vivienda luminosa y ubicada en un entorno idóneo para disfrutarlo. El piso fue construido en el año 1890 en Barcelona. El espléndido piso está formado por 109 m2 construidos.  Detalles del inmueble:  - Fantástico piso de 109 m2 en La Dreta de l'Eixample. (Los metros cuadrados están verificados con la Dirección General de Catastro) - Esta vivienda cuenta con 3 habitaciones y 1 baño perfecto para una familia. - Cálido salón amplio y luminoso siendo además un espacio agradable estupendo para visitas de amigos y familiares. - Con una conveniente cocina en buen estado. equipada con lo necesario para el día a día. - Ascensor. - Exterior. - Los gastos de la compraventa ... ,1,111,2,null,null,109,null,La Dreta de l'Eixample,null,null,null,445.000 ,4.083 €/m²,Housfy Real Estate CAT, Ref.: 296794 ,3,Segunda mano/buen estado,null,Piso en venta en calle del Consell de Cent 311,http://idealista.com/inmueble/91264759/
2,1960, En el barrio de Gracia en la Calle semi peatonal de Sors piso a estrenar en venta.  El piso este situado en un edificio de los años 60 en perfecto estado de conservación (entrada y escaleras en proceso de reformas). El piso tiene una superficie de 103 M2. Entrando en el piso encontramos el salón comedor completamente exterior y super luminoso gracias a sus grandes ventanales una cocina semi equipada con espacio para poner una mesa y luz natural 3 habitaciones de las cuales una suite parental con armarios baño con plato de ducha una habitación doble y una tercera habitación individual pero grande. Un segundo baño con plato de ducha sirve las 2 habitaciones. También el piso beneficia de una zona de lavadero.  La propiedad tiene mucha luz ya que la orientación es sur este. El piso lleva una terraza comunitaria utilizable con unas vistas inmemorables al mar y todo Barcelona.  La vivienda fue completamente redistribuida para que entre mucha luz natural desde el exterior y reformada con un estilo muy actualizado utilizando materiales de calidad. Dispone de instalación de aire acondicionada y calefacción por conducto. ,1,0,3,Bomba de frío/calor,null,103,100,Vila de Gràcia,null,459.000 € ,2,449.000 ,4.359 €/m²,KD Properties, Ref.: sors ,3,Segunda mano/buen estado,1,Piso en venta en calle de Sors,http://idealista.com/inmueble/90384364/
2,null,null,1,0,6,Eléctrica,null,100,null,La Verneda i la Pau,null,null,null,270.000 ,2.700 €/m²,LA CASA AGENCY, Ref.: J-XAV270 ,4,Segunda mano/buen estado,null,Piso en venta en calle d'Andrade,http://idealista.com/inmueble/91642354/
2,1906,  Precioso piso totalmente rehabilitado con mucho gusto. Se sitúa en una finca regia con ascensor de principios de siglo y se encuentra en una tercera planta real. El piso tiene techos altos y una forma alargada mirando por el balcón a la calle Nápoles y por una galería reconvertida en estudio al patio de manzana.  Es de esos pisos que ves y te quedarías a vivir en él. Se reformó manteniendo intactos los detalles que hacen especiales los pisos del Ensanche realzando los mosaicos en los techos restaurando puertas antiguas que realzan la madera y recuperando suelos hidráulicos que ahora decoran cada estancia creando espacios en los suelos de madera como si de alfombras se tratara.  El piso dispone de una zona de día y otra de noche. Empezando por un gran recibidor entras a la izquierda a una gran estancia bien distribuida con cocina a... ,1,107,2,Gas natural,null,99,91,El Fort Pienc,null,null,null,520.000 ,5.253 €/m²,Chrysol, Ref.: CHV660 ,3,Segunda mano/buen estado,null,Piso en venta en calle de Nàpols,http://idealista.com/inmueble/91626944/
2,1965, hoolliHOME ofrece este increíble piso exterior a tres vientos de 234m² en Pedralbes con increíbles vistas panorámicas.  La finca dispone de zona ajardinada con portero 24horas parking y trastero incluido en el precio. Nos encontramos con un amplio recibidor que da acceso a su gran y espacioso salón? €? comedor de 50m² con salida a terraza de la cual se disfruta de increíbles vistas que llegan hasta el Mar por encima de toda la ciudad y hacia el parque de Cervantes.  En la zona de noche nos encontramos con 4 de sus 5 habitaciones ( 2 de ellas en suite ) todas con acceso a terraza y luz natural en toda la vivienda.  Además dispone de una cocina totalmente equipada y funcional que cuenta con entrada directa a habitación y baño de servicio.  Contamos con una ubicación excepcional con excelentes comunicaciones de: metro tranvía autobuses y la Avenida Diagonal. Zona muy tranquila rodeada de espacios verdes y del parque de Cervantes. A escasos minutos nos encontramos con los mejores colegios internacionales y universidades más prestigiosas de la ciudad.  No dude en visitar esta increíble vivienda. ,1,162,10,null,null,234,220,Pedralbes,1,null,null,1.095.000 ,4.679 €/m²,Dpto. Comercial, Ref.: V0206S ,5,Segunda mano/buen estado,null,Piso en venta en calle de Manuel Ballbè,http://idealista.com/inmueble/91621992/
1,1965, J-SOL214   Vivienda toda exterior situado en zona Sant Martì. Distribuido en tres dormitorios (uno doble y dos individuales) baño completo diseñado con plato de ducha espectacular cocina americana integrada al salón comedor completamente exterior. Orientado a Tarragona y Girona suelo de parquet carpintería de aluminio A/A con bomba frío y calor. Finca del año 1965 con ascensor. * Los gastos propios de Notaria gestoría registro y honorarios de agencia están no incluidos en el precio. Consúltenos *. ,1,227,null,Bomba de frío/calor,null,73,null,Sant Martí de Provençals,null,null,null,214.000 ,2.932 €/m²,LA CASA AGENCY, Ref.: J-SOL214 ,3,Segunda mano/buen estado,null,Piso en venta en calle de Fluvià,http://idealista.com/inmueble/91613831/