bathrooms,constructed_year,description,elevator,energetic_qualification_kWhm2_año,floor,heater_system,its_new,m2_build,m2_useful,neighbourhood,parking,price_down_euro,price_down_percentage,price_euro,price_m2,real_estate,ref,rooms,status,terrace,title,link
1,1930, Se vende preciosa casa de pueblo en Bonanova. Ubicación es inmejorable se encuentra a tan solo a 10 minutos de ronda de Dalt. En los alrededores podemos encontrar gran variedad de comercios supermercados escuelas centros deportivos y servicios. En cuanto al transporte la zona goza de buena red de comunicaciones con una notable oferta tanto de líneas de Metro como de autobuses. La casa tiene superficie de 96m2. Consta de salón comedor con preciosa chimenea tres habitaciones dos dobles y una individual y un baño completo. Todas las habitaciones son muy luminosas.  Terraza es de 97 m2 y un jardín increíble de 90m2. La casa precisa pequeña reforma. Inmueble dotado con la cédula de la habitabilidad y certificado energético correspondiente. No dudes en contactar con nosotros si tienes alguna duda necesitas tener más información o bien quieres realizar una visita. ,null,0,null,null,null,96,null,Sant Gervasi - La Bonanova,null,null,null,749.000 ,7.802 €/m²,LLoguer protegit, Anuncio: 91623440 ,3,Segunda mano/buen estado,1,Casa o chalet independiente en venta en calle dels Quatre Camins s/n,http://idealista.com/inmueble/91623440/
1,1929, OPORTUNIDAD. Ideal inversionista. Se vende bonito piso en la calle de Entença de 43 m2 distribuidos en una habitación salón-comedor cocina y baño completo. El piso es exterior y esta en buen estado.  Ubicación del piso es inmejorable al encontrarse entre paradas de metro de Plaça Espanya u Poble Sec. En los alrededores podemos encontrar una gran variedad de comercios supermercados y servicios. Una de las ventajas de este piso es ascensor. En esta zona sólo el 21% de los edificios tiene ascensor. No hay balcón. No dudes en contactar con nosotros si deseas recibir más información si tienes cualquier tipo de duda o bien quieres concertar una cita. ,1,0,5,null,null,43,null,Sant Antoni,null,null,null,180.000 ,4.186 €/m²,LLoguer protegit, Anuncio: 91622677 ,1,Segunda mano/buen estado,null,Piso en venta en calle d'Entença s/n,http://idealista.com/inmueble/91622677/
2,null, Vivienda de 80m2 reformada a estrenar junto Plaza Francesc Macià. Dispone de grandes grandes ventanales y con vistas despejadas y una cocina americana completamente equipada. Dispone de dos habitaciones una de ellas con baño y vestidor en suite así como un segundo baño. Los acabados son de calidad con suelos de parquet armarios empotrados calefacción y aire acondicionado por conductos. Es una oportunidad en una zona muy bien comunicada cerca de los accesos a la ciudad y con todos los servicios necesarios.     * MEDIDAS DE SEGURIDAD DURANTE LAS VISITAS A VIVIENDAS.     - Evita tocarte ojos nariz y boca y utiliza una solición hidroalcohólica. Las manos facilitan la transmisión del virus.  - Si toses o estornudas tápate la boca y la nariz con el codo flexionado.  - Evita saludos con contacto y mantén una distancia de 2 metros entre personas.  - Evita tocar superfícies y mobiliario durante las visitas.  - Utiliza el material indicado por las autoridades competentes (mascarillas gel hidroalcohólico…). ,1,94,3,Gas natural,null,80,null,L'Antiga Esquerra de l'Eixample,null,null,null,630.000 ,7.875 €/m²,Core Premier Properties, Ref.: 14023 ,2,Segunda mano/buen estado,null,Piso en venta en avenida de Josep Tarradellas 138,http://idealista.com/inmueble/91622560/
1,null,  ** VÍDEO COMPLETO EN LA SECCIÓN FOTOS Y EN EL ENLACE ADICIONAL ** Piso exterior de 30m² en la mejor calle peatonal del Ciutat Vella. Calle súper tranquila con los comercios más modernos de la zona tiendas de discos ropa y artículos vintage. Detrás del mercado de la Boquería en la parte alta y mejor zona del Raval.  Balcón exterior desde el salón y 3 ventanas 1 de ellas exterior en la cocina y 2 interiores en habitación y baño cocina y baño son independientes dormitorio pequeña habitación y hall de entrada.  A reformar baño y cocina o simplemente pintar y actualizar. Permite reforma integral y hacerlo absolutamente diáfano ya que no hay ningún muro de carga ni columnas en toda la vivienda.  El piso está situado en una ubicación excelente en pleno casco antiguo y corazón de Barcelona junto a las Ramblas en el barrio del Raval un... ,0,0,1,null,null,30,null,El Raval,null,null,null,100.000 ,3.333 €/m²,Global Agency, Ref.: Balcón 30m² CiutatVella Calle Peatonal ,1,Segunda mano/para reformar,null,Piso en venta en riera Baixa,http://idealista.com/inmueble/91622539/
2,1890,  Impresionante principal de 165 m2 + 70 m2 de terraza situado en la calle Girona con Ausias March en una finca modernista recién renovada de finales del siglo XIX. La finca goza de un recibidor señorial y está situado en el famoso Quadrat d’Or de l’Eixample de Barcelona cerca de Passeig de Gràcia y de numerosas tiendas y restaurantes de lujo.  La vivienda se presenta con una reforma con acabados y materiales de alta calidad en la que se ha combinado modernidad con elementos modernistas originales del piso. Se han conservado los suelos hidráulicos de nolla ventanales con vidrieras y los techos altos artesanados de 35 metros algunos con policromía original restaurada lo que le aporta a la vivienda mucho encanto. La vivienda cuenta con acabados modernos de alta gama como la climatización por zonas mediante equipo de frío-calor y la... ,1,250,1,Gas natural,null,200,null,La Dreta de l'Eixample,null,null,null,1.450.000 ,7.250 €/m²,Javier Gallardo, Ref.: Regia Girona 5 ,4,Segunda mano/buen estado,1,Piso en venta en Girona 5,http://idealista.com/inmueble/91608038/
1,null, Piso de 64m2 distribuido en 3 dormitorios y 1 baño completo con plato de ducha cocina amueblada y salón-comedor muy amplio con orientación Norte.  Dispone de instalación de aire acondicionado.  Finca de obra nueva en proceso de reforma con ascensor. Contiene una cubierta plana comunitaria con zona de ocio tipo chill out que dispondrá de barbacoa y zona solárium para el uso compartido. Situada en muy buena zona en el barrio del Congrés i els Indians.  El barrio cuenta con todos los servicios colegios parques comercios y muy buena comunicación de transporte (L5 - Congrés a tan solo 2 minutos).  ¡Llama ya y planifica tu visita no dejes que se te anticipen! ¡VEN A VERLO SIN COMPROMISO!  Si desea concretar una visita o una cita de asesoramiento financiero de manera totalmente gratuita no dude en ponerse en contacto con nosotros. ,1,0,3,null,null,64,null,El Congrés i els Indians,null,315.000 € ,8,290.000 ,4.531 €/m²,La Casa Agency, Ref.: RE PUER ,3,Segunda mano/buen estado,null,Piso en venta en calle de Puerto Príncipe,http://idealista.com/inmueble/91608089/
2,2003, GOLDEN SQUARE: piso todo exterior muy soleado con luz natural en todas las estancias incluyendo cocina y vistas muy amplias.   La vivienda se encuentra en muy buen estado y se distribuye en amplio salón comedor con salida a amplio balcón exterior a calle orientado sur (se ve el mar y Montjuic) tres dormitorios siendo una tipo suitte uno doble y otro individual dos baños y amplia cocina independiente con galería.  Dispone de calefacción de gas natural aire acondicionado por conductos carpintería exterior de aluminio y interior de madera maciza.  Se ofrece opcionalmente plaza de parquing grande en la misma finca y acceso por ascensor.  Producto Apialia. ,1,89,3,Gas natural,null,122,112,El Baix Guinardó,1,null,null,450.000 ,3.689 €/m²,Golden Square Barcelona Consultors Immobiliaris, Ref.: AP-RES-991-145-20 ,3,Segunda mano/buen estado,1,Piso en venta en calle de Thous,http://idealista.com/inmueble/91607231/
2,1929,  Sabemos que el 2020 está siendo un año complicado somos conscientes que echas de menos reunirte con la familia y amigos pero no hay mal que 100 años dure y siempre vuelve a salir el sol. Si quieres estar preparado para cuando nos podamos volver a reunir porque eres de los que te encantan las reuniones familiares pero no tienes espacio suficiente en tu comedor actual te proponemos un cambio en el piso que te presentamos tendrás un comedor de 25 metros. Podrás reformarlo a tu gusto con la distribución que más te gusta y los acabados más idóneos. Nosotros te presentamos una propuesta de distribución realizada por nuestros compañeros de pensandoenreformas con una estimación de cómo quedaría el piso y el coste total de la reforma pero estamos seguros que a ti se te pueden ocurrir muchas más ideas. Podrás disfrutar de Montjuic si ere... ,1,108,3,null,null,90,84,El Poble Sec - Parc de Montjuïc,null,null,null,288.000 ,3.200 €/m²,Elisabeth, Ref.: FG74-31 ,3,Segunda mano/para reformar,null,Piso en venta en calle de Tamarit,http://idealista.com/inmueble/91587952/
2,1976,  Coldwell Banker Eminent tiene el agrado de presentarles a la venta éste exclusivo piso ubicado en Travessera de Les Corts en pleno centro neurálgico del barrio. A su impecable estado se suma que es muy luminoso con sus 4 habitaciones al exterior extremadamente amplio insistimos muy luminoso y —además— funcional. El piso transmite alegría espacio ventilación luz y modernidad. Posee todo lo que anhela un comprador: doble terraza cada una de ellas amplia; se trata de una planta de altura intermedia; y da —a la vez— al interior de manzana y a la calle ya que posee doble orientación (S-SE y N-NW). Su distribución: al entrar nos encontramos con un hall de recepción amplio el cual da acceso bien a un pasillo que lleva bien a la cocina o a la sala y dormitorio principal. La cocina totalmente reformada y recientemente mejorada pos... ,1,126,3,Eléctrica,null,121,114,Les Corts,null,620.000 € ,4,595.000 ,4.917 €/m²,Coldwell Eminent, Ref.: CBE-0326 ,4,Segunda mano/buen estado,1,Piso en venta en travesía DE LES CORTS s/n,http://idealista.com/inmueble/91554708/
1,null,  HOMEGROUP.-    Ref.: G-40654    Magnifico piso de 76 m² en el barrio de Gracia  Compuesto por 3 habitaciones de las cuales 2 son dobles un baño completo con plato de ducha. Cocina independiente con salida a un lavadero. Totalmente exterior muy luminoso y tranquilo. Impecable para entrar a vivir. Dispone de aire acondicionado. Finca con ascensor.  El piso se encuentra en buen estado con suelos de gres carpintería exterior de aluminio e interior de madera    Ubicado en Vila de gracia en una calle tranquila y a escasos minutos del metro y de cualquier comercio necesario para tu día a día.    Es carismático bullicioso bohemio y combina a la perfección un estilo pueblerino  con aires de cosmopolitismo.  Gràcia es un distrito diferente es un pueblo dentro de la ciudad: &nbsp;un antiguo  municipio con un carácter propio con un estil... ,1,340,5,null,null,76,70,Vila de Gràcia,null,null,null,315.000 ,4.145 €/m²,Home Group Gràcia, Ref.: G-40654 ,3,Segunda mano/buen estado,null,Piso en venta en calle de Puigmartí,http://idealista.com/inmueble/91520865/
2,1972,  Ubicado en un enclave privilegiado a pocos metros de la Sagrada Familia y de la zona de Glòries en plena transformación dejando grandes espacios verdes para la ciudad. La vivienda es completamente exterior y todos sus espacios se comunican con la terraza exterior de casi 60 metros cuadrados. La vivienda está orientada al sol la mayor parte del día lo cual le proporciona una gran luminosidad. El piso se encuentra ubicado en la calle Valencia en una situación privilegiada con todos los medios de transporte disponibles a escasos metros. El piso tiene 94 m2 construidos totalmente aprovechados muy luminosos exteriores y soleados casi todo el día. La distribución de la vivienda es la siguiente: un recibidor dos dormitorios dobles dos dormitorios individuales salón comedor cocina independiente un baño un aseo y una terraza soleada... ,1,0,8,Gas natural,null,94,84,El Camp de l'Arpa del Clot,1,null,null,550.000 ,5.851 €/m²,Monapart Barcelona (Vendes), Ref.: VRX1-2010 ,4,Segunda mano/buen estado,1,Ático en venta en calle de Valencia,http://idealista.com/inmueble/91509249/
1,1936, Piso situado en una primera planta de un edificio sin ascensor en calle Vigatans con altillo y despacho. Dispone de un salón comedor amplio en doble altura con dos accesos a balconeras. Cuenta con cocina americana totalmente equipada e integrada a la sala una habitación doble con vestidor y un baño completo. El altillo se genera mediante una estructura metálica y da espacio al despacho. Ideal para trabajar desde casa. Los techos son altos con bóveda catalana a la vista. Suelos de gres. Carpinterías de madera con contraventanas. Calefacción y aire acondicionado por split. ,0,148,1,Bomba de frío/calor,null,72,66,Sant Pere - Santa Caterina i la Ribera,null,null,null,290.000 ,4.028 €/m²,Monapart Barcelona (Vendes), Ref.: VHM1-2010 ,1,Segunda mano/buen estado,null,Piso en venta en calle dels Vigatans,http://idealista.com/inmueble/91497398/
2,1962, PISO EN VENTA EN LA AVENIDA REPUBLICA ARGENTINA - Barcelona  Piso en Barcelona zona El Putxet i Farró 124.00 m. de superficie 2 habitaciones dobles y 3 habitaciones sencillas un baño un aseo propiedad en buen estado cocina equipada. Está cerca de 2 metros y un ferrocarril. Muy bien situado en un barrio que tiene de todo sin la necesidad de desplazarte a otros lugares para la compra cotidiana. Extras: ascensor calefacción gas ciudad lavandería luminoso terraza autobuses colegios metro parques supermercados  Venta: 480000 €. ,1,0,2,Gas natural,null,128,124,El Putxet i el Farró,null,null,null,480.000 ,3.750 €/m²,NICE PROPERTIES BCN, Ref.: 1797 ,5,Segunda mano/buen estado,1,Piso en venta en avenida de la República Argentina,http://idealista.com/inmueble/91412427/
1,1965,  Piso situado en la confluencia de 3 de los mejores barrios de Barcelona: Sants Les Corts y la Nova Esquerra del Eixample.  Alto y muy luminoso totalmente exterior (un cuarto de altura)  Perfectamente ubicado frente a avda. Josep Tarradellas y orientado a Noreste (sol de mañanas hasta pasado mediodía) a mitad de camino de la estación de Sants y la plaza Francesc Maciá  Piso amplio de 85 metros. (80 útiles)  Tiene el salón-comedor con un amplio balcón donde podrá poner una mesa para poder cenar o vermutear contemplando las inmejorables vistas de la avda. Josep Tarradellas zona muy silenciosa tranquila y nada conflictiva.  Consta de 3 habitaciones una doble exterior y dos individuales interiores.   Cocina con salida a galería con patio interior.  Baño de cuatro piezas con bañera.  El piso es muy cuadrado y tiene muchas posibilidades e... ,1,0,4,Bomba de frío/calor,null,85,80,Les Corts,null,null,null,389.000 ,4.576 €/m²,Salvador, Ref.: 2-sn069b ,3,Segunda mano/buen estado,1,Piso en venta en calle de l'Equador,http://idealista.com/inmueble/91366640/
1,1963, Luminoso piso A ESTRENAR en Passeig de Sant Gervasi c/Craywinkell (Sant Gervasi- La Bonanova) a pasos de Plaza Kennedy.  Ubicado en una finca clásica de 1963 en perfecto estado de conservación con ascensor y servicio de portería. Una tercera planta con una superficie construida de 75m² muy soleado.  Reforma en curso que aún permite ajustes en distribución así como personalizar los acabados. Con dos años de garantía.  Ideal para familias: •3 habitaciones •2 de ellas dobles •1 baños completo •Amplio cocina office abierta (o cerrada según preferencia) •Acabados de calidad premium •Piso pos-covid: materiales y acabados “wellness” que cuidan la salud (filtros de aire de alta eficiencia parquet sin polucionantes pintura a la cal... ) •Reforma sin impacto medioambiental  Lejos del ajetreo y de la afluencia turística de Barcelona el barrio te cautivará por su elegancia y buena comunicación con FGC Tibidabo y numerosas líneas de autobuses. Cuenta con todo tipo de servicios además de ser una zona con intensa oferta de ocio gastronómica educativa y cultural.  ¿Te encaja? Llámanos y te contamos más.  Olvídate del inmobiliario de siempre.  Sólo Privalore hace posible que tu presupuesto te dé para mucho más. ,1,131,3,Gas natural,null,75,70,El Putxet i el Farró,null,430.000 € ,2,420.000 ,5.600 €/m²,Privalore, Ref.: PRI-R-GERVASI001 ,3,Segunda mano/buen estado,null,Piso en venta en paseo de Sant Gervasi,http://idealista.com/inmueble/91243387/
1,1950, **Ven a ver este acogedor piso de 70m2 y balcón de 9m2 en El Barrio de Gracia-Nova.  Consta de 1 salón comedor muy amplio y luminoso con salida a balcón amplio 2 habitaciones dobles exteriores un baño completo con ducha y cocina equipada con nevera y lavadora. El piso se entrega semi-amueblado (SOFA CAMAS ARMARIOS NEVERA Y LAVADORA) y NO SE ACEPTAN MASCOTAS.  La finca tiene ascensor es un quinto de altura.  Situado en una de las mejores zonas de Barcelona con infinidad de transportes público alrededor comercios y a pocos minutos de la emblemática SAGRADA FAMILIA y del centro de la ciudad.  Si deseas concertar una visita no dudes en CONTACTARNOS. ******. ,1,171,5,null,null,70,61,El Baix Guinardó,null,null,null,298.000 ,4.257 €/m²,MKD GRUP IMMOBILIARI SL, Anuncio: 91581353 ,2,Segunda mano/buen estado,null,Piso en venta en ronda del Guinardó,http://idealista.com/inmueble/91581353/
1,1970, GOLDEN SQUARE PRESENTA: ático en Barcelona zona Verdum.   Consta de 64m2 de superfície con una terraza de 60 m2. Dos habitaciones dobles y un baño.   Propiedad reformada cocina equipada carpinteria interior de madera orientación sureste suelo de parquet carpintería exterior de aluminio.  Extras: bomba frío y calor calefacción gas ciudad línea telefónica luminoso luz puerta blindada terraza.  Cuarta planta real en finca SIN ascensor.  Zona muy bien comunicada por líneas de autobús y metro y con todo tipo de servicios cerca: centros comerciales centros médicos colegios hospitales parques supermercados. ,0,0,4,Gas natural,null,64,60,Les Roquetes,null,185.000 € ,3,179.000 ,2.797 €/m²,Golden Square Barcelona Consultors Immobiliaris, Ref.: JV-RES-959-113-20 ,2,Segunda mano/buen estado,1,Ático en venta en calle de les Torres,http://idealista.com/inmueble/91043042/
1,null,  Ático de 64 m² increíblemente céntrico y recién reformado situado en el Eixample Derecha de Barcelona a 2 minutos de todo: Paseo de Gracia a dos manzanas Gran Vía a la vuelta de la esquina; Plaça Catalunya a cuatro cuadras; Rambla de Catalunya con todos sus restaurantes al aire libre a cuatro cuadras. -El Corte Inglés Zara Mango y todo lo demás a poca distancia. ¡Incluso la Barceloneta y la playa! No hay nada comparable en el mercado. La distribución cuadrada del apartamento es óptima. Techos altos; calefacción de gas; Totalmente climatizado. Chimenea en salón. Las ventanas corredizas de piso a techo en la sala de estar se abren de doble ancho a la terraza en el mismo nivel. Ventanas correderas con cerraduras de seguridad de calidad comercial; Otras ventanas / puerta con persianas de seguridad integradas. La gran terraza está totalm... ,1,0,5,null,null,64,null,La Dreta de l'Eixample,null,470.000 € ,2,460.000 ,7.188 €/m²,Homesearch Barcelona, Ref.: Roger de Lluria ,1,Segunda mano/buen estado,1,Ático en venta en Roger de Lluria,http://idealista.com/inmueble/39758183/
2,1970,  Te ofrecemos este piso ubicado a 1 minuto del Mercadona de Sant Andreu Fabra i Puig en una zona tranquila y sin ruidos de calle.   La vivienda consta de 90m² disitribuida de 4 habitaciones (1 doble exterior) cocina office con espacio para mesa y 4 sillas baño completo con bañera y aseo de cortesia.   Toda la vivienda esta dotada de calefacción con radiadores de gas y aire acondicionado en el salón-comedor de 18m² con salida a balcón.  PUEDES HACER LA VISITA EN 360º O VISUALIZAR EL INMUEBLE CON EL APARTADO DE VIDEO EN EL CUAL PODRÁS HACERTE UNA MEJOR IDEA DE LA DISTRIBUCIÓN.  FINANCIACIÓN DE HASTA EL 100% CUOTA APROX: 667 €/MES  NO DUDES EN VENIR A VISITARLO!  Los especialistas financieros de la red Kiron del Grupo Tecnocasa te ayudarán a buscar la financiación que mejor se adapte a tus necesidades. Son expertos en el sector financier... ,1,134,2,Gas natural,null,90,null,Sant Andreu,null,269.000 € ,4,259.000 ,2.878 €/m²,Tecnocasa Estudi Sant Andreu, Ref.: IS-PAMA ,4,Segunda mano/buen estado,null,Piso en venta en pare manyanet,http://idealista.com/inmueble/90628597/
1,1981, GOLDEN SQUARE PRESENTA: piso en venta en el Barrio de La Marina del Port a escasos metros de la Gran Via de la Ciudad Judicial Plaza Cerdà y de uno de los pulmones de la ciudad la montaña de Montjuïc.  Se distribuye de la siguiente forma: salón-comedor con balcón y galeria cocina independiente 1 habitación doble 2 habitaciones individuales y un baño.  Destaca por su luminosidad ya que es totalmente exterior y sus vistas.  Finca con 4 ascensores.  Zona muy bien comunicada por metro bus y ferrocarriles. Cerca de todo tipo de servicios colegios comercios centros de salud.. .  No deje de verlo! ,1,194,3,null,null,74,66,La Marina del Port,null,219.000 € ,5,209.000 ,2.824 €/m²,Golden Square Barcelona Consultors Immobiliaris, Ref.: AC-RES-934-088-20 ,3,Segunda mano/buen estado,null,Piso en venta en calle de la Mineria,http://idealista.com/inmueble/90344605/
2,1940, Precioso piso de tres habitaciones dos dobles y una individual en el corazón del pintoresco barrio del Poble Sec junto a la Plaça de las Navas y a menos de 5 minutos caminando de la parada de metro L3 de Poble Sec. El piso ha sido reformado hace tres años conservando algunos de los detalles originales. El piso consta de un salón comunicado con una barra tipo bar con la cocina que queda totalmente equipada (incluyendo los taburetes de la barra).  2 habitaciones dobles amplias ambas exteriores con salida a balcón y 1 individual interior. Cocina equipada comedor y 2 baños completos. El apartamento está ubicado en una segunda planta en una bonita finca sin ascensor. ,0,0,2,null,null,66,55,El Poble Sec - Parc de Montjuïc,null,235.000 € ,4,225.000 ,3.409 €/m²,Homesearch Barcelona, Ref.: ELKANO2 ,3,Segunda mano/buen estado,null,Piso en venta en calle d'Elkano,http://idealista.com/inmueble/91596665/
2,1900, Piso en la calle d'en Serra barrio Gótico Barcelona En una característica calle del barrio gótico muy cercano al exclusivo club privado Soho House a un paso de la plaza Mercé y Plaza Duque de Medinaceli encontramos en la última planta de esta finca de principio del siglo veinte acabada de rehabilitar un luminoso y coqueto piso totalmente reformado de 82m².  Al piso se accede por su recibidor que nos invita a un diáfano salón con cocina a la vista totalmente reformada y equipada integrada en el espacio cálido y con todo tipo de detalle.  La vivienda consta de dos habitaciones dobles ambas en suite y además una de ellas cuenta con un cuarto para la lavadora y estanterías para poder almacenar de forma impecable ideal lo que no queremos que nos ocupe espacio en el piso.  Justo en la planta de arriba se encuentra un maravilloso terrado comunitario muy cuidado con plantas y unas vistas únicas a la Ciudad Condal y la maravillosa Basílica de la Mercè. ,1,308,3,Eléctrica,null,83,null,Ciutat Vella,null,null,null,380.000 ,4.578 €/m²,aProperties Real Estate Barcelona, Ref.: VB1901003-5 ,2,Segunda mano/buen estado,null,Piso en venta en El Gòtic,http://idealista.com/inmueble/91626681/
2,1970, Piso a reformar cerca de la Sagrada Familia Ubicado en Avenida Diagonal muy cerca de la emblemática Sagrada Familia y rodeado de comercios y todo tipo de servicios encontramos este estupendo piso a reformar de 89m² con una muy disfrutable terraza con magníficas vistas.  El piso está muy bien distribuido. Consta de un salón-comedor muy luminoso que da acceso a la terraza. Tiene tres habitaciones dobles muy completas una en suite dos baños completos y la cocina tiene zona de aguas en el patio interior.  Se trata de una gran oportunidad de adquirir una propiedad en el centro de Barcelona en una de las zonas&nbsp; más importantes de la ciudad. ,1,233,5,Gas natural,null,80,null,Eixample,null,null,null,365.000 ,4.562 €/m²,aProperties Real Estate Barcelona, Ref.: VB1807022-5 ,3,Segunda mano/para reformar,null,Piso en venta en La Sagrada Família,http://idealista.com/inmueble/91613085/
1,2000, Piso único en un palacete gótico de Barcelona En el emblemático barrio Gótico de Barcelona a pocos metros de la Plaza Sant Jaume y de la Catedral se encuentra este histórico palacete gótico rehabilitado con materiales de primera calidad y convertido en pisos que son auténtica obra de arte. &nbsp; Este inmueble de gran valor arquitectónico fue rehabilitado en el año 2000 respetando íntegramente su estructura original y cuenta con&nbsp; arcos columnas y artesonados del siglo XV. El piso consta de un espacio abierto de 77m². El techo es de vigas de 4 metros de altura. Su cocina-office y su amplio salón tienen vistas al bonito y luminoso patio principal de la finca. Tiene un acogedor dormitorio en suite con baño completo. La calefacción es individual de suelo radiante. También dispone de aire acondicionado. Este piso tiene la posibilidad de ser unido al piso contiguo. La finca tiene servicio de conserjería y cada vivienda dispone de un trastero. Hay parking para bicis y motos. Es un lugar privilegiado para disfrutar de la tranquilidad del interior de sus muros y del ambiente de sus calles repletas de historia comercios y restaurantes. &nbsp;. ,1,102,1,Gas natural,null,77,null,Ciutat Vella,null,null,null,460.000 ,5.974 €/m²,aProperties Real Estate Barcelona, Ref.: VB2010030-1 ,1,Segunda mano/buen estado,null,Piso en venta en El Gòtic,http://idealista.com/inmueble/91612893/
1,1961, Piso en venta ideal para inversores En calle Rubens encontramos esta vivienda ideal para inversores o para piso individual de estudiante. La finca tiene entrada por dos calles dispone de ascensor y además del piso tiene un trastero grande en escritura. En la azotea se puede disfrutar de una terraza comunitaria.  Solo entrar encontramos a mano derecha el baño completo donde también se ubica la lavadora. A mano izquierda tenemos la cocina y seguidamente un espacio de 12 m2 para combinar el uso de salón-comedor con habitación. La ventana que da a la calle tranquila permite entrar la luz y el sol y hacer que este espacio sea muy agradable.  Tanto si quieres comprar tu primera vivienda como si lo que quieres es invertir esta es tu ocasión sin duda. ,1,130,2,Gas natural,null,35,null,Gràcia,null,null,null,134.000 ,3.829 €/m²,aProperties Real Estate Barcelona, Ref.: VB2010014-1 ,1,Segunda mano/buen estado,null,Piso en venta en El Coll,http://idealista.com/inmueble/91612629/
1,1999, *- Group Andreu presenta este cálido apartamento en la misma Rambla de Catalunya con calle Rosselló. *- Finca moderna edificada el 1999 planta elevada con una superficie de 57 m² construidos con ascensor servicio de portería y plaza de parking en la misma finca incluida en el precio. *- La vivienda en la actualidad está integrada a otro piso que se desvinculará en el momento de la compra. *- La distribución actual es de salón comedor dormitorio vestidor y cuarto de baño. *- La habitación es doble integrada en zona de noche con un vestidor y armario empotrado en todo lo largo de la habitación; ventila a exterior muy luminosa y silenciosa. *- Baño completo con bañera lavabo inodoro y bidet. *- Salón muy espacioso con ventanas a exterior muy bien iluminado por luz natural; en éste generoso espacio hay que habilitar la cocina siendo esta empresa posible en una de las esquinas tal como se plantea en el plano que presentamos. *- Plaza de parking incluida de fácil acceso y amplia. *- La finca esta rodeada de todo tipo de servicios comercios restaurantes y con gran oferta cultural en los alrededores. *- Muy bien comunicada por todos los medios de transporte que ofrece la ciudad. ,1,666,3,null,null,57,48,La Dreta de l'Eixample,null,null,null,450.000 ,7.895 €/m²,Daniel Rodes, Ref.: 601-RMBL-CTLNY-32 ,1,Segunda mano/buen estado,null,Piso en venta en rambla de Catalunya,http://idealista.com/inmueble/91568401/
1,null,  ´TOUR VIRTUAL 3D ¡AHORA PUEDES VISITAR ESTE PISO SIN MOVERTE DE TU CASA! Realiza nuestro tour virtual para empezar a conocer tu piso.   CON DOS PLAZAS DE GARAJE OPCIONALES AMBAS POR 30.000€. ¿Quieres vivir en un práctico y cómodo piso que además esté bien ubicado en Barcelona? Pues aquí te ofrecemos uno que cumple a la perfección con estos ingredientes. 52m² muy bien distribuidos en una finca en muy buen estado. Consta de dos dormitorios (uno de ellos doble) estancias perfectas para hacer vida con tu pareja. Además del baño completo y de la cocina equipada con acceso a galería la vivienda dispone de un salón luminoso con vistas al exterior que dotarán a tu día a día de ese bienestar que tanto necesitas.   El piso se encuentra en pleno corazón del barrio de Poble Sec una de las zonas con más encanto y personalidad de Barcelona y bau... ,1,0,null,null,null,52,null,El Poble Sec - Parc de Montjuïc,null,199.000 € ,5,190.000 ,3.654 €/m²,REDPISO BARCELONA-SANT ANTONI, Ref.: RP207202074926 ,2,Segunda mano/buen estado,null,Piso en venta en calle del Poeta Cabanyes,http://idealista.com/inmueble/91223499/
1,1900,  Estupendo piso en Sant Andreu    Compraventa entre particulares y sin comisiones con Housfy.  Magnifico piso con encanto histórico en finca regia situado en el centro neuralgico del barrio de Sant Andreu con todo tipo de servicios.  Características:  - Consta de 81 m2. (Los metros cuadrados están verificados con la Dirección General de Catastro) - La vivienda dispone de 3 habitaciones y 1 baño perfecto para una familia. - Ventanas de doble cristal climalit. - Puerta de entrada de seguridad blindada. - Acogedora sala de estar comunicada con un comedor con luz natural. - Cocina equipada con muebles encimera horno y campana. - Consta también de un espacio como cuarto de limpieza. - Dispone de un gran altillo recientemente reformado. - Dispone de una terraza para entrar al inmueble de uso y disfrute compartido. - Piso Exterior. - Tercer... ,0,221,null,null,null,81,null,Sant Andreu,null,299.000 € ,5,285.000 ,3.519 €/m²,Housfy Real Estate CAT, Ref.: 300052 ,3,Segunda mano/buen estado,null,Piso en venta en calle de Santa Marta 15,http://idealista.com/inmueble/91174883/
2,1978, En la Plaza de Fernando Lesseps una ubicación excepcional y privilegiada dentro de la ciudad condal que delimita los extremos de los dos distritos de Gracia y Sarriá-San Gervasi.  Situado en la séptima planta de un edificio que dispone de ascensor y servicio de consejería aproximadamente 100 m² muy bien distribuidos en un recibidor una cocina “kvik” de primera calidad donde no pasa desapercibida su encimera “dekton” unida al salón comedor y conformando con esta estancia un único espacio cuatro dormitorios dos cuartos de baño completos y una terraza de aproximadamente 8 m² donde se puede admirar una vista panorámica del Tibidabo de la montaña del Turó del Putxet y del parc Güell.  Ademas junto con la vivienda existe la posibilidad de adquirir una o dos plazas de aparcamiento por el precio de 20.000 00 euros cada una para coches de tamaño medio situadas en el mismo edificio y con acceso directo desde los ascensores del vestíbulo. ,1,166,7,Gas natural,null,100,91,Vila de Gràcia,1,620.000 € ,6,580.000 ,5.800 €/m²,Calvet Premium Real Estate, Ref.: 1589 ,4,Segunda mano/buen estado,1,Piso en venta en plaza de Lesseps 6,http://idealista.com/inmueble/91151781/
2,1978, En la Plaza de Fernando Lesseps una ubicación excepcional y privilegiada dentro de la ciudad condal que delimita los extremos de los dos distritos de Gracia y Sarriá-San Gervasi.  Situado en la séptima planta de un edificio que dispone de ascensor y servicio de consejería aproximadamente 100 m² muy bien distribuidos en un recibidor una cocina “kvik” de primera calidad donde no pasa desapercibida su encimera “dekton” unida al salón comedor y conformando con esta estancia un único espacio cuatro dormitorios dos cuartos de baño completos y una terraza de aproximadamente 8 m² donde se puede admirar una vista panorámica del Tibidabo de la montaña del Turó del Putxet y del parc Güell.  Ademas junto con la vivienda existe la posibilidad de adquirir una o dos plazas de aparcamiento por el precio de 20.000 00 euros cada una para coches de tamaño medio situadas en el mismo edificio y con acceso directo desde los ascensores del vestíbulo. ,1,166,7,Gas natural,null,100,91,Vila de Gràcia,1,620.000 € ,6,580.000 ,5.800 €/m²,Calvet Premium Real Estate, Ref.: 1589 ,4,Segunda mano/buen estado,1,Piso en venta en plaza de Lesseps 6,http://idealista.com/inmueble/91151781/