bathrooms,constructed_year,description,elevator,energetic_qualification_kWhm2_año,floor,heater_system,its_new,m2_build,m2_useful,neighbourhood,parking,price_down_euro,price_down_percentage,price_euro,price_m2,real_estate,ref,rooms,status,terrace,title,link
2,1950, Piso reformado cerca de Passeig de Gràcia Piso recién reformado sexto de altura en finca regia con amplio salón orientada a calle Aragó y vistas al Passeig de Gràcia.  Dispone de cerramientos con doble acristalamiento lo que le confiere tranquilidad y paz al lado de una de las zonas más emblemáticas y comerciales de Barcelona. Dispone de 2 habitaciones dobles de las cuales 1 suite con baño completo.  Es una gran oportunidad para vivir en una zona privilegiada y tener la posibilidad de vivir al lado de la Casa Batlló sin necesidad de estar en Passeig de Gràcia. Ubicado en una finca muy señorial con servicio de conserje. La finca conserva todos los detalles de la época en un perfecto estado de conservación. Por su proximidad a Passeig de Gràcia - Casa Batlló y Pau Claris dispone de todos los servicios supermercados comercios parking y colegios. Un lujo para vivir a un paso del centro y la zona más exclusiva de Barcelona. Un lujo para vivir a un paso del centro y la zona más exclusiva de Barcelona. ,1,191,6,null,null,105,null,Eixample,null,null,null,595.000 ,5.667 €/m²,Barcelona MMC - Eixample - S2, Ref.: W-02FKXB ,2,Segunda mano/buen estado,null,Piso en venta en La Dreta de l'Eixample,http://idealista.com/inmueble/85716478/
2,1936,  Precioso loft cerca de Passeig de Gràcia En una bonita finca regia rehabilitada se encuentra esta extraordinaria propiedad 202m2 en una planta baja. Desde el primer momento uno se queda impresionado por los amplios espacios los techos altos elementos originales como el ladrillo de la pared y la volta catalana el gran diseño y las calidades de la vivienda. Al cruzar la puerta de entrada se encuentra en una amplia estancia a la que pueda asignar el uso que desea sea recibidor parking taller despacho etc.  Abriendo la bonita puerta corredera pasara al amplio comedor con cocina abierta al estilo americano equipada con los mejores electrodomésticos como una campana industrial horno microondas y estufa de las reconocidas marcas Bosch y Smeg. A continuación encontramos un espacio abierto con armarios integrados. En esa zona se in... ,0,134,0,Calefacción individual,null,202,null,Gràcia,1,null,null,750.000 ,3.713 €/m²,Barcelona MMC, Ref.: W-02ECLK ,1,Segunda mano/buen estado,null,Piso en venta en Vila de Gràcia,http://idealista.com/inmueble/85493774/
3,1989,  Lucas Fox les presenta este fantástico piso a actualizar de 240 m² con cuatro dormitorios y tres baños situado en la cuarta planta real de una finca espectacular de Eixample Izquierdo. El piso se localiza en Ronda Universitat en pleno centro de Barcelona junto a las avenidas principales de la ciudad como paseo de Gràcia rambla Catalunya y la Gran Via. Es una zona en la que se disfrutan todos los servicios de transporte varias líneas de metro tren y autobús además de ser la zona donde puede disfrutar de ocio bares restaurantes y servicios.   La finca esquinera de fachada de corte clásico y en un estado de conservación ideal es una de las más fácilmente reconocibles de la zona. Cuenta con la particularidad de que a sus características históricas se suma la disponibilidad de plazas de aparcamiento en la misma finca a las que s... ,1,0,null,null,null,239,null,Eixample,1,null,null,1.100.000 ,4.603 €/m²,Lucas Fox Barcelona, Ref.: BCN20484 ,4,Segunda mano/para reformar,1,Piso en venta en La Dreta de l'Eixample,http://idealista.com/inmueble/87418336/
2,1936, Este elegante piso está ubicado en el barrio de Galvany en una finca regia en muy buen estado y con ascensor.   Su distribución es excepcional ya que la zona de día y la zona de noche están claramente diferenciadas. Al entrar a la vivienda a la izquierda accedemos a la cocina totalmente equipada con electrodomésticos integrados incluida la vinoteca. Además esta zona cuenta con sala de estar y salón-comedor con chimenea con sistema de mando a distancia galería y un balcón exterior a calle.   La zona de noche está compuesta por cuatro dormitorios: dos individuales uno doble y la master suite con baño privado y vestidor. Todos los dormitorios cuentan con armarios empotrados. Asimismo ofrece una estancia ciega ideal para almacenaje/vestidor un baño con bañera y la zona de aguas.   La vivienda dispone de calefacción por radiadores y aire acondicionado por conductos con control individual de temperatura por estancia mediante termostato independiente.   Póngase en contacto con nosotros para recibir más información o para concertar una visita. ,1,167,null,null,null,200,null,Sarrià-Sant Gervasi,null,null,null,1.400.000 ,7.000 €/m²,Lucas Fox Barcelona, Ref.: BCN19980 ,4,Segunda mano/buen estado,null,Piso en venta en Sant Gervasi - Galvany,http://idealista.com/inmueble/90288790/
4,1900,  Esta fabulosa vivienda&nbsp;con vistas espectaculares&nbsp;se encuentra en Rambla de Cataluña a pocos metros de Plaza de Cataluña.   El piso ofrece una superficie útil de 226 m² y una superficie construida de 249 m². Se ubica en un edificio modernista que se remonta a la década de 1900 y que se ha restaurado completamente. Su distribución es muy práctica dividida en zona de día y de noche con una fachada doble y mucha tranquilidad en la zona más dinámica de la ciudad.   La vivienda ofrece un espacioso salón con 3 balcones. La cocina disfruta de paredes acristaladas y acabados de mármol y se presenta con electrodomésticos de alta calidad. El piso consta de 3 dormitorios: uno doble con baño privado y un amplio vestidor otro con un vestidor y un tercer dormitorio con baño privado.   La vivienda cuenta con un cuarto de baño privado con... ,1,0,null,null,null,249,null,Eixample,null,null,null,1.395.000 ,5.602 €/m²,Lucas Fox Barcelona, Ref.: BCN17942 ,3,Segunda mano/buen estado,null,Piso en venta en La Dreta de l'Eixample,http://idealista.com/inmueble/85161458/
1,null, Piso al lado el mar con jardín en Poblenou Piso ideal para quien ama la tranquilidad y la vida al aire libre estando en la ciudad. Amplio trastero incluido en el precio y plaza de pk a parte por el valor de 25.000 €. Ubicado a 5 minutos a pie de la playa tiene jardín privado de 55 m2 rodeado de árboles y con acceso directo al parque. Se trata de una planta baja luminosa de cincuenta y cinco metros cuadrados de superficie muy bien aprovechados. La propiedad está compuesta por un recibidor sala de estar cocina office separada del comedor por un doble cristal con micro persianas un lavadero un baño y una amplia habitación (que se puede convertir en habitación más vestidor o una segunda habitación). La habitación y la sala de estar tienen amplios ventanales con vistas al jardín y gozan de mucha luz. La propiedad dispone de una excelente ubicación al encontrase a menos de 5 minutos caminando de la playa y de la Rambla de Poblenou donde se puede encontrar todo tipo de oferta gastronómica y comercial. Muy bien comunicada (buses y metro al lado) y cerca de varios colegios. ,1,0,0,Gas natural,null,69,null,Sant Martí,null,null,null,395.000 ,5.725 €/m²,Barcelona MMC - Ciutat Vella - Sant Martí - S7, Ref.: W-02FEKD ,1,Segunda mano/buen estado,null,Piso en venta en Diagonal Mar i el Front Marítim del Poblenou,http://idealista.com/inmueble/85039428/
2,1968,  Propiedad de 135m2 y 4 dormitorios ubicado en la zona alta de Barcelona integrado en una de las arterias de la zona como es la calle Aribau. Se encuentra cerca de la ‘Via Augusta’ a pocos minutos de ‘Plaça Molina’ y de ‘Plaça Gal·la Placídia’. Su magnífica ubicación permite que sea una gran residencia habitual pero también es ideal para vivir y trabajar pues la finca dispone de servicio de portería y está habilitada para ello. El inmueble destaca por su buena distribución y su magnífica terraza privada de 84m2. Consta de un salón-comedor con grandes ventanales cocina independiente de vitrocerámica (equipada con nevera lavavajillas horno y microondas) y zona office y un total de 4 dormitorios (uno en suite dos dobles y otro individual). Cuenta con 2 baños completos uno con ducha y otro con bañera. Además la propiedad ofrece un... ,1,0,null,Bomba de frío/calor,null,135,null,Sarrià-Sant Gervasi,1,815.000 € ,2,795.000 ,5.889 €/m²,Atipika Lifestyle Properties, Ref.: 10500 ,4,Segunda mano/buen estado,1,Piso en venta en Sant Gervasi - Galvany,http://idealista.com/inmueble/38306901/
2,1900,  En pleno corazón de Barcelona en el centro del distrito del ‘Eixample’ el cual es la cuna del modernismo catalán y rodeado por todo tipo de servicios y establecimientos encontramos este fantástico piso de 86m2. Esta ubicado en una finca regia en perfecto estado de conservación con ascensor y con excelentes comunicaciones del transporte público con el resto de la ciudad.  La propiedad se distribuye en un amplio salón comedor con salida al balcón el cual cuenta con impresionantes vistas sobre la ciudad cocina independiente equipada que dispone de zona de lavadero una suite exterior con baño tres dormitorios individuales exteriores y otro baño completo. La propiedad cuenta con acabados de primera calidad como los suelos de parqué doble acristalamiento carpintería exterior de aluminio entre otros. Una oportunidad única de vivir en ... ,1,0,null,null,null,86,null,Eixample,null,515.000 € ,4,495.000 ,5.756 €/m²,Atipika Lifestyle Properties, Ref.: 14519 ,4,Segunda mano/buen estado,null,Piso en venta en L'Antiga Esquerra de l'Eixample,http://idealista.com/inmueble/90977420/
2,1967,  Fabuloso piso luminoso en Plaza Bonanova Presentamos este luminoso piso esquinero una oportunidad única en uno de los edificios emblemáticos de la zona alta de Barcelona con una espectacular terraza de casi 50m2 que da a la plaza Bonanova orientada a sur y de la cual se disfruta de las bonitas vistas a la iglesia Mare de Deu de la Bonanova y se disfruta del vaivén de la misma plaza. La muy luminosa propiedad actualmente dispone de un amplio salón con salida directa a la terraza una cocina muy grande con parte de office que antes era el dormitorio de servicio y aparte una galería muy amplia y practica para zona de aguas. La zona de noche se compone de cinco dormitorios todos exteriores y dos baños completos. La propiedad necesita una reforma y dispone de muchas posibilidades para obtener el piso de sus sueños. Dos plazas de parking e... ,1,0,2,Gas natural,null,220,null,Sarrià-Sant Gervasi,1,null,null,1.175.000 ,5.341 €/m²,Barcelona MMC - Zona Alta - S1, Ref.: W-02I40U ,5,Segunda mano/para reformar,1,Piso en venta en Sant Gervasi - La Bonanova,http://idealista.com/inmueble/89880564/
1,1967, Pº Maragall/Varsovia. Magnifica vivienda de 83m 3 dormitorios 2 dobles y exteriores gran salon exterior a balcon cocina reformada baño completo pavimentos de gres puerta de roble carpinteria exterior de aluminio aire acondicionado con bomba de calor finca reformada con ascensor perfecta ubicacion justo enfrente de para L-4/5 de Maragall. ( El PVP indicado no incluye impuestos ni gastos de Escritura ). ,1,164,2,null,null,83,null,Horta Guinardó,null,null,null,278.000 ,3.349 €/m²,donpiso Bcn Maragall, Ref.: 242327 ,3,Segunda mano/buen estado,null,Piso en venta en El Guinardó,http://idealista.com/inmueble/91045063/
1,1963, Piso en venta de 80m² situado junto a la Plaza Francesc Macià en l’Antiga Esquerra de l’Eixample.  Consta de salón comedor con vistas al Turó Parc y cocina americana. 2 habitaciones dobles 1 baño zona de aguas y balcón. Dispone de aire acondicionado calefacción suelos de parquet y armarios empotrados. Ubicado en una finca rehabilitada con servicio de conserjería junto a la Plaza Francesc Macià y la Avenida Diagonal zona con comercios y todo tipo de servicios. Buenas comunicaciones mediante transporte público: metro autobuses y Trambaix. ,1,106,1,Eléctrica,null,80,null,L'Antiga Esquerra de l'Eixample,null,null,null,690.000 ,8.625 €/m²,ALTING Grupo Inmobiliario, Ref.: 019226 ,2,Segunda mano/buen estado,null,Piso en venta en avenida de Josep Tarradellas,http://idealista.com/inmueble/86995241/
2,null, Piso en venta de 80m² situado en la Avenida Josep Tarradellas junto a la Plaza Francesc Macià. Consta de salón comedor con vistas al Turó Parc y cocina abierta totalmente equipada. 2 habitaciones dobles 2 baños y zona de aguas. Dispone de aire acondicionado calefacción suelos de parquet y armarios empotrados. Ubicado en una finca rehabilitada con servicio de conserjería junto a la Avenida Diagonal en l’Antiga Esquerra del Eixample zona con comercios todo tipo de servicios y buenas comunicaciones mediante transporte público: metro autobuses y Trambaix. ,1,94,3,Gas natural,null,80,null,L'Antiga Esquerra de l'Eixample,null,null,null,630.000 ,7.875 €/m²,ALTING Grupo Inmobiliario, Ref.: 019249 ,2,Segunda mano/buen estado,null,Piso en venta en avenida de Josep Tarradellas,http://idealista.com/inmueble/87974582/
1,1868, RONDA SANT PERE / PS DE GRACIA  En finca de 1868 en la tercera planta de un edificio encontramos vivienda de 143 m² útiles junto Plaza Catalunya y Paseo de Gracia con unas maravillosas vistas a la ciudad en una zona privilegiada de Barcelona. Consta de un salón-comedor exterior a calle cocina independiente dos dormitorios dobles exteriores a calle y 2 individuales baño completo con bañera. Lista para entra a vivir grandes ventanales y balconeras de doble cristal donde nos deja disfrutar del sol y la luz natural. Zona muy bien comunicada Si deseas más información no dudes en llamarnos. ,1,0,3,Eléctrica,null,154,143,La Dreta de l'Eixample,null,null,null,680.000 ,4.416 €/m²,Gema, Ref.: 2694 ,4,Segunda mano/buen estado,null,Piso en venta en ronda de Sant Pere,http://idealista.com/inmueble/87252042/
2,1950,  GEINBAR VENDE.- Piso próximo a Turó Parc en el barrio de Sant Gervasi  Piso señorial en finca novecentista cuarto de altura real totalmente exterior orientado a tres vientos suelo de madera natural calefacción por radiadores y A/A por Split. Distribuido en zona de día con cocina y salón comedor y en zona de noche con dos baños dos habitaciones individuales dos habitaciones dobles y una de servicio. Finca con conserje. Parking opcional en finca.     Características básicas    •180m² construidos 160m² útiles  •2 habitaciones dobles  •2 habitaciones individuales  •1 habitación de servicio  •2 baños completos  •Luminoso salón comedor de 35m²  •Cocina office independiente  •Armarios empotrados  •Calefacción por Gas Natural  •Aire Acondicionado por Split  •Vídeo portero  •Finca con ascensor y conserje   •Segunda mano/Para entrar   •C... ,1,140,4,Gas natural,null,160,150,Sant Gervasi - Galvany,null,875.000 € ,3,850.000 ,5.312 €/m²,Geinbar, Ref.: GV510 ,5,Segunda mano/buen estado,null,Piso en venta en calle de l'Avenir,http://idealista.com/inmueble/88466394/
2,1965, Situado en la mejor zona de Barcelona entre el parque del Turó Park y el parque de piscinas y deportes nos encontramos con este fantástico piso situado en una primera planta completamente reformado y nuevo a estrenar.  Este piso de 132 m2 muy bien distribuidos consta de un gran salón comedor con cocina abierta de 50 m2. La cocina equipada con todos los electrodomésticos de alta gama completamente integrada al comedor y que cuenta con una fantástica y amplia barra.  Ambas estancias exteriores con grandes ventanales que dan acceso a la terraza.  Consta también de tres habitaciones dos de ellas individuales con armarios empotrados y una doble suite (exterior) con vestidor y baño completo con plato de ducha lavamanos de doble seno y un segundo baño completo con plato de ducha.   La vivienda muy bien equipada y con acabados de primera calidad cuenta con amplios pasillos y dispone de aire acondicionado por conductos calefacción por radiadores suelos de parquet y cerámicos y carpintería de aluminio. ,1,0,1,null,null,132,113,Sarrià-Sant Gervasi,null,null,null,790.000 ,5.985 €/m²,Coldwell Banker Prestige Barcelona, Ref.: B04241BA ,3,Segunda mano/buen estado,1,Piso en venta en Sant Gervasi - Galvany,http://idealista.com/inmueble/39669401/
2,1910, Conjunto de 3 viviendas más local comercial en pleno Eixample a escasos metros del Paseo de Gracia. En finca de 1910 encontramos fantásticas viviendas exteriores a calle y a patio de manzana en pleno centro de la ciudad en calle Consell de Cent entre Casanova y Muntaner con balcones típicos del Eixample. Debido a su distribución se podrían reubicar tanto habitaciones como salón y cocina pudiendo adaptarla a las necesidades del comprador. &nbsp; Finca tranquila con inmejorable orientación Sur Oeste y Norte (sol de mañana y tarde) que añade luz todo el día. &nbsp; El edificio con piso por rellano no dispone de ascensor. El lote se compone: Local comercial superficie de 140 m2 aprox con una renta de alquiler de 1500€ + IVA. Con finalización de contrato 30.05. 27. En la actualidad es restaurante Argentino. Entresuelo con superficie de 80m2 aprox. Con una renta de alquiler de 420€. Contrato indefinido. &nbsp; Cuarta planta superficie de 110m2. Libre. Quinta planta de superficie de 70m2 con una renta de alquiler de 700€. Con finalización de contrato el 31.01. 21. Ideal inversión. Si desea más información no dude en ponerse en contacto con nosotros! &nbsp;. ,0,0,null,Calefacción individual,null,400,null,L'Antiga Esquerra de l'Eixample,null,null,null,1.020.000 ,2.550 €/m²,Gema, Ref.: 3350 ,3,null,null,Piso en venta en calle del Consell de Cent,http://idealista.com/inmueble/88980995/
1,1929, GEINBAR VENDE. - PISO CON GRAN TERRAZA A NIVEL A ESTRENAR EN LES CORTS    Características básicas    •47m² construidos 43m² útiles  •1 habitación doble  •1 baño  •Luminoso salón comedor de 15m²  •Orientado al Suroeste  •Cocina abierta  •Terraza de 41m² a nivel  •Calefacción y A/A por conductos  •Finca del año 1929 con ascensor         Barcelona es una ciudad española capital de la comunidad autónoma de Cataluña de la comarca del Barcelonés y de la provincia homónima. Con una población de 1 620 343 habitantes en 2018 es la segunda ciudad más poblada de España después de Madrid y la undécima de la Unión Europea.     Como capital de Cataluña y segunda ciudad en importancia de España la Ciudad Condal ha forjado su relevancia con el tiempo desde ser una pequeña colonia romana hasta convertirse en una ciudad cosmopolita valorada internacionalmente por aspectos como su economía su patrimonio artístico su cultura su deporte y su vida social. ,1,137,1,Calefacción individual,null,47,43,Les Corts,null,null,null,280.000 ,5.957 €/m²,Geinbar, Ref.: GV578 ,1,Segunda mano/buen estado,1,Piso en venta en calle de Caballero,http://idealista.com/inmueble/89403702/
2,2016,  ESPECTACULAR PLANTA 25 - LAS MEJORES VISTAS DE BARCELONA   EXCLUSIVA UBICACIÓN - AÑO 2016  VISUALIZA EL VIDEO   Bienvenidos a este espectacular piso ubicado en la vigésimo quinta planta del ´Edificio Torre Diagonal  Edificio ubicado en el triángulo de las Calles Bilbao Pere IV y Avenida Diagonal este emblemático edificio consta de 26 plantas y una espectacular zona común con acceso privado piscinas y solárium en la planta 27 lugar donde poder disfrutar también de unas increíbles vistas que nos llevan desde el mar hasta la montaña del Tibidabo sin olvidar el amplio gimnasio privado y la sala polivalente innovador sistema anti incendio con pasillos cortafuegos contenedores hidráulicos residuos orgánicos seguridad por cámaras las 24h del día y portería con vigilante los 366 días del año 3 ascensores en resumen uno de los edifici... ,1,30,25,null,null,168,null,El Poblenou,1,1.220.000 € ,11,1.090.000 ,6.488 €/m²,Jose Rodriguez, Ref.: 108 Calle Bilbao 110 25º 2ª Edif. Torre Diagonal ,3,Segunda mano/buen estado,1,Piso en venta en Bilbao 110,http://idealista.com/inmueble/87933299/
1,1929, GEINBAR VENDE. - ÁTICO CON TERRAZA A ESTRENAR EN LES CORTS    Características básicas    •67m² construidos 60m² útiles  •1 habitación doble  •1 habitación individual  •1 baño  •Luminoso salón comedor  •Balcón  •Orientado al Suroeste  •Cocina abierta  •Terraza de 43m²  •Calefacción y A/A por conductos  •Galería  •Finca del año 1929 con ascensor         Barcelona es una ciudad española capital de la comunidad autónoma de Cataluña de la comarca del Barcelonés y de la provincia homónima. Con una población de 1 620 343 habitantes en 2018 es la segunda ciudad más poblada de España después de Madrid y la undécima de la Unión Europea.     Como capital de Cataluña y segunda ciudad en importancia de España la Ciudad Condal ha forjado su relevancia con el tiempo desde ser una pequeña colonia romana hasta convertirse en una ciudad cosmopolita valorada internacionalmente por aspectos como su economía su patrimonio artístico su cultura su deporte y su vida social. ,1,137,2,Calefacción individual,null,67,60,Les Corts,null,null,null,365.000 ,5.448 €/m²,Geinbar, Ref.: GV575 ,2,Segunda mano/buen estado,1,Piso en venta en calle de Caballero,http://idealista.com/inmueble/89403695/
1,null, Acogedor piso en venta de 80m² situado en la calle Marqués de Sentmenat en el barrio de Les Corts. Dispone de salón comedor con balcón cocina independiente con salida a patio privado 2 habitaciones dobles (una de ellas con salida a un pequeño patio) y 1 baño completo. Cuenta con suelos de parquet aire acondicionado por conducto en toda la vivienda calefacción individual a gas persianas eléctricas y carpinteria exterior de aluminio.  Se entrega recién pintado.  Ubicado en edificio seminuevo dos ascensores y servicio de conserjería. Incluye una amplia plaza de parking en la misma finca. Situado en una zona comercial con todo tipo de servicios y muy bien comunicado con transporte público. ,1,102,1,Gas natural,null,80,null,Les Corts,1,null,null,395.000 ,4.938 €/m²,ALTING Grupo Inmobiliario, Ref.: 019277 ,2,Segunda mano/buen estado,null,Piso en venta en calle del Marquès de Sentmenat,http://idealista.com/inmueble/90853509/
2,1977, Fabuloso piso en venta de 155m² situado en el barrio de Tres Torres. Distribuido en un amplio salón comedor con chimenea y salida a una terraza de 8m². Cocina independiente 4 habitaciones (1 suite) habitación plancha o servicio 2 baños y zona de aguas. Cuenta con aire acondicionado calefacción individual suelos de parquet. Muy luminoso y soleado. Ubicado en un edificio con servicio de conserjería con un apartamento (antigua vivienda portero) de uso privativo para los vecinos. 2 plazas de parking y 2 trasteros en la misma finca incluidas en el precio. Situado en la calle Calatrava una exclusiva zona residencial con todo tipo de servicios y muy bien comunicada con transporte público. ,1,265,1,Gas natural,null,155,null,Les Tres Torres,1,null,null,864.000 ,5.574 €/m²,ALTING Grupo Inmobiliario, Ref.: 019271 ,5,Segunda mano/buen estado,1,Piso en venta en calle de Calatrava,http://idealista.com/inmueble/89784716/
2,1975, Piso en venta de 110m² situado en Paseo Manuel Girona. Dispone de un amplio salón comedor con salida a una terraza cocina office independiente 3 habitaciones (1 suite) y 2 baños completos. Cuenta con aire acondicionado calefacción individual a gas y carpintería exterior de aluminio. Muy luminoso. En el precio se incluye una plaza de parking. La finca cuenta con una amplia zona comunitaria con piscina y servicio de conserjería. Situado en el barrio de Pedralbes una zona resindencial con todo tipo de servicios y muy bien comunicada con transporte público. ,1,123,8,Gas natural,null,110,null,Pedralbes,1,null,null,800.000 ,7.273 €/m²,ALTING Grupo Inmobiliario, Ref.: 019276 ,3,Segunda mano/buen estado,1,Piso en venta en paseo de Manuel Girona,http://idealista.com/inmueble/90468050/
3,1900, Exclusivo piso a estrenar de 180m² en venta situado en el corazón de Barcelona en la Rambla Catalunya.  Distribuido en amplio salón comedor con cocina semiabierta totalmente equipada 3 habitaciones (2 suites una de ellas con vestidor) 2 baños completos y 1 aseo de cortesía. Gran calidad en los acabados conservando elementos muy característicos de la época como los techos altos y el pasillo abovedado. Dispone de domótica sistemas de regularización digital de luz sistema de audio en todas las estancias persianas motorizadas aire acondicionado calefacción suelos de parquet de roble electrodomésticos Sub-Zero Wolf y armarios empotrados.  Ubicado en una finca del año 1900 en la Rambla de Catalunya con un excepcional vestíbulo con ascensor de época escalera de mármol servicio de conserjería y seguridad por cámaras. Ubicado en el centro de la ciudad condal en la Dreta de l’Eixample rodeado de todo tipo de servicios y comercios y excelentes comunicaciones con transporte público. ,1,206,4,Gas natural,null,180,null,La Dreta de l'Eixample,null,null,null,1.600.000 ,8.889 €/m²,ALTING Grupo Inmobiliario, Ref.: 019169 ,3,Segunda mano/buen estado,null,Piso en venta en rambla de Catalunya,http://idealista.com/inmueble/83701419/
1,1930, SANT ANTONI MARIA CLARET/ CARTAGENA Vivienda de 86m² en una excelente ubicación en calle Sant Antoni María Claret junto hospital de Sant Pau y Sagrada Familia. Actualmente consta de salón comedor con salida a 2 balcones típicos de finca regia 2 dormitorios cocina independiente y 1 baño completo. Además dispone de calefacción. Se sitúa en una segunda planta de una finca con ascensor. Este inmueble se encuentra en una de las localizaciones más al alza por la calidad de vida que reporta. El barrio de Gracia es una zona repleta de calles con personalidad y encanto con todos los servicios y transportes cercanos rodeado de zonas comerciales muy bien comunicado con el centro de la ciudad.  Piso con muchas posibilidades para dejarlo a tu gusto. ,1,0,2,Gas natural,null,86,78,La Sagrada Família,null,310.000 € ,5,295.000 ,3.430 €/m²,Gema, Ref.: 3947 ,2,Segunda mano/buen estado,null,Piso en venta en calle de Sant Antoni Maria Claret,http://idealista.com/inmueble/90867238/
5,1990,  Fantástica casa adosada totalmente reformada de diseño con una superfície de 350m2 con jardín y piscina y magníficas vistas a Barcelona.     Ubicada en Can Caralleu en Sarrià. Muy cerca de un excelente gimnasio/club social transporte público y acceso directo a la Ronda de Dalt en una zona rodeada de colegios internacionales el Mercat de Sarrià.. .    La vivienda unifamiliar se compone de una planta principal con agradable terraza chill-out con pérgola y bancos de madera zona de barbacoa y comedor exterior para 10 personas. En el interior un hall de entrada nos lleva al espacio diáfano que contiene un salón a dos ambientes y comedor con grandes ventanales. La moderna cocina está totalmente equipada y está semi-integrada al salón-comedor. Completan el espacio un aseo de cortesía despensa y habitación de servicio con baño y sala ... ,null,0,null,Gas natural,null,380,350,Sarrià-Sant Gervasi,1,1.800.000 € ,3,1.750.000 ,4.605 €/m²,Coldwell Banker Prestige Barcelona, Ref.: B07298BA ,5,Segunda mano/buen estado,1,Casa o chalet en venta en Sarrià,http://idealista.com/inmueble/90495287/
1,1976, Para familias que deseen vivir con la comodidad de que todos sus miembros tenga su propio espacio les ofrecemos esta fantástica y tranquila vivienda orientada a patio de manzana para entrar a vivir.  De 83 luminosos metros construidos y distribuidos en amplio salón comedor cocina independiente con salida a galería 4 habitaciones de las cuales dos son dobles baño balcón.   En finca impecable del año 1.976 con ascensor.  Magnifica ubicación rodeado de todo tipo de comercios de proximidad muy bien comunicado a escasos cinco minutos de la parada de metro Bac de Roda y de diferentes líneas de bus que comunican con el resto de la ciudad.   No cobramos honorarios al comprador. Impuestos gastos de notaría y gestoría no incluidos en el precio de compra de la vivienda. ,1,102,3,null,null,83,75,Sant Martí de Provençals,null,null,null,259.000 ,3.120 €/m²,homim, Ref.: Ho20-43 ,4,Segunda mano/buen estado,null,Piso en venta en Gran Via de les Corts Catalanes,http://idealista.com/inmueble/91489922/
2,1968, Piso en venta en calle Treball (barrio de Sant Martí de Provençals) situado junto a la calle Huelva y la Rambla Guipúzcoa y muy próximo a la Gran Vía de les Corts Catalanes. Es amplio exterior y muy luminoso situado en una 5ª planta de altura en finca con ascensor. Tiene una superficie construida de 115 m² distribuida en 4 habitaciones (3 dobles y 1 individual) 2 baños reformados ambos con plato de ducha salón-comedor cocina independiente y pasillo distribuidor. El piso cuenta con pavimento de baldosa y terrazo cerramientos exteriores de PVC con doble vidrio calefacción de gas con radiadores en las principales estancias y aire acondicionado. La finca tiene facilidad de acceso para personas con movilidad reducida y zonas comunes renovadas. Buenas comunicaciones mediante transporte público; Metro L2 Sant Martí TRAM T5 y T6 Sant Martí Provençals y Bus 33-H10-V29. Rápido acceso en transporte privado a través de la Gran Vía o la Avenida Meridiana. Zona con buena oferta comercial y de servicios. ,1,81,5,Gas natural,null,115,104,Sant Martí de Provençals,null,320.000 € ,3,310.000 ,2.696 €/m²,fincas anzizu, Ref.: 6373 ,4,Segunda mano/buen estado,null,Piso en venta en calle del Treball 243,http://idealista.com/inmueble/90161594/
1,1968, ÁTICO - ANTIGA ESQUERRA DE L'EIXAMPLE  Encontramos este estupendo ático muy cerca de Montjuïc y de Plaza España en una zona llena de vida donde tendrás un fácil y rápido acceso a todo tipo de servicios como colegios parques centros médicos o zonas de ocio y restauración.  El piso pertenece a una finca rehabilitada y con ascensor. Su orientación es sur-oeste así que garantiza luz en todas sus estancias durante todo el día y gracias a ser un séptimo de altura disfruta de unas maravillosas vistas despejadas.   Una vivienda con gran potencial que ofrece infinitas posibilidades para amoldarlo a tu gusto. Su interior actualmente se distribuye en tres dormitorios un baño completo salón comedor con acceso a balcón y cocina independiente equipada con zona de lavandería.   Creamos espacios de vida… Porque tú eres especial tu hogar también debe serlo.   * El precio de la oferta puede ser modificado o darse de baja sin previo aviso. Todos los datos expuestos son meramente orientativos. El precio no incluye impuestos ni gastos. Se debe añadir a la compra en viviendas de segunda mano el ITP en viviendas de Obra Nueva el IVA y AJD y en ambos casos los honorarios de notaria y registro. ,1,0,7,null,null,80,null,Eixample,null,350.000 € ,6,330.000 ,4.125 €/m²,Lunallar ., Ref.: 5614 ,3,Segunda mano/buen estado,null,Ático en venta en La Nova Esquerra de l'Eixample,http://idealista.com/inmueble/91376536/
3,1970,  Piso de 5 dormitorios con terraza en venta en l'Eixample  En un fantástico emplazamiento de L´Eixample entre la solicitada Nova Esquerra y el emergente Barrio de San Antoni encontramos esta magnífica vivienda reformada recientemente con detalles de calidad y diseño.  El Piso es exterior y por la disposición de sus estancias disfruta de una vibrante luz natural en sus dos fachadas durante todo el día.  Se encuentra ubicado en una segunda planta real de una cuidada finca del año 1970 de solo dos vecinos por planta.  La recepción escaleras y vestíbulo de acceso al edificio fueron reformados hace unos pocos meses y se colocaron también dos amplios y modernos ascensores.  Está orientado por un lado a un tranquilo patio de manzana con vistas abiertas recibiendo sol de mañana y por el otro con una hermosa terraza a la calle con grandes ... ,1,174,2,null,null,181,176,Sant Antoni,null,null,null,995.000 ,5.497 €/m²,aProperties Real Estate Barcelona, Ref.: VB2010003 ,5,Segunda mano/buen estado,1,Piso en venta en calle de Viladomat,http://idealista.com/inmueble/91229353/
2,1900,  No huyas a un pueblo fuera de la ciudad en busca de la tranquilidad y de buenos momentos de sol y estrellas en familia o amigos en una terraza no es necesario hacer muchos kilómetros para disfrutar de esto te lo ofrecemos en nuestra misma ciudad pero en un oasis dentro del casco antiguo del popular barrio de St. Andreu …   Fantástica vivienda reformada de 75 metros construidos + 25 de tarraza y distribuidos en 4 plantas planta baja salón comedor con cocina tipo americana de 16 metros útiles planta primera habitación doble con baño tipo suite planta segunda dos habitaciones individuales y un baño completo tercera planta terraza donde disfrutar de la vida.   Construida en finca clásica del año 1.900 totalmente reformada   Otras de sus ventajas es la cercanía de colegios institutos centros deportivos mercados y supermercados adem... ,null,369,null,null,null,75,62,Sant Andreu,null,null,null,298.000 ,3.973 €/m²,homim, Ref.: Ho20-39 ,3,Segunda mano/buen estado,1,Chalet adosado en venta en Socrates,http://idealista.com/inmueble/91165563/