bathrooms,constructed_year,description,elevator,energetic_qualification_kWhm2_año,floor,heater_system,its_new,m2_build,m2_useful,neighbourhood,parking,price_down_euro,price_down_percentage,price_euro,price_m2,real_estate,ref,rooms,status,terrace,title,link
4,2001,  Chalet de lujo en venta en Sarrià - Sant Gervasi En la exclusiva zona alta de Barcelona con excelente comunicación para las salidas y entradas a Barcelona cerca de los colegios internacionales y prestigiosas escuelas de negocios encontramos esta vivienda de arquitectura moderna y única de 613 m2 construidos con materiales de alta calidad y diseño vanguardista. Ofrece modernidad tecnología lujo y comodidad en el hogar con espacios amplios y luminosos líneas sencillas y formas simples. &nbsp; Consta de tres plantas en la planta baja se encuentra un gran salón de 150m2 amplio comedor cocina totalmente equipada con electrodomésticos de alta gama salida una gran terraza chill out con comedor zona solárium piscina y jardines. &nbsp; En la primera planta hay dos dormitorios dobles que comparten un baño y un gran espacio abierto... ,null,283,null,Gas natural,null,613,null,Sarrià-Sant Gervasi,1,null,null,2.900.000 ,4.731 €/m²,aProperties Real Estate Barcelona, Ref.: VB1911009-5 ,4,Segunda mano/buen estado,1,Casa o chalet en venta en Sarrià,http://idealista.com/inmueble/91249883/
1,2002,  PIso situado en la calle Josep Pla en Diagonal Mar Barcelona Esta fantástica propiedad se encuentra en el exclusivo complejo residencial de alto standing de Illa del Llac a tan solo 200m2 de la playa y junto al centro comercial de Diagonal Mar. El complejo residencial dispone de servicio de conserjería vigilancia 24 horas dos pistas de pádel dos piscinas zona de gimnasio zona de recreo infantil y sala para encuentros familiares.  El piso se encuentra en la planta 11ª del edificio con una superficie de 77m2 construidos con una agradable terraza de 640m2 en la que poder disfrutar de agradables momentos de relax durante casi todo el año.  La propiedad tiene separada la zona de día de la de noche y se distribuye de la siguiente manera: al entrar al piso encontramos un agradable recibidor desde el cual podemos acceder tanto a la coc... ,1,171,11,Eléctrica,null,80,64,Sant Martí,1,null,null,595.000 ,7.438 €/m²,aProperties Real Estate Barcelona, Ref.: VB1909010-5 ,2,Segunda mano/buen estado,null,Piso en venta en Diagonal Mar i el Front Marítim del Poblenou,http://idealista.com/inmueble/91249871/
5,1979,  Piso en venta en Sant Gervasi Esta espectacular vivienda se encuentra ubicada en unos de los más prestigiosos barrios de Barcelona cerca de los mejores colegios y muy bien conectado con las salidas de la ciudad. Es un piso reformado íntegramente de impecable y exquisito interiorismo con acabados de alta calidad.  Cuenta con espacios de gran amplitud en sus&nbsp; 300m² idealmente distribuidos. La zona de día cuenta con un amplio recibidor un gran salón de tres estancias comedor cocina office totalmente equipada &nbsp;una habitación y un baño de servicio. &nbsp;&nbsp; En la zona de&nbsp; noche encontramos cuatro amplias&nbsp; habitaciones exteriores y con armarios empotrados. La habitación principal es en suite. Dos habitaciones dobles que comparten un baño y una cuarta habitación doble que cuenta con un baño. En total la vivienda ... ,1,159,1,Gas natural,null,257,null,Sarrià-Sant Gervasi,1,null,null,1.650.000 ,6.420 €/m²,aProperties Real Estate Barcelona, Ref.: VB1904032-5 ,5,Segunda mano/buen estado,1,Piso en venta en Les Tres Torres,http://idealista.com/inmueble/91249859/
2,1946,  Excelente piso en la planta principal de una finca de mediados del siglo XX con ascensor situada entre el Eixample Derecho y Gràcia. La vivienda cuenta con una superficie construida de 147 m² (127 m² útiles) además de una terraza interior a nivel del salón de aproximadamente 20 m².   El piso se sitúa en una zona céntrica a pocos metros de paseo Sant Joan entre la Vila de Gràcia y el Eixample. Es una zona que pone a su disposición todo tipo de servicios pero resulta tranquila silenciosa y aireada. Además cuenta con poco tráfico transporte público cercano una buena conexión con toda la ciudad y una rápida salida de ésta en coche a través de la Ronda de Dalt la avenida Diagonal Gran Vía o la calle Aragó.   Al acceder al piso por la puerta principal encontramos la cocina con una gran isla central abierta al salón que se ha co... ,1,193,null,null,null,149,null,Gràcia,null,null,null,670.000 ,4.497 €/m²,Lucas Fox Barcelona, Ref.: BCN24561 ,3,Segunda mano/buen estado,null,Piso en venta en El Camp d'En Grassot i Gràcia Nova,http://idealista.com/inmueble/91249080/
2,1969, Piso de 112 m² útiles con una terraza de 11 m²&nbsp;con toldo eléctrico. La terraza ofrece unas espectaculares vistas soleadas al mar y además muy despejadas gracias al Clínico que queda enfrente.   El piso se compone de un luminoso salón-comedor con cocina abierta de 40 m²&nbsp;reformada hace tan solo 3 años &nbsp;2 dormitorios dobles (4 dormitorios antes de la obra) 2 baños completos y una terraza. La obra está pensada para que en un futuro se pueda añadir un tercer dormitorio con solo poner una pared.   La vivienda cuenta con carpintería de aluminio nueva en todas las ventanas y suelo de parqué.   La&nbsp;finca dispone de conserje de lunes a viernes y de 2 ascensores. Hay una plaza de aparcamiento en el mismo edificio incluida en el precio (segunda plaza opcional). ,1,0,null,null,null,128,null,Eixample,1,null,null,690.000 ,5.391 €/m²,Lucas Fox Barcelona, Ref.: BCN24110 ,3,Segunda mano/buen estado,1,Piso en venta en L'Antiga Esquerra de l'Eixample,http://idealista.com/inmueble/91178030/
2,1936, Casa independiente con dos viviendas en Sants  Muy próxima a la Estación de Sants encontramos esta edificación singular.  Se trata de una casa con una única unidad registral pero que está distribuida como si fueran tres unidades diferenciadas. Dos pisos completamente equipados con terrazas de uso exclusivo para cada una de las unidades.  En la planta baja encontramos un local que podría habilitarse como vivienda con un agradable patio donde entra mucha luz y que lo convierte en un lugar ideal para un profesional que quiera disponer de un estudio vivienda o bien alguien que lo desee como vivienda únicamente.  Es un espacio amplisimo un sueño para un diseñador de interiores por las posibilidades que ofrece.  Los propietarios la han tenido alquilada como unidades independientes.  La zona es una zona excelente ya que parece un pueblo pero a la vez muy bien comunidada ya que encontramos transporte público y a estación de sans muy cerca  Una oportunidad excelente de tener un activo inmobiliario en una de las zonas con más demandas de Barcelona.  &nbsp;. ,null,144,null,Gas natural,null,334,null,Sants-Montjuïc,null,null,null,797.000 ,2.386 €/m²,aProperties Real Estate Barcelona, Ref.: VB1912005-4 ,4,Segunda mano/buen estado,1,Casa o chalet en venta en Sants,http://idealista.com/inmueble/91153509/
6,1973, Piso en venta con terraza y parking en Pedralbes En la mejor zona de Pedralbes con vistas al Real Club de Tenis de Barcelona se encuentra esta majestuosa vivienda en una tranquila finca con gran zona ajardinada.  La vivienda de 301m2 construidos destaca por sus espacios amplios y exteriores así como por las zonas verdes presentes en cada una de sus estancias.  La zona de día dispone un recibidor desde el que se accede al salón-comedor en tres ambientes con bonitas vistas al jardín. Desde el salón se accede a la terraza que bordea gran parte de la vivienda. Amplia cocina con office totalmente equipada. Zona de aguas y plancha. Dormitorio y baño de servicio. &nbsp;Cuenta también con un despacho y un aseo de cortesía.  La zona de noche dispone de una gran master suite con acceso a terraza dispone de amplio vestidor y &nbsp;dos baños independientes. Además consta de tres dormitorios dobles que comparten dos baños. Todos los dormitorios son completamente exteriores. Aire acondicionado por conductos y calefacción por radiadores. Completan la vivienda cuatro plazas de parking grandes y un trastero de 17m2. Servicio de conserjería. ,1,108,1,null,null,314,null,Les Corts,1,null,null,2.400.000 ,7.643 €/m²,aProperties Real Estate Barcelona, Ref.: VB1911012-4 ,5,Segunda mano/buen estado,1,Piso en venta en Pedralbes,http://idealista.com/inmueble/91153170/
4,2005,  Ático en venta en finca modernista de Pedralbes En la zona residencial más exclusiva de Barcelona rodeado de zonas verdes y muy cerca de los mejores colegios nos encontramos con este elegante ático en una finca modernista de principios de siglo XX.  La finca catalogada por patrimonio arquitectónico de Barcelona fue construida en 1909 por el arquitecto Manuel Joaquim Raspall i Mayol. En el año 2005 se rehabilitó íntegramente conservando los elementos originales del modernismo tales como esgrafiados&nbsp;florales i&nbsp;geométricos cerámica&nbsp;en&nbsp;trencadís&nbsp;o&nbsp;mosaico &nbsp;entre otros. Una valla perimetral&nbsp;de mampostería&nbsp;común y&nbsp;reja&nbsp;de hierro&nbsp;de forjada&nbsp;completan la&nbsp;construcción&nbsp;del conjunto.  La finca es muy tranquila y exclusiva ya que solamente viven tres vecinos.  La vi... ,1,159,2,Gas natural,null,218,null,Les Corts,1,null,null,2.250.000 ,10.321 €/m²,aProperties Real Estate Barcelona, Ref.: VB1910020-4 ,4,Segunda mano/buen estado,null,Piso en venta en Pedralbes,http://idealista.com/inmueble/91153177/
2,1995, Esta acogedora vivienda se ubica en una de las mejores zonas de Barcelona en pleno centro de Turó Park. Se trata de un maravilloso piso a reformar con un gran potencial para convertirse en el hogar de sus sueños.   Esta vivienda de unos 100 m² se divide en dos zonas: la zona de día y la de noche. La zona de día se compone de un distribuidor y de un pasillo bastante amplio que dan a la cocina totalmente equipada el dormitorio de servicio con su galería y un baño completo.   La zona de noche por otra parte está compuesta por un salón-comedor con bastante luz que da a la terraza cubierta. Este espacio es como cualquier otra estancia del piso ya que se podría disfrutar como espacio de lectura. En esta parte de la vivienda también está la suite principal con vestidor y un dormitorio doble. Estos dormitorios comparten un baño completo.   Asimismo el piso dispone de una plaza de aparcamiento incluida en el precio.   Póngase en contacto con nosotros para obtener más información o concertar una cita. ,1,0,null,null,null,95,null,Sarrià-Sant Gervasi,1,null,null,950.000 ,10.000 €/m²,Lucas Fox Barcelona, Ref.: BCN25209 ,3,Segunda mano/buen estado,1,Piso en venta en Sant Gervasi - Galvany,http://idealista.com/inmueble/91049174/
5,1953, Desde el comedor se accede a una gran cocina office con zona de aguas y entrada independiente desde el jardín. Junto a la cocina se encuentra un aseo de cortesía un aseo de servicio y un segundo salón con chimenea y acceso al jardín.   La primera planta ofrece la zona de noche que consiste en el dormitorio principal con un vestidor independiente y un cuarto de baño privado con vistas al jardín y con 2 dormitorios dobles más uno de ellos con cuarto de baño privado. Una segunda entreplanta alberga 3 dormitorios que comparten un amplio cuarto de baño (anteriormente eran 2 baños) con 3 duchas dos de los dormitorios tienen salida a una fantástica terraza.   La segunda planta cuenta con una gran sala polivalente que puede destinarse a un estudio o a una habitación para invitados con salida a una terraza con fantásticas vistas. Ideal para relajarse en total paz y tranquilidad.   La casa dispone de 2 plazas de aparcamiento cubiertas y espacio para 2 coches más en la entrada.   Ideal para familias o para cualquier persona que quiera disfrutar de la tranquilidad pero cerca de una zona animada con comercios restaurantes y tiendas de moda. ,null,0,null,null,null,515,null,Sarrià-Sant Gervasi,1,null,null,3.900.000 ,7.573 €/m²,Lucas Fox Barcelona, Ref.: BCN4954 ,8,Segunda mano/buen estado,1,Casa o chalet en venta en Sarrià,http://idealista.com/inmueble/39759252/
1,1900, Magnífico piso reformado situado en la calle Escudellers en el corazón del barrio Gòtic de Barcelona a pocos metros de Les Rambles y rodeado de restaurantes transporte público y a 15 minutos andando de Plaza Catalunya y la Barceloneta.   Se encuentra en un edificio de 1900 y la vivienda se ha reformado por completo con materiales de la más alta calidad. La propiedad consta de un gran pasillo que conduce al espacioso salón-comedor con una cocina abierta completa con una isla y espacio suficiente para una mesa de comedor además tiene acceso a un porche. Desde el salón se accede a la terraza de 70 m² que también incluye una sala polivalente.   De los 2 dormitorios 1 es doble y el otro es individual. La vivienda es elegante y contemporánea y conserva algunos elementos originales como las vigas de madera en los techos que le otorgan carácter. Dispone de calefacción y aire acondicionado.   Ideal para cualquier persona que quiera vivir en una vivienda situada en el centro de la ciudad en impecables condiciones y con mucho espacio exterior. ,null,0,null,null,null,117,null,Ciutat Vella,null,null,null,710.000 ,6.068 €/m²,Lucas Fox Barcelona, Ref.: BCN8452 ,2,Segunda mano/buen estado,1,Piso en venta en El Gòtic,http://idealista.com/inmueble/38949416/
5,2011,  Este excepcional piso se sitúa en la calle Cavallers en el exclusivo barrio de Pedralbes Barcelona. Se encuentra en una promoción de obra nueva bastante reciente de 2011 y se presenta en excelente estado. Sería una opción ideal para familias gracias a su proximidad a colegios internacionales universidades y prestigiosas escuelas de negocios como ESADE e IESE.   Al entrar a la vivienda a mano izquierda del recibidor encontramos el amplio salón-comedor con una terraza con orientación sur que recorre la fachada. Podrá disfrutar de bonitas vistas al mar tanto desde el salón como desde la terraza que también ofrece espacio para una mesa y sillas el lugar ideal para comidas informales durante los meses de verano. Desde el recibidor o el salón-comedor podemos acceder a la cocina que está completamente equipada y cuenta con una zona de... ,1,0,null,null,null,252,null,Les Corts,1,null,null,2.500.000 ,9.921 €/m²,Lucas Fox Barcelona, Ref.: BCN9143 ,4,Segunda mano/buen estado,1,Piso en venta en Pedralbes,http://idealista.com/inmueble/39346892/
3,2005, Vivienda situada en la planta alta de un edificio con vistas panorámicas al mar y la ciudad de Barcelona en Diagonal Mar. Dispone de 4 dormitorios y 3 cuartos de baño.   El piso tiene unas dimensiones aproximadas de 180 m² y consta de 2 terrazas que suman más de 200 m² en total. Se puede acceder a las terrazas desde el salón la cocina abierta y los dormitorios.   Se entrega con una plaza de aparcamiento y un trastero.   Illa de Llum es uno de los complejos más exclusivos en primera línea de mar de Barcelona. Las zonas comunitarias cuentan con acabados de la más alta calidad con suelos de mármol 4 ascensores por edificio jardines 2 piscinas y pista de pádel. Durante el día existe un servicio de conserjería y dispone de 24 horas de seguridad.   La vivienda se encuentra en una zona con fácil acceso al centro de la ciudad a solo pocos minutos a pie de la playa y del centro comercial de Diagonal Mar. ,1,0,null,null,null,242,null,Sant Martí,1,null,null,2.650.000 ,10.950 €/m²,Lucas Fox Barcelona, Ref.: LFS9438 ,4,Segunda mano/buen estado,1,Piso en venta en Diagonal Mar i el Front Marítim del Poblenou,http://idealista.com/inmueble/40046523/
2,1964,  Este maravilloso ático renovado se ubica en la exclusiva zona de Sant Gervasi en la última planta de un edificio de oficinas. Se trata de una vivienda muy especial que destaca por sus amplios espacios luminosos de diseño moderno con salida a una gran terraza de 63 m2 que ofrece unas vistas panorámicas a Barcelona: un espacio al aire libre ideal para disfrutar y organizar grandes eventos reuniones o un brunch.   El piso disfruta de una distribución muy marcada que consta por un lado de un salón de belleza y por la otra de la vivienda del artista. Actualmente el inmueble está registrado como oficina. La zona de salón y la vivienda cuentan con entradas independientes lo que confiere una mayor privacidad.   La zona del salón de belleza un espacio abierto con abundante luz natural cuenta con unas balconeras completamente abatible... ,1,0,null,null,null,133,null,Sarrià-Sant Gervasi,null,null,null,1.190.000 ,8.947 €/m²,Lucas Fox Barcelona, Ref.: BCN18086 ,1,Segunda mano/buen estado,1,Ático en venta en Sant Gervasi - Galvany,http://idealista.com/inmueble/85904792/
3,null,  Esta vivienda de&nbsp;140 m² construidos y 6 m² de zonas exteriores ubicada a pocos metros de la Catedral de Barcelona y localizada en la calle Vía Laietana en el cotizado barrio de El Born está totalmente reformada con acabados de calidad en 2016 lista para entrar a vivir y con detalles tanto modernos como de época que cautivarán a los más exigentes.   El edificio que data de 1932 es de estilo clásico y se presenta totalmente rehabilitado y en buen estado. Además dispone de ascensor y de servicio de conserjería por las mañanas.   Una vez en el interior de la vivienda podemos diferenciar claramente dos zonas. Accedemos a la zona de día mediante un amplio y lujoso recibidor que da paso a una cocina abierta de estilo moderno y a un amplio salón-comedor con dos balcones a Vía Laietana con vistas despejadas a la ciudad y a la Cate... ,1,0,null,null,null,143,null,Ciutat Vella,null,null,null,750.000 ,5.245 €/m²,Lucas Fox Barcelona, Ref.: BCN20506 ,3,Segunda mano/buen estado,1,Piso en venta en El Gòtic,http://idealista.com/inmueble/87170587/
2,1965, Piso completamente amueblado de 2 dormitorios más estudio independiente con una gran terraza y piscina en venta junto al parque de la Ciutadella y muy próximo a la playa.   Se encuentra en un edificio joven que se reformó por completo hace pocos años. La vivienda cuenta con un amplio salón con cocina americana 2 dormitorios dobles con armarios y 2 baños completos. El piso dispone además de un estudio independiente con baño aire acondicionado calefacción y trastero en una casa de madera ubicada en la terraza. &nbsp;   La terraza con una superficie de 65 m² es muy amplia y proporciona acceso a la piscina comunitaria que se sitúa en el mismo nivel.   El piso está equipado con instalación de aire acondicionado con bomba de calor calefacción de gas y cuenta con armarios empotrados. También se incluye en el precio una plaza grande para coche una plaza para moto y un trastero en la planta garaje del garaje del edificio.   Póngase en contacto con nosotros para obtener más información. ,1,175,null,null,null,103,null,Sant Martí,1,null,null,540.000 ,5.243 €/m²,Lucas Fox Barcelona, Ref.: BCN20328 ,2,Segunda mano/para reformar,1,Piso en venta en El Parc i la Llacuna del Poblenou,http://idealista.com/inmueble/86750086/
3,1900, Este piso de 180 m² disfruta de una ubicación prime en Rambla Catalunya entre Passeig de Gràcia y la calle Balmes. Se sitúa en la cuarta planta (sexta planta en términos de altura real) de una magnífica finca señorial de 1900 con un vestíbulo imponente una escalera de mármol y servicio de conserjería.   La vivienda se ha renovado por completo con materiales de excelente calidad y se han restaurado bonitos elementos arquitectónicos originales como los atractivos techos artesonados y el pasillo abovedado que se combinan con las comodidades y acabados modernos.   Dispone de un salón-comedor una cocina 3 dormitorios y 3 baños completos (2 de ellos privados) y ofrece vistas a la calle y al patio interior.   Este piso recién reformado sería ideal para una familia que busque una vivienda exclusiva en el centro de Barcelona.   Tiene una superficie útil de 162 m² y una superficie construida de 180 m² según los planos. ,1,0,null,null,null,180,null,Eixample,null,null,null,1.600.000 ,8.889 €/m²,Lucas Fox Barcelona, Ref.: BCN7887 ,3,Segunda mano/buen estado,null,Piso en venta en La Dreta de l'Eixample,http://idealista.com/inmueble/38455720/
3,null,  Este magnífico piso de 3 dormitorios en el prestigioso Eixample de Barcelona se encuentra en una planta alta con vistas espectaculares a la avenida principal de la ciudad incluyendo vistas a la Casa Batlló de Gaudí.   El edificio se ha reformado íntegramente con unos estándares excepcionales. Salta a la vista que se encuentra en unas condiciones impresionantes nada más pasar a la entrada clásica que conduce al luminoso piso de diseño contemporáneo con sus brillantes suelos de mármol tonos naturales y un largo etcétera de accesorios y acabados de lujo.   Todos los dormitorios están inundados de luz natural por ser exteriores y contar con amplios ventanales puertas de balcón de suelo a techo y por el uso inteligente de paredes interiores esmeriladas y puertas correderas. Un sistema de iluminación automatizado de última generación gar... ,null,0,null,null,null,221,null,Eixample,null,null,null,3.200.000 ,14.480 €/m²,Lucas Fox Barcelona, Ref.: BCN21727 ,3,Segunda mano/buen estado,null,Piso en venta en La Dreta de l'Eixample,http://idealista.com/inmueble/87862334/
5,null,  Ático dúplex totalmente reformado en un edificio en perfecto estado con ascensor y en plenas Ramblas de Barcelona delante del Mercat de la Boqueria a un paso de todas las atracciones turísticas de la Ciudad Condal.   La planta principal de este magnífico ático dúplex está dividida en un gran salón-comedor con cocina americana de más de 70 m² con techos altos mucha luz y salida a un amplio balcón a Las Ramblas. Así en esta altura podemos encontrar tres dormitorios dobles todos exteriores con baño completo en suite y zona de vestidor. Cabe destacar que los dormitorios de la parte posterior tienen salida al Carrer d'en Roca una calle peatonal muy tranquila y poco transitada. Además el apartamento disfruta de un aseo de cortesía y una cómoda zona de aguas justo delante de la cocina.   La planta superior de este dúplex consta de u... ,1,0,null,null,null,249,null,Ciutat Vella,null,null,null,1.690.000 ,6.787 €/m²,Lucas Fox Barcelona, Ref.: BCN3767 ,4,Segunda mano/buen estado,1,Ático en venta en El Gòtic,http://idealista.com/inmueble/91011601/
2,1900, Vivienda situada en una finca regia de principios de siglo XX con ascensor ubicada en el centro de Barcelona. Se encuentra justo al lado de Plaza Urquinaona Plaza Catalunya y Paseo de Gràcia.   El piso está situado en la tercera planta (altura real) del edificio y dispone de un atractivo recibidor que distribuye las distintas estancias. Consta de 3 dormitorios dobles 2 con vistas a la calle Pau Claris y el otro en la galería con vistas al patio interior. El salón-comedor es muy espacioso además cuenta con una cocina independiente totalmente equipada y 2 baños completos.   La vivienda se ha reformado con modernos acabados como el suelo de parqué combinado con los elegantes elementos arquitectónicos originales de la época que le otorgan un carácter especial.   Un bonito piso en una inmejorable ubicación en el centro de la ciudad. ,1,0,null,null,null,117,null,Eixample,null,null,null,595.000 ,5.085 €/m²,Lucas Fox Barcelona, Ref.: BCN11648 ,3,Segunda mano/buen estado,1,Piso en venta en La Dreta de l'Eixample,http://idealista.com/inmueble/90941497/
1,null, Referencia: 145VE3MOC2P Fantástico piso en venta en el Barrio Gótico de Barcelona. Bonito piso en ventaen el corazón deCiutat Vella en el gótico. Piso de 71m2 habitables con suelo hidráulico y aire acondicionado frío /calor. El salón comedor tiene cocina americana equipada con horno nevera lavavajillas y vitrocerámica acceso a patio con lavadora y amplio altillo amueblado como estudio. El inmueble está dotado de dos habitaciones dobles (una de ellas con salida a balcón) y un baño con ducha. Encontramos también un aseo en la entrada del piso. Primer piso en finca sin ascensor situada en el centro de Barcelona. No dude en contactar con nosotros para concertar una visita! '. ,null,0,null,Bomba de frío/calor,null,76,71,El Gòtic,null,305.000 € ,2,299.000 ,3.934 €/m²,ShBarcelona, Ref.: 145VE3MOC2P ,2,Segunda mano/buen estado,null,Piso en venta en calle del Cometa,http://idealista.com/inmueble/90919962/
1,1957, Inmueble exterior de 70 m² distribuidos en tres habitaciones dobles (dos exteriores y una interior) salón comedor con salida al balcón cocina independiente y baño completo.    La finca del 1957 dispone de ascensor estando la vivienda en una cuarta planta real de altura y orientación Oeste.    La finca ha pasado la ITE.    El inmueble se encuentra para entrar a vivir.    En una de las mejores zonas de Barcelona en la misma Avenida Diagonal.  Zona rodeada de trasporte público comercios restauración hospitales.    No pierda la oportunidad de verlo!      ****Honorarios registro notaría y gestoría no incluidos en el precio. ****.   LaCasaAgency  DesdeCasaParaTi  ValoracionesGratuitasTelemáticas  VisitasVirtuales  ContratosTelemáticos  Quedatencasa  Inmobiliaria  Teletrabajo  HerramientasDigitales  Compromiso  Responsabilidad  AgenteInmobiliario  SantCugat   casaenventa  PremiumSantCugat  PuntSantCugat  comerciolocal. ,1,192,4,null,null,70,null,La Sagrada Família,null,320.000 € ,7,299.000 ,4.271 €/m²,Sofía López Marque, Ref.: sf-320 ,3,Segunda mano/buen estado,null,Piso en venta en avenida Diagonal,http://idealista.com/inmueble/90918913/
2,2007, Este amplio piso se sitúa en una finca joven con ascensor que ofrece a sus residentes una agradable zona común con piscina. La finca se ubica en Poblenou un excelente barrio en expansión de Barcelona con todo tipo de servicios necesarios para el día a día y con excelentes comunicaciones con el resto de la ciudad.   Al acceder al piso encontramos un pasillo que distribuye todo el espacio. Por un lado nos conduce a una amplia cocina que da paso además a una amplia sala de estar con salida a una terraza de unos ocho metros cuadrados.   Asimismo da acceso a la zona de noche que consta de tres dormitorios incluida la máster suite con su propio baño privado con bañera más un baño adicional con ducha que da servicio a los otros dos dormitorios.   Por último la finca ofrece a sus residentes aparcamiento y trastero.   Póngase en contacto para más información. ,null,0,null,null,null,120,null,Sant Martí,1,null,null,649.000 ,5.408 €/m²,Lucas Fox Barcelona, Ref.: BCN25166 ,3,Segunda mano/buen estado,1,Piso en venta en El Poblenou,http://idealista.com/inmueble/90911940/
1,1951,  El piso tiene 70 m² construidos y 67m²útiles distribuidos en cuatro habitaciones dos de ellas dobles y dos individuales salón comedor cocina independiente y lavadero un baño completo.    La finca es del 1951 dispone de ascensor siendo una sexta planta de altura real.    No pierdas la oportunidad de visitarlo!    El piso está situado en el Barrio de Sagrada Familia muy cercano a todo tipo de comercios hospital de Sant Pau colegios CC Les Glorias. Muy bien comunicado con la línea 5 (Azul) y línea 2 (Morada) parada de Sagrada Familia y con diversas líneas de autobuses.      *Honorarios registro gestoria notaría no incluidos en el precio.      ¡No dude en solicitar una valoración gratuita y profesional de su vivienda!      En el caso que necesite asesoramiento financiero disponemos del departamento para que pueda tramitar la hi... ,1,127,6,null,null,70,67,La Sagrada Família,null,269.000 € ,5,255.000 ,3.643 €/m²,Sofía López Marque, Ref.: lepant ,4,Segunda mano/buen estado,null,Piso en venta en calle de Lepant,http://idealista.com/inmueble/90910457/
2,null,  TOUR VIRTUAL CON IMÁGENES 360º en nuestra web REDPISO SANT ANTONI: redpiso. es/oficina/inmobiliaria-barcelona-sant-antoni/venta ¿Siempre has soñado con vivir en ese piso amplio y luminoso que tanto te gustaría disfrutar? Pues este piso ubicado en uno de los mejores barrios de Barcelona cumple perfectamente con tu deseo.   Para actualizar a tu medida la vivienda consta de 104 m² excelentemente distribuidos. Cuatro dormitorios (dos dobles) ideales para convivir con tu pareja y familia un amplio salón con salida a balcón exterior donde poder relajarte y descansar mientras tomas un refresco o una buena taza de té dos baños completos más cocina equipada con espacio ideal para comedor. Estancias dispuestas con la mejor de las instalaciones para sacar el mejor partido a tu hogar con tal de que vivas bien cómodo.  El piso se ubica en una zo... ,1,0,6,null,null,104,null,Les Corts,null,595.000 € ,11,530.000 ,5.096 €/m²,REDPISO BARCELONA-SANT ANTONI, Ref.: RP207202073285 ,4,Segunda mano/buen estado,null,Piso en venta en avenida de Josep Tarradellas,http://idealista.com/inmueble/90904366/
3,1998, Pieza única con dos terrazas y plaza de parking en pleno Pasaje de la Concepción  Con una ubicación sin igual en uno de los pasajes con más encanto de Barcelona tocando Paseo de Gracia y rodeado de los restaurantes y comercios más exclusivos de la ciudad Condal encontramos esta propiedad de lo más especial ¡sensación de vivir en una casa en el centro de la ciudad!  Se trata de una propiedad de unos 108 m2 construidos de vivienda más 99m2 de terrazas.  Accedemos a la vivienda por un amplio recibidor que da paso a una cocina independiente así como a un espacioso salón ambas estancias con salida directa a una agradable terraza cubierta &nbsp; de unos 46m2. A continuación nos encontramos con un espacio independiente utilizado como habitación y cuarto de baño de invitados.  Esta terraza cubierta da paso &nbsp;mediante escalera a una segunda terraza de unos 52 m2 con vistas al famoso Pasaje y a una de los más bonitos patios de manzana de la ciudad.  La zona de noche consta de dos amplísimas habitaciones una de ellas en suit y un segundo cuarto de baño.  Reforma con encanto y buenas calidades en perfecto estado de conservación plaza de parking con acceso directo desde ascensor. ,1,0,1,Eléctrica,null,147,null,Eixample,1,null,null,1.850.000 ,12.585 €/m²,aProperties Real Estate Barcelona, Ref.: VB2009009 ,3,Segunda mano/buen estado,1,Piso en venta en La Dreta de l'Eixample,http://idealista.com/inmueble/90888822/
2,1970, Precioso piso reformado en Sant Antoni. Piso de 89m2 construidos 80m2 utiles distribuidos en 3 habitaciones baño aseo recibidor un gran salon dividido por zonas y cocina abierta al comedor ademas cuenta con una practica galeria-labadero totalmente cubierta de 10m2. No dude y venga a visitar su posible futura casa.   El equipo de La Meva Llar estará encantado de ayudarte para que puedas sentirte como en casa a la hora de realizar tu compra o tu alquiler. Encuentra más en. ,1,0,1,null,null,89,80,Sant Antoni,null,315.000 € ,5,300.000 ,3.371 €/m²,La Meva Llar, Ref.: VILADOMAT ofi141 ,3,Segunda mano/buen estado,1,Piso en venta en calle de Viladomat,http://idealista.com/inmueble/90836299/
6,1950,  Exclusiva casa en venta en Passeig de la Bonanova Encima de Paseo de la Bonanova y rodeada de los mejores colegios de transporte público y comercios. Encontramos esta acogedora y elegante casa de mediados del siglo XX de estilo clásico. Accedemos a la vivienda a través de una amplia entrada como uso a plaza de aparcamiento para un coche grande una zona de lavadero sala de máquinas y trastero. &nbsp; La casa consta de 477m² distribuidos en tres plantas.  En la planta baja tenemos un amplio salón-comedor en varios ambientes con chimenea gran cocina y zona de aguas. Además cuenta con baño de cortesía y acceso a un maravilloso y tranquilo jardín de 204m².  Desde el salón accedemos a la planta superior a través de una elegante escalera y ascensor. En esta primera planta encontramos dos habitaciones exteriores una de ellas en suite a tre... ,null,158,null,Gas natural,null,545,null,Sarrià-Sant Gervasi,1,null,null,3.900.000 ,7.156 €/m²,aProperties Real Estate Barcelona, Ref.: VB1810042-2 ,9 o más,Segunda mano/buen estado,1,Casa o chalet en venta en Sarrià,http://idealista.com/inmueble/90606949/
1,null, En pleno Turó Park encontramos este magnífico y acoger loft con mucho espacio.   Su diseño y distribución son perfectos para aquellos que buscan un despacho o local en la mejor área de la Zona Alta de Barcelona. El loft está completamente reformado con calidades de alto standing; además de la particularidad de tener el techo abovedado.   El loft se divide en dos plantas. En la planta superior se dispone el dormitorio principal abierto y con espacio para la ropa. En la planta principal encontramos un gran recibidor que se abre a una cocina totalmente reformada y un baño completo. Después tenemos el comedor bastante espacioso y un despacho o sala de estudio.   La terraza está dividida en dos partes. Una parte está cubierta con lo que conformaría un ambiente más del piso. Y por último una pequeña terraza descubierta con las medidas perfectas para colocar una mesa y un par de sillas y poder disfrutar de este espacio exterior. ,null,0,null,null,null,102,null,Sarrià-Sant Gervasi,null,null,null,540.000 ,5.294 €/m²,Lucas Fox Barcelona, Ref.: BCN24641 ,0,Segunda mano/buen estado,1,Estudio en venta en Sant Gervasi - Galvany,http://idealista.com/inmueble/90498528/
2,1900, Este piso se divide en zona de día y zona de noche. La zona de día se compone de una cocina con isla abierta a un amplio salón-comedor que dispone de salida al balcón.   Una pequeña zona de aguas y un patio con caseta a modo de trastero dan paso gradualmente a la zona de noche. La zona de noche consta de un dormitorio doble justo al lado de un baño completo seguido de un acogedor estudio o despacho y un bonito y espacioso dormitorio doble con baño privado y salida a una pequeña terraza.   Todos los muebles están incluidos en el precio y cabe la posibilidad de adquirir una plaza de aparcamiento cerca de la finca. ,1,0,null,null,null,144,null,Eixample,null,null,null,895.000 ,6.215 €/m²,Lucas Fox Barcelona, Ref.: BCN24549 ,2,Segunda mano/buen estado,null,Piso en venta en La Dreta de l'Eixample,http://idealista.com/inmueble/90435802/