bathrooms,constructed_year,description,elevator,energetic_qualification_kWhm2_año,floor,heater_system,its_new,m2_build,m2_useful,neighbourhood,parking,price_down_euro,price_down_percentage,price_euro,price_m2,real_estate,ref,rooms,status,terrace,title,link
5,1850, Fantástico piso ubicado en el centro de Barcelona de 180 m2 a 2 minutos de La Rambla de Catalunya. Tiene 5 habitaciones 4 dobles y una simple. 5 baños completos cocina a reformar. Salón comedor luminoso con salida a los balcones a calle. Suelos y techos altos con los detalles típicos de la época. Tiene aire acondicionado y calefacción. Encontramos esta vivienda en una de las calles más céntricas rodeado de locales de primeras marcas. Balcones con salida exterior a Carrer de Portaferrisa. Comunicación con línea de Metro autobuses farmacias supermercados etc. ,0,0,1,Eléctrica,null,180,null,El Gòtic,null,null,null,575.000 ,3.194 €/m²,ESTUDI AVINGUDA DE ROMA S.L., Ref.: 575k04.11 ,5,Segunda mano/buen estado,null,Piso en venta en calle de la Portaferrissa,http://idealista.com/inmueble/91662372/
1,1960, Con encanto!  Ideal piso reformado listo para tu llegada exterior a patio de manzana muy luminoso y justo lo que necesitas! Salón-comedor cocina y baño modernos en perfecto estado la cocina tiene zona de lavadero y galería. Acabados de parquet con aire acondicionado y calefacción listo para que lo conviertas en tu hogar excelente opción como inversión para alquilar. No dejes pasar esta oportunidad única! Llama YA! Producto exclusivo de Apialia. ,0,256,3,Bomba de frío/calor,null,72,66,Porta,null,null,null,179.500 ,2.493 €/m²,Lupe Fernandez, Ref.: TANDEM-TUBAU ,3,Segunda mano/buen estado,null,Piso en venta en EDUARD TUBAU,http://idealista.com/inmueble/91657911/
2,1960,  La Casa Agency ofrece un nuevo inmueble a la venta en el barrio de Sant Martí:  Vivienda situada a dos calles de la Plaza de la Palmera del barrio de Sant Martí de Barcelona. 100 metros construidos de los cuales 90 metros cuadrados son útiles. Consta de 4 habitaciones todas exteriores 1 doble 1 mediana y 2 individuales 1 baño amplio y completo y otro baño (solo aseo). Suelo de parket puertas de madera maciza y ventanas de doble climalit blancas. Las reformas son hechas de hace 5 años. Ideal para primera vivienda y/o compraventas.  Se trata de un 6º de altura con ascensor en planta todo exterior con orientación este (al mar) muy luminoso. La salida al balcón es desde el salón comedor donde cabe 1 mesita y un par de sillas tranquilamente.  Se encuentra a tan solo 2 minutos andando del Metro La Pau (L2 y L4) y a 4 minutos andand... ,1,0,6,Gas natural,null,100,90,La Verneda i la Pau,null,null,null,270.000 ,2.700 €/m²,ESTUDI SOL DE MAYO S.L., Ref.: SM-15 ,4,Segunda mano/buen estado,null,Piso en venta en calle d'Andrade,http://idealista.com/inmueble/91653217/
1,null, Piso ubicado en inmejorable zona de Les Corts a 2 minutos de la parada de Metro L5 y de varias líneas de autobús para poder comunicarte con el Centro de la Ciudad Condal sin ningún tipo de inconveniente. Próximo a colegios e institutos zonas ajardinadas centros de salud comercios y todo lo necesario para hacer vida de barrio.  Esta fantástica vivienda de 85m² se encuentra ubicada en una 1ª planta real en finca que dispone de ascensor. Su distribución se compone de un amplio salón comedor con salida a balcón 3 habitaciones (1 doble y 2 individuales - anteriormente eran 4) cocina independiente reformada con salida a lavadero y 1 baño completo con plato de ducha. Dispone de carpintería de aluminio blanca parquet y puertas de madera.  Llame para agendar una visita!  Si desea un servicio de asesoramiento financiero de manera totalmente gratuita y sin compromiso. No dude en ponerse en contacto con nosotros estaremos encantados de ayudarle.  Le esperamos en LA CASA AGENCY. ,1,110,1,null,null,85,84,La Maternitat i Sant Ramon,null,null,null,265.000 ,3.118 €/m²,ESTUDI SOL DE MAYO S.L., Ref.: Badal ,3,Segunda mano/buen estado,null,Piso en venta en Regente Mendieta,http://idealista.com/inmueble/91651978/
2,1956, EXCELENTE INMUEBLE EN EL BARRIO DE PUTXET-SARRIA  Las últimas imágenes son el proyecto de reforma digital.  Información del inmueble:  •Dirección: Av. Riera de Cassoles (Antes Príncipe de Asturias)  •Superficie útil (M²): 114  •Medidas construidas (M²): 125  •Elementos comunes (M²): 11  •Año de construcción: 1956  •Habitaciones: 4 (2 dobles)  •Baños: 2 (Uno completo y un aseo)  •Salón comedor exterior a calle  • Chimenea  •Cocina: Independiente  •Galería: Si  •Balcón: No  •5ª planta real de altura  •Orientación: Este - Oeste  •Gastos de comunidad: 229€/trimestre  •ITE: Pasada  •Ventanas: Ventanas de madera  •Estado de la vivienda: Para reformar  •Instalación eléctrica: Para reformar  •Estado de la finca: Muy bien conservada  •Metro mas cercano: 5 min  •Cercano a todo tipo de comercios farmacias supermercados colegios transportes zona ajardinada etc…  No dude en pedir más información y realizar una visita sin compromiso.  Estamos ubicados en C/ Joan Güell Nº152 08028 Barcelona. (Les Corts). . . ,1,0,5,Gas natural,null,125,114,El Putxet i el Farró,null,null,null,449.000 ,3.592 €/m²,La Teva Immobiliària, Ref.: 1090 ,4,Segunda mano/para reformar,null,Piso en venta en riera DE CASSOLES,http://idealista.com/inmueble/91641778/
2,1956, EXCELENTE INMUEBLE EN EL BARRIO DE PUTXET-SARRIA  Las últimas imágenes son el proyecto de reforma digital.  Información del inmueble:  •Dirección: Av. Riera de Cassoles (Antes Príncipe de Asturias)  •Superficie útil (M²): 114  •Medidas construidas (M²): 125  •Elementos comunes (M²): 11  •Año de construcción: 1956  •Habitaciones: 4 (2 dobles)  •Baños: 2 (Uno completo y un aseo)  •Salón comedor exterior a calle  • Chimenea  •Cocina: Independiente  •Galería: Si  •Balcón: No  •5ª planta real de altura  •Orientación: Este - Oeste  •Gastos de comunidad: 229€/trimestre  •ITE: Pasada  •Ventanas: Ventanas de madera  •Estado de la vivienda: Para reformar  •Instalación eléctrica: Para reformar  •Estado de la finca: Muy bien conservada  •Metro mas cercano: 5 min  •Cercano a todo tipo de comercios farmacias supermercados colegios transportes zona ajardinada etc…  No dude en pedir más información y realizar una visita sin compromiso.  Estamos ubicados en C/ Joan Güell Nº152 08028 Barcelona. (Les Corts). . . ,1,0,5,Gas natural,null,125,114,El Putxet i el Farró,null,null,null,449.000 ,3.592 €/m²,La Teva Immobiliària, Ref.: 1090 ,4,Segunda mano/para reformar,null,Piso en venta en riera DE CASSOLES,http://idealista.com/inmueble/91641608/
1,1948, Casa de 83 m2 de superficie construida en perfectas condiciones en una parcela de 719 m2 con muchas posibilidades en el barrio de Les Planes. Un barrio residencial rodeado de un entorno natural privilegiado y de tranquilidad.  El inmueble actualmente dispone de una planta con un salón comedor de 25 m2 dos habitaciones dobles una individual baño completo y cocina independiente. También dispone de una gran terraza con porche cubierto zona de piscina jardín un gran garaje para 4 coches vallado de madera.   Se encuentra muy bien comunicado a 9 minutos caminando de la estación de Les Planes que enlaza con Plaza Catalunya en 15 minutos y también con Sant Cugat Sabadell y Terrassa.  Entorno único rodeado de naturaleza. No pierda la oportunidad de visitarla. ,null,0,null,null,null,83,null,Sarrià-Sant Gervasi,1,null,null,335.000 ,4.036 €/m²,Coldwell Banker Llebrenc Coldwell Banker Llebrenc, Ref.: 4335 ,3,Segunda mano/buen estado,1,Casa o chalet independiente en venta en Vallvidrera - El Tibidabo i les Planes,http://idealista.com/inmueble/91661303/
1,1900,  Inmoredes ofrece este precioso estudio estilo industrial. Ubicado en el barrio de provençals de Poblenou.  El inmueble cuenta con 57 m2 distribuidos en un ambiente con baño independiente con plato de ducha de obra.  Cocina americana con vitrocerámica y lavadora. Dispone de suelos de parquet aire acondicionado con bomba de calor.  Los techos son altos.  Es un espacio tipo loft diáfano ¡que te ayudará a que lo distribuyas como mejor te parezca! La finca que data de 1930 y se encuentra a dos paradas de autobús de la playa cercana al Centro Comercial de Diagonal Mar y rodeado de buenas comunicaciones y Bicing a 3 minutos caminando de la finca.  El inmueble no dispone de Cédula de Habitabilidad aunque en el Registro de la Propiedad está inscripto como Vivienda y en el Catastro consta como Uso Residencial.  En este tipo de viviendas se... ,1,22,1,null,null,57,null,Sant Martí,null,null,null,130.000 ,2.281 €/m²,Inmoredes, Anuncio: 91661506 ,0,Segunda mano/buen estado,null,Estudio en venta en Provençals del Poblenou,http://idealista.com/inmueble/91661506/
1,1975, Vivienda de 87 mtrs construidos orientado a Mar situada en la zona Sant Martí en buen estado para entrar a vivir.  Está distribuido en 4 dormitorios los cuales 1 doble al exterior y 3 individuales orientados a patio de luces cocina luminosa independiente en muy buen estado con acceso a galería baño completo con plato de ducha salón comedor exterior con salida a balcón.   Cercano a transporte publico: metro L2 Bac de Roda. Mercados colegios parques entre otros.  * En el precio de venta no se incluyen los honorarios de agencia gastos notariales gestoría o registro. Si tienes dudas en algún producto financiero o deseas valorar tu piso contacta con nosotros. *. ,1,0,2,Gas natural,null,87,72,Sant Martí,null,null,null,260.000 ,2.989 €/m²,ESTUDI SOL DE MAYO S.L., Ref.: LU-3 ,4,Segunda mano/buen estado,null,Piso en venta en Sant Martí de Provençals,http://idealista.com/inmueble/90363323/
2,1969, Muy buen piso de 90 m2 en calle Guillem Tell (entre calle Zaragoza y calle Vallirana). dispone de salón-comedor balcón-terraza de 6 m2 3 habitaciones (2 dobles) 2 baños (bañera y ducha) cocina independiente. suelos de gres calefacción por radiadores. finca con ascensor. ,1,0,2,Gas natural,null,90,82,El Putxet i el Farró,null,359.000 € ,1,355.000 ,3.944 €/m²,dpto. comercial, Ref.: 05496 ,3,Segunda mano/buen estado,1,Piso en venta en calle de Guillem Tell 21,http://idealista.com/inmueble/89907725/
1,null, Promoción de alto standing en l’Eixample Esquerra Promoción de diez viviendas de gran calidad en l’Eixample Esquerra (Barcelona). Compuesta de diez viviendas de una o dos habitaciones (una en suite) uno o dos baños completos y entre 54 y 64 metros cuadrados cocina abierta a sala de estar y tribuna con un gran ventanal orientado a calle aire frío / calor por conductos aerotermia y carpintería exterior para un mejor aprovechamiento térmico y acústico. Se encuentra en una zona muy buscada y céntrica muy cerca de l’Avinguda de Sarrià y a unas pocas calles de Passeig de Gràcia a pasos del Hospital Clínic la facultad de medicina y el nuevo Mercat del Ninot con todos los transportes y servicios a mano. ,1,0,1,null,Obra nueva,55,null,L'Antiga Esquerra de l'Eixample,null,null,null,345.600 ,6.284 €/m²,Villarroel 173 ., Ref.: 1° 2ª ,1,Promoción de obra nueva,1,Piso en venta en calle Villarroel  173,http://idealista.com/inmueble/91626943/
1,null, Promoción de alto standing en l’Eixample Esquerra Promoción de diez viviendas de gran calidad en l’Eixample Esquerra (Barcelona). Compuesta de diez viviendas de una o dos habitaciones (una en suite) uno o dos baños completos y entre 54 y 64 metros cuadrados cocina abierta a sala de estar y tribuna con un gran ventanal orientado a calle aire frío / calor por conductos aerotermia y carpintería exterior para un mejor aprovechamiento térmico y acústico. Se encuentra en una zona muy buscada y céntrica muy cerca de l’Avinguda de Sarrià y a unas pocas calles de Passeig de Gràcia a pasos del Hospital Clínic la facultad de medicina y el nuevo Mercat del Ninot con todos los transportes y servicios a mano. ,1,0,3,null,Obra nueva,55,null,L'Antiga Esquerra de l'Eixample,null,null,null,367.200 ,6.676 €/m²,Villarroel 173 ., Ref.: 3° 2ª ,1,Promoción de obra nueva,null,Piso en venta en calle Villarroel  173,http://idealista.com/inmueble/91626963/
1,null, Promoción de alto standing en l’Eixample Esquerra Promoción de diez viviendas de gran calidad en l’Eixample Esquerra (Barcelona). Compuesta de diez viviendas de una o dos habitaciones (una en suite) uno o dos baños completos y entre 54 y 64 metros cuadrados cocina abierta a sala de estar y tribuna con un gran ventanal orientado a calle aire frío / calor por conductos aerotermia y carpintería exterior para un mejor aprovechamiento térmico y acústico. Se encuentra en una zona muy buscada y céntrica muy cerca de l’Avinguda de Sarrià y a unas pocas calles de Passeig de Gràcia a pasos del Hospital Clínic la facultad de medicina y el nuevo Mercat del Ninot con todos los transportes y servicios a mano. ,1,0,2,null,Obra nueva,55,null,L'Antiga Esquerra de l'Eixample,null,null,null,356.400 ,6.480 €/m²,Villarroel 173 ., Ref.: 2° 2ª ,1,Promoción de obra nueva,null,Piso en venta en calle Villarroel  173,http://idealista.com/inmueble/91626971/
1,1974, REFORMADO CON 2 DORMITORIOS!  Inmueble ubicado en Barcelona en el barrio de Roquetes. Cerca de restaurantes centros médicos colegios zonas ajardinadas comercios y todo tipo de servicios. Es una zona tranquila y muy bien comunicada al lado del metro Roquetes (L3) y diversas líneas de autobús. Fácil acceso a carreteras principales como Vía Favencia Via Julia y rápido acceso a la Ronda de Dalt.  Planta baja en una finca con ascensor. Distribuido en un bonito salón - comedor en dos espacios una cocina abierta estilo cocina americana con espacio para lavandería 2 dormitorios (uno doble y otro mediano muy amplio) y un precioso baño con plato de ducha.  Dispone de suelos de Porcelánico imitación madera y carpintería de aluminio blanco.  La vivienda se encuentra REFORMADA DE CALIDAD y LISTA PARA ENTRAR A VIVIR.  Además si deseas conocer el valor de tu vivienda contáctenos y te la valoramos SIN COMPROMISO Y SIN COSTE!  ¿Necesitas asesoramiento financiero? Nuestros asesores financieros profesionales te orientarán sin compromiso en el trámite de hipotecas ¡DE MANERA TOTALMENTE GRATUITA!    NO PIERDA LA OPORTUNIDAD DE VENIR A VERLO LE ENCANTARÁ! ,1,193,0,null,null,50,null,Les Roquetes,null,null,null,159.000 ,3.180 €/m²,"LA CASA AGENCY PUNTO SANT JOSÉ HOSPITALET, S.L.", Ref.: CM-VA159 ,2,Segunda mano/buen estado,null,Piso en venta en calle de la Mina de la Ciutat,http://idealista.com/inmueble/91651450/
1,1970, La Casa Agency ofrece:  Vivienda lista para entrar a vivir situada en la barriada de Horta. A tan solo 5 minutos de la parada de metro El Carmel (L5). Zona muy tranquila y bien comunicada con varios tipos de comercios parques servicios y líneas de bus.  Ubicada en buena finca de vecinos tranquila en una altura real de un 2º piso con ascensor. El piso es completamente exterior. Consta de 55m² distribuidos en salón-comedor amplio y luminoso 2 dormitorios cocina con salida a una pequeña galería y baño 3 piezas con bañera.  Suelo de gres y carpintería de aluminio.  ¡Llama ya y planifica tu visita no dejes que se te anticipen! ¡VEN A VERLO SIN COMPROMISO!  Si desea concretar una visita o una cita de asesoramiento financiero de manera totalmente gratuita no dude en ponerse en contacto con nosotros.  Le esperamos en LA CASA AGENCY. La inmobiliaria que crece contigo.  *HONORARIOS NO INCLUIDOS EN EL PRECIO*. . ,1,242,2,null,null,55,50,El Carmel,null,null,null,159.000 ,2.891 €/m²,Dpto. Comercial, Ref.: MARTIN ,2,Segunda mano/buen estado,null,Piso en venta en LLOBREGOS,http://idealista.com/inmueble/91645876/
2,1900, La ubicación está en una calle tranquila justo detrás de la estación de tren regional e internacional de Sants en el centro de la próxima zona del casco antiguo de Sants.  Apartamento tradicional elegante completamente renovado en el último piso con una terraza privada en la azotea para hacer barbacoas y relajarse.  El edificio de 1900 consta de dos niveles y solo cuenta con 3 departamentos. Este apartamento está en el primer piso.  Hermosos acabados de alta gama proporcionan una vida elegante con un amplio espacio al aire libre.  El dormitorio principal tiene un baño privado.  2 dormitorios 2 baños completos  70 m2 de construcción 15 m2 de terraza  Nota: Dos apartamentos idénticos también están a la venta en este edificio:  O  Considere comprar todo el edificio (3 apartamentos en total)  Comuníquese con IDUAG para obtener más detalles. ,0,0,1,Eléctrica,null,85,null,Hostafrancs,null,415.000 € ,7,385.000 ,4.529 €/m²,IDUAG, Ref.: ermengarda middle1 ,2,Segunda mano/buen estado,1,Piso en venta en ermengarda,http://idealista.com/inmueble/91641816/
1,1972,  REF: O-JE195 La Casa Agency ofrece en exclusiva un nuevo inmueble a la venta en el barrio de Sant Martí:  Vivienda situada a dos calles de la Plaza de la Palmera del barrio de Sant Martí de Barcelona. 77 metros construidos de los cuales 73 metros cuadrados son útiles. Consta de 4 habitaciones 1 doble 1 mediana y 2 individuales 1 baño. Suelo de terrazo puertas de madera sapelli y ventanas de aluminio.  Se trata de un 3º de altura con ascensor en planta exterior con orientación oeste (montaña) y sur (tarragona) con escalera habilitada con acceso para personas con movilidad reducida. La salida al balcón es desde el salón comedor donde cabe 1 mesita y un par de sillas.  Se encuentra a tan solo 2 minutos andando del Metro y Tramvia Besòs a 5 minutos del Metro (L2 y L4) y Metro Sant Martí (L2). La vivienda está rodeada de parques c... ,1,0,3,null,null,77,73,La Verneda i la Pau,null,null,null,195.000 ,2.532 €/m²,LA CASA AGENCY, Ref.: O-JE195 ,4,Segunda mano/buen estado,null,Piso en venta en GRAN VIA DE LES CORTS CATALANES,http://idealista.com/inmueble/91660713/
1,1972, J-JES195  La Casa Agency ofrece en exclusiva un nuevo inmueble a la venta en el barrio de Sant Martí:  Vivienda situada a dos calles de la Plaza de la Palmera del barrio de Sant Martí de Barcelona. 77 metros construidos de los cuales 73 metros cuadrados son útiles. Consta de 4 habitaciones 1 doble 1 mediana y 2 individuales 1 baño. Suelo de terrazo puertas de madera sapelli y ventanas de aluminio. Ideal para primera vivienda y/o compraventas.  Se trata de un 3º de altura con ascensor en planta exterior con orientación oeste (montaña) y sur (tarragona). La salida al balcón es desde el salón comedor donde cabe 1 mesita y un par de sillas.  Se encuentra a tan solo 2 minutos andando del Metro La Pau (L2 y L4) y a 4 minutos andando del Metro Sant Martí (L2). La vivienda está rodeada de parques colegios supermercados y tiendas.  A tan solo 15 minutos andando del Centro Comercial Diagonal Mar y el Centro Comercial Glories.  Las líneas de autobús más cercanas son: H10 H12 33 B24 V27. Fácil acceso a rondas. Servicio de Bicing a 3 minutos andando.  Los gastos de ITP AJD y honorarios de la agencia no están incluidos en el precio  La Casa Agency estamos para asesorarte. ,1,0,3,null,null,77,null,Provençals del Poblenou,null,null,null,195.000 ,2.532 €/m²,LA CASA AGENCY, Ref.: J-JES195 ,4,Segunda mano/buen estado,null,Piso en venta en Gran Via de les Corts Catalanes,http://idealista.com/inmueble/91660030/
1,1971, J-SAG270  Piso situado en el Barrio de Sagrada Familia muy cercano a todo tipo de comercios hospital de Sant Pau colegios CC Les Glorias. Muy bien comunicado con la línea 5 (Azul) y línea 2 (Morada) parada de Sagrada Familia y con diversas líneas de autobuses.  La finca es del 1971 dispone de ascensor siendo una sexta planta de altura real.  El piso tiene 6 m² construidos distribuidos en tres habitaciones una de ellas doble una mediana y una individual salón comedor con un pequeño balcón cocina independiente y un baño completo.  No pierdas la oportunidad de venir a verlo.  RESERVALO YA!  *Honorarios registro gestoría notaría no incluidos en el precio. . ,1,115,6,Bomba de frío/calor,null,66,null,La Sagrada Família,null,null,null,270.000 ,4.091 €/m²,LA CASA AGENCY, Ref.: J-SAG270 ,3,Segunda mano/buen estado,null,Piso en venta en calle de Padilla,http://idealista.com/inmueble/91659864/
1,2020, DESDE BAJOS DÚPLEX A ÁTICOS - DESDE 331.000€  Ubicado en la maravillosa zona de Badal justo al lado de la parada de metro Badal (L5) y de varias líneas de autobús. Próximo a colegios e institutos instalaciones deportivas centros de salud zonas ajardinadas comercios de todo tipo y todo lo necesario para vivir en uno de los barrios más solicitados de la Ciudad Condal.  ¡Pisos de obra nueva de diseño! Constan con parquet carpintería de aluminio en negro puertas lacadas en blanco y puerta de entrada blindada.  - Todas las alturas. Desde bajos dúplex a 3ª planta. - Desde 70m² - 2/3 habitaciones. - Balcón - Desde 1 baño con plato de ducha a 2 baños (1 en suite). - Cocina americana. - Ascensor. - Calefacción y aire acondicionado por conductos. - Terraza comunitaria solárium con piscina.  ¡CONSÚLTENOS Y VENGA A VERLOS SIN COMPROMISO!  *DESDE 331.00€  Si desea concertar una visita o una asesoría financiera de manera totalmente gratuita no dude en contactar con nosotros. También puede explicarnos cuáles son sus necesidades y le buscamos el hogar que mejor se adapte.  ¡Le esperamos en CASA AGENCY! ,1,45,1,Eléctrica,null,70,null,Sants - Badal,null,null,null,331.000 ,4.729 €/m²,PUNTO BADAL, Ref.: PB-CC331K ,2,Segunda mano/buen estado,1,Piso en venta en calle de Carreras i Candi,http://idealista.com/inmueble/91658086/
1,1972, X JES 195k  La Casa Agency ofrece en exclusiva un nuevo inmueble a la venta en el barrio de Sant Martí:  Vivienda situada a dos calles de la Plaza de la Palmera del barrio de Sant Martí de Barcelona. 77 metros construidos de los cuales 73 metros cuadrados son útiles. Consta de 4 habitaciones 1 doble 1 mediana y 2 individuales 1 baño. Suelo de terrazo puertas de madera sapelli y ventanas de aluminio.  Ideal para primera vivienda y/o compraventas.  Se trata de un 3º de altura con ascensor en planta exterior con orientación oeste (montaña) y sur (tarragona). La salida al balcón es desde el salón comedor donde cabe 1 mesita y un par de sillas.  Se encuentra a tan solo 2 minutos andando del Metro La Pau (L2 y L4) y a 4 minutos andando del Metro Sant Martí (L2). La vivienda está rodeada de parques colegios supermercados y tiendas.  A tan solo 15 minutos andando del Centro Comercial Diagonal Mar y el Centro Comercial Glories.   Las líneas de autobús más cercanas son: H10 H12 33 B24 V27. Fácil acceso a rondas. Servicio de Bicing a 3 minutos andando.   Los gastos de ITP AJD y honorarios de la agencia no están incluidos en el precio   La Casa Agency estamos para asesorarte! ,1,0,3,null,null,77,73,La Verneda i la Pau,null,null,null,195.000 ,2.532 €/m²,LA CASA AGENCY, Ref.: X JES 195 ,4,Segunda mano/buen estado,null,Piso en venta en Gran Via de les Corts Catalanes,http://idealista.com/inmueble/91651620/
1,2006, Se vende magnifico piso en finca del 2006 con plaza de parking incluida en el precio. El piso tiene 60 m² distribuidos en un comedor con cocina americana de 27m² una habitación individual con su armario empotrado una habitación de matrimonio con salida a una terraza de 10m² y también con su armario empotrado y baño equipado de las 4 piezas. La vivenda está en un estado de conservación excelente debido a su poco utilizo. Equipada con aire acondicionado calor y frio por conducto ventanas de aluminio con doble cristal y climalit persianas y cortinas robotizadas.  Es una 4ª planta real y orientado a patio de manza mucha tranquilidad y sol directo por la tarde. La plaza de parking para coche grandE viene incluida en el precio y tiene las siguientes medidas: 2.50 * 4.50. Todo el piso funciona con electricidad y la finca está equipada con paneles solares en la azotea. ,1,0,4,Bomba de frío/calor,null,60,null,La Sagrada Família,1,null,null,380.000 ,6.333 €/m²,departamento comercial, Ref.: MRN-359959 ,2,Segunda mano/buen estado,1,Piso en venta en INDUSTRIA,http://idealista.com/inmueble/91651032/
2,1960,  X XAV 270k  La Casa Agency ofrece un nuevo inmueble a la venta en el barrio de Sant Martí:  Vivienda situada a dos calles de la Plaza de la Palmera del barrio de Sant Martí de Barcelona. 100 metros construidos de los cuales 90 metros cuadrados son útiles. Consta de 4 habitaciones todas exteriores 1 doble 1 mediana y 2 individuales 1 baño amplio y completo y otro baño (solo aseo). Suelo de parket puertas de madera maciza y ventanas de doble climalit blancas.  Las reformas son hechas de hace 5 años. Ideal para primera vivienda y/o compraventas.  Se trata de un 6º de altura con ascensor en planta todo exterior con orientación este (al mar) muy luminoso. La salida al balcón es desde el salón comedor donde cabe 1 mesita y un par de sillas tranquilamente.  Se encuentra a tan solo 2 minutos andando del Metro La Pau (L2 y L4) y a 4 m... ,1,0,6,Gas natural,null,100,90,La Verneda i la Pau,null,null,null,270.000 ,2.700 €/m²,LA CASA AGENCY, Ref.: X XAV 270 ,4,Segunda mano/buen estado,null,Piso en venta en calle d'Andrade,http://idealista.com/inmueble/91650785/
2,2016,  Piso en venta de 115m2 con grandes vistas y 3 habitaciones en Carrer Bilbao El Poblenou Barcelona.    Inmueble de 115m2 construidos -según Catastro 25º de altura en una finca con ascensor. Para entrar a vivir.    La vivienda se encuentra distribuida en 1 salón comedor 1 terraza cocina independiente 3 habitaciones (1 de tamaño doble con baño y vestidor y 2 de tamaño individual) y 2 baños -1 de ellos presentado en suite-.    Equipada además con suelo de parquet aire acondicionado calefacción armarios empotrados iluminación por ojos de buey y puerta de seguridad.    La vivienda se entrega con 1 plaza de aparcamiento ubicada en la misma finca incluida en el precio de venta.    La finca dispone de servicio de conserjería y de zona comunitaria con piscina solarium y gimnasio.    En cuanto a su ubicación se encuentra situada en Car... ,1,79,25,null,null,115,85,El Poblenou,1,null,null,1.090.000 ,9.478 €/m²,Immoaugusta, Ref.: IAUbilbao1 ,3,Segunda mano/buen estado,1,Piso en venta en calle de Bilbao,http://idealista.com/inmueble/91648884/
1,1971, Ref: D-Padilla270  Piso situado en el Barrio de Sagrada Familia muy cercano a todo tipo de comercios hospital de Sant Pau colegios CC Les Glorias. Muy bien comunicado con la línea 5 (Azul) y línea 2 (Morada) parada de Sagrada Familia y con diversas líneas de autobuses.  La finca es del 1971 dispone de ascensor siendo una sexta planta de altura real.  El piso tiene 6 m² construidos distribuidos en tres habitaciones una de ellas doble una mediana y una individual salón comedor con un pequeño balcón cocina independiente y un baño completo.  No pierdas la oportunidad de venir a verlo.  ``La Casa Agency´´ Está preparada para cualquier escenario. Para su tranquilidad nuestras oficinas y equipos comerciales han tomado todas las medidas de seguridad para seguir ofreciendo el mejor servicio.   *El precio de venta del inmueble no incluye los honorarios de la inmobiliaria ni los tributos que gravan Ia compraventa (ITPAJD o IVA) ni en caso de haberlos los notariales y los registrales que satisface el comprador. . . . . .   RESERVALO YA! ,1,115,6,Bomba de frío/calor,null,66,null,La Sagrada Família,null,null,null,270.000 ,4.091 €/m²,LA CASA AGENCY, Ref.: D-Padilla270 ,3,Segunda mano/buen estado,null,Piso en venta en calle Padilla,http://idealista.com/inmueble/91646213/
2,1940,  Piso en venta a reformar de 138m2 en Passeig de Sant Joan Dreta de l'Eixample Barcelona.    Inmueble de 138m2 construidos 1º de altura en una finca clásica con ascensor. Esquinero y exterior a Passeig de Sant Joan. Para reformar.    El inmueble se encuentra actualmente distribuido en 1 salón comedor cocina independiente 4 habitaciones (2 habitaciones dobles exteriores 1 habitación individual exterior y 1 habitación individual interior) 1 baño 1 aseo 1 zona de aguas y 1 zona trastero.    Equipada con calefacción aire acondicionado posibilidad de recuperar el suelo hidráulico original armarios empotrados y carpinteria exterior e interior de aluminio. Finca con servicio de conserjería.     En cuanto a su ubicación se encuentra situada en Passeig de Sant Joan la Dreta de l'Eixample Barcelona; tocando l'Avinguda Diagonal Plaç... ,1,134,1,null,null,138,122,La Dreta de l'Eixample,null,null,null,430.000 ,3.116 €/m²,Immoaugusta, Ref.: IAUjoan1 ,4,Segunda mano/para reformar,null,Piso en venta en paseo de Sant Joan,http://idealista.com/inmueble/91633273/
2,1970, PRECIO NEGOCIABLE!  Fantástico inmueble en calle Joan Güell enfrente de la plaza Can Mantega.   Se trata de un piso de 86 m² distribuido en 4 dormitorios (dos de matrimonio una de ellas con armario empotrado) con dos piezas exteriores a calle cuarto de baño completo y aseo patio privativo de 11 m². El inmueble se encuentra a reformar.   Muy luminoso debido a su orientación mar y a la vez muy tranquilo.   Finca con doble puerta y ascensor. La misma dispone de parking con acceso directo desde el ascensor pero no incluido en la venta.   Próximo a Plaza de Sants (Metro L1/L5) y Estación de Sants (Metro L3/L5 Renfe y AVE) con todo tipo de servicios. ,1,174,1,null,null,86,null,Sants,null,null,null,320.000 ,3.721 €/m²,Veí Nou, Ref.: 8934 ,4,Segunda mano/para reformar,null,Piso en venta en calle de Joan Güell,http://idealista.com/inmueble/91623741/
1,1965, Piso en calle Mare de Deu del Port muy próximo de la parada de Metro Foc (L10).  6º real de altura con ascensor y exterior a la calle. Salón comedor de 23m² exterior con salida a amplio balcón de 6m² con mucha luz y amplitud de vistas; 3 dormitorios amplios; baño completo y reformado; y cocina con galería. Equipado con carpintería de aluminio aire acondicionado de calor y altillo de carga.  Finca en muy buen estado con 2 ascensores y entrada completamente rehabilitada.  Zona en constante proyección y mejora. ,1,53,6,null,null,90,null,La Marina del Port,null,null,null,199.000 ,2.211 €/m²,Veí Nou, Ref.: 8895 ,3,Segunda mano/buen estado,null,Piso en venta en calle de la Mare de Déu de Port,http://idealista.com/inmueble/91620683/
1,1936,  Luminoso piso a estrenar en Fontrodona (Poblesec) a pasos de Blai  Ubicado en una finca clásica de 1936 en perfecto estado de conservación con ascensor en una calle tranquila. Una cuarta planta real con una superficie de 52m².  Reforma en curso que aún permite ajustes en distribución así como personalizar los acabados. Con dos años de garantía.  Ideal para pareja joven o inversor: •2 habitaciones  •1 de ellas doble con balcón. •Muy luminoso ya que todas las estancias son exteriores •1 baño completo •Amplio salón con cocina abierta (o cerrada según preferencia) •Acabados de calidad premium •Piso pos-covid: materiales y acabados “wellness” que cuidan la salud (filtros de aire de alta eficiencia parquet sin polucionantes pintura de cal... ) •Reforma sin impacto medioambiental  Este piso situado en c/Fontrodona una calle tranquila a pa... ,1,164,4,null,null,52,null,El Poble Sec - Parc de Montjuïc,null,null,null,335.000 ,6.442 €/m²,Privalore, Ref.: PRI-R-FONTRODONA002 ,2,Segunda mano/buen estado,1,Piso en venta en calle d'En Fontrodona,http://idealista.com/inmueble/91583384/
1,null, Piso tipo apartamento junto a la avenida Roma. Consta de salón-comedor 2 habitaciones cocina independiente equipada y baño completo. Con distribución sin pasillo. Para actualizar. La vivienda cuenta con calefacción de gas y aire acondicionado. Techos de bóveda catalana.  Ideal para primera vivienda o inversión.  En finca regia rehabilitada con ascensor.  Cerca del parque de Joan Miró el centro comercial de Las Arenas la plaza España y la estación de Sants. Zona con todo tipo de servicios comercios y transporte público. ,1,0,1,Gas natural,null,44,null,La Nova Esquerra de l'Eixample,null,210.000 € ,7,195.000 ,4.432 €/m²,Vilamarí Immobiliària, Anuncio: 91184764 ,2,Segunda mano/para reformar,null,Piso en venta en calle d'Entença,http://idealista.com/inmueble/91184764/