bathrooms,constructed_year,description,elevator,energetic_qualification_kWhm2_año,floor,heater_system,its_new,m2_build,m2_useful,neighbourhood,parking,price_down_euro,price_down_percentage,price_euro,price_m2,real_estate,ref,rooms,status,terrace,title,link
1,1954, FANTÁSTICA VIVIENDA EN EL VALL D´HEBRON!  PRODUCTO EN EXCLUSIVA NO SE ATIENDEN AGENCIAS NI INTERMEDIARIOS Totalmente exterior y muy soleada. Orientación Sur-Este.  Se trata de una segunda planta de altura muy silenciosa (no dá al Paseo Vall d´Hebrón) y con muchas posibilidades de reforma para hacerla a su gusto.  La zona de noche está compuesta por tres dormitorios dos dobles y uno mediano todos exteriores.  Cocina independiente.  La zona de día está compuesta por un amplio salón de 12m² cuadrado muy aprovechable y soleado.  Baño con plato de ducha y una pequeña estancia polivalente con posibilidad de ampliar el baño.  Techos altos abovedados.  Finca de 1954 con ascensor y rampas en muy buen estado de conservación y mantenimiento.  Excelentes comunicaciones de transporte público L5-Vall d´Hebron y múltiples lineas de autobús. cerca de la Maternidad y el Hospital. A escasos 100m de la entrada/salida de la Ronda de Dalt.  No deje escapar esta oportunidad de inversión! ,1,147,2,null,null,78,70,Vallcarca i els Penitents,null,null,null,195.000 ,2.500 €/m²,Inforyatrica, Ref.: vall d´hebrón-vda ,3,Segunda mano/buen estado,null,Piso en venta en paseo de la Vall d'Hebron,http://idealista.com/inmueble/91569543/
1,1966,  Tipo de Inmueble: Acogedor hogar totalmente reformado de 3 habitaciones 1 habitación doble y 2 individuales. Consta de cocina equipada y reformada lavadero y tendedero. Acabados de calidad: puertas de cerez grifería grohe puerta de entrada blindada y parquet. El piso tiene aire acondicionado por tubos con bomba de calor instalado en julio de 2019. Es un primero con ascensor. Es un piso silencioso y tranquilo sin la contaminación de ruidos de los coches. Da a patio interiores y el sol toca directo por las mañanas tanto en el comedor como en una de las habitaciones. Lo mejor de todo es que lo tiene todo a mano. Alrededor tiene todos los supermercados (día mercadona sorli condis lidl) al lado tiene 2 colegios 2 gimnasios y cafeterías. A 5 minutos caminando tiene la estación de RENFE y METRO Clot que va directo al Aeropuerto como ... ,1,999,1,Bomba de frío/calor,null,67,60,El Camp de l'Arpa del Clot,null,null,null,230.000 ,3.433 €/m²,jean paul cherigny, Ref.: LU-VTA-FONTOVAREF-DIVINITY ,3,Segunda mano/buen estado,null,Piso en venta en calle de Fontova,http://idealista.com/inmueble/91366495/
2,1992, Piso luminoso y soleado en La Vila Olímpica del Poblenou. A 200 metros de la playa. Dispone de 111 m2 de superficie construidos según catastro esta distribuido en un amplio salón con salida directa a balcón con vistas a zona comunitaria ajardinada tres habitaciones dobles dos baños (uno con bañera y otro con plato de ducha). Cocina equipada lavadero suelo de parquet. Todas las habitaciones exteriores con balcones y armarios empotrados. Tiene calefacción a gas. Dispone de jardín comunitario privado y conserjería 24 horas.     Los muebles y enseres que aparecen en las fotos no están incluidos en el precio.  El precio no incluye los impuestos (ITP 10%) ni los gastos (de notaría registro y gestoría). -. ,1,140,4,Calefacción individual,null,111,100,La Vila Olímpica del Poblenou,null,null,null,586.000 ,5.279 €/m²,Inmo Target, Ref.: ITv559 ,3,Segunda mano/buen estado,1,Piso en venta en calle de Jaume Vicens i Vives,http://idealista.com/inmueble/91108569/
1,1900, Planta baja para reformar totalmente. Situada en encantador y tranquilo pasaje un oasis a 3 minutos de Plaça Espanya. 47m distribuidos en salón dos habitaciones cocina trastero baño y galería.  Ideal para hacer un loft moderno y funcional. Posibilidad de recuperar el techo de volta catalana  Excelente comunicación FGC metro L1 L3. Autobuses H16 H12 46 79 165 91 109 65.  El precio no incluye los impuestos ni los gastos (de notaría registro y gestoría). Aicat número 4236. Realizamos las visitas cumpliendo con las recomendaciones sanitarias del Covid-19. ,0,184,0,null,null,47,44,La Font de la Guatlla,null,null,null,125.000 ,2.660 €/m²,Elisabeth, Ref.: FER ,2,Segunda mano/para reformar,null,Piso en venta en calle de Sant Ferriol,http://idealista.com/inmueble/91262700/
2,1970, VENDEMOS SU PISO POR TAN SOLO 3.000€.  GARLASA TRADE les ofrece esta excelente propiedad reformada a estrenar en el Quadrat d' Or de l'Eixample. Una zona con una excelente valoración en comercios servicios y comunicación con los transportes públicos.  El inmueble se ubica en una segunda planta real con ascensor de una finca moderna con buena presencia. El inmueble dispone de una superficie de 99 m2. y con una agradable terraza de 4 mts exterior a calle Urgell;  La vivienda se compone de amplio salón comedor con cocina abierta el salón dispone de acceso a terraza de 4 mts.  3 dormitorios: un dormitorio doble tipo Suite con baño privado y vestidor y dos dormitorios dobles. Además del baño en Suite el piso dispone de otro baño completo más.  Ubicado en una zona muy bien comunicada con el transporte público cercano a ''Urgell'' (L1) y cerca de varias paradas de autobús. Próximo a todo tipo de servicios (guarderías supermercados cajeros parques colegios.. . ).  Para cualquier consulta no dude en llamarnos. 935180820. ,1,0,2,Gas natural,null,100,null,La Nova Esquerra de l'Eixample,null,null,null,435.000 ,4.350 €/m²,Garlasa Trade, Ref.: _Urgell ,3,Segunda mano/buen estado,1,Piso en venta en calle del Comte d'Urgell,http://idealista.com/inmueble/90921186/
2,null,  Espectacular piso en venta perfectamente conservado ideal para entrar a vivir situado en una 3ª planta real de una finca del año 1979 en perfecto estado de conservación la cual dispone de cuatro ascensores y es accesible para personas con movilidad reducida.  La vivienda de 101m² según catastro cuenta con un amplio salón de 25m² con salida directa al soleado y tranquilo balcón cocina tipo office muy amplia y con lavadero 4 habitaciones dobles dos de ellas exteriores al patio abierto de manzana un baño completo con plato de ducha y un aseo. Vivienda equipada con aire acondicionado y calefacción por radiadores en todo el piso alicatados de aluminio y suelos de parquet. La altura del piso y la orientación sur le aporta una gran luminosidad con sol directo durante la mayor parte del día. El balcón es suficientemente amplio para p... ,1,178,null,null,null,101,null,El Camp de l'Arpa del Clot,null,449.900 € ,3,435.000 ,4.307 €/m²,Emma Perales, Ref.: V35093 ,4,null,null,Piso en venta en calle de Sant Quintí,http://idealista.com/inmueble/90072525/
3,1980, Exclusivo piso en venta situado en una 3ª planta real de un edificio de del año 1980 perfecto para entrar a vivir.  La vivienda dispone de 136m² según catastro distribuidos en un amplio salón-comedor de 27m² con acceso al balcón de 6m² que le da una perfecta luminosidad a todo el salón. Junto al comedor encontramos una amplia cocina tipo office de 13m² con galería 4 habitaciones 3 de ellas dobles y 2 con baño en suite y 3 baños completos.  La vivienda está construida con materiales de 1ª calidad dispone de carpintería exterior de aluminio con aislamiento térmico suelos de parqué aire acondicionado y calefacción por radiadores en todo el piso. El precio de venta incluye dos plazas de parking en la misma finca. El inmueble está ubicado en una de las zonas más prestigiosas de la ciudad rodeada de todo tipo de servicios muy bien comunicado con transporte público junto a la Vía Augusta y l’Hospital Plató a 5 minutos de Parc de Monterols y de la parada de FGC de Muntaner.  FORCADELL le ofrece asesoramiento y le ayuda en las gestiones para la obtención de la hipoteca.  FINCAS FORCADELL SLU AICAT 163 Pl. Universitat 3 Baixos. Barcelona. ,1,167,null,null,null,136,null,Sant Gervasi - Galvany,1,null,null,760.000 ,5.588 €/m²,Emma Perales, Ref.: V34751 ,4,Segunda mano/buen estado,null,Piso en venta en calle de Santaló,http://idealista.com/inmueble/89956268/
2,1961,  En BDI Barcelona no queremos dejar escapar la oportunidad de presentarte esta elegante vivienda enclavada en la mejor zona del casco antiguo de Sarria uno de los barrios mas emblemáticos de la ciudad condal.  Pero no sólo la ubicación del inmueble es ideal para aquellos que quieran disfrutar de la vida de barrio en una zona excelentemente comunicada y plagada de servicios sino también su construcción regia elegante y de calidad que convierte la vivienda en un espacio que muy pocos podrán disfrutar.  Entrando en materia la finca de 8 vecinos está construida en 1961 y ubicada en la mejor calle de su zona gozando de la tranquilidad que le confiere el área y a su vez del mejor ambiente y servicios que nos puede ofrecer Barcelona a día de hoy.  Una vez en el piso apreciamos no sólo la calidad de los materiales y el confort que nos... ,1,148,1,Gas natural,null,143,136,Sarrià,null,null,null,700.000 ,4.895 €/m²,BDI Barcelona, Ref.: MS5 ,4,Segunda mano/buen estado,null,Piso en venta en calle Major de Sarrià 5,http://idealista.com/inmueble/91460986/
2,1996, Piso con parking incluido situado en calle Diputació junto a calle Viladomat en el barrio del Eixample. Ubicado en una 2ª planta real en una finca joven de 1996 con ascensor. Inmueble de 116m² de vivienda más elementos comunes según catastro. La propiedad está distribuida en un amplio salón de 28m² con grandes ventanas amplia cocina de 850m² 2 habitaciones dobles en suite (una de ellas exterior a calle con salida a balcón y con vestidor) de 17m² y 15m² respectivamente dos baños completos con bañera y un espacioso recibidor de 4m². El piso está perfecto para entrar a vivir y cuenta con 1 split de aire acondicionado/calefacción. Zona con todos los servicios necesarios y muy bien comunicada. No pierda la oportunidad de venir a verlo.   FORCADELL le ofrece asesoramiento y le ayuda en las gestiones para la obtención de la hipoteca. FINCAS FORCADELL SLU AICAT 163 Pl. Universitat 3 Baixos. BARCELONA. ,1,127,2,null,null,116,null,La Nova Esquerra de l'Eixample,1,null,null,450.000 ,3.879 €/m²,Dakota Hamilton, Ref.: V33508 ,2,Segunda mano/buen estado,null,Piso en venta en calle de la Diputació,http://idealista.com/inmueble/90293502/
2,1970, Fantástico piso en venta para actualizar completamente situado en una 9ª planta real de una finca del año 1970 con ascensor junto al Parc de les Aigües y La Biblioteca del Guinardó.  La vivienda de 98m² según catastro cuenta con 3 habitaciones dos de ellas dobles y un salón comedor de 14m² con acceso directo a la terraza privada de 35m². El piso dispone de una amplia cocina tipo office de 12m² baño completo con plato de ducha y aseo. Vivienda equipada con aire acondicionado y calefacción por radiadores. El precio de compra incluye una plaza de parking en la misma finca. Buena ubicación cerca de la parada de metro de Alfons X L4 y líneas de autobús. Buena comunicación con el centro de Barcelona y rodeado de todo tipo de comercios servicios ocio y restauración. A diez minutos a pie del Parc Güell y del Parc del Guinardó.  Disponemos de la opción de proyecto de reforma completa o parcial la cual puedes incluir en tu hipoteca* y del que adjuntamos plano y renders.   FORCADELL le ofrece asesoramiento y le ayuda en las gestiones para la obtención de la hipoteca. *consulta las condiciones.   FINCAS FORCADELL SLU AICAT 163 Pl. Universitat 3 Baixos. Barcelona. ,1,236,null,null,null,98,null,Can Baró,1,null,null,499.000 ,5.092 €/m²,Emma Perales, Ref.: V34823 ,3,null,1,Piso en venta en avenida de la Mare de Déu de Montserrat,http://idealista.com/inmueble/89940111/
1,null, PISO A LA VENTA EN CIUTAT VELLA. En pleno barrio del Born en la zona del passeig del Born con el mercado del Born a 5 minutos la estación de Francia a 7 por si se quiere salir de la ciudad rápidamente. PISO IDEAL PARA INVERSORES. Todo ello en un piso con un metraje de 57 m2. Piso que dispone de dos habitaciones una doble abierta al comedor y una mas individual. Salón comedor exterior que da a la calle. Cocina independiente en buen estado reformada de hace 5 años. Baño con plato de ducha reformado recientemente. El piso es una tercera planta real sin ascensor. En una zona con gran cantidad de supermercados cercanos y muy bien comunicado. Así mismo está situado al lado de bancos y todo tipo de servicios. . Las fotos del final son en caso de una posible reforma como podría quedar. ,0,0,3,null,null,55,null,Sant Pere - Santa Caterina i la Ribera,null,null,null,195.000 ,3.545 €/m²,Inmo ARA ., Anuncio: 90162921 ,2,Segunda mano/buen estado,null,Piso en venta en calle de la Formatgeria s/n,http://idealista.com/inmueble/90162921/
2,1870, Situado en la calle Aragón junto a una de las calles más emblemáticas de la ciudad condal el Paseo de Gracia encontramos en una finca regia con carácter este acogedor y luminoso ático de 80m2 con terraza de 90m2 con vistas paseo de Gracia y Tibidabo. Dispone de un salón comedor en dos ambientes con salida a espectacular terraza. Cocina totalmente equipada. 1 habitación individual 1 baño una Suiite compuesta en habitación con alcoba y baño. El ático esta en muy buen estado. A pie de todos los comercios de primeras marcas además de todos sus fantásticos restaurantes zona con todos los servicios a todos los niveles. ,1,179,9,Bomba de frío/calor,null,80,null,La Dreta de l'Eixample,null,null,null,840.000 ,10.500 €/m²,comercial, Ref.: 11064 ,2,Segunda mano/buen estado,1,Piso en venta en calle d'Aragó,http://idealista.com/inmueble/89912260/
2,1910,  Espléndido piso reformado en Ronda Universitat Extraordinario y auténtico piso cerca de Plaça Catalunya en edificio del 1910 con ascensor. Consta de 120 m2 con excelente orientación sureste y a un minuto de Plaza Catalunya. Distribución con frente a la Ronda Universitat con tres balcones con acceso desde el salón comedor y desde una de las habitaciones. Los otros dos dormitorios se distribuyen a lo largo del piso con espacios amplios que permiten la funcionalidad y comodidad óptimas.   Finca con encanto con fachada original en muy buen estado de conservación y con entrada principal amplia. El piso cuenta con la ventaja de estar recientemente renovado con materiales de calidad y listo para vivir por lo que es una excelente oportunidad para amantes de Barcelona que quieran disfrutarla desde el mismo corazón de la ciudad. Esta propiedad ... ,1,168,2,Calefacción individual,null,120,null,Eixample,null,680.000 € ,3,660.000 ,5.500 €/m²,Barcelona MMC - Eixample - S2, Ref.: W-02BRSZ ,3,Segunda mano/buen estado,null,Piso en venta en La Dreta de l'Eixample,http://idealista.com/inmueble/89908640/
3,1900,  En el número 658 de la Gran Vía de les Corts Catalanes y en pleno corazón del Quadrat d’Or barcelonés se ubica este magnífico edificio residencial la obra más significativa del arquitecto modernista Pau Salvat i Espasa (Barcelona 1872-1923).  Construida a finales del s. XIX y con una intervención posterior de 1900 La Casa Oller destaca por su riquísima ornamentación. Virtuosos motivos vegetales en forja vidrieras coloreadas madera tallada esgrafiados y abundante cerámica decorada la hacen merecedora de protección como patrimonio cultural.  El piso presume de disponer aún de los techos originales con sus sinuosos gravados florales restaurados de estilo modernista que son únicos en su clase y también de disponer de los suelos originales de mosaico hidráulico de la antigua empresa Nolla además de disponer de los preciosos balcones c... ,1,17,2,Bomba de frío/calor,null,170,144,La Dreta de l'Eixample,null,null,null,1.570.000 ,9.235 €/m²,christoph toelle, Ref.: BCNP2668 ,3,Segunda mano/buen estado,1,Piso en venta en Gran Via de les Corts Catalanes,http://idealista.com/inmueble/89708183/
2,1930, Bonito piso a estrenar en la calle Sicilia de 79m² con 2 habitaciones (y posibilidad de hacer una tercera). Una habitación tiene salida a un pequeño balcón y la otra da a un patio interior. Hay dos baños completos con ducha. La cocina es semi-abierta y está completamente equipada con electrodomésticos de la marca Smeg. Hay una gran iluminación gracias a una preciosa galería. La orientación es noroeste y la propiedad es muy tranquila ya que da a la manzana interior. Los acabados de la vivienda son de muy buena calidad y hechos con mucho gusto. Los techos son de bóveda catalana construidos con ladrillo expuesto. También cuenta con los muy buscados y apreciados suelos hidráulicos.   El piso está en una tercera planta real de una finca regia del año 1930. El edificio tiene ascensor. La ubicación es ideal frente a la escuela francesa Ferdinand de Lesseps. Tiene las estaciones de metro L2 y L3 muy cerca. ,1,166,3,null,null,79,null,Eixample,null,520.000 € ,4,499.000 ,6.316 €/m²,BARNES, Ref.: JLD0375 ,2,Segunda mano/buen estado,null,Piso en venta en El Fort Pienc,http://idealista.com/inmueble/89352320/
2,1970,  Luminoso piso reformado exterior en Eixample Fantástico apartamento recién reformado con amplias ventanas que permiten el paso de la luz. Todo el piso es exterior a calle Diagonal así que tiene vistas despejadas y agradables. La vivienda es de 71m2 aproximadamente que se distribuye en un amplio salón con comedor y cocina abierta de 41 m2 muy luminoso. Espacio muy aprovechado cero pasillos. Un dormitorio doble de 18m2 con baño completo y zona de vestidor también exterior con mucha luz.  Esta vivienda dispone también de un espacio anexo en la misma planta de 17m2 registrado como oficina con entrada independiente y aseo. Este ambiente puede ser utilizado para lo que se precise: oficina despacho zona de noche para familia y/o amigos etc. La zona del Eixample es conocida por su gran variedad de oferta cultural gastronómica y comerci... ,1,107,1,null,null,80,null,Eixample,null,350.000 € ,7,325.500 ,4.069 €/m²,Barcelona MMC, Ref.: W-02IGFY ,2,null,null,Piso en venta en El Fort Pienc,http://idealista.com/inmueble/88972431/
4,1939,  Impresionante y elegante ático en venta único en la última planta en edificio señorial de los años 40 ático de 277m2 construidos mas dos terrazas una a pie de salón con amplitud de vistas de 70m2 orientada a sur y otra en zona de descanso de 15m2 orientada a norte. Varias estancias en el inmueble con 2 entradas independientes Salon orientado a sur en 3 ambientes diferenciados Salon+Comedor+ biblioteca(56m2) y los 3 exteriores a la gran terraza. 5 dormitorios · dobles y 2 individuales generosas ( 2 suittes con closet y baño) y 3 baños completos y un aseo (2 de ellos en suitte). cocina office de 12m2 con gran zona de aguas independiente. Zona de despacho o salon de verano flanqueado por 2 columnas griegas de 32m2 que nos da acceso a una terraza cuadrada de 15m2. La propiedad conserva las maderas nobles de época contrastando con... ,1,104,5,Gas natural,null,277,250,Sant Gervasi - Galvany,null,null,null,1.900.000 ,6.859 €/m²,comercial, Ref.: 11047 ,5,Segunda mano/buen estado,1,Ático en venta en Balmes,http://idealista.com/inmueble/88663961/
3,1980, Ático en venta a tres vientos de Superf. 185 metros con 80 metros de terraza que rodean todo el piso. Vistas espectaculares a BCN. Cinco habitaciones (4 dobles 1 indiv). 3 baños completos. Salón comedor de approx. 35 metros con salida a terraza a nivel. Orientación: Este. Cocina totalmente equipada. Suelos de parket A/A calefacció de gas. Finca con 2 ascensores. Conserje. Posibilidad de plaza de PK en finca vecina incluido en precio. Estado: Acabados de primera calidad.  Sant Gervasi-Galvany era el antiguo barrio de Lledó que pertenecía al municipio de Sant Gervasi de Cassoles. Cuando se empezó a urbanizar a mediados del siglo XIX lo primero que se erigió fue el mercado. A su alrededor se construyeron viviendas y la llegada del tren de Sarrià que cruzaba el barrio por la actual Vía Augusta acabó de impulsar este proceso de urbanización. Ya en el siglo XX se construyó el histórico Turó Park con un parque de atracciones frecuentado por la burguesía. Las atracciones desaparecieron hace muchos años pero la reciente rehabilitación de estos jardines históricos ha recuperado el antiguo teatrillo donde se realizan actividades familiares. ,1,0,8,Gas natural,null,185,170,Sant Gervasi - Galvany,1,null,null,1.475.000 ,7.973 €/m²,comercial, Ref.: 8627 ,5,Segunda mano/buen estado,1,Ático en venta en via Augusta,http://idealista.com/inmueble/88476217/
1,1963, Piso a reformar en Sarriá-Santa Amelia Desde Engel &amp; Völkers os presentamos un edificio que se vende en varios lotes de pisos. Ubicado a tan sólo a 2 minutos de la Plaza María Cristina. Son todos ellos viviendas. Algunos de los pisos arrendados y otros no la tipología de los pisos son de entre 50m2 hasta unos 78m2. Es una buena oportunidad en una zona magnifica los pisos están para reformar y en esta zona tenemos una gran demandada. Es de fácil acceso bien comunicado la vida en Sarriá se caracteriza por la tranquilidad que se respira y la facilidad de movilidad tanto si es una familia como parejas o solteros. Comercios transportes y buenas escuelas además del magnífico Parque de Santa Amelia que nos garantizan una fantástica vida tranquila y cómoda. ,0,184,7,null,null,62,null,Les Corts,null,435.000 € ,9,395.000 ,6.371 €/m²,Barcelona MMC - Zona Alta - S1, Ref.: W-02GDQ3 ,3,null,null,Piso en venta en Pedralbes,http://idealista.com/inmueble/87376040/
3,1900,  En pleno Quadrat d’Or la zona más prestigiosa del Eixample encontramos este increíble piso ubicado en una finca señorial que data del 1900. La vivienda se localiza en una de las calles principales de Barcelona repleta de tiendas restauración diversa colegios y centros médicos. Además dispone de numerosas conexiones por transporte público cerca (varias líneas de metro ferrocarriles autobuses).  El inmueble tiene 180 m2 construidos (163 m2 útiles) y posee todos los atributos típicos del modernismo catalán llevados al siguiente nivel. Su distribución es como sigue: dispone de un luminoso salón - comedor de 48 m² con salida a dos balcones con grandes vistas cocina abierta equipada con electrodomésticos de última generación de la marca WOLF con wok plancha teppanyaki y 2 placas de vitrocerámica cafetera integrada horno microond... ,1,0,4,Calefacción individual,null,180,163,Eixample,null,1.875.000 € ,15,1.600.000 ,8.889 €/m²,Bcn Advisors, Ref.: BCN05827 ,3,Segunda mano/buen estado,null,Piso en venta en La Dreta de l'Eixample,http://idealista.com/inmueble/84081803/
2,1998, Elegante piso en venta de 90m² situado en el centro de Barcelona. Estado impecable y recientemente reformado.  Dispone de un espacioso salón comedor de 40m² con salida a una terraza. 3 habitaciones (1 suite) 2 baños completos y 1 aseo de cortesía. Cocina office independiente totalmente equipada.  Amueblado con mobiliario de alta calidad. Suelos de parquet carpintería exterior de aluminio doble acristalamiento calefacción de gas aire acondicionado frío/calor. Exterior y soleado. Finca con servicio de conserjería. Con una ubicación excepcional junto a la Plaza Catalunya y Plaza Universidad se encuentra en el punto neurálgico de la Ciudad Condal próximo a los mejores espacios turísticos y con excelentes comunicaciones mediante transporte público metro y autobuses. ,1,91,4,Gas natural,null,90,null,La Dreta de l'Eixample,null,null,null,680.000 ,7.556 €/m²,ALTING Grupo Inmobiliario, Ref.: 010422 ,3,Segunda mano/buen estado,null,Piso en venta en ronda de la Universitat,http://idealista.com/inmueble/35835729/
1,1972, Garlasa Trade le ofrece esta autentica oportunidad en Avenida Josep Tarradellas junto a la Calle Nicaragua.   EL inmueble se encuentra en una octava planta real de una finca con ascensor.  El piso tiene 93m2 que se distribuyen en:   -Salón-comedor exterior a calle con salida al balcón.  -Cocina office semi-abierta con posibilidad de abrirla al comedor.   -Baño completo  -Balcón exterior a calle con orientación sur-este.  -Habitación doble exterior  -Habitación mediana con mucha luminosidad-  Habitación individual con mucha luminosidad.   El inmueble es todo tabique tiene una gran posibilidad de reforma.  La finca tiene parquing   No dude en llamarnos.  686408074. ,1,0,8,Calefacción individual,null,93,null,La Nova Esquerra de l'Eixample,1,null,null,420.000 ,4.516 €/m²,Garlasa Trade, Ref.: Tarradellas ,3,Segunda mano/buen estado,1,Piso en venta en avenida de Josep Tarradellas,http://idealista.com/inmueble/91483743/
2,null,  Piso reformado en venta en Tres Torres Barcelona Espectacular piso de 142 m2 reformado a estrenar en finca con ascensor junto a Illa Diagonal. La vivienda ha sido completamente rehabilitada con acabados de alta calidad. Se distribuye en un diáfano y soleado salón comedor con grandes ventanales y salida a terraza. Moderna cocina americana con península. La zona de noche consta de 3 dormitorios dobles el principal en suite. 2 de las habitaciones tienen salida a la terraza. Lavadero independiente. Suelos de parqué. Aire acondicionado con bomba de calor. Calefacción radiante. El piso está en un emplazamiento excepcional ya que se encuentra cerca de Avenida Diagonal y el centro comercial de l´Illa Diagonal. Una zona rodeada de todos los servicios colegios y prestigiosas universidades. Muy bien comunicada con el resto de la ciudad mediant... ,1,0,3,null,null,142,null,Les Corts,null,null,null,820.000 ,5.775 €/m²,Walter Haus, Ref.: 3286V ,3,Segunda mano/buen estado,1,Piso en venta en calle de la Caravel·la la Pinta,http://idealista.com/inmueble/91480456/
4,null, Presentamos este preciosos atico en la zona del Turo Parc en una finca de lujo el piso de grandes dimensiones 360 m2 a tres vientos todo exterior se compone de una entrada principal con un gran recibidor donde divide la zona de noche y de día la zona de día esta compuesta de un gran salón comedor de 50 m2 con acceso a un balcón de 15 m2 comedor independiente al salón que se accede directamente desde la cocina office con galería y seguido de la zona de servicio con un baño y habitación completa en la zona de noche esta compuesta de tres habitaciones una suite de 15 m2 con su baño una habitación individual y una gran suite compuesta por dos cuartos de baño y un gran vestidor con una habitación de 20 m2 donde esta compuesta por un pequeña salón estar y cama. En la parte superior hay una sala polivalente de 60 m2 con un gran baño techos acrisolados cubiertos por un todo movible con zona de estudio y chimenea y una zona de solarium al piso esta asignada con dos plazas de parking y trastero llámenos y le informaremos. ,1,0,6,Gas natural,null,300,280,Sant Gervasi - Galvany,1,null,null,1.850.000 ,6.167 €/m²,Pedroochoa, Ref.: 2 ,5,Segunda mano/para reformar,1,Dúplex en venta en via Augusta,http://idealista.com/inmueble/91466698/
1,1975,  Proddigia tiene el placer de presentarles este bonito piso ubicado en una magnífica zona del barrio de Navas. Dispone de 3 cómodas y amplias habitaciones y un baño completo con plato de ducha.  La distribución es típica de la época ya que al entrar a la vivienda nos encontramos con un recibidor que nos da paso a un pasillo donde encontramos la primera habitación el baño y la cocina. Por último llegamos al salón comedor que goza de luz natural y tiene la salida a la terraza de 4 m2. Las otras dos habitaciones se accede desde el salón comedor siendo una de ellas interior y la otra exterior con mucha luz. &nbsp; Mencionar que tanto la cocina como el baño están en perfecto estado de mantenimiento y la cocina está totalmente equipada con lavadora y lavavajillas integrados. A lo largo del pasillo disponemos de un amplio altillo perfecto par... ,1,142,null,null,null,75,70,Navas,1,null,null,305.000 ,4.067 €/m²,Proddigia, Ref.: 7489 ,3,null,1,Piso en venta en calle de las Navas de Tolosa,http://idealista.com/inmueble/91368134/
2,1964,  En una magnífica ubicación junto al metro de Navas presentamos este estupendo piso que cuenta con unas características difíciles de encontrar en la zona. &nbsp;  En primer lugar el piso se sitúa en una cuarta planta con orientación sur oeste con lo que goza de gran cantidad de luz directa durante todo el día. Tiene una superficie de 115 m2 donde encontramos sus 4 habitaciones todas exteriores y siendo dos de ellas dobles y dos individuales de cómodas dimensiones. Destacar que el piso cuenta con una amplia terraza practicable muy soleada con salida desde el gran salón comedor. La cocina es muy amplia y cómoda con espacio para una mesa con cuatro sillas y con salida al lavadero. La vivienda se encuentra en buenas condiciones lista para entrar a vivir si se desea. &nbsp; La ubicación es perfecta ya que estamos a escasos 50 metros de la p... ,1,161,null,null,null,115,95,Navas,null,null,null,380.000 ,3.304 €/m²,Proddigia, Ref.: 7490 ,4,null,1,Piso en venta en calle de las Navas de Tolosa,http://idealista.com/inmueble/91368133/
3,1970,  Fantástico piso esquinero totalmente exterior a tres vivientos con una magnífica terraza!  Con una ubicación inmejorable en la esquina de la calle Via Augusta con la calle Calvet una zona con muchísima vida de barrio y con todos los servicios y comercios encontramos esta maravillosa propiedad de 177m2 reformada hace pocos años con excelentes calidades.  La vivienda está distribuida con amplio recibidor un gran salón-comedor de 45m2 exterior con acceso directo a una magnifica terraza 4 dormitorios dobles totalmente exteriores (uno de los dormitorios con el baño en suite) 2 baños y un aseo.   La cocina tipo office reformada en 2016 tiene una superficie de 25m2 con muebles modernos blancos atemporales con una amplia zona de lavadero con acceso directo al ascensor de servicio.  La vivienda tiene una fantástica carpintería de aluminio... ,1,114,4,Bomba de frío/calor,null,177,null,Sant Gervasi - Galvany,1,949.000 € ,6,895.000 ,5.056 €/m²,AGENCIA INMOBILIARIA MRA, Ref.: VIA AUGUSTA ,4,Segunda mano/buen estado,1,Piso en venta en via Augusta,http://idealista.com/inmueble/90545222/
1,1900, PEU DE LA CREU; Encantador piso reformado de 65m² aprox distribuido en salón-comedor con cocina americana dos habitaciones dobles un baño con plato de ducha y balcón con salida desde la  habitación principal. La vivienda dispone de aire acondicionado con bomba de calor puertas de haya ventanas de aluminio de doble acristalamiento suelo de parquet y mosaico.  Se trata de un primer piso en finca regia con ascensor. Ideal para quien quiere vivir y disfrutar en el centro de Barcelona así como para inversión por su buena rentabilidad.  EXES le ofrece los servicios de asesoramiento y gestión para la obtención de la hipoteca.  ¡Gran oportunidad por precio y zona! ,1,181,1,Bomba de frío/calor,null,65,null,El Raval,null,209.000 € ,5,199.000 ,3.062 €/m²,EXES, Ref.: 037-5152 ,2,Segunda mano/buen estado,null,Piso en venta en calle del Peu de la Creu,http://idealista.com/inmueble/89414163/
3,1979,  Ubicada entre Tres torres y Sant gervasi Galvany una de las mejores zonas de Barcelona en una tranquila calle de una sola dirección nos encontramos esta espectacular finca moderna en perfecto estado donde está ubicado este hermoso piso completamente exterior con dos plazas amplias de parking y un trastero de buen metraje incluido en el precio. La vivienda está ubicada en una segunda planta real de altura con 325 m² y una inmejorable orientación sur-norte-este-oeste (sol de mañana y tarde) aportando luz todo el día a la vivienda.  La pieza se compone de un amplísimo salón de 45 m² completamente exterior que da salida a una agradable terraza de unos 16 m² con orientación mar.  En la actualidad dispone de 7 habitaciones todas ellas exteriores de las cuales 4 son dobles 2 medianas amplias y una individual además dispone de 3 baños... ,1,91,2,null,null,325,290,Sant Gervasi - Galvany,1,null,null,1.500.000 ,4.615 €/m²,AgenciaBCN Real Estate, Ref.: abcn9 ,6,Segunda mano/buen estado,1,Piso en venta en calle de Raset,http://idealista.com/inmueble/88654734/
3,1979, En la zona de Turó Park próximo al complejo de Piscinas y Deportes encontramos este fantástico ático a reformar de 175m² con terraza de 10m². La vivienda consta de un señorial hall de entrada desde donde accedemos a una amplia zona de día con su despacho salón y comedor. El despacho tiene salida a un balcón y el comedor a una terraza. Desde la zona de despacho accedemos a una acogedora cocina office con su zona de aguas. La zona de noche consta de tres dormitorios dobles uno de ellos en suite y con salida a la terraza dos baños completos y un dormitorio de servicio con su aseo. La propiedad es muy luminosa y dispone de unas excelentes vistas. Todo exterior a tres vientos. Finca de categoría. Se incluye en el precio una plaza de aparcamiento para coche grande La finca dispone de servicio portería y vigilancia. ,1,0,7,Gas natural,null,175,null,Sant Gervasi - Galvany,1,null,null,1.250.000 ,7.143 €/m²,Fincas Carbonell - Cimmo Carbonell Immobiliària, Ref.: V-2071 ,4,Segunda mano/para reformar,1,Ático en venta en Ganduxer,http://idealista.com/inmueble/91221574/