bathrooms,constructed_year,description,elevator,energetic_qualification_kWhm2_año,floor,heater_system,its_new,m2_build,m2_useful,neighbourhood,parking,price_down_euro,price_down_percentage,price_euro,price_m2,real_estate,ref,rooms,status,terrace,title,link
3,1925,  Casa de estilo modernista de 155 m2 construidos en 2 plantas íntegramente reformada con preciosas vistas despejadas a Montserrat rodeada de naturaleza con privacidad y tranquilidad. En la Planta Baja o Zona de Día dispone de un amplio salón-comedor de 30 m2 cocina equipada un aseo de cortesía y la Planta Superior o Zona de Noche: 3 habitaciones (1 Suite + 1HD + 1HI) y 2 baños. Así mismo dispone de 2 patios (uno de 40 m2 y otro de 20 m2) un balcón de 5 m2 garaje y trastero.  La casa se encuentra en el interior de una magnífica finca exclusiva de 15.000 m2 en la falda del Tibidabo. Se trata de una esplendida finca colonial de monjes del Tibidabo que albergó alrededor de los años sesenta a los niños del coro del Templo Las casas originales están fechadas en 1925. Cada una de las casas tienen un jardín privativo y jardines comunita... ,null,0,null,null,null,155,null,Sarrià-Sant Gervasi,1,null,null,685.000 ,4.419 €/m²,Coldwell Banker Llebrenc Coldwell Banker Llebrenc, Ref.: 4263 ,3,Segunda mano/buen estado,1,Casa o chalet independiente en venta en Vallvidrera - El Tibidabo i les Planes,http://idealista.com/inmueble/82296029/
1,1920, Coldwell Banker Llebrenc les presenta esta bonita y unica vivienda de 116 m2 de superficie construida con jardín y terraza en el barrio de Tibidabo de Barcelona.  Situada en la planta baja de una finca con dos plantas dispone de 2 habitaciones dobles con armarios empotrados 1 habitación individual y 1 baño completo un salón con chimenea de 20 m2 un comedor de 14 m2 y una cocina con lavadero y salida a la terraza. Suelos de parquet y cerámicos calefacción a gas y vidrios dobles. Posibilidad de estacionamiento en la vía pública.  La vivienda tiene orientación suroeste y se encuentra ubicada en una zona urbana privada cerca de la iglesia y del parque de atracciones del Tibidabo rodeada de naturaleza y tranquilidad.   Situada a 350 metros de la parada de bus del Barri 111 que enlaza con la parada del Funicular de Vallvidrera Superior y cerca del Funicular del Tibidabo. ,null,249,null,Gas natural,null,116,null,Sarrià-Sant Gervasi,null,null,null,399.000 ,3.440 €/m²,Coldwell Banker Llebrenc Coldwell Banker Llebrenc, Ref.: 3171 ,3,Segunda mano/buen estado,1,Chalet adosado en venta en Urb. TIBIDABO Vallvidrera - El Tibidabo i les Planes,http://idealista.com/inmueble/89103107/
3,1990,  Coldwell Banker Llebrenc les presenta en exclusiva esta magnífica vivienda unifamiliar de tres plantas con jardín y piscina. Dispone de una superficie construida de 220 m2 distribuidos en tres plantas con 5 habitaciones 3 baños varias terrazas jardín privado y piscina. Ubicada en el Barrio de Can Rectoret rodeada de un entorno natural privilegiado y tranquilo con vistas únicas sobre Collserola y el Vallés.    En la planta baja encontramos un amplio hall de entrada una habitación individual la cocina office equipada y un baño.     A través de unas escaleras se accede al salón con chimenea y salida a una magnífica terraza donde poder disfrutar de las vistas la naturaleza la tranquilidad y el entorno privilegiado des esta casa. Subiendo en la entreplanta encontramos una gran habitación actualmente habilitada como despacho y un baño... ,null,0,null,null,null,220,null,Sarrià-Sant Gervasi,1,null,null,650.000 ,2.955 €/m²,Coldwell Banker Llebrenc Coldwell Banker Llebrenc, Ref.: 4318 ,5,Segunda mano/buen estado,1,Casa o chalet independiente en venta en Vallvidrera - El Tibidabo i les Planes,http://idealista.com/inmueble/89059714/
4,2003, Magnífica casa de 304 m2 construidos en una parcela de 520 m2 dividida en Pta. Baja + 3 con un jardín de 200 m2 y garaje para 3 coches en Mas Sauró en un entorno natural privilegiado.  Desde la entrada se accede a un amplio salón-comedor con chimenea muy luminoso con grandes ventanas y salida a una terraza con vistas a la montaña. La misma planta contiene una amplia cocina-office equipada y un aseo de cortesía.    En la planta inferior de la vivienda se encuentra la zona de noche que dispone de 4 dormitorios (1 Suite + 2 dobles + 1 individual) 2 baños completos y una terraza con vistas a la montaña.     En la planta superior se encuentra una sala polivalente con chimenea y salida a una terraza con maravillosas vistas del parque de Collserola y Tibidabo.    El inmueble cuenta con placas solares para una mayor eficiencia energética.   Ubicada a 2 minutos de la parada del bus del barrio 118 y a 700 metros de la Estación del Baixador de Vallvidrera de los FGC con alta frecuencia de trenes que enlaza con el centro de Barcelona en 15 minutos y también con Sant Cugat Sabadell o Terrassa. ,null,207,null,Calefacción individual,null,304,null,Sarrià-Sant Gervasi,1,null,null,675.000 ,2.220 €/m²,Coldwell Banker Llebrenc Coldwell Banker Llebrenc, Ref.: 4307 ,4,Segunda mano/buen estado,1,Casa o chalet independiente en venta en Vallvidrera - El Tibidabo i les Planes,http://idealista.com/inmueble/87817365/
4,1995,  Espectacular casa de diseño de estilo contemporáneo de 350 m2 en Vallvidrera en una parcela de 775 m2 con jardín piscina y garaje con 5 habitaciones 2 de ellas Suite y 4 baños.  La casa esta dividida en 4 alturas con acceso desde el garaje o desde el salón inferior. En la planta superior encontramos un gran salón biblioteca luminoso con grandes ventanles suelos de parquet y estanterias de diseño.    En las entrepantas la casa dispone de 2 grandes suites muy luminosas con grandes ventanales y espaciosas una de ellas dispone de un gran vestidor. También dispone de 2 habitaciones individuales y un gran trastero.     En la planta inferior se encuentra la cocina independiente con despensa y acceso al jardín con una gran terraza y una zona de vestidor y ducha. En la misma planta encontramos el comedor con aseo y un gran salón con dos ... ,null,165,null,null,null,354,null,Sarrià-Sant Gervasi,1,null,null,1.600.000 ,4.520 €/m²,Coldwell Banker Llebrenc Coldwell Banker Llebrenc, Ref.: 4306 ,5,Segunda mano/buen estado,1,Casa o chalet independiente en venta en Vallvidrera - El Tibidabo i les Planes,http://idealista.com/inmueble/87501391/
2,1945,  Maravillosa casa de 2 plantas más buhardilla con muchas posibilidades y espectaculares y únicas vistas a Barcelona y al mar en una gran parcela. Se trata de una espectacular finca con muchísimas posibilidades. La superficie de la vivienda son 278 m2 construidos incluyendo un anexo de 52 en un terreno de 1872 m2 de los cuales 1018 m2 son edificables. Casa lista para entrar a vivir y con posibilidades de ampliación.     En la planta Baja o zona de día encontramos una cocina abierta office salón comedor más despensa y acceso directo a terraza con vistas panorámicas a Barcelona a la montaña y al mar.     La planta primera o zona de noche dispone de 3 habitaciones dobles con armarios y ventanales con magníficas vistas y dos baños completos. Suelos de parquet en toda la planta. En la planta segunda se accede a una gran buhardilla o zona po... ,null,209,null,Gas natural,null,278,null,Sarrià-Sant Gervasi,1,null,null,995.000 ,3.579 €/m²,Coldwell Banker Llebrenc Coldwell Banker Llebrenc, Ref.: 4321 ,3,Segunda mano/buen estado,1,Casa o chalet independiente en venta en Vallvidrera - El Tibidabo i les Planes,http://idealista.com/inmueble/85231263/
2,null,  Fantástico piso exterior de 139 m2 en una finca en buen estado con ascensor a menos de cinco minutos del Port Olímpic. La vivienda orientada al noreste está muy bien conservada con baños y cocina reformadas hace poco tiempo. Amplio salón comedor con grandes ventanales que permiten la entrada de mucha luz natural. Luminosa cocina equipada independiente con zona office para las comidas más ligeras. La zona de noche consta de 4 dormitorios dobles exteriores con armarios empotrados y 2 baños uno con bañera y otro con plato de ducha. Al final del pasillo hay salida a una acogedora terraza de 3 m2. Suelos de parqué. Amueblado. Aire frío y calor por conducto. Radiadores. Plaza parking en una finca cercana opcional. La ubicación de la vivienda también es excelente en segunda línea de mar en Villa Olímpica un barrio joven que nació como al... ,1,0,3,null,null,139,null,Sant Martí,null,null,null,698.000 ,5.022 €/m²,Walter Haus, Ref.: 2707V ,4,Segunda mano/buen estado,1,Piso en venta en La Vila Olímpica del Poblenou,http://idealista.com/inmueble/85239907/
2,null, Piso situado a 5 minutos de Plaza España!  Cuenta con una superficie de 80m² distribuidos en 4 dormitorios amplios cocina independiente del salón comedor galería 1 lavabo completo y 1 aseo de cortesía.  *FOTOS PROXIMAMENTE*  En una de las mejores zonas de Barcelona con todo tipo de comercios y servicios como colegios parques restaurantes centro comercial y centros médicos. Excelente comunicación con parada de metro L1 Hostafrancs a pocos minutos de la parada Plaza España de ferrocarriles de catalunya y distintas lineas de autobús. A pocos minutos del Montjuic!  Si quieres más información o concertar tu visita ¡ Llámanos!  Si deseas conocer el valor de tu inmueble para venderlo no dudes en consultarnos realizamos valoraciones gratuitas. ,1,322,1,null,null,80,null,Hostafrancs,null,null,null,290.000 ,3.625 €/m²,La Casa Agency, Ref.: HOSTAFRANCS ,4,Segunda mano/buen estado,null,Piso en venta en 26 DE ENERO s/n,http://idealista.com/inmueble/91652875/
1,1966,  Vivienda situada en el corazón de Sant Martí cerca del Mercado de Sant Martí. Piso de 87 metros construidos 76 metros útiles consta de amplio salón-comedor 3 habitaciones cocina baño completo. Todo exterior. 10º de altura orientado al mar. Suelos de parquet y cerramientos de aluminio con doble climalit. Bien comunicado con las líneas de Metro: (L2 Sant Martí). Cercano a TRAM Sant Martí metro ( L4 Besós) (La Pau L2-L4) y las diferentes líneas de Bus: V29 - H10 - H12 - 60- 33 - B24 - B23 - B25. Fácil y buen acceso a rondas.  A 15 minutos de la playa y del Campus Universitario Forúm. A 10 minutos de los centros comerciales Diagonal Mar y Glories.  ¿TE LO VAS A PERDER? Ven a visitarlo contáctanos y solicita tu visita.  Si deseas concertar una asesoría financiera de manera totalmente gratuita no dudes en contactar con nosotros. Tam... ,1,0,10,null,null,87,null,La Verneda i la Pau,null,null,null,240.000 ,2.759 €/m²,Punt Sagrada Familia, Ref.: aleandr240sm ,3,Segunda mano/para reformar,null,Piso en venta en calle d'Andrade,http://idealista.com/inmueble/91656229/
1,1971, Piso situado en el Barrio de Sagrada Familia muy cercano a todo tipo de comercios hospital de Sant Pau colegios CC Les Glorias. Muy bien comunicado con la línea 5 (Azul) y línea 2 (Morada) parada de Sagrada Familia y con diversas líneas de autobuses.  La finca es del 1971 dispone de ascensor siendo una sexta planta de altura real.  El piso tiene 6 m² construidos distribuidos en tres habitaciones una de ellas doble una mediana y una individual salón comedor con un pequeño balcón cocina independiente y un baño completo.  No pierdas la oportunidad de venir a verlo.  RESERVALO YA!  *Honorarios registro gestoría notaría no incluidos en el precio. . ,1,115,6,Bomba de frío/calor,null,66,null,La Sagrada Família,null,null,null,270.000 ,4.091 €/m²,Aureli Sanchez, Ref.: Padilla.JERI ,3,Segunda mano/buen estado,null,Piso en venta en calle Padilla,http://idealista.com/inmueble/91653714/
1,1972,  ¡Espléndido piso exterior en venta en Avinguda del Paral·lel Barcelona!  Presentamos este amplio piso exterior situado en una luminosa quinta planta con altura real de sexta en buena finca con ascensor cámaras de seguridad y acceso a personas con movilidad reducida.  Tiene una superficie de 114 metros cuadrados construidos de los cuales 104 son útiles. Cuenta con 3 habitaciones y 1 baño.  La vivienda está en buen estado de conservación y se ha actualizado hace 5 años renovándose la carpintería ventanas la cocina y el baño. En origen eran 4 habitaciones y ahora son 3 para ganar espacios más amplios.  Se distribuye en hall recibidor luminoso salón comedor con salida a una terraza con agradables vistas cocina equipada con electrodomésticos con el horno y microondas en columna y con terraza tendedero un baño completo con plato d... ,1,0,5,null,null,114,104,El Poble Sec - Parc de Montjuïc,1,null,null,410.000 ,3.596 €/m²,GDC Patrimonio, Ref.: BAR-1731600 ,3,Segunda mano/buen estado,1,Piso en venta en avenida del Paral·lel,http://idealista.com/inmueble/91649989/
2,2000, Piso en la calle Fluvià Diagonal Mar Este fantástico piso de 3 dormitorios (uno de ellos en suite) y dos baños se encuentra en la segunda planta de una finca del 2000 muy tranquila y familiar.  La propiedad tiene doble orientación NE y SO todas las estancias son completamente exteriores y tanto la cocina-office como el salón comedor tienen acceso a una agradable y soleada terraza de 10m2.  Los 3 dormitorios tienen salida a un pequeño balcón perimetral a la fachada.  El piso se vende amueblado y con una plaza de parking en la misma finca.  No pierdas la oportunidad de vivir en una de las mejores zonas de Barcelona cerca de la playa colegios comercios centro comercial y restaurantes.  &nbsp;. ,1,130,2,Gas natural,null,99,73,Diagonal Mar i el Front Marítim del Poblenou,1,null,null,445.000 ,4.495 €/m²,aProperties Real Estate Barcelona, Ref.: VB2011004 ,3,Segunda mano/buen estado,1,Piso en venta en calle de Fluvià,http://idealista.com/inmueble/91643121/
2,1900,  Excepcional piso clásico en perfecto estado situado en la primera planta (segundo real) de una finca señorial con ascensor en el corazón del codiciado Cuadrado de Oro del Eixample Derecho de Barcelona en una zona llena de servicios y tiendas. En la renovación se han conservado elementos originales de época como los techos altos las molduras las puertas antiguas de madera y los suelos hidráulicos.     El piso consta de un amplio espacio de día formado por un acogedor salón con chimenea que comunica con una terraza orientada al sureste con unas vistas muy bonitas a los típicos patios interiores del Eixample un comedor con galeria una cocina abierta que comparte espacio con el comedor y un estudio. La zona de noche consta de dos dormitorios dobles amplios con balcón con vistas a la calle y orientación noreste (sol de mañana) un dorm... ,1,273,1,Gas natural,null,117,108,La Dreta de l'Eixample,null,null,null,655.000 ,5.598 €/m²,Vivendex, Ref.: V00272-FOXM1 ,4,Segunda mano/buen estado,1,Piso en venta en calle de Girona,http://idealista.com/inmueble/91640924/
2,1930, Este piso se encuentra en Avinguda de Sarrià 08029 Barcelona situado en el distrito de les corts en la planta 5. Es un piso luminoso y soleado construido en el año 1930 que tiene 90 m2 de los cuales 85 m2 son útiles y dispone de 3 habitaciones y 2 baños.  Se trata de un inmueble interior y céntrico. Dispone de balcón cocina amueblada ascensor cocina equipada aire acondicionado y calefacción central y tiene pintura lisa ventanas de madera y buen estado.   El equipo de La Meva Llar estará encantado de ayudarte para que puedas sentirte como en casa a la hora de realizar tu compra o tu alquiler. Valoramos tu casa Encuentra más en. ,1,0,5,null,null,90,85,La Nova Esquerra de l'Eixample,null,null,null,490.000 ,5.444 €/m²,La Meva Llar, Ref.: sarria ,3,Segunda mano/buen estado,null,Piso en venta en avenida de Sarrià,http://idealista.com/inmueble/91598184/
2,null, PISO PARA ESTRENAR EN EL EIXAMPLE IZQUIERDO  Moderno apartamento exterior ubicado en el Eixample Izquierdo uno de los barrios más tradicionales de Barcelona.  Está rodeado por principales vías de acceso: La Av. Diagonal la Av. Josep Tarradellas la Av. Sarrià y la calle del Comte d’Urgell.  Muy cerca encontramos la Plaza Francesc Macià el Corte Inglés y el Centro Comercial L’illa Diagonal.  Esta zona residencial de Barcelona cuenta con una gran variedad de colegios parques infantiles supermercados restaurantes lugares de ocio y comercios.  Muy bien comunicado con líneas de metro autobús tranvía y estaciones de Bicing.  Disponemos de un apartamento exterior para estrenar de 84 m2.  Consta de: Salón-comedor cocina office dos habitaciones dobles dos baños gas calefacción aire acondicionado lavadero ascensor y portero.  La reforma está hecha con acabados de alta calidad y cuidando cada detalle.  El apartamento recibe sol durante toda la tarde.   Listo para entrar a vivir. ,1,0,1,Calefacción individual,null,84,null,L'Antiga Esquerra de l'Eixample,null,null,null,630.000 ,7.500 €/m²,Letsgocasa, Ref.: LG00523 ,2,Segunda mano/buen estado,null,Piso en venta en avenida de Josep Tarradellas,http://idealista.com/inmueble/86798637/
1,1969, La Casa Agency vende piso situado en calle BAC DE RODA cercano a comercios transporte público (H10 33 B24 H12 L2 Bac de Roda y Tranvía) supermercados (Lidl Mercadona Condis Día y BonArea) Colegios y centro comerciales (Diagonal Mar y Glories) y Poblenou.  Vivienda distribuida en 4 dormitorios dobles baño completo cocina office independiente salón comedor exterior y balcon.   Si desea asesoramiento financiero disponemos de un departamento hipotecario como también le ofrecemos una valoración profesional y gratuita. Si está buscando un nuevo hogar en una de las zonas más exclusivas de San Martí ésta es sin duda una gran oportunidad. No dude en contactarnos para más información.  *Los gastos propios de notaria gestoría registro y honorarios de agencia están no incluidos en el precio. Consúltenos. ,1,0,2,null,null,100,null,Sant Martí de Provençals,null,279.000 € ,7,259.000 ,2.590 €/m²,ESTUDI SOL DE MAYO S.L., Ref.: IV-3 ,4,Segunda mano/para reformar,null,Piso en venta en calle de Bac de Roda,http://idealista.com/inmueble/90810308/
1,1975, Vivienda situada en la magnifica Gran Vía de les Corts Catalanes de 63mts2 utiles. Distribuida en tres dormitorios un baño completo cocina independiente con salida a lavadero cómodo saló - comedor con salida a un largo y deseado balcón. Finca con ascensor.  Muy bien situado cercano a la playa centros comerciales (15 andando al Centro Comercial Glories) transporte públicos (H12 tranvía L2 Sant Martí 33 B24 y H10)  Disponemos del departamento financiero que ofrece asesoramiento de hipotecas totalmente gratuito. Y si desea vender su vivienda le ofrecemos una valoración profesional y gratuita.  * En el precio de venta no se incluyen los honorarios de agencia gastos notariales gestoría o registro para más información contáctenos ´. ,1,192,8,null,null,73,63,Provençals del Poblenou,null,245.000 € ,4,235.000 ,3.219 €/m²,ESTUDI SOL DE MAYO S.L., Ref.: FR-2 ,3,Segunda mano/buen estado,null,Piso en venta en Gran Vía de les Corts Catalanes,http://idealista.com/inmueble/89679303/
2,1963, REF: O-AL249.5 Precioso Duplex con vistas despejadas orientación mar y montaña. Primera planta de: Cocina office aseo salón y balcón y galería. Segunda Planta: 4 habitaciones 2 dobles y 2 medianas 1 baño completo y galería. Calefacción en todos los ambientes suelos de gres carpintería de aluminio y puertas de madera maciza. Muy bien comunicado fácil acceso a Rondas Metro L4 Besós Tranvía Besós Metro L2 y L4 La Pau. Línea de autobuses: H12 60 H10 33 B24 VN6 N8 y Bicing. A 10 minutos de los C. C. Diagonal Mar y Glorias. y de la próxima estación del Ave de Sagrera. A 15 minutos de la playa y del Campus Universitario. Zona en auge por el gran desarrollo urbanístico que le rodea. *Impuestos gastos de notaría gestoría registro y honorarios de intermediación financiera no incluidos en el precio**. ,1,307,6,Calefacción individual,null,148,128,Sant Martí,null,null,null,249.500 ,1.686 €/m²,LA CASA AGENCY, Ref.: O-AL249.5 ,4,Segunda mano/buen estado,null,Dúplex en venta en La Verneda i la Pau,http://idealista.com/inmueble/91656862/
2,1880, Piso majestuoso en el corazón del gótico. Finca regia del s. XVIII en perfecto estado de conservación.  Reformado integramente según proyecto de estudio de arquitectos. Con una superficie de 81m² construidos y 76m² útiles comprobados dispone de 1 dormitorio muy amplia de 20m² en suite con baño y amplio vestidor con la posibilidad de obtener una segunda habitación. Vivienda con mucho encanto y balcón con salida a calle Santa Anna. Las principales características de esta preciosa vivienda son la altura de sus techos con bóveda catalana suelos hidráulicos originales salón independiente exterior a calle carpintería de aluminio con aislamiento térmico y acústico aire acondicionado frío y calor amplia cocina abierta al salón totalmente equipada (electrodomésticos BOSCH). ,0,229,null,Eléctrica,null,81,76,Ciutat Vella,null,null,null,430.000 ,5.309 €/m²,Singular Properties, Ref.: SP111TV ,1,Segunda mano/buen estado,null,Piso en venta en El Gòtic,http://idealista.com/inmueble/90576929/
3,1993,  Coldwell Banker Llebrenc les presenta en exclusiva esta magnífica vivienda unifamiliar de tres plantas con tres terrazas. Dispone de una superficie construida de 160 m2 distribuidos en tres plantas con 5 habitaciones dos de ellas Suite 3 baños y 1 aseo. Ubicada en el distrito de Horta-Guinardó rodeada de todo tipo de servicios y transporte público.  En la planta baja encontramos un espléndido salón comedor con aire acondicionado una chimenea suelos de marmol y carpinteria noble con un gran y luminoso ventanal de aluminio y vidrios dobles que da acceso a una amplia terraza de 60 m2 donde poder disfrutar de agradables veladas con la familia o los amigos. En la misma planta se encuentra la cocina office equipada con nevera lavavajillas horno microondas con encimera de mármol. Por último en la misma planta la vivienda dispone de un ... ,null,0,null,null,null,160,null,Horta Guinardó,null,null,null,595.000 ,3.719 €/m²,Coldwell Banker Llebrenc Coldwell Banker Llebrenc, Ref.: 4324 ,5,Segunda mano/buen estado,1,Chalet pareado en venta en La Font d'En Fargues,http://idealista.com/inmueble/90473514/
2,null, Este magnífico piso de 107 m² se presenta reformado en la planta principal de un elegante edificio modernista rehabilitado en 2001 ubicado en el centro del Eixample con un amplio espacio exterior y piscina privada. Su orientación garantiza una paz y tranquilidad totales lo que proporciona un oasis privado en una ubicación muy céntrica ya que se encuentra muy cerca de Paseo de Gràcia y de la Rambla Catalunya. El piso también dispone de mucho mobiliario hecho a medida.   La vivienda se distribuye en un espacioso salón-comedor con una cocina semi integrada y una zona de estudio. También cuenta con 2 confortables dormitorios uno individual (que actualmente se destina a vestidor) y el otro doble un aseo de cortesía y 2 baño completos uno de los cuales es privado para el dormitorio doble.   Pero sin duda el piso destaca por su increíble terraza de 120 m² &nbsp;una pérgola ideal para relajarse y comer al aire libre. A continuación unas escaleras bajan a una fantástica piscina entarimada ideal para refrescarse en verano y al lado se presenta una zona de invitados que dispone de un baño completo propio.   Póngase en contacto con nosotros para visitar este exclusivo piso con piscina privada en pleno centro de Barcelona. ,1,0,null,null,null,142,null,Eixample,null,null,null,850.000 ,5.986 €/m²,Lucas Fox Barcelona, Ref.: BCN5366 ,2,Segunda mano/buen estado,1,Piso en venta en La Dreta de l'Eixample,http://idealista.com/inmueble/90304054/
3,null,  Este fabuloso dúplex situado en Pedralbes se ha renovado por completo en octubre de 2017 con materiales de la mejor calidad. Se presenta nuevo a estrenar en un edificio de 4 plantas con 2 propiedades y 2 plantas subterráneas para plazas de aparcamiento y trasteros.   Esta elegante propiedad de lujo ofrece un espacioso salón-comedor acristalado que da a un jardín soleado de 102 m² que a su vez da a la zona comunitaria y a la piscina. El salón comunica con una cocina fantástica completamente equipada con electrodomésticos Gaggenau.   La zona de noche en la planta baja incluye 2 dormitorios dobles uno principal con cuarto de baño privado y vestidor y el otro con un cuarto de baño privado ambos con acceso a un bonito jardín.   En la planta baja hay una inmensa sala polivalente que puede usarse como sala de televisión sala de juegos o ... ,1,0,null,null,null,264,null,Sarrià-Sant Gervasi,1,null,null,2.200.000 ,8.333 €/m²,Lucas Fox Barcelona, Ref.: BCN7721 ,3,Segunda mano/buen estado,1,Piso en venta en Sarrià,http://idealista.com/inmueble/38636508/
2,null,  Piso con terraza en venta en Eixample Esquerra Barcelona Fantástico piso alto de 140 m2 con vistas panorámicas en una finca con ascensor junto a la Plaza Francesc Macià. La vivienda está de origen pero sus características y ubicación son excelentes. Muy luminoso al ser un piso alto exterior y con doble orientación. Sol de mañana y de tarde. Se distribuye en un diáfano salón comedor con salida a la terraza. Espaciosa cocina independiente con acceso a galería. Tiene 4 habitaciones dobles con salida a la terraza y 2 baños completos. Armarios empotrados. Suelos de parqué. Calefacción por radiadores. Opción a comprar 2 plazas de parking para coche y 1 para motocicleta en el mismo edificio con acceso desde el ascensor.  El piso está en una excelente ubicación en Eixample Esquerra. A pocas calles de la plaza Francesc Macià. Rodeado de tod... ,1,0,11,null,null,140,null,Eixample,null,null,null,775.000 ,5.536 €/m²,Walter Haus, Ref.: 3060V(1) ,4,Segunda mano/buen estado,1,Piso en venta en L'Antiga Esquerra de l'Eixample,http://idealista.com/inmueble/89416170/
3,null,  Piso en venta en Eixample Esquerra Barcelona Fantástico piso de 135 m2 en una finca clásica con ascensor cerca de la gastronómica calle Enric Granados. La vivienda está reformada a estrenar conservando elementos originales como los techos altos con molduras y los preciosos suelos hidráulicos. Doble orientación a este a calle y oeste a patio de manzana. Se distribuye en un luminoso y diáfano salón comedor con grandes ventanales. Moderna cocina independiente equipada. La zona de noche consta de 2 habitaciones dobles y 1 individual 2 baños con plato de ducha y 1 aseo de cortesía. El principal es en suite y desde él y otra habitación hay acceso a una galería cerrada climatizada. Armarios empotrados. Aire frío / calor por conductos. Calefacción por radiadores. La vivienda está muy bien situada en l’Antiga Esquerra de l'Eixample cerca d... ,1,0,1,null,null,135,null,Eixample,null,null,null,639.000 ,4.733 €/m²,Walter Haus, Ref.: 2908v ,3,Segunda mano/buen estado,null,Piso en venta en L'Antiga Esquerra de l'Eixample,http://idealista.com/inmueble/88655682/
3,1987, Impecable piso en venta en Diagonal esquina Numancia. Piso muy alto de aproximadamente 145m2 más terraza de 25m2 aprox. Un total de 4 habitaciones y 3 baños. 1 habitación en suite 3 habitaciones con un baño completo y un baño de cortesía. Su excelente ubicación la amplitud de sus vistas y su altura aportan gran luminosidad a todas sus estancias. Incluye una amplia plaza de aparcamiento en la misma finca. Para más información o realizar una visita no dude en contactar con nosotros. ,1,0,7,Gas natural,null,157,null,Les Corts,1,null,null,1.100.000 ,7.006 €/m²,MG Grupo Inmobiliario, Ref.: VA1625 ,4,Segunda mano/buen estado,1,Piso en venta en avenida Diagonal,http://idealista.com/inmueble/91651861/
4,1980, GRAN PISO EN VENTA MUY LUMINOSO EN SANT GERVASI SARRIA - Barcelona   Piso en Barcelona zona Sant Gervasi - Galvany 260 m. de superficie 15 m2 de terraza 4 habitaciones dobles y 2 habitaciones sencillas 4 baños cocina equipada carpinteria interior de madera orientación norte gres carpintería exterior de aluminio / climalit. Extras: agua armarios empotrados ascensor balcón bar bomba frío y calor calefacción chimenea conserje despensa gas ciudad lavandería línea telefónica luminoso luz muebles ojos de buey t. v.  terraza trastero autobuses árboles céntrico centros comerciales centros médicos colegios golf hospitales metro parques supermercados tren vistas despejadas zona de paso zonas infantiles  Venta: 1150000 €. ,1,0,2,Bomba de frío/calor,null,259,229,Sant Gervasi - Galvany,null,null,null,1.150.000 ,4.440 €/m²,NICE PROPERTIES BCN, Ref.: 1809-BO ,6,Segunda mano/buen estado,1,Piso en venta en calle de Tavern,http://idealista.com/inmueble/91639988/
1,1960, Piso de 3 habitaciones en el Besós  Ideal tanto para vivir como para inversión.  La vivienda tiene una superfície de 67m2. Distribuidos en un amplio recibidor con ventana exterior que da paso al comedor también exterior y muy luminoso. La cocina es amplia e independiente que se accede desde el comedor.   Dispone de 3 habitaciones una de ellas interior y las otras 2 con ventana. Un baño y lavadero.  Todas paredes son tabiques que se pueden quitar ideal para redistribuir si es necesario.  El edificio es de 1960 no dispone de ascensor y la zona común esta en muy buen estado.  Carpintería exterior de aluminio y doble cristal.  Transporte público: Lineas 2 y 4 de metro y buses: H12 y V33  ¡Para entrar a vivir inmediatamente!  El precio de venta no incluye los impuestos que se deriven de la compraventa gastos notariales registrales y gestoría que legalmente correspondan. ,0,0,1,null,null,67,null,El Besòs,null,114.000 € ,4,110.000 ,1.642 €/m²,Ir-080 Real Estate, Ref.: J282 ,3,Segunda mano/buen estado,null,Piso en venta en calle de Narbona,http://idealista.com/inmueble/88131686/
1,1951,  Estupendo piso con terraza en Horta-Guinardó  Housfy de particular a particular sin comisiones de agencia.   Piso en Baix Guinardó Barcelona una vivienda luminosa y ubicada en un entorno idóneo para disfrutarlo.   Características:  - Admirable piso de 85 m2 en El Baix Guinardó reformado integralmente en 2018. (Los metros cuadrados están verificados con la Dirección General de Catastro) - Podemos disfrutar de 3 habitaciones (las 3 dobles) y 1 baño perfecto para una familia. - Cálido salón de 23m2 con chimenea que es un lugar perfecto para descansar tras una jornada de trabajo donde disfrutar de tu familia. - Terraza comunitaria. - Con una práctica cocina con todo lo necesario reformada integralmente en 2018. - Baño reformado integralmente en 2018. - Puerta de entrada de seguridad blindada. - El estudio como los dos áticos del edif... ,1,261,null,null,null,85,null,El Baix Guinardó,null,null,null,315.000 ,3.706 €/m²,Housfy Real Estate CAT, Ref.: 269452 ,3,Segunda mano/buen estado,null,Piso en venta en calle de Praga 18,http://idealista.com/inmueble/90016751/
1,null, Referencia: 145VE323SAC1P Piso en venta en Barcelona. Acogedor apartamentocerca de la Sagrada Familia. Piso de 84m2 construidos. Dispone de un salón comedor exterior una habitación doble interior dos habitaciones individuales interiores baño y aseo independiente cocina independiente equipada y un pequeño trastero. Se trata de una fantástica oportunidad para cliente finalista o inversor. No deje de contactarnos para concertar una visita o recibir más información. '. ,1,0,null,null,null,84,76,La Sagrada Família,null,null,null,299.000 ,3.560 €/m²,ShBarcelona, Ref.: 145VE323SAC1P ,3,null,null,Piso en venta en calle de los castillejos,http://idealista.com/inmueble/36181574/
2,1940, En el centro del popular y atractivo barrio del Poble Sec a pocos pasos de la Avinguda Paralel y el emblemático Molino y rodeado de gran oferta cultural y gastronómica encontramos esta encantadora vivienda con una reforma de excelente calidad y gusto exquisito completamente amueblada equipada y lista para entrar a vivir. Es un piso alto y luminoso que se distribuye en un amplio salón comedor cocina abierta y totalmente equipada con electrodomésticos de alta gama. Una habitación doble en suite con armarios empotrados completamente vestidos y una zona de despacho. Baño con ducha. La segunda habitación es individual grande con armarios empotrados y salida a un balcón. La vivienda dispone además del derecho de uso de una agradable terraza comunitaria en la azotea con espectaculares vistas. Carpintería exterior con climalit suelo de micro cemento calefacción y aire acondicionado por conductos. Techos con bóveda catalana. Reforma con materiales de primera calidad realizada por una decoradora de prestigio. La finca dispone de ascensor. Cerca de transporte público y perfecto para disfrutar y vivir Barcelona.. ,1,204,2,null,null,88,75,El Poble Sec - Parc de Montjuïc,null,null,null,395.000 ,4.489 €/m²,Gloria Belil Roger, Ref.: GVVF7 ,2,Segunda mano/buen estado,null,Piso en venta en calle d'En Fontrodona,http://idealista.com/inmueble/84023753/