bathrooms,constructed_year,description,elevator,energetic_qualification_kWhm2_año,floor,heater_system,its_new,m2_build,m2_useful,neighbourhood,parking,price_down_euro,price_down_percentage,price_euro,price_m2,real_estate,ref,rooms,status,terrace,title,link
2,null,  Te imaginas unas viviendas diseñados para disfrutar viviendo con todos los servicios con energía eficiente con mucha luz pisos espaciosos y muy tranquilos sin salir de casa? Lo estamos haciendo para ti y dotados de piscina y espacioso solárium. Todo lo que necesitas!  Estamos haciendo unas viviendas donde podrás vivir y respirar tranquilidad y donde compartir con la familia y amigos en su amplio salón y sus terrazas individuales. Pisos totalmente exteriores: los dormitorios el salón y la cocina dan a la terraza. Dotado para disfrutar de zona comunitaria y piscina.  El edificio eco eficiente y accesible cuenta con una cubierta comunitaria con piscina y vistas espectaculares una entrada desde la misma plaza Guinardó. para persona y coches 3 plantas bajas dúplex (dos con patio) 8 viviendas distribuidas en cuatro plantas de altura ... ,1,0,1,null,Obra nueva,115,98,El Guinardó,null,555.000 € ,11,495.000 ,4.304 €/m²,PROVALIX GUINARDO .S.L., Ref.: 1º 2ª ,3,Promoción de obra nueva,1,Piso en venta en plaza Guinardó 10,http://idealista.com/inmueble/90710782/
1,null,  Te imaginas unas viviendas diseñados para disfrutar viviendo con todos los servicios con energía eficiente con mucha luz pisos espaciosos y muy tranquilos sin salir de casa? Lo estamos haciendo para ti y dotados de piscina y espacioso solárium. Todo lo que necesitas!  Estamos haciendo unas viviendas donde podrás vivir y respirar tranquilidad y donde compartir con la familia y amigos en su amplio salón y sus terrazas individuales. Pisos totalmente exteriores: los dormitorios el salón y la cocina dan a la terraza. Dotado para disfrutar de zona comunitaria y piscina.  El edificio eco eficiente y accesible cuenta con una cubierta comunitaria con piscina y vistas espectaculares una entrada desde la misma plaza Guinardó. para persona y coches 3 plantas bajas dúplex (dos con patio) 8 viviendas distribuidas en cuatro plantas de altura ... ,1,0,0,null,Obra nueva,105,88,El Guinardó,null,435.000 € ,9,395.000 ,3.762 €/m²,PROVALIX GUINARDO .S.L., Ref.: Bajos 1º ,0,Promoción de obra nueva,null,Dúplex en venta en plaza Guinardó 10,http://idealista.com/inmueble/90709777/
2,null,  Te imaginas unas viviendas diseñados para disfrutar viviendo con todos los servicios con energía eficiente con mucha luz pisos espaciosos y muy tranquilos sin salir de casa? Lo estamos haciendo para ti y dotados de piscina y espacioso solárium. Todo lo que necesitas!  Estamos haciendo unas viviendas donde podrás vivir y respirar tranquilidad y donde compartir con la familia y amigos en su amplio salón y sus terrazas individuales. Pisos totalmente exteriores: los dormitorios el salón y la cocina dan a la terraza. Dotado para disfrutar de zona comunitaria y piscina.  El edificio eco eficiente y accesible cuenta con una cubierta comunitaria con piscina y vistas espectaculares una entrada desde la misma plaza Guinardó. para persona y coches 3 plantas bajas dúplex (dos con patio) 8 viviendas distribuidas en cuatro plantas de altura ... ,1,0,0,null,Obra nueva,104,84,El Guinardó,null,480.000 € ,8,440.000 ,4.231 €/m²,PROVALIX GUINARDO .S.L., Ref.: Bajos 2ª ,2,Promoción de obra nueva,null,Dúplex en venta en plaza Guinardó 10,http://idealista.com/inmueble/90710185/
3,1996, Zona privilegiada próximo a los principales colegios de la zona alta. Finca joven. Ático con vistas despejadas terrazas. Perfecto estado de conservación. 230 m2 + 115 m2 de terrraza. 2 plazas de aparcamiento y zona comunitaria con piscina. ,1,0,8,Gas natural,null,230,null,Sant Gervasi - Galvany,1,null,null,1.980.000 ,8.609 €/m²,MG Grupo Inmobiliario, Ref.: VA1578 ,3,Segunda mano/buen estado,1,Ático en venta en via augusta,http://idealista.com/inmueble/90123309/
3,1900,  Espectacular piso de finales del siglo XIX de estilo modernista completamente reformado ubicado a pocos pasos de lugares emblemáticos de Barcelona como La Pedrera Paseo de Gracia o La Casa de les Punxes. Cuenta con una superficie de 351 m2 distribuidos desde un recibidor hacia un amplio comedor un salón con acceso a galería y terraza cocina independiente totalmente equipada (con horno nevera lavavajillas y microondas) un dormitorio doble con salida a patio uno en suite con baño gran vestidor y acceso a galería acristalada y balcón. Además dispone de una habitación para invitados con baño independiente. Existe la posibilidad de hacer una cuarta habitación. Cuenta con un total 3 baños completos (uno en suite) y zona de aguas independiente. Cabe destacar la espectacular zona exterior de la propiedad balcones una galería y una t... ,1,0,1,null,null,351,null,Eixample,null,null,null,2.300.000 ,6.553 €/m²,Atipika Lifestyle Properties, Ref.: 13227 ,3,Segunda mano/buen estado,1,Piso en venta en La Dreta de l'Eixample,http://idealista.com/inmueble/87478973/
2,1992, Precioso e impecable piso situado en Barcelona zona Vall d’HEbron muy buena ubicación para estar cercano a todos los servicios Centros cívicos colegios restaurantes supermercadosmetros parada de autobús Se trata de un piso perfecto para entrar a vivir exterior y con luz ideal para familias un piso conservado con todas las comodidades que destaca por sus amplios espacios y su còmoda distribución. Suelos de terrazo y gres preinstalación de aire acondicionado calefacción por radiadores gas carpintería interior de aluminio. Dispone de 3 habitaciones de las cuales dos dobles i una és individual grande un aseo y un baño completo con ducha salón comedor con salida a la terraza y cocina equipada con zona separada de lavadero El piso es un segundo sin ascensor pero tiene pocas escaleras muy amplias y cómodas. La vivienda tiene la posibilidad de alquilar parking en la misma calle (alquiler por 90 – 100 euros al mes. ) (Se puede valorar también alquilar con opción de compra para la plaza de parking. ). ,0,166,2,Gas natural,null,81,77,Horta Guinardó,1,null,null,225.000 ,2.778 €/m²,Fincas Cano Pujol, Ref.: v7270 ,3,Segunda mano/buen estado,1,Piso en venta en Urb. vall d'hebron La Teixonera,http://idealista.com/inmueble/91654206/
2,1984,  Propiedad a reformar en Font d'en Fargues Ubicada en la zona más residencial de Horta-Guinardó encontramos esta magnifica casa de 174m2 mas 50 de terraza en segunda planta. Se trata de dos entidades registrales diferentes unidas de manera física internamente para crear un fantástico espacio lleno de posibilidades.   En la planta baja encontramos una habitación doble un baño y la escalera que conduce a la zona de noche también un amplio comedor y una espaciosa cocina con salida a un pequeño patio y desde la cocina encontramos otro gran salón.  En la planta superior hallamos otro baño y cuatro grandes habitaciones exteriores dos con ventanas a la calle y orientadas al nor-este y dos con ventanas al patio orientado al sur todas con magnifica luz.  Desde este nivel a través de una pequeña escalera podemos acceder al terrado un espaci... ,null,190,null,Gas natural,null,174,null,Horta Guinardó,null,390.000 € ,23,299.000 ,1.718 €/m²,Barcelona MMC, Ref.: W-02G8L6 ,6,Segunda mano/para reformar,1,Chalet adosado en venta en La Font d'En Fargues,http://idealista.com/inmueble/89292464/
3,1900,  Hermosa vivienda reformada a estrenar en una de las mejores calles del Eixample Rambla Catalunya. Se ubica en la planta principal de una finca regia en excelente estado y con servicio de conserjería.   El piso reformado con todo lujo de detalles tiene una distribución con dos orientaciones a exterior.   La zona de noche en ala sureste de la vivienda dispone de tres dormitorios dos de ellos exteriores y orientados a la tranquila y poco transitada calle Rambla Catalunya. El tercer dormitorio se orienta al patio interior del edificio. Una de estas estancias es en suite con baño privado y las otras dos disponen de un baño compartido. &nbsp;   En la zona de día tenemos un recibidor amplio que conecta con un bonito patio interior y una cocina abierta con una isla central con acceso a una zona de aguas/ calderas/cuarto de plancha. Pasad... ,1,0,null,null,null,196,null,Eixample,null,1.750.000 € ,3,1.690.000 ,8.622 €/m²,Lucas Fox Barcelona, Ref.: BCN23781 ,3,Segunda mano/buen estado,1,Piso en venta en La Dreta de l'Eixample,http://idealista.com/inmueble/90288795/
2,1974, Fantástico piso de 92m² en venta ubicado en la calle Viladomat. Distribuido en salón comedor con salida a un balcón de 5m² cocina 4 habitaciones (3 dobles) 2 baños y zona de aguas. Dispone de aire acondicionado calefacción individual de gas y carpintería exterior de aluminio. Exterior y luminoso. Ubicado en una finca con servicio de conserjería. Existe la posibilidad de comprar una plaza de parking en el mismo edificio o en sus alrededores. Ubicado en l´Esquerra de l´Eixample una zona comercial con todo tipo de servicios y muy bien comunicada por transporte público. ,1,135,3,Gas natural,null,92,null,La Nova Esquerra de l'Eixample,null,null,null,460.000 ,5.000 €/m²,ALTING Grupo Inmobiliario, Ref.: 019275 ,4,Segunda mano/para reformar,null,Piso en venta en calle de Viladomat,http://idealista.com/inmueble/90474876/
2,1970,  Amplio piso a reformar en el Parc i la Llacuna Entrando en la vivienda gozamos de un gran recibidor y un amplio trastero ideal para guardar todo tipo de material deportivo de playa limpieza ropa etc. Desde el pasillo se accede a la espaciosa cocina y lavadero. También desde el pasillo accedemos a la primera habitación. Saliendo de ésta se encuentran los dos baños. Uno de ellos actualmente tiene bañera y el otro ducha. Ambos baños tienen ventilación por galería pequeña. Al final del pasillo está el amplio y luminoso salón que destaca por su amplitud y gran entrada de luz natural. Desde el salón y desde la habitación principal se divisan unas bonitas y amplias vistas a la zona verde del patio interior y de parte del recinto de la Ciutadella. Desde el salón accedemos a las otras dos habitaciones. Actualmente el piso tiene tres habitacio... ,1,132,null,Gas natural,null,97,null,Sant Martí,null,360.000 € ,3,350.000 ,3.608 €/m²,Barcelona MMC - Ciutat Vella - Sant Martí - S7, Ref.: W-02IPMY ,4,Segunda mano/para reformar,null,Piso en venta en El Parc i la Llacuna del Poblenou,http://idealista.com/inmueble/89745971/
2,null,  ÁTICO CON TERRAZA: SOL AIRE Y LUZ TODO EL DÍA!  Espectacular ático recién reformado a estrenar en Sant Antoni con vistas del Montjuic con mucho sol y luz todo el día. El ático de 78 m² construidos más 24 m² de terraza ha sido recientemente reformado con un diseño elegante y acabados de primeras marcas. Se distribuye en un gran salón comedor con salida directa a la fabulosa terraza una cocina de concepto abierto 2 habitaciones (una suite principal con vestidor baño completo y salida a la terraza y otra individual) 2 baños y un lavadero. La terraza de 24 m² tiene vistas abiertas al verde del Montjuïc y recibe sol casi todo el día por su orientación Sur. Es el sitio ideal para disfrutar del sol del Mediterráneo y el skyline barcelonés. La renovación ha sido diseñada teniendo en cuenta las necesidades actuales de espacio y confort pl... ,1,210,7,null,null,90,null,Sant Antoni,null,null,null,590.000 ,6.556 €/m²,Departamento Comercial, Ref.: 55630 ,2,Segunda mano/buen estado,1,Ático en venta en calle d'Entença,http://idealista.com/inmueble/89653009/
2,1850,  Maravilloso piso de diseño en Raval En el corazón del centro histórico de Barcelona en la misma Rambla del Raval se halla este magnífico apartamento de dos habitaciones dobles y dos baños con reforma de alta calidad. Máxima comodidad para este piso esquinero todo exterior con techos altos y vista despejada.  Al entrar nos encontramos primero con la zona de día de las más agradables: un salón comedor amplio con su cocina moderna perfectamente integrada. La estancia destaca directamente por la amplitud de sus techos altos combinada con la doble orientación que ofrece este piso esquinero. Vista abierta impresionante a la Rambla del Raval y sus palmeras ventanas altas y dos balcones grandes. Aparte de la calidad de los acabados notable apreciamos sin duda el gusto dado la decoración y la perfecta integración de los   elementos originales c... ,0,153,null,Calefacción individual,null,70,null,Ciutat Vella,null,269.000 € ,7,249.000 ,3.557 €/m²,Barcelona MMC - Ciutat Vella - Sant Martí - S7, Ref.: W-02I140 ,2,Segunda mano/buen estado,null,Piso en venta en El Raval,http://idealista.com/inmueble/88784368/
2,1954, Espectacular piso completamente reformado y amueblado ubicado en la primera planta de una bonita finca regia esquinera en el barrio de La Dreta de L´Eixample con fachada al Passeig de Sant Joan y a la Avinguda Diagonal.   El piso es todo exterior a calle (excepto baños y cocina) y cuenta con un gran salón-comedor de planta abierta dos dormitorios dobles cocina integrada en el salón-comedor equipada con electrodomésticos de 1ª línea baño y aseo.   Tiene una reciente reforma actual funcional y con grandes espacios.   Zona con todo tipo de servicios restaurantes y comercios a pocos minutos andando del Passeig de Gracia Arc de Triunf Vila de Gracia.. . y muy bien comunicado por transporte público (junto Línea de metro Verdaguer). ,1,120,1,null,null,130,117,La Dreta de l'Eixample,null,null,null,450.000 ,3.462 €/m²,Jose Rodriguez, Ref.: 137 Piso AV DIAGONAL 2h + 2B ,2,Segunda mano/buen estado,null,Piso en venta en avenida Diagonal,http://idealista.com/inmueble/88740371/
2,1973,  Piso funcional con opción a parking en Eixample En una finca de los años 70 al lado de Plaça Universitat se encuentra este práctico piso listo para entrar a vivir que destaca por su funcionalidad y su privilegiada ubicación en el corazón del barrio del Eixample.  La vivienda se distribuye en una planta cuadrada de 105m2 construidos con única orientación a la calle y una distribución que aprovecha al máximo el espacio sin perder superficie en largos pasillos.  Al entrar al piso un recibidor-distribuidor articula las estancias de la zona de día. Frontalmente se accede al amplio salón-comedor con grandes ventanales y vistas a la calle a la izquierda se encuentra la cocina con salida a un lavadero semiexterior al patio de luces y a la derecha un baño completo con ducha. El salón-comedor conecta lateralmente con la zona de noche en la q... ,1,98,2,Gas natural,null,105,null,Eixample,1,485.000 € ,2,475.000 ,4.524 €/m²,Barcelona MMC - Eixample - S2, Ref.: W-02EV4Q ,2,Segunda mano/buen estado,null,Piso en venta en L'Antiga Esquerra de l'Eixample,http://idealista.com/inmueble/88343855/
3,2007,  Fantástico piso dúplex con piscina en Av. Tibidabo Fantástico piso dúplex amplio esquinero muy luminoso y con vistas. Por su cómoda distribución es ideal para familias. Se trata de un piso seminuevo en excelente estado de conservación en una finca con zona ajardinada y piscina que cuenta con servicio de conserjería y vigilancia 24h. La vivienda cuenta con una superficie construida de 218m2 más dos terrazas de 36m2 y 40m2 una en cada planta. En la planta superior encontramos un gran salón comedor muy luminoso con acceso a terraza disfrutable con vistas panorámicas sobre Barcelona la cocina con office completamente equipada una coqueta despensa y un aseo de cortesía. En la planta inferior están ubicados los cuatro dormitorios dobles uno de ellos con un amplio baño en suite y acceso a la soleada terraza inferior un baño completo y... ,1,88,0,Gas natural,null,256,null,Sarrià-Sant Gervasi,1,1.390.000 € ,7,1.295.000 ,5.059 €/m²,Barcelona MMC - Zona Alta - S1, Ref.: W-02GJDC ,4,Segunda mano/buen estado,1,Piso en venta en Sant Gervasi - La Bonanova,http://idealista.com/inmueble/87717416/
1,1900,  Joya arquitectónica en Sant Andreu Se trata de un piso en un magnífico edificio señorial patrimonio arquitectónico de Sant Andreu.  El piso tiene un amplio salón comedor cocina baño tres habitaciones estudio y trastero.  Accedemos a la vivienda a través de un precioso recibidor con pasillo hacia la izquierda tenemos el trastero el salón comedor y una gran habitación de casi 20 metros que dan a la fachada principal con salida al balcón. A un lado del recibidor tenemos el estudio. Si tomamos el pasillo hacia el lado derecho encontraremos dos grandes habitaciones y la preciosa galería de grandes ventanales a la derecha de la galería tenemos el baño y a la izquierda la cocina al fondo de la cocina tenemos un área de lavado independiente.  Los suelos hidráulicos la carpintería original y los techos más de cuatro metros de altura... ,0,167,1,null,null,178,null,Sant Andreu,null,550.000 € ,3,535.000 ,3.006 €/m²,Barcelona MMC, Ref.: W-02F1OI ,3,Segunda mano/buen estado,null,Piso en venta en Sant Andreu,http://idealista.com/inmueble/87125234/
3,2007, Exclusivo dúplex en Av. Tibidabo Fantástico piso dúplex con óptimas calidades constructivas y excelente estado de conservación para entrar a vivir con carácter inmediato. La finca cuenta con zona comunitaria ajardinada con piscina y servicio de conserjería. Con una superficie construida de 234 m2 dispone de una distribución interior que se divide en dos plantas: en la planta inferior encontramos una máster suite con un baño doble una espaciosa sala polivalente con gimnasio y la zona de servicio. En la planta superior encontramos otra suite el amplio salón comedor con grandes ventanales y cocina totalmente equipada. En esta planta a largo de toda la fachada hay una terraza exterior que permite disfrutar de las vistas sobre la zona verde. Las dos plantas tienen puerta de acceso directo. La propiedad incluye dos grandes plazas de aparcamiento y un cuarto trastero. Situado junto a la Avenida Tibidabo una de las zonas más emblemáticas y elegantes de Barcelona. La ubicación permite rápido acceso tanto a la ronda de Dalt como a los barrios de Sant Gervasi y la Bonanova. Por otro lado el cercano parque natural de Collserola es fácilmente accesible tanto a pie como en bicicleta. ,0,51,1,Gas natural,null,234,null,Sarrià-Sant Gervasi,1,1.300.000 € ,15,1.100.000 ,4.701 €/m²,Barcelona MMC - Zona Alta - S1, Ref.: W-02GRFP ,3,Segunda mano/buen estado,1,Piso en venta en Sant Gervasi - La Bonanova,http://idealista.com/inmueble/86954951/
4,1968,  Piso con piscina cerca del Tenis Barcelona ¿Busca usted un piso elegante muy amplio con muchísima luz y posibilidades de reformarlo a su gusto? Entones lo ha encontrado. Este precioso piso es un tercero de altura a tres vientos con grandes ventanas de techo a suelo en todas sus estancias y con vistas entre fincas al Real Club de Tenis Barcelona y a Montjuic desde su majestuoso salón y terraza de 21m2. Esta terraza se puede cubrir para aumentar aún más el salón.  Actualmente dispone de 6 dormitorios muy amplios con tres baños completos de los cuales uno es en suite pero fácilmente se pueden realizar tres suites. Además uno de los dormitorios dispone de una galería la cual la mayoría de los vecinos han cubierto ampliando así su amplitud y luminosidad. Todos los dormitorios dan a zonas comunitarias verdes con árboles haciendo q... ,1,121,3,Gas natural,null,236,null,Les Corts,1,1.300.000 € ,4,1.250.000 ,5.297 €/m²,Barcelona MMC - Zona Alta - S1, Ref.: W-02ENK0 ,7,Segunda mano/buen estado,1,Piso en venta en Pedralbes,http://idealista.com/inmueble/86547093/
2,1980,  Exclusivo ático-dúplex junto a la Sagrada Familia.  Excelente oportunidad de compra de un ático dúplex totalmente reformado y en perfecto estado para entrar a vivir con mucha luz natural y excelentes vistas a la cúpula de la Sagrada Familia. La vivienda se encuentra en un pasaje tranquilo por lo que nos propone una oportunidad única de vivir en el centro de la ciudad rodeado de ofertas comerciales de todo tipo sin renunciar a la tranquilidad y a amplios espacios exteriores gracias a su gran terraza.  Este ático dúplex está compuesto por 3 dormitorios salón con cocina americana y salida directa a amplia terraza. Un baño completo y un aseo.  La finca está en perfecto estado de conservación a pesar de ser de 1980 ya que al contar con pocos vecinos siempre se llevaron al día todo tipo de reparación de mantenimiento necesaria. Entra las t... ,0,146,1,Gas natural,null,110,95,Eixample,null,null,null,419.000 ,3.809 €/m²,Fincas Cano Pujol, Ref.: v7256 ,3,Segunda mano/buen estado,1,Dúplex en venta en La Sagrada Família,http://idealista.com/inmueble/91378208/
1,1886,  Magnífica vivienda de 5 habitaciones en el Barrio de Sants. Piso amplio que da a calle y a patio de manzana muy bien situado en el corazón de Sants. Cerca del Mercado y del Club Esportiu Mediterrani de la calle Begur. Zona aparcamiento en la Plaza de la Olivereta. Fachada con valor arquitectónico y bien conservada. Entrando a mano izquierda hay dos habitaciones dobles que dan a calle una de ellas con salida a balcón. Recorriendo el pasillo hay tres habitaciones más con la opción de habilitarlas como estudio o vestidor. Al final del pasillo se accede a un amplio salón comedor . muy luminoso por tener luz directa del patio de manzana sin edificaciones enfrente. Desde el salón se accede a la cocina reformada recientemente y completamente equipada. También desde el salón se accede al baño con plato de ducha y en el que hay posibilidad... ,0,182,1,null,null,78,72,Sants-Montjuïc,null,210.000 € ,5,199.000 ,2.551 €/m²,donpiso Bcn Les Corts, Ref.: 239519 ,5,null,null,Piso en venta en Sants - Badal,http://idealista.com/inmueble/89947215/
3,1940,  Vivienda a reformar de 250m2 con terraza de 50m2 ubicada en una finca señorial de 1940 rehabilitada y con ascensor. El edificio se encuentra en plena ‘Avinguda Diagonal’ cerca de Vía Augusta y cerca de ‘Plaça Gal·la Placídia’ y del Círculo Ecuestre en Galvany. La zona de día alberga un espectacular salón-comedor muy amplio y exterior a calle y una cocina antigua de fogones con zona de lavadero y patio interior. La zona de noche cuenta con 4 dormitorios dobles y con una habitación de servicio. La vivienda cuenta con un total de 5 dormitorios 2 baños completos y un aseo. También ofrece una zona de aguas independiente y otro patio interior. Cabe destacar la magnífica terraza de la vivienda de 50m2 rodeada de vegetación e ideal como comedor de verano para disfrutar del buen tiempo de la ciudad.  Se entrega a reformar y con la posibili... ,1,0,null,Bomba de frío/calor,null,250,222,Sarrià-Sant Gervasi,null,1.150.000 € ,9,1.050.000 ,4.200 €/m²,Atipika Lifestyle Properties, Ref.: 14092 ,5,Segunda mano/para reformar,1,Piso en venta en Sant Gervasi - Galvany,http://idealista.com/inmueble/89854790/
2,1936, Esta espectacular vivienda de 189 m² está en una ubicación envidiable en la ciudad de Barcelona junto al paseo de Gràcia y muy cerca del barrio de moda de Gràcia con todos sus bares restaurantes y boutiques independientes.   El piso está situado en la cuarta planta de una finca regia con ascensor y servicio de conserjería. Se trata de un piso con orientación doble por lo que tiene una gran luminosidad y buena ventilación.   El piso está recién reformado y se presenta en perfecto estado con acabados exclusivos. Al entrar nos encontramos con una gran cocina con una isla central que se abre al salón-comedor con un balcón con vistas a la calle.   En el lado opuesto del vestíbulo de entrada claramente separados de la zona de día están los tres dormitorios dobles con vistas a un patio y dos baños completos uno de los cuales está integrado en un dormitorio   Una vivienda exclusiva y con una renovación preciosa en una ubicación privilegiada. Póngase en contacto con nosotros para más información o para concertar una visita. ,1,0,null,null,null,189,null,Gràcia,null,1.149.000 € ,6,1.080.000 ,5.714 €/m²,Lucas Fox Barcelona, Ref.: BCN19202 ,3,Segunda mano/buen estado,null,Piso en venta en Vila de Gràcia,http://idealista.com/inmueble/86062250/
2,1970,  Exclusivo piso de 106 m2 distribuidos en un salón-comedor con salida a una amplia terraza con mucha luz y muy tranquila. Cocina semi-americana separada por una bonita &nbsp;puerta corredera hacia el comedor dos baños y tres habitaciones de las cuales una es suite con baño y su zona de vestidor. El piso dispone de todas las comodidades suelos de parquet aire acondicionado ventanas de aluminio con doble vidrio carpintería interior lacada en blanco ascensor servicio de vigilancia plaza de aparcamiento y además con el gran privilegio de estar en el centro de Barcelona a tan solo 5 minutos a pie de la Avenida diagonal de los centros Comerciales como el Corte Inglés de las universidades y colegios más prestigiosos de la estación de trenes y de todos los servicios públicos delante de la puerta. Vivir en Barcelona es vivir en una d... ,1,0,1,Gas natural,null,106,98,Eixample,1,null,null,595.000 ,5.613 €/m²,Fincas Cano Pujol, Ref.: v7233 ,3,Segunda mano/buen estado,1,Piso en venta en La Nova Esquerra de l'Eixample,http://idealista.com/inmueble/90903526/
2,1890,  Espectacular piso reformado en Eixample Dret En una finca regia rehabilitada del Eixample Dret encontramos esta fantástica propiedad de aproximadamente 161m2 con 3 dormitorios dobles que mantiene elementos originales de época como los suelos de nolla y los techos artesonados de 4 metros de altura.  Al entrar nos encontramos con un generoso recibidor que divide el piso en 2 zonas. A la derecha tenemos la zona de día con la zona de aguas un baño completo con acabados de primera calidad y estética espectacular y a continuación tenemos el salón-comedor con cocina americana. Este espacio es realmente impresionante debido a sus techos de 4 metros de altura y los suelos de nolla que se han podido recuperar. El mobiliario de la cocina y del salón es de diseño contemporáneo que encajan perfectamente con el entorno tan elegante del piso. Desde ... ,1,138,1,Gas natural,null,161,null,Eixample,null,null,null,995.000 ,6.180 €/m²,Barcelona MMC - Eixample - S2, Ref.: W-02I11Q ,3,Segunda mano/buen estado,null,Piso en venta en La Dreta de l'Eixample,http://idealista.com/inmueble/89060235/
2,1925,  Elegante y señorial piso en Sant Gervasi En el barrio de Sant Gervasi a un paso de la Avenida Diagonal y Rambla Catalunya encontramos esta vivienda completamente reformada con acabados de alta calidad ubicada en una finca regia.  Esta propiedad nos ofrece un diseño elegante y señorial manteniendo elementos Modernistas como los rosetones en los techos los artesonados y las molduras en las paredes. Tiene suelos de madera de roble macizo en todo el piso encolados pieza a pieza sanitarios italianos Kerasan cocina Smeg y un sinfín de detalles que le dan un aire distinguido.  La vivienda tiene una superficie de 150m2 y una distribución de doble orientación separando la zona de día y de noche.  En la zona de día encontramos el salón comedor con sus ventanales de madera de suelo a techo orientado a noreste y una cocina medio abierta al ... ,1,189,3,Gas natural,null,150,null,Sarrià-Sant Gervasi,null,null,null,850.000 ,5.667 €/m²,Barcelona MMC - Zona Alta - S1, Ref.: W-02I18U ,4,Segunda mano/buen estado,null,Piso en venta en Sant Gervasi - Galvany,http://idealista.com/inmueble/88585464/
1,1978,  Bonito piso con perfecta ubicación en Gràcia En una bonita finca de obra vista en una tranquila calle que forma justo el punto medio entre Vila de Gràcia Sant Gervasi y Eixample Esquerra se encuentra esta coqueta vivienda. Al cruzar la puerta de entrada nos encontramos a lado izquierdo una habitación que podrá adaptar totalmente a sus necesidades y le podrá servir como dormitorio despacho o vestidor. Siguiendo el pasillo cubierto con un bonito suelo de madera se encontrará en la amplia y equipada cocina que se instaló hace pocos años y está en perfectas condiciones con acabados de calidad como la encimera de mármol. Dicha estancia tiene acceso directo a un patio que ofrece suficiente espacio para usarlo como zona de aguas instalando la lavadora y secadora y si lo desea también podrá crear una despensa. A continuación se ubica el... ,1,191,1,Gas natural,null,80,null,Gràcia,null,null,null,375.000 ,4.688 €/m²,Barcelona MMC, Ref.: W-02FBW9 ,3,null,null,Piso en venta en Vila de Gràcia,http://idealista.com/inmueble/88538725/
2,1936,  Magnífica y soleada casa en Can Baró Soleada casa con mucho encanto en el corazón del tranquilo barrio residencial de Can Baró. Sus acogedores espacios distribuidos en 2 plantas con todas las estancias exteriores disfrutan de magnífica luz durante todo el día gracias a la doble orientación Este y Oeste. Muy bien conservada esta propiedad está situada en una de las calles más tranquilas y valoradas de la zona. Al entrar nos encontramos en un acogedor recibidor desde el cual accedemos a un amplio salón comedor con salida a un fabuloso patio de unos 20 m2. Conjuntamente al salón encontramos una cómoda cocina y al lado del recibidor un precioso aseo. Subiendo a la segunda planta vemos una luminosa habitación doble exterior. A la derecha encontramos otra habitación doble y cruzando el pasillo una tercera habitación doble ambas ext... ,null,224,null,Gas natural,null,110,null,Horta Guinardó,null,null,null,430.000 ,3.909 €/m²,Barcelona MMC, Ref.: W-02I2GZ ,3,Segunda mano/buen estado,1,Chalet adosado en venta en Can Baró,http://idealista.com/inmueble/88509600/
3,1951,  Piso reformado cerca de Plaza Adriano Precioso apartamento totalmente reformado con las mejores calidades en la zona de Sant Gervasi Galvany cerca de Plaza Adriano. Este piso luminoso dispone de un recibidor que da acceso a las habitaciones y al salón-comedor que dispone de una zona despacho. Entrando por el recibidor encontramos dos habitaciones a la izquierda. Si se sigue recto nos encontramos el salón y a la derecha tenemos el aseo de cortesía la habitación principal y la cocina. El apartamento dispone de aire acondicionado por conductos y calefacción por gas individualizada. En el salón se ha rescatado la bóveda catalana que nos da más altura y calidez a la estancia. En los techos hay un sistema de alumbrado moderno y sofisticado a la vez que indirecto. Los acabados de las carpinterías así como los materiales empleados en la r... ,1,237,2,Calefacción individual,null,129,null,Sarrià-Sant Gervasi,null,null,null,685.000 ,5.310 €/m²,Barcelona MMC - Zona Alta - S1, Ref.: W-02HX2E ,4,Segunda mano/buen estado,null,Piso en venta en Sant Gervasi - Galvany,http://idealista.com/inmueble/88428522/
2,1947,  Amplio ático a reformar en Fort Pienc Nos encontramos con una fantástica propiedad ubicada en una finca del año 1947. Accedemos a la propiedad con una elegante portería que nos lleva directos al ascensor.  Una vez en la planta nos encontramos con un recibidor que nos ubica a la parte central del piso. A mano izquierda nos dirigimos a la zona de día. Nos encontramos con la cocina desde donde tenemos acceso a una galería que nos da en los patios interiores del edificio. Si seguimos adelante nos encontramos en una pequeña sala un lugar acogedor donde poder leer o tomar una taza de café. Más adelante nos encontramos con el salón espacio agradable con una salida al balcón. Dentro de este espacio encontramos otro ambiente con un agradable hogar. Desde aquí podemos encontrar una pequeña sala que anteriormente era la terraza de la propiedad... ,1,237,7,null,null,161,null,Eixample,null,null,null,690.000 ,4.286 €/m²,Barcelona MMC - Eixample - S2, Ref.: W-02H7NN ,5,null,1,Ático en venta en El Fort Pienc,http://idealista.com/inmueble/88044385/
2,1965,  Piso exterior con balcón en Sant Antoni En Sant Antoni encontramos esta propiedad completamente exterior reformada y esquinera de 105m2 útiles con un balcón. Este piso disfruta de muchísima luz natural y está situado en una planta muy alta del edificio. Al entrar en el recibidor a mano izquierda nos encontramos con la zona de día compuesta por una gran cocina totalmente equipada y moderna. También nos encontramos un salón amplio en frente con un balcón. Entrando a mano derecha nos encontramos con la zona de noche con una distribución extremadamente funcional; con tres habitaciones dobles un baño completo y un aseo de cortesía. Cuenta con un total de 7 ventanales grandes este piso disfruta de mucha luz y en cada estancia disponemos de espacios amplios y con una reforma moderna. Dispone de aire acondicionado con bomba de calor calefa... ,1,94,6,null,null,118,null,Eixample,null,null,null,510.000 ,4.322 €/m²,Barcelona MMC - Eixample - S2, Ref.: W-02H6I3 ,3,Segunda mano/buen estado,null,Piso en venta en Sant Antoni,http://idealista.com/inmueble/87451685/
2,1961,  Ático dúplex con tres terrazas en Bonanova Ático dúplex con 3 terrazas grandes y un balcón con una superficie total construida de 185 m2. Se compone de cinco habitaciones dobles y dos baños. Encontramos 3 habitaciones en la planta ático y 2 en la última planta. Esta propiedad es luminosa y todas las habitaciones excepto una son exteriores. El salón comedor tiene orientación suroeste y da a una de las terrazas. Las otras 2 terrazas están en la planta superior con doble orientación. Dispone de parquet aire acondicionado y calefacción en toda la vivienda así como carpintería exterior de aluminio. Piso con ascensor. La finca no tiene parking aunque hay disponibilidad en la zona. El barrio donde se ubica te cautiva por su elegancia y buena comunicación. Situado en una prestigiosa zona residencial. En Sant Gervasi Balmes y la Bonanova dond... ,1,202,null,Calefacción individual,null,184,null,Sarrià-Sant Gervasi,null,null,null,830.000 ,4.511 €/m²,Barcelona MMC - Zona Alta - S1, Ref.: W-02E79H ,5,Segunda mano/buen estado,1,Ático en venta en Sant Gervasi - La Bonanova,http://idealista.com/inmueble/86274419/