bathrooms,constructed_year,description,elevator,energetic_qualification_kWhm2_año,floor,heater_system,its_new,m2_build,m2_useful,neighbourhood,parking,price_down_euro,price_down_percentage,price_euro,price_m2,real_estate,ref,rooms,status,terrace,title,link
2,1900,  Casa junto a Plaza Ibiza Horta Casa en el centro de Horta consta de planta baja de 82 m2 y primer piso de 58 m2 también hay un estudio al otro lado del jardín de 40 m2 con salida por la calle de atrás pero no sirve como garaje para coche. En la planta baja tenemos una habitación individual un gran salón de 18 m2 con salida al jardín. Al lado encontramos la cocina de un buen tamaño aunque necesita actualizar. A continuación encontramos un baño completo y un pequeño aseo. Si subimos al primer piso tenemos una habitaciones triple con un techo muy alto y vigas de madera y vistas al jardín una segunda habitación doble con vistas a la calle y la tercera habitación individual. También hay un baño completo. Los suelos son los originales de la casa de cerámica los cuales están muy bien conservados. La casa tiene mucho encanto porqu... ,null,171,null,Calefacción individual,null,197,null,Horta Guinardó,null,null,null,480.000 ,2.437 €/m²,Barcelona MMC, Ref.: W-02K2UO ,4,null,1,Chalet adosado en venta en Horta,http://idealista.com/inmueble/91526756/
2,null, Viviendas de obra nueva cerca del Parque de Joan Miró Pisos de 74 a 95 m2 de 2 o 3 habitaciones con 2 baños a estrenar. Proyecto de 20 viviendas en la primera fase y 43 viviendas en la segunda fase. Propiedades espaciosas con una distribución funcional con balcones. Suelos de gres porcelánico con acabado de madera de color gris. Balcones en las plantas superiores. Jardines en patio de manzana en las plantas bajas. Terrazas privativas con piscina en la cubierta para las propiedades en las plantas superiores. Platos de ducha o bañeras en los baños con griferías marca Imex.  La finca dispone de plazas de parking y trasteros no incluidos en el precio. Fecha de Entrega: 1r Trimestre 2021. ,1,0,1,null,Obra nueva,72,null,Sant Antoni,null,620.000 € ,6,580.000 ,8.056 €/m²,Nicaragua 75 ., Ref.: ONB2003007 ,2,Promoción de obra nueva,1,Piso en venta en calle Rocafort 40,http://idealista.com/inmueble/91398620/
2,1930, Situado en un hermoso vecindario y a tiro de piedra de La Sagrada Familia de Gaudí.  Votado propiedad premiada por Porcelanosa (2019).  Edificio construido en época similar (1930). Sin embargo renovado con buen gusto en 2019 con un estilo moderno industrial clásico y acabados de calidad.  Consiste en una gran sala de estar / comedor abierta con una impresionante cocina negra. Techos altos originales restaurados con vigas de hierro tradicionales.  Dos dormitorios y una oficina. Una habitación con baño privado y conexión a un pequeño patio. Balcones exteriores con excelente exposición a la luz.  Ubicado en una calle tranquila y peatonal. Cerca de supermercados parques metro y ciclovías.  Si buscas algo original y tradicional este podría ser el indicado.. .  2 dormitorios + despacho  2 baños completos  110 m2 construidos  20 m2 de terraza. ,1,0,1,Eléctrica,null,110,null,La Sagrada Família,null,660.000 € ,2,645.000 ,5.864 €/m²,IDUAG, Ref.: la marina ,3,Segunda mano/buen estado,1,Piso en venta en calle Marina 251,http://idealista.com/inmueble/89985044/
2,1972, En calle MALLORCA-  Magnifico piso de 124m construidos en bonita finca del año 1970 con ascensor.  Se compone de cuatro habitaciones tres de ellas dobles. El salón es amplio y luminoso con salida a balcón de 4m que da a un amplio patio de manzana. Su orientación es sur este por lo que el piso disfruta de mucha luz a lo largo de todo el día. La cocina dispone de 7 metros y tiene salida a una galería interior de 8 metros.  Perfecto para poder actualizarlo y personalizarlo a su gusto.  En inmejorable zona de la NOVA ESQUERRA DE LÉIXAMPLE muy bien comunicado con todos los servicios de transporte autobuses metro y cerca de la estación de Sants Hospital clínic y el Mercat del Ninot. ,1,0,1,null,null,124,111,La Nova Esquerra de l'Eixample,null,null,null,390.000 ,3.145 €/m²,Dux Grupo Inmobiliario, Ref.: DUX0079 ,4,Segunda mano/para reformar,null,Piso en venta en calle Mallorca,http://idealista.com/inmueble/91643227/
1,1967, J-PDT189  Vivienda de 3 dormitorios con balcón cocina con lavadero baño y salón-comedor.  Finca con ascensor.  Emplazada en el barrio de San Martín a un paso del metro (L2) de San Martín y de la futura estación del AVE - Rodalies y bus.  Si tienes dudas en algún producto financiero o deseas valorar tu piso contacta con nosotros.  *El precio de venta del inmueble no incluye los honorarios de la inmobiliaria ni los tributos que gravan Ia compraventa (ITPAJD o IVA) ni en caso de haberlos los notariales y los registrales que satisface el comprador. . ,1,165,3,null,null,70,null,Sant Martí de Provençals,null,null,null,189.900 ,2.713 €/m²,LA CASA AGENCY, Ref.: J-PDT189 ,3,Segunda mano/buen estado,null,Piso en venta en calle de Menorca,http://idealista.com/inmueble/91641910/
1,1963, Bonita vivienda con suelos de parquet y calefacción.  Fantástica vivienda de 61m² divididos en 2 dormitorios –una doble y otra individual un salón comedor muy luminoso una cocina en perfecto estado un baño de tres piezas y un precioso balcón con vistas a zona verde. La cocina está equipada con armarios altos y bajos encimeras de mármol vitrocerámica campana extractora y fregadero doble de acero. Los suelos están revestidos de parquet en todas las estancias. Cuenta con calefacción por radiadores.  La vivienda está situada en la Guineueta (Nou Barris) en una zona tranquila con variedad de ocio bares y supermercados. Además cuenta con varias áreas verdes en sus alrededores (Parque de Josep Serra y Parque de la Guineueta) escuelas y centros médicos. La parada más cercana es L3 Canyelles que conecta rápidamente con diversos puntos de Barcelona. También hay cerca numerosas paradas de bus. Fácil acceso rodado a la Ronda de Dalt.  ¡No deje escapar esta fantástica oportunidad y llámenos para concertar una visita lo antes posible! ,0,0,1,null,null,61,48,La Guineueta,null,null,null,155.500 ,2.549 €/m²,GESTIO I GARANTIA, Ref.: 2246 ,2,Segunda mano/buen estado,null,Piso en venta en calle de la Guineueta,http://idealista.com/inmueble/91640169/
1,1952, Bonito piso con amplias habitaciones y ascensor.  Inmueble de 71m² ubicado en una finca con ascensor dividido en 3 habitaciones (una doble y dos medianas) un salón comedor muy luminoso una cocina moderna y un baño de tres piezas con ducha y mueble de baño. La cocina está equipada con armarios altos y bajos encimeras de mármol vitrocerámica horno campana extractora y fregadero doble de acero. Los suelos están revestidos de parquet en todas las estancias.  La vivienda está situada en el barrio de Horta en el distrito de Horta-Guinardó una zona tranquila y residencial con varias zonas verdes cono el Parc de las Rieres CAP y comercios cerca. La parada de metro más cercana es Horta (L4 a 7 minutos caminando). También Valldaura (a 8 min) También tiene muchas paradas de bus a sus alrededores y tiene fácil acceso a la autopista.  ¡No deje escapar esta fantástica oportunidad y llámenos para concertar una visita lo antes posible! ,1,0,1,null,null,71,null,Horta,null,null,null,185.000 ,2.606 €/m²,GESTIO I GARANTIA, Ref.: 2247 ,3,Segunda mano/buen estado,null,Piso en venta en calle de Coïmbra,http://idealista.com/inmueble/91640193/
1,1960, Ático luminoso con suelos de parquet y ascensor.  Inmueble de 66m² ubicado en una finca con ascensor dividido en 3 habitaciones (una doble y dos individuales) un salón comedor muy luminoso una cocina moderna reformada y un baño de tres piezas con ducha. La cocina está equipada con armarios altos y bajos encimeras de mármol vitrocerámica horno campana extractora y fregadero doble de acero. Los suelos están revestidos de parquet en todas las estancias. También cuenta con calefacción por radiadores.  La vivienda está situada en el barrio de Sants una zona tranquila con mucha variedad de servicios y comercios servicios médicos centros deportivos etc. La parada de metro más cercana es Mercat Nou (L1 a 3 minutos caminando). También tiene muchas paradas de bus a sus alrededores y a muy pocos metros está la Rambla Badal una importante área comercial en la zona.  ¡No deje escapar esta fantástica oportunidad y llámenos para concertar una visita lo antes posible! ,1,0,3,null,null,66,null,Sants,null,null,null,234.000 ,3.545 €/m²,GESTIO I GARANTIA, Ref.: 2248 ,3,Segunda mano/buen estado,null,Ático en venta en calle de Sant Baltasar,http://idealista.com/inmueble/91640189/
1,null, ¡5º CON ASCENSOR!  Ubicado en la maravillosa zona de Badal a escasos minutos de las paradas de Metro Badal (L5) Santa Eulalia (L1) y de varias líneas de autobús. Próximo a colegios e institutos instalaciones deportivas centros de salud zonas ajardinadas comercios de todo tipo y todo lo necesario para vivir en uno de los barrios más solicitados de la Ciudad Condal.  Este fantástico piso se encuentra a una altura real de una 5ª planta en finca que dispone de ascensor. Consta de 60 m² distribuidos salón comedor cocina independiente 3 habitaciones (1 doble 1 individual y 1 muy pequeña) y 1 baño completo. Su estado se encuentra de origen con gran variedad de posibilidades. ,1,121,5,null,null,60,null,Sants - Badal,null,null,null,185.000 ,3.083 €/m²,La Casa Agency Paseo Valldaura, Ref.: BonsomsNicolas ,3,Segunda mano/buen estado,null,Piso en venta en calle de Bonsoms,http://idealista.com/inmueble/91632063/
2,2020,  Este piso está ubicado en el segundo piso. Es perfecto para cualquiera que sueñe con vivir en un piso industrial al estilo de Nueva York. Cuenta con 65m² distribuidos en 2 habitaciones (1 en suite y otra individual) un baño una cocina abierta totalmente equipada conectada con el salón-comedor con acceso al balcón. Disfruta de los grandes ventanales que dan a la zona comunitaria.    El edificio es una reforma de una antigua fábrica textil manteniendo un espíritu muy verde y ecológico en formato loft y atelier. Este nuevo edificio ofrecerá 50 apartamentos lofts y dúplex todos creados con materiales naturales premium. Los residentes tendrán acceso a áreas comunes como una piscina jardines urbanos privados una terraza en la azotea terraza para relajarse conserje video seguridad 24/7 y estacionamiento para bicicletas. Se completar... ,1,0,2,Calefacción individual,null,65,null,El Raval,null,null,null,386.000 ,5.938 €/m²,We Relocate Bcn, Ref.: 20124 ,2,null,1,Piso en venta en calle de la Riereta,http://idealista.com/inmueble/91625931/
1,1969, PISO A REFORMAR MUCHAS POSIBILIDADES EL CLOT SANT MARTÍ - BARCELONA  Piso en Barcelona zona El Clot 63 m. de superficie una habitación doble (exterior) y una habitación sencilla (exterior) un baño propiedad para reformar cocina equipada carpinteria interior de madera orientación noreste baldosa carpintería exterior de aluminio. Extras: agua ascensor gas ciudad lavandería luz autobuses árboles centros comerciales centros médicos cerca de universidad hospitales metro parques supermercados tren vistas despejadas zona de paso zonas infantiles Gastos de comunidad: 58 Eur. ,1,0,0,null,null,63,60,El Camp de l'Arpa del Clot,null,null,null,199.000 ,3.159 €/m²,NICE PROPERTIES BCN, Ref.: 1806 ,2,Segunda mano/para reformar,null,Piso en venta en calle de Fontova,http://idealista.com/inmueble/91587358/
1,1965, PISO REFORMADO CON MUCHA LUZ EN SANT MARTÍ DE PROVENÇALS SANT MARTÍ - Barcelona  Tenemos a la venta un precioso piso completamente reformado listo para entrar a vivir ubicado en el barrio de Sant Martí de Provençals a una manzana de la boca de metro L2 Bac de Roda. Consta de 73 m² distribuidos en 3 habitaciones (1 doble y dos individuales) 1 baño completo. Salón-comedor con cocina integrada completamente equipada ojos de buey para una mejor iluminación todas las estancias son exteriores con excelente ventilación natural. Preciosos suelos de parquet carpintería exterior de aluminio con doble acristalamiento. Todo el circuito eléctrico cambiado igual que sus tuberías. La finca consta de ascensor y fue construida en el año 1965 sin ningún defecto fachada de obra vista.  Para más información no dude en ponerse en contacto con nosotros. ,1,0,1,null,null,73,70,Sant Martí de Provençals,null,null,null,214.000 ,2.932 €/m²,NICE PROPERTIES BCN, Ref.: 1803 ,3,Segunda mano/buen estado,null,Piso en venta en calle de Fluvià,http://idealista.com/inmueble/91573273/
1,null,  El inmueble está constituido por 58 m2 que se distribuyen en 1 dormitorio doble 1 baño completo con ducha un aseo y una cocina americana al salón totalmente equipada. También tiene un balcón de 4 m2 que le otorgan luminosidad y un espacio donde poder disfrutar del sol y un solarium de 27 m2 en la azotea.  La Promoción Marià Cubí está formada por 8 espectaculares viviendas de obra nueva que cuentan con un interiorismo de diseño espacios amplios llenos de luz natural y materiales y equipamientos que aseguran el máximo confort. El resultado son viviendas amplias luminosas confortables y funcionales con una distribución clara que distingue zonas de día y de noche.  El edificio cuenta también con aparcamiento privado. Posibilidad de adquirir plaza de garaje en el mismo edificio.  CARACTERÍSTICAS DE LOS ACABADOS:  - 1 dormitorio 1 ba... ,1,0,1,null,Obra nueva,58,null,Sant Gervasi - Galvany,null,null,null,453.500 ,7.819 €/m²,Marià Cubí, Ref.: EN_MC . 1-2 ,1,Promoción de obra nueva,1,Piso en venta en calle Marià Cubí s/n,http://idealista.com/inmueble/91560308/
2,1963,  Por fin la has encontrado  Oportunidad única de adquirir una estupenda vivienda en la nova esquerra de l´eixample (Mejor barrio del mundo 2020) con Francesc Macia bajo la Diagonal y salida de Barcelona. Este piso consta de una espectacular terraza de 32m² a patio de manzana donde podrá disfrutar de tranquilidad y privacidad así como de agradables cenas y comidas con familiares y amigos. Su orientación (este) proporciona sol y luz a la estancia principal. Un magnífico y espacioso salón-comedor de 44m² con salida a la terraza y grandes ventanales que lo convierten en un espacio único para disfrutar de la familia y el hogar la amplia cocina disfruta de una gran capacidad de almacenaje con zona office cuarto de servicio y galería con lavadero también cuenta con un baño de cortesía. Una habitación doble de 15m² donde podrá disfrutar ... ,1,0,2,Gas natural,null,139,106,L'Antiga Esquerra de l'Eixample,null,null,null,650.000 ,4.676 €/m²,Comercial Ventas, Ref.: A2178 ,2,Segunda mano/buen estado,1,Piso en venta en buenos aires 46,http://idealista.com/inmueble/91503740/
1,1970, Ático Totalmente Exterior de 84 metros en Calle Finestrelles Trinitat Vella. Muy luminoso y soleado. Comedor con salida a terraza de 22 metros. Cocina independiente muy funcional y de buenas dimensiones 4 habitaciones de las cuales 2 son dobles y 2 individuales estas últimas también de muy amplias destacando que todas son exteriores y reciben mucha luz natural baño de 3 pieza más bañera. Cerca de transporte público (L1 Trinitat Vella varias paradas de buses y acceso de Rondas). Además dispone de una gran variedad de comercios cercanos centro sanitario y deportivo escuelas parques etc. En relación precio calidad metros es una gran oportunidad como inversión o vivienda habitual pudiendo desarrollar en el hogar ideal. ,0,0,4,null,null,87,84,La Trinitat Vella,null,199.000 € ,25,149.990 ,1.724 €/m²,Si real estate, Ref.: SI-0417 ,4,Segunda mano/buen estado,1,Piso en venta en calle de Finestrelles,http://idealista.com/inmueble/91308432/
5,null,  Maravilloso ático dúplex en una de las mejores zonas residenciales de Barcelona y muy cercana a Turo Park.  La propiedad de 279 m2 útiles consta de dos plantas.  La planta baja cuenta con un gran hall de acceso un amplio salón comedor esquinero de dos ambientes por un lado el salón de 57m2 con salida a una terraza de 17 m2 y un comedor de 20 m2 con acceso una cómoda cocina office con lavadero y dormitorio de servicio con un baño.   La zona de noche cuenta con cuatro dormitorios exteriores y tres baños completos. Un dormitorio doble en suite dos dormitorios dobles uno de ellos de 30 m2 con salida a una terraza de 10m2 y un dormitorio mediano de 8 m2.   En la planta alta encontramos una sala polivalente de 60 m2 con una chimenea techos inclinados y acristalados es ideal para una sala de juegos estudios o salón de invierno; un ba... ,1,0,6,Calefacción individual,null,360,null,Sant Gervasi - Galvany,null,null,null,1.900.000 ,5.278 €/m²,iLIVEBARCELONA, Ref.: V02091 ,5,Segunda mano/buen estado,1,Ático en venta en via Augusta,http://idealista.com/inmueble/90905491/
3,1958,  Ático dúplex en venta con una superficie interior de 174 m² y con dos terrazas con un total de 24 m² cada una en una planta.   La vivienda se sitúa en el corazón de Sant-Gervasi junto a la plaza Molina y a la estación de metro. Desde las terrazas se ofrecen unas preciosas vistas a la ciudad y como no hay edificios en frente solo un bonito parque verde se consigue una estupenda sensación de espacio abierto.   El ático se sitúa en las plantas quinta y sexta del edificio. La primera planta abarca unos 97 m² y la segunda 77 m². Cada planta cuenta con una terraza de 12 m². Hace pocos años se llevó a cabo una renovación del ático con acabados de gran calidad.   Al acceder a la vivienda lo primero que nos encontramos con un gran espacio abierto lleno de luz. En la parte derecha se dispone el salón-comedor con chimenea y grandes cris... ,1,0,null,null,null,190,null,Sarrià-Sant Gervasi,null,1.290.000 € ,8,1.190.000 ,6.263 €/m²,Lucas Fox Barcelona, Ref.: BCN24550 ,4,Segunda mano/buen estado,1,Piso en venta en Sant Gervasi - Galvany,http://idealista.com/inmueble/90625845/
1,1980, PISO TOTALMENTE REFORMADO EN VENTA EN LA ZONA DE HORTA  Piso totalmente reformado en la zona de Horta. El piso consta de 70 m2 construidos y son 65 m2 útiles. Tiene 3 habitaciones de las cuales 1 es doble y 2 simples 1 baño cocina independiente equipada con lavadero. El suelo es de gres la carpintería interior es de madera y la exterior es de aluminio la fachada es caravista tiene gas natural y las tuberías y electricidad está todo reformado. En el barrio hay colegios hospital supermercados está cerca del transporte publico: autobuses y metro. Las visitas son con cita previa. Llame estaremos encantados en atenderle. ,0,0,3,null,null,70,65,Horta,null,215.000 € ,3,209.000 ,2.986 €/m²,NICE PROPERTIES BCN, Ref.: 1715 ,3,Segunda mano/buen estado,1,Piso en venta en paseo Universal,http://idealista.com/inmueble/90325147/
2,1980, ¡Fantástico piso de 112 metros en el centro de Barcelona con Licencia Turística!  La vivienda por espacio y distribución es ideal para una familia con hijos e ideal también para inversión ya que cuenta con Licencia Turística.  Se trata de un 3º piso (4º real) en un edificio de los años 80 con dos ascensores y conserje.  La distribución es muy buena ya que no hay pasillos en el apartamento. Dispone de un amplio y luminoso salón con cocina abierta tres dormitorios y dos cuartos de baño completos. Además el piso cuenta con armarios empotrados y altillo para aumentar la capacidad de almacenaje de tu hogar. La vivienda se vende sin amueblar y en buen estado (reformada hace tres años) lista para entrar a vivir.  En cuanto a las calidades este piso cuenta con calefacción de gas aire acondicionado carpintería exterior de aluminio y suelos de parquet que da mucha calidez a la vivienda. Esta casa está situada en una zona muy céntrica y bien comunicada (al lado de plaza de España) con una boca de metro al lado autobús y la estación de tren. De particular a particular. Sin comisiones. Llámanos y visita esta vivienda. h1o1u2s9e5l7l. ,1,0,3,null,null,112,null,Eixample,null,530.000 € ,6,499.000 ,4.455 €/m²,Housell.com, Ref.: 112957 ,3,Segunda mano/buen estado,null,Piso en venta en Sant Antoni,http://idealista.com/inmueble/90100505/
2,1930, Espectacular piso con techos altos en finca regia con ascensor distribuido a dos vientos a la manera de las fincas regias pasantes del Eixample.   Nada más acceder a la vivienda un amplio distribuidor nos lleva a la izquierda hacia un espacioso salón orientado a la calle el cual está dividido en dos zonas y cuenta con balcón. También encontramos un bonito comedor. Siguiendo el pasillo hacia el otro lado del piso nos vamos adentrando poco a poco en la zona de noche en que vamos dejando atrás la cocina independiente dos dormitorios dobles un cuarto de máquinas y un baño completo hasta llegar al dormitorio principal con acceso directo a un enorme vestidor y a la galería trasera cubierta orientada a un amplio patio de manzana. ,null,0,null,null,null,186,null,Gràcia,null,975.000 € ,2,955.000 ,5.134 €/m²,Lucas Fox Barcelona, Ref.: BCN24197 ,3,Segunda mano/buen estado,null,Piso en venta en El Camp d'En Grassot i Gràcia Nova,http://idealista.com/inmueble/90020566/
4,null, Magnífica promoción formada por 143 viviendas distribuidas en dos singulares torres de diseño de 16 plantas cada una.   Les ofrecemos tipologías de 1 2 3 4 y 5 dormitorios destacando amplias terrazas en viviendas tipo ático y primeras plantas.  Pertenece a una urbanización cerrada con zonas comunes de las que podrá disfrutar para su tiempo de ocio.  En la cubierta del edificio se encuentra una preciosa piscina de borde infinito y zona de chillout con fantásticas vistas al mar y la ciudad.  En la planta baja se ubica un parque infantil sala social gimnasio sala de juego para niños sala de estudio salón de belleza y aseos.  Esta fantástica promoción está ubicada junto a la Avenida Diagonal en la Avenida Eduard Maristany y del distrito de Sant Martí muy próxima al centro comercial Diagonal Mar. Entorno moderno y consolidado. Zona privilegiada al lado del mar y con numerosas zonas verdes como el Parc de Diagonal Mar. Gran oferta comercial social y cultural. Junto a la Ronda Litoral con lo que podrá salir y entrar a la ciudad de una forma rápida y cómoda.  LA COMPRA DE 3 PLAZAS DE PARKING Y 1 TRASTERO SERÁ OBLIGATORIA. ,1,0,14,null,Obra nueva terminada,201,null,El Besòs,null,null,null,860.000 ,4.279 €/m²,"Cornex Capital - Inmobiliaria Poblenou, Barcelona", Ref.: A14B ,5,Promoción de obra nueva,1,Piso en venta en avenida Eduard Maristany 7,http://idealista.com/inmueble/34605301/
1,null, Calle Padilla alto luminoso y con vistas al estar orientado al suroeste. Altura de un séptimo real. Piso de 75 metros cuadrados . compuesto de tres habitaciones (dos dobles y una individual) cuarto de baño cocina y lavadero. El salón con acceso directo al balcón. Cocina y baño en perfecto estado. Ideal para acabar de reformar y entrar a vivir con la familia. La finca cuenta con ascensor y terraza comunitaria. Plaza de parking opcional en finca muy próxima ubicada en una única planta de fácil acceso.  Edificio del año 1958  Finca con cemento aluminoso sin desarrollar patologia y con estructura reforzada. Posibilidad de compra de dos pisos en las misma planta (perfecto para inversores).  El producto esta comercializado por MAS I FILL PATRIMONIA que gestiona inmuebles desde 1932 Persona de contacto Xavier Gales 650 239 656. ,1,154,null,null,null,75,null,El Baix Guinardó,null,255.000 € ,2,249.000 ,3.320 €/m²,Mas i Fil patrimonia Vendes, Ref.: 4143 ,3,null,1,Piso en venta en calle de Padilla,http://idealista.com/inmueble/87573968/
2,null,  Espronceda 41 ofrece 5 espectaculares viviendas de obra nueva (una única vivienda por planta) cuentan con un interiorismo de diseño espacios amplios llenos de luz natural y materiales y equipamientos que aseguran el máximo confort. El resultado son cinco viviendas luminosas versátiles y confortables más dos espacios destinados a oficinas o locales comerciales en el barrio del Poblenou a 10 min de la playa a pie.  Destaca:   Una oficina en planta baja con un amplio jardín de 147 m2 y la vivienda en planta 1 con un patio japonés de 15 m2 Vivienda en 5ª Planta con un exclusiva terraza en azotea de 42 m2 Fecha finalización: septiembre 2020  •Balcón en todas las viviendas •Una vivienda por planta •Suelos de parquet y porcelánico •Espacios amplios •Abundante luz natural de mañana y tarde •Exteriores a calle y a patio de manzana •Cocina abie... ,1,50,5,Gas natural,Obra nueva,96,null,El Poblenou,null,null,null,630.000 ,6.562 €/m²,Departamento Comercial, Ref.: 5º ,3,Promoción de obra nueva,1,Ático en venta en calle Espronceda 41,http://idealista.com/inmueble/87303828/
4,null, Magnífica promoción formada por 143 viviendas distribuidas en dos singulares torres de diseño de 16 plantas cada una.   Les ofrecemos tipologías de 1 2 3 4 y 5 dormitorios destacando amplias terrazas en viviendas tipo ático y primeras plantas.  Pertenece a una urbanización cerrada con zonas comunes de las que podrá disfrutar para su tiempo de ocio.  En la cubierta del edificio se encuentra una preciosa piscina de borde infinito y zona de chillout con fantásticas vistas al mar y la ciudad.  En la planta baja se ubica un parque infantil sala social gimnasio sala de juego para niños sala de estudio salón de belleza y aseos.  Esta fantástica promoción está ubicada junto a la Avenida Diagonal en la Avenida Eduard Maristany y del distrito de Sant Martí muy próxima al centro comercial Diagonal Mar. Entorno moderno y consolidado. Zona privilegiada al lado del mar y con numerosas zonas verdes como el Parc de Diagonal Mar. Gran oferta comercial social y cultural. Junto a la Ronda Litoral con lo que podrá salir y entrar a la ciudad de una forma rápida y cómoda.  LA COMPRA DE 3 PLAZAS DE PARKING Y 1 TRASTERO SERÁ OBLIGATORIA A AÑADIR AL PRECIO DE VENTA MOSTRADO. ,1,0,15,null,Obra nueva terminada,206,null,El Besòs,null,null,null,918.100 ,4.457 €/m²,"Cornex Capital - Inmobiliaria Poblenou, Barcelona", Ref.: A15A ,5,Promoción de obra nueva,1,Piso en venta en avenida Eduard Maristany 7,http://idealista.com/inmueble/34605303/
4,null, Magnífica promoción formada por 143 viviendas distribuidas en dos singulares torres de diseño de 16 plantas cada una.   Les ofrecemos tipologías de 1 2 3 4 y 5 dormitorios destacando amplias terrazas en viviendas tipo ático y primeras plantas.  Pertenece a una urbanización cerrada con zonas comunes de las que podrá disfrutar para su tiempo de ocio.  En la cubierta del edificio se encuentra una preciosa piscina de borde infinito y zona de chillout con fantásticas vistas al mar y la ciudad.  En la planta baja se ubica un parque infantil sala social gimnasio sala de juego para niños sala de estudio salón de belleza y aseos.  Esta fantástica promoción está ubicada junto a la Avenida Diagonal en la Avenida Eduard Maristany y del distrito de Sant Martí muy próxima al centro comercial Diagonal Mar. Entorno moderno y consolidado. Zona privilegiada al lado del mar y con numerosas zonas verdes como el Parc de Diagonal Mar. Gran oferta comercial social y cultural. Junto a la Ronda Litoral con lo que podrá salir y entrar a la ciudad de una forma rápida y cómoda.  LA COMPRA DE 3 PLAZAS DE PARKING Y 1 TRASTERO SERÁ OBLIGATORIA A AÑADIR AL PRECIO DE VENTA MOSTRADO. ,1,0,14,null,Obra nueva terminada,206,null,El Besòs,null,null,null,874.800 ,4.247 €/m²,"Cornex Capital - Inmobiliaria Poblenou, Barcelona", Ref.: A14A ,5,Promoción de obra nueva,1,Piso en venta en avenida Eduard Maristany 7,http://idealista.com/inmueble/34605299/
2,null, Maravilloso piso de 78 m²&nbsp;ubicado en el corazón del Eixample Izquierdo de Barcelona. Este piso recién reformado se sitúa en la segunda planta de un elegante edificio con un vestíbulo precioso y ascensor además se vende amueblado.   Al entrar a la vivienda encontramos el magnífico salón-comedor de planta abierta con una cocina moderna equipada con electrodomésticos de alta calidad.   A continuación llegamos al dormitorio principal con baño privado con ducha y armarios empotrados. Hay otro dormitorio individual también con armarios empotrados y un segundo baño con bañera. La galería acristalada que antiguamente era un balcón pero después se cerró para formar parte del piso ofrece agradables vistas del patio interior.   La reforma se ha llevado a cabo con mucho estilo y con toques de estilo nórdico los cuales combinan con los elementos originales como los techos altos con volta catalana los acabados de mármol el suelo original paredes obravista y entarimado de parqué.   Una excelente oportunidad de inversión ya que ofrece una buena rentabilidad y actualmente está alquilado. ,1,0,null,null,null,78,null,Eixample,null,550.000 € ,2,540.000 ,6.923 €/m²,Lucas Fox Barcelona, Ref.: BCN9450 ,2,Segunda mano/buen estado,null,Piso en venta en L'Antiga Esquerra de l'Eixample,http://idealista.com/inmueble/84769263/
4,null,  Espectacular piso de 4 dormitorios ubicado en la primera planta de la preciosa finca esquinera obra de Enric Sagner. La vivienda de 210 m2 disfruta de una espectacular terraza de 30 m2.    El salón-comedor presume de grandes ventanales y varios balcones que dan a la C/Paris y a la C/Balmes y que disfrutan de vistas la Av. Diagonal. El suelo es de parquet natural de roble con una alfombra de mosaico hidráulico original recuperado y restaurado.   Cocina totalmente exterior con mobiliario de la casa Bulthaupt; tiene casi 20 m2 espacio suficiente para una zona office. Al lado de la cocina se encuentra un amplio lavadero.     Los 4 dormitorios de los que dispone la vivienda son dobles y exteriores. La parte más tranquila de la vivienda está destinada en su totalidad a la impresionante suite principal que cuenta con casi 50 m2 distribuid... ,1,0,1,Calefacción individual,null,210,180,L'Antiga Esquerra de l'Eixample,null,null,null,1.879.000 ,8.948 €/m²,Coldwell Banker Prestige Barcelona, Ref.: B03728BA ,4,null,1,Piso en venta en calle de Balmes 167,http://idealista.com/inmueble/39976370/
1,null, vivienda toda exterior con 2 ascensores orientado al sur con salón amplio 2 dormitorios cocina y baño galeria al costado del centro comercial la maquinista. ,1,147,1,null,null,55,null,El Bon Pastor,null,null,null,105.000 ,1.909 €/m²,nuevacasa - sant andreu castro, Ref.: nc755 ,2,Segunda mano/buen estado,null,Piso en venta en calle de Lima,http://idealista.com/inmueble/91660924/
2,2003, Una verdadera joya!  No dejes escapar esta oportunidad de un piso completamente exterior muy soleado con luz natural en todas las estancias incluida la cocina. Se distribuye en un amplio salón comedor con salida a balcón exterior a calle orientado al sur tres habitaciones un tipo suite una doble y una individual dos baños y amplia cocina independiente con galería para zona de lavadero. Dispone de calefacción con gas natural aire acondicionado por conductos carpintería exterior de aluminio y interior de madera maciza. Se ofrece opcionalmente plaza de parquing grande en la misma finca y acceso por ascensor. ,1,18,3,Bomba de frío/calor,null,122,112,El Baix Guinardó,null,null,null,450.000 ,3.689 €/m²,Lupe Fernandez, Ref.: 9057FTHOUS ,3,Segunda mano/buen estado,null,Piso en venta en calle de Thous,http://idealista.com/inmueble/91627895/
1,null, Magnífica vivienda de 88 m2 en una finca clásica completamente rehabilitada y situada en la principal arteria que comunica el barrio de Eixample con el puerto de Barcelona. Tiene un cómodo vestíbulo que da paso a un amplio salón comedor con grandes ventanales que conservan su diseño original y con una preciosa cocina abierta completamente equipada. Dispone de una amplia habitación con baño y vestidor en suite cocina abierta completamente equipada así com o un segundo baño completo independiente. La vivienda cuenta con materiales y acabados de gran calidad como suelos de parquet de madera natural ventanas exteriores de madera de Pino de Finades y vidrios con cámara sistema de aerotermia por conducto así como suelos con calefacción radiante sistema contra incendios oculto en el falso techo y control domótico en toda la casa. Es un piso muy bien situado perfectamente comunicado con transporte público y muy cerca de las vías de acceso a Barcelona así como ubicado en una de los principales ejes comerciales y culturales de la ciudad. Disponemos de más viviendas en la misma finca con diferentes característas y precios con los mismos acabados.   Consulte a Core Barcelona 931873003. ,1,45,1,null,null,90,null,Sant Pere - Santa Caterina i la Ribera,null,null,null,800.000 ,8.889 €/m²,Core Premier Properties, Ref.: 13978 ,1,Segunda mano/buen estado,null,Piso en venta en via Laietana 14,http://idealista.com/inmueble/91374930/