bathrooms,constructed_year,description,elevator,energetic_qualification_kWhm2_año,floor,heater_system,its_new,m2_build,m2_useful,neighbourhood,parking,price_down_euro,price_down_percentage,price_euro,price_m2,real_estate,ref,rooms,status,terrace,title,link
1,1880, Precioso piso con decoración de diseño en el Raval.  El piso consta de un salón exterior con balcón a calle orientado a Este por lo que tiene sol directo de mañana una cocina independiente un baño completo y tres habitaciones una doble interior una individual exterior y una individual interior.  Consta de ventanas de pvc con cristal doble para aislar completamente y suelos de parquet. Hay transporte público cercano y a sus alrededores podemos encontrar todo tipo de servicios y comercios: colegios farmacias restaurantes supermercados gimnasios Centros sanitarios… Casc Antic es una inmobiliaria experta en la compra y venta de propiedades en el centro de Barcelona especializada en los barrios: Sant Antoni Raval Borne Gótico Poble Sec y Barceloneta. Si quiere comprar o vender una propiedad en el centro de Barcelona ¡Casc Antic es tu inmobiliaria! ,0,0,4,null,null,49,null,Ciutat Vella,null,157.000 € ,6,147.000 ,3.000 €/m²,Casc Antic Bcn Sl, Ref.: V1630 ,3,Segunda mano/buen estado,null,Piso en venta en El Raval,http://idealista.com/inmueble/91176225/
1,1936, Increíble piso muy bien conservado en finca regia de 1.936. Cuenta con suelo hidráulico y bóveda catalana tapada que se puede descubrir; tan pronto entras a tu hogar de doble orientación notas sus inmensas posibilidades y tranquilidad confortables espacios con cocina comedor y hermosa galería acristalada por el otro lado las 4 habitaciones (2 individuales y 2 dobles) con balcón a la calle. Dispone de terrado comunitario y trastero. Idealmente ubicado a una calle del Paseo de Sant Joan a pocas calles de la Sagrada Familia Av. Diagonal y Paseo de Gracia cuenta con parada de metro L4 diversas rutas de autobuses todos los servicios necesarios para el diario vivir y múltiples áreas de esparcimiento. Vive en un hogar con el encanto del Modernismo Catalán aunado a tu estilo de hoy para tener una vida confortable desde la mañana hasta la hora del descanso con todas las posibilidades. Llámanos y ven a conocer tu nuevo hogar. ,1,0,2,null,null,136,125,El Camp d'En Grassot i Gràcia Nova,null,null,null,479.900 ,3.529 €/m²,Prontopiso, Ref.: CE78C908-2 ,4,Segunda mano/buen estado,1,Piso en venta en calle de Roger de Flor,http://idealista.com/inmueble/90764860/
1,1965, Piso recién reformado en una de las zonas más exclusivas de Gràcia Barcelona.  Los detalles de la propiedad  Se trata de un piso en venta de 61m2 construidos mas 25m2 de terraza. Distribuido en amplio salón comedor exterior el cual cuenta con una cocina americana integrada completamente a estrenar. La zona de noche cuenta con dos (02) habitaciones dobles y por último cuenta con un baño.  Entre sus calidades el piso se encuentra completamente reformado con materiales de primera calidad carpintería exterior de aluminio carpintería interior de madera terraza de 25m2 mas galería de 7 m2.  Grácia  Se encuentra ubicado en una de las zonas más céntricas de Gràcia a solo nueve minutos andando de la estación de metro Vallcarca y Penitents. Además de estar rodeado de comercio en general centros comerciales centros médicos colegios y zonas de recreación para toda la familia.  Sin duda una gran oportunidad de inversión. ¡VEN A VISITARLO. ,1,0,0,Bomba de frío/calor,null,86,null,El Coll,null,null,null,315.000 ,3.663 €/m²,REAL ESTATE, Anuncio: 90847322 ,2,Segunda mano/buen estado,1,Piso en venta en calle de Rubens,http://idealista.com/inmueble/90847322/
1,1968,  CARACTERÍSTICAS: Piso de 64m2 (59m2 útiles) en buen estado situado en el barrio de Sants. La vivienda cuenta con 3 habitaciones 2 individuales de buen tamaño y 1 doble 1 baño completo con plato de ducha un salón-comedor amplio con salida a la pequeña terraza y una cocina individual totalmente equipada. La ubicación es inmejorable ya que la zona está muy bien comunicada por metro Badal (L5) Mercat Nou (L1) y Plaça del Centre (L3) a 5 15 y 14 minutos a pie respectivamente.   FICHA TÉCNICA: Altura piso 2º piso superficie total 64 m² superficie útil 58 m² hab. individuales: 2 habitaciones dobles: 1 1 baño antigüedad más de 50 calefacción (central) carpintería exterior (aluminio) cocina comedor estado conservación: buen estado suelos: gres.  UBICACIÓN: La Maternidad y San Ramón es un barrio del distrito de Les Corts de la ... ,1,0,2,null,null,64,58,La Maternitat i Sant Ramon,null,null,null,260.000 ,4.062 €/m²,ALL 4 FLAT, Ref.: 001158 ,3,Segunda mano/buen estado,1,Piso en venta en N-340,http://idealista.com/inmueble/90563382/
1,null, Magnifico Apartamento todo amueblado consta de dos habitaciones una de ellas es doble bastante mas grande de lo normal la segunda habitación podría hacerse servir mas de vestidor o despacho cocina americana con barra para separar lo que es la cocina de el salón comedor cuarto de baño   separado en dos estancias una de ellas para la ducha y la otra de WC apartamento interior pero luminoso. apartamento situado en todo el corazón de Barcelona en el emblemático barrio del Raval cerca de la rambla del Raval apartamento perfecto para parejas o inversores para alquiler. ,0,0,2,null,null,45,null,El Raval,null,null,null,169.000 ,3.756 €/m²,Juan Carlos Bayón, Ref.: Raval Barcelona ,2,Segunda mano/buen estado,null,Piso en venta en riera Baixa,http://idealista.com/inmueble/90549753/
1,null, Bonito Ático reformado en el Camp d´ Grassot. Dispone de una habitación exterior con vestidor. La segunda habitación ahora es un estudio. Baño con plato de ducha. Cocina abierta. Suelos de parquet calefacción y aire acondicionado. Preciosa terraza de 16m2 con salida desde el salón. Trastero cerrado a la terraza. Finca con la ITE pasada no dispone de ascensor es un quinto real. A disfrutar de una salida con sol e intimidad en un pasaje muy tranquilo.  El producto está comercializado por MAS I FILL PATRIMONIA que gestiona inmuebles desde 1932. ,0,159,5,null,null,56,42,El Camp d'En Grassot i Gràcia Nova,null,null,null,312.000 ,5.571 €/m²,mas i fill, Ref.: 4341 ,2,null,1,Piso en venta en Passatge d'Alió,http://idealista.com/inmueble/90049222/
2,2018,  POSIBILIDAD DE VISITA ONLINE   OPORTUNIDAD - ¡OBRA NUEVA FINALIZADA! Fantástica vivienda con acceso independiente en la emblemática Barceloneta.  Vivienda en planta baja de 2 dormitorios con grandes distribuciones con acceso independiente. Cuenta con salón-comedor cocina amueblada y baño completo compuesto de materiales de primera calidad. La cocina cuenta con armarios altos y bajos encimeras de mármol vitrocerámica campana extractora microondas integrado y horno eléctrico. Los suelos están revestidos de gres cerámico en el baño y de parquet laminado en el resto de las estancias.  Es una zona muy bien comunicada la parada de metro más cercana está a solo cuatro minutos caminando Barceloneta (línea 4) que conecta rápidamente con cualquier punto de la ciudad. También tiene numerosas paradas de autobús a sus alrededores y tiene fác... ,1,0,0,null,null,82,69,La Barceloneta,null,null,null,295.000 ,3.598 €/m²,GESTIO I GARANTIA, Ref.: 2173 ,2,Segunda mano/buen estado,null,Piso en venta en calle de Ginebra,http://idealista.com/inmueble/89682532/
2,1955, Vivienda en perfecto estado para entra a vivir ubicada en la 4ª planta de finca de los años 50.  Dispone una superficie de 116m² construidos (93m² útiles) sobre la que se disponen 3 dormitorios; dos de ellos dobles y una individual salón comedor amplio y muy luminoso cuarto de baño reformado 1 aseo de cortesía y cocina tipo office amueblada y equipada.  Tanto el salón como uno de los dormitorios son exteriores y disfrutan de mucha luz y vistas despejadas.  A nivel de confort está equipada con sistema de aire acondicionado calefacción por radiadores carpintería exterior de aluminio con cristales tipo climalit de alta gama ( instaladas en octubre 2019) con aislamiento acústico y térmico persianas motorizadas en todas las ventanas suelos de parquet y armarios empotrados.  Para facilitar el orden y capacidad de almacenaje se incluye un trastero de 3m² en planta sótano del mismo edificio.  Excelente ocasión en zona residencial de Sarrià con excelentes comunicaciones por transporte público y rápido acceso a Rondas. ,1,0,3,null,null,116,93,Sarrià-Sant Gervasi,null,454.000 € ,4,435.000 ,3.750 €/m²,Singular Properties, Ref.: SP180FM ,3,Segunda mano/buen estado,null,Piso en venta en Sarrià,http://idealista.com/inmueble/88921037/
2,1960, SANT ANDREU  Piso en venta en la zona de Navas en una séptima planta de altura se encuentra esta vivienda exterior a patio de manzana salón comedor exterior con salida a un amplio balcón donde poder disfrutar del sol y la tranquilidad. Cocina tipo office 4 habitaciones una de ellas doble exterior 1 baño completo y aseo de cortesía. El piso requiere actualización finca con ascensor. Posibilidad de párquing en finca colindante no incluido en el precio. La vivienda se encuentra muy bien comunicada por transporte público muy próximo a centros comerciales colegios centros sanitarios. ,1,0,7,null,null,95,null,Navas,1,null,null,295.000 ,3.105 €/m²,Gema, Ref.: 3288 ,4,Segunda mano/para reformar,null,Piso en venta en calle de Felip II,http://idealista.com/inmueble/88800781/
2,1968,  Ubicado en la calle más famosa de Barcelona La Rambla delante de la parada de metro del Liceu i del mercado de la Boqueria. Edificio construido en 1968 dispone de ascensor y actualmente se están rehabilitando íntegramente las zonas comunes. El piso de 106m2 se encuentra en la segunda planta del edificio y es muy luminoso todo exterior a la misma Rambla a través de un largo balcón. La vivienda está totalmente insonorizada. Se distribuye en un amplio salón comedor con 2 grandes ventana les con vistas a la Boqueria y a la misma Rambla. Dispone de 2 habitaciones y 2 baños uno de ellos en la suite principal. La cocina es moderna y totalmente equipada con horno vinoteca frigorífico etc. La vivienda está recién reformado y cuenta con suelos de parquet natural carpintería exterior de madera e insonorizada aire acondicionado por co... ,1,126,2,Gas natural,null,106,null,El Gòtic,null,null,null,790.000 ,7.453 €/m²,aincasa aicat 2677, Ref.: 4174 ,2,Segunda mano/buen estado,null,Piso en venta en Las Ramblas Barcelona,http://idealista.com/inmueble/84229256/
1,null, PISO FRENTE AL MERCADO DE GRÀCIA  Fantástico apartamento para reformar ubicado en el distrito de Gràcia en el barrio de la Vila de Gràcia.   Este barrio es sin duda uno de los más encantadores de Barcelona.  Se caracteriza por sus tradicionales calles peatonales adoquinadas sus terrazas en las plazas teatros parques infantiles una gran diversidad de tiendas de artistas independientes y boutiques artesanales además de contar con la mejor y más variada gastronomía internacional.  A pocos metros encontramos la calle Gran de Gràcia la Vía Augusta la Travessera de Gràcia la Av. Diagonal y la calle Paseo de Gràcia.  Justo en frente del apartamento se encuentra el Mercado de la Libertad.  Muy bien comunicado con líneas de metro tren autobús y estaciones de Bicing.  Disponemos de un apartamento para reformar de 74 m2 con un balcón que da a la calle.  Consta de: Salón-comedor cocina un baño dos habitaciones una doble y una individual.  La céntrica ubicación te permitirá vivir en un lugar muy cómodo y encantador.  Para reformar. ,0,0,1,null,null,74,null,Vila de Gràcia,null,null,null,349.000 ,4.716 €/m²,Letsgocasa, Ref.: LG00606 ,2,Segunda mano/para reformar,null,Piso en venta en plaza de la Llibertat,http://idealista.com/inmueble/91327010/
1,1939,  Al ser todo-todo tabiques y muy espacioso disfrutar de mucha luminosidad y ventilación cruzada naturales da muchas opciones para reformarlo. Actualmente cuenta con una distribución típica delante/detrás con acceso a balcones hacia calle e interior:  Al recibidor que se sitúa en medio del piso nos llega luz desde ambas partes –ver vídeos en reportaje dejando los espacios intermedios como estancias separadas por tabiques. Son 64m2 de inmueble catastrales (61m2 de vivienda) muy tranquilos y agradables. Muy fácilmente se pueden conseguir grandes zonas diáfanas con grandes sensaciones de amplitud.  Ubicado en una finca en buen estado general NO DISPONE DE ASCENSOR si bien las escaleras y rellanos son de buen transitar.  El entorno – sardenya junto a pujades entre marina y meridiana- también es de lo más agradable siendo uno de los más... ,0,0,5,null,null,64,61,El Parc i la Llacuna del Poblenou,null,null,null,195.000 ,3.047 €/m²,"Inmo excellence, s.l.", Ref.: ot-7062009HD ,4,Segunda mano/buen estado,null,Piso en venta en calle de Sardenya,http://idealista.com/inmueble/90940039/
1,null, Precioso apartamento en planta baja de 2 habitaciones (una convertible en sala de estar) totalmente reformado con cocina office y cuarto de baño completo con ducha hidromasaje. Situado a 100 metros de la playa y del mercado. Rodeado de servicios y numerosos comercios. Al lado de transportes públicos (metro y buses). Pocos vecinos. Pocos gastos de comunidad.   ¡TENEMOS VISITA VIRTUAL DISPONIBLE en nuestra WEB AL ALDO DE LAS FOTOS es como estar con google dentro de la vivienda mueva el dedo y visite!   Los datos expuestos son informativos y recabados de terceros y que suponemos correctos. Esta oferta se sujeta a errores cambios de precio omisión y o retirada del mercado sin aviso previo.  Todos los precios reflejados en esta página web están sujetos transmisión patrimonial y a cualquier otro tipo de impuesto o gravamen aplicable. ,1,0,0,null,null,39,36,La Barceloneta,null,null,null,159.900 ,4.100 €/m²,Real Estate El PortalV Barcelona & Palma, Ref.: BP1990 ,2,Segunda mano/buen estado,null,Piso en venta en calle de Sant Carles,http://idealista.com/inmueble/88223194/
1,1900, Este piso totalmente reformado con las mejores calidades en la tercera planta de una finca regia típica de Barcelona está equipado con todos los electrodomésticos y amueblado en el centro de la ciudad.  Consta de 94 m2 distribuidos en un espacioso salón-comedor con cocina abierta con isla central y 3 dormitorios (2 individuales con armario empotrado y 1 doble con vestidor) y 1 baño completo con plato de ducha grande. Dos de los dormitorios dan a un balcón en la parte trasera donde se ubica la zona de lavadero.  El salón-comedor tiene salida a un balcón con vistas despejadas a Plaça Universitat.  Con la reforma se han recuperado techos originales de bóveda catalana y se han sacado a la luz paredes de ladrillo visto.  Dispone de iluminación led por todo el piso suelo de parquet aire acondicionado con bomba de calor por conductos en todas las estancias y sistema de alarma.  La reforma se ha hecho de forma integral renovando instalación eléctrica conductos de agua y bajantes. ,1,84,3,Bomba de frío/calor,null,94,null,Sant Antoni,null,null,null,485.000 ,5.160 €/m²,Finca Regia, Ref.: Universidad ,3,Segunda mano/buen estado,null,Piso en venta en plaza de la Universidad,http://idealista.com/inmueble/90388572/
1,null, Ven a vivir al Poblenou. Dónde se mezclan el comercio de proximidad y la vida de barrio con las últimas tendencias el arte y la tecnología del 22@. Y además muy bien comunicado y a pocos minutos de la playa. ,1,0,1,null,Obra nueva,76,null,El Poblenou,null,null,null,426.000 ,5.605 €/m²,Dpto. Comercial ., Ref.: 1º-5 B ,2,Promoción de obra nueva,1,Piso en venta en paseo de Taulat 179,http://idealista.com/inmueble/85325781/
2,1900,  Acogedor piso con reforma incluida en el precio en ubicación ideal de la ciudad condal. Esta vivienda de 96 m2 según catastro está ubicada en una preciosa finca regia de 1900 dentro del Ensanche Izquierdo en la confluencia entre las célebres calles Muntaner y Mallorca. Su situación es inmejorable a una travesía del Hospital Clínico al lado del conocido Mercat del Ninot y equidistante a cinco cruces entre la Avenida Diagonal y la plaza Universidad. Su situación estratégica en pleno centro de la más prestigiosa zona del Ensanche Izquierdo supone un atractivo de valor incalculable.   La finca regia en la que se encuentra destaca por sus balcones y molduras así como por el precioso tono rojizo de su fachada que le otorga un carácter encantador a la vez que señorial con reminiscencias parisinas.   El piso se comercializa con un p... ,1,0,1,null,null,96,null,L'Antiga Esquerra de l'Eixample,null,null,null,570.000 ,5.938 €/m²,Luis, Ref.: MALLBCN ,3,Segunda mano/para reformar,1,Piso en venta en calle Mallorca,http://idealista.com/inmueble/88208366/
4,null, Piso exclusivo de grandes dimensiones con vistas al Turó Parc. Totalmente a reformar ideal para crear una vivienda espectacular empezando de cero en una finca esquinera de obra vista con el vestíbulo recién reformado.    La vivienda se compone de un gran salón-comedor de 80 m2 con salida a terraza de 20 m2 orientada a sur y con vistas al Turó Parc.    La zona de noche se compone de 4 habitaciones dobles todas exteriores; una de ella en suite con gran vestidor 1 habitación individual y 2 más en la zona de servicio. También un despacho exterior con chimenea del tamaño de una habitación doble. Dispone de un total de 3 baños completos.    La zona de servicio tiene un tamaño de unos 100 m2 y está compuesta por una cocina zona office despensa habitación de planchado lavadero y dos habitaciones exteriores a patio.    Hay 1 piso por planta geometría cuadrada y circulatorio.    Finca con servicio de portería y plaza de parking en la misma finca. ,1,240,2,null,null,495,445,Sant Gervasi - Galvany,1,null,null,2.400.000 ,4.848 €/m²,Helvetic Real Estate, Ref.: HELV0149A ,6,Segunda mano/para reformar,1,Piso en venta en calle de Josep Bertrand,http://idealista.com/inmueble/40396781/
2,1884, Cèntric Bcn vende  Piso reformado a estrenar de 56m².  Dispone de dos habitaciones una es doble tipo suitte con baño completo y una individual. Ambas habitaciones tienen armarios empotrados hechos a medida.  Tiene un amplio salón comedor de 25m² con cocina tipo americana toda equipada con los electrodomésticos panelados nevera lavavajillas y la lavadora. También dispone de inducción.  Aire acondicionado frío/calor.  Piso exterior a un amplio patio de manzana muy tranquilo sin ruidos orientado al Sur muy soleado y luminoso es para ver.  La vivienda se encuentra en una tercera planta de altura real con hueco para la futura instalación del ascensor. La escalera tiene un amplio paso y sus escalones son de fácil acceso.  Acabados de buena calidad con cerramientos exteriores de madera nuevos y doble acristalamiento. Parqué puerta blindada etc.. .  Techos altos con vigas vistas de madera y ´Volta Catalana´.   Emplazamiento único junto a la Ronda Sant Antoni y la Plaça Universitat en zona semi-peatonal sin coches sin ruidos junto a todos los servicios y el Transporte Público.  Ven a visitarlo! ,0,96,3,Bomba de frío/calor,null,56,52,El Raval,null,null,null,225.000 ,4.018 €/m²,Cèntric bcn, Ref.: 169-CARDONA ,2,Segunda mano/buen estado,null,Piso en venta en Cardona,http://idealista.com/inmueble/91542535/
2,1962, Al lado de la plaza Francesc Masia esta este piso a reformar con una grasa comedor de 25 m2 y habitación principal de 14 m2 exterior a patio de manzanas la cocina como el baño están restaurados y hay un pequeño aseo el piso también tiene dos habitaciones interiores y un lavadero esta cerca de la diagonal y cerca de comercios y a 5 minutos de la Lila diagonal muy bien ubicado. ,1,0,7,null,Urge,105,95,L'Antiga Esquerra de l'Eixample,null,550.000 € ,9,499.000 ,4.752 €/m²,Pedroochoa, Ref.: 11 ,3,null,null,Piso en venta en avenida de Josep Tarradellas,http://idealista.com/inmueble/91462061/
3,1962, La inmejorable ubicación de esta propiedad en una zona residencial con todo tipo de servicios. Mercado de Galvany lugares de ocio los mejores bares y restaurantes de la zona. A tan solo 7 minutos de Turo Parc a 15 km de la Salle Bonanova; 24 km del Lycée Français de Barcelone.  La propiedad está siendo reformada con las calidades de más alto nivel como parquet de roble macizo sistema de domótica para controlar la vivienda a distancia. Cocina abierta completamente equipada con electrodomésticos de la marca Gaggenau mobiliario de la cocina hecho a medida detalles de diseño italiano.  La superficie total es de 183 m2 distribuidos en tres habitaciones en suite siendo una con acceso a una magnifica terraza de 25 m2. La suite cuenta con un gran vestidor y jacuzzi con hidromasaje con suelos de granito de diseño italiano. Con abundante luz natural siendo el último piso de la finca.  Suelo radiante aire acondicionado bomba frio-calor jacuzzi en la terraza principal de 45 m2 donde disfrutar de los magníficos atardeceres e inmejorables vistas a la ciudad mar y montaña.  La propiedad incluye tres plazas de parking; finca con portero y vigilancia.  Se entrega completamente reformado y amueblado. ,1,0,6,null,null,183,null,Sarrià-Sant Gervasi,null,null,null,1.790.000 ,9.781 €/m²,christoph toelle, Ref.: BCNP3028 ,3,Segunda mano/buen estado,1,Ático en venta en Sant Gervasi - Galvany,http://idealista.com/inmueble/90058492/
1,2006, Precioso apartamento de 2 dormitorios ubicado cerca de Arc de Triomf y paseo de Sant Joan muy cerca de paseo de Gràcia y plaza Catalunya. Situado en la segunda planta de una finca regia con un precioso vestíbulo y ascensor.   El apartamento está reformado y tiene unas dimensiones de 70 m² (67 m² según la Nota Simple) además conserva los elementos modernistas originales. Dispone de suelo de parqué techos altos y ofrece una decoración neutra con mucho gusto.   Cuenta con un espacioso salón-comedor una cocina equipada 2 dormitorios dobles y un cuarto de baño con bañera. La propiedad es muy tranquila y da al patio interior.   Ideal como segunda residencia o como propiedad de inversión ya que tiene una rentabilidad del 5 %. ,1,0,null,null,null,70,null,Eixample,null,null,null,795.000 ,11.357 €/m²,Lucas Fox Barcelona, Ref.: BCN5472 ,2,Segunda mano/buen estado,null,Piso en venta en La Dreta de l'Eixample,http://idealista.com/inmueble/81669178/
5,1977, En la mejor zona de Pedralbes cerca de la zona comercial y la Diagonal encontramos este espectacular ático tríplex con zona comunitaria piscina y zona ajardinada. El piso se renovó hace unos años y necesita una pequeña actualización.   En la primera planta se encuentra el luminoso salón-comedor orientado a sur con salida a terraza y la zona de cocina office con zona de aguas y dormitorio de servicio con baño. Esta misma altura consta de un dormitorio con baño privado y un baño de cortesía.   La segunda planta presenta en la zona norte un dormitorio de gran tamaño con baño privado salida a terraza y vistas a Collserola. En la zona sur está el dormitorio principal de gran tamaño con vestidor y un baño especial con salida a terraza.   La tercera planta está destinada a sala de estar o de juegos con baño y zona de despensa. Esta altura dispone de&nbsp;una fantástica terraza de 30 m2 con unas vistas impresionantes a toda la ciudad. La vivienda se completa con 3 plazas de aparcamiento y trastero y vigilancia las 24 horas. ,1,0,null,null,null,334,null,Les Corts,1,null,null,2.650.000 ,7.934 €/m²,Lucas Fox Barcelona, Ref.: LFS4436 ,5,Segunda mano/buen estado,1,Ático en venta en Pedralbes,http://idealista.com/inmueble/27099831/
1,1960, JOAN DE PEGUERA ático en bonita finca con ascensor de pocos vecinos de toda la vida y muy buena convivencia. Piso alto de dos habitaciones dobles una a patio manzana con armarios empotrados aire acondicionado y acceso a galería y otra a patio de luces. Al entrar en la vivienda nos encontramos con el salón y mediante un escalón accedemos a lo que sería la terraza y que actualmente está el salón con aire acondicionado y exterior a calle. Tenemos una cocina equipada con pasaplatos al comedor. Un baño completo nuevo con plato de ducha. El suelo de toda la vivienda es de parquet y los cerramientos exteriores en carpintería de aluminio. La zona es muy tranquila aunque está muy cerca de calles principales como Nació la peatonal Fresser Córcega Mallorca y Paseo Maragall. Muy bien comunicada por varios transportes públicos autobuses y linea de metro L5 - Camp de l´Arpa. En el barrio encontraremos colegios parques infantiles infinidad de tiendas y comercios de toda la vida una panadería legendaria varios supermercados fruterías boutiques etc. No pierdas la oportunidad de visitarlo. ZONA MUY TRANQUILA DE BARRIO. ( El PVP indicado no incluye impuestos ni gastos de Escritura ). ,1,209,4,null,null,48,44,Sant Martí,null,null,null,206.000 ,4.292 €/m²,donpiso Bcn Rogent, Ref.: 236335 ,2,Segunda mano/buen estado,1,Ático en venta en El Camp de l'Arpa del Clot,http://idealista.com/inmueble/90995403/
2,1936, Los 195 m² de superficie útil se distribuyen en una planta y la cocina los 2 baños y el lavadero están separados de los 2 dormitorios y el salón mediante unos escalones. También hay una sala de juegos en la entrada del piso y un espacio polivalente en el centro de la vivienda que podría por ejemplo usarse como zona de lectura o convertirse en vestidor. Los tabiques que separan las estancias no llegan hasta el techo lo que permite que la luz fluya entre los distintos espacios y que estén comunicados entre ellos como un loft estilo neoyorkino. &nbsp;Cuenta con una terraza alargada de 10 m² y con su propia entrada privada.   Goza de un diseño impecable con un inconfundible estilo boho-chic y se presenta en buen estado. Las vigas de madera las paredes de ladrillo visto los suelos de parqué de roble macizo y el extractor industrial de la cocina son solo algunos de los acabados de alta calidad que encontrará en este exquisito piso.   Un espacioso piso de 2 dormitorios que se define por su carácter único y su excelente ubicación. ,null,0,null,null,null,207,null,Gràcia,1,null,null,750.000 ,3.623 €/m²,Lucas Fox Barcelona, Ref.: BCN23824 ,2,Segunda mano/buen estado,1,Piso en venta en Vila de Gràcia,http://idealista.com/inmueble/90860273/
2,1940,  Fantástico piso ubicado en el corazón del Eixample Dret. Se trata de una vivienda de 104 m2 útiles consta de tres habitaciones una doble y dos individuales. En la zona oeste se encuentra la habitación doble con baño en suitte dotada con un maravilloso vestidor que da paso a un espacioso baño con jacuzzi. Se han mantenido elementos originales cómo la cornisa del techo y preciosos ventanales actualizados con doble cristal Climalit. El pasillo está revestido con madera noble de cedro que da acceso a una amplia cocina ubicada en la mitad de la vivienda junto a las dos habitaciones individuales. La zona de día se encuentra al final con un gran comedor ornamentado con techo de volta catalana baño y cuarto trastero. El piso se ubica cerca de La Sagrada Família zonas verdes rodeado de todos los servicios supermercados colegios metro y... ,1,230,null,Gas natural,null,113,null,Eixample,null,465.000 € ,2,455.000 ,4.027 €/m²,Walter Haus, Ref.: 3218V ,3,Segunda mano/buen estado,null,Piso en venta en La Dreta de l'Eixample,http://idealista.com/inmueble/90753734/
2,null,  Piso reformado en venta en Poblenou Barcelona Espectacular piso de 115 m2 en una finca rehabilitada con ascensor directo al salón. La vivienda ha sido reformada completamente priorizando el espacio y la luz con un diseño contemporáneo. Tiene una clara separación entre la zona de día de la de descanso ganando privacidad. Se distribuye en un amplio y soleado salón con grandes ventanales con salida a un balcón a calle. Moderna cocina americana con península de desayuno. Los muebles son de diseñado con encimera de Silestone. La zona de noche consta de 3 dormitorios dobles exteriores. El principal es en suite y el resto comparten un segundo baño. Ambos con suelo porcelánico de alta gama y sanitarios italianos.  Las instalaciones de electricidad y agua son nuevas. Las calidades y acabados del piso son excelentes. Iluminación del piso con s... ,1,0,2,null,null,115,null,Sant Martí,null,null,null,565.000 ,4.913 €/m²,Walter Haus, Ref.: 3198V ,3,Segunda mano/buen estado,null,Piso en venta en El Poblenou,http://idealista.com/inmueble/90584716/
2,2004,  PatrimoniaPREMIUM tiene el placer de presentarles en exclusiva este espectacular ático duplex de diseño LISTO PARA ENTRAR A VIVIR con una de las terrazas más grandes con vistas panorámicas espectaculares que hay actualmente en el mercado a escasos metros del recién estrenado Mercat de Sant Antoni una de las zonas más céntricas de Barcelona.  Mandaremos el TOUR VIRTUAL a las solicitudes en privado para hacerse una idea mejor.  El ático está distribuido en dos plantas: En planta piso encontramos 125m2 distribuidos en dos zonas: - Immenso salón comedor de 50m2 con 3 ventanales a Ronda Sant Antoni. - Cocina semi-abierta al salón de 15 m2. - Despacho abierto (con luz natural en ambos lados) - Suite doble con vestidor y baño completo. - 1 habitación doble con armarios empotrados  - 1 baño - Recibidor - 5º REAL con ASCENSOR.  En la planta su... ,1,0,5,Gas natural,null,230,110,Sant Antoni,null,null,null,1.295.000 ,5.630 €/m²,PatrimoniaPREMIUM.com, Ref.: P_RSA ,2,Segunda mano/buen estado,1,Dúplex en venta en ronda de Sant Antoni,http://idealista.com/inmueble/90312726/
1,1958, Piso en venta en la calle Margarit situado en el barrio del Poble Sec distrito de Sants-Montjuic de Barcelona.  Consta de 65 m² más 4 m² de elementos comunes según Catastro distribuidos en salón-comedor exterior a patio de manzana muy luminoso cocina cerrada 1 habitación doble y 2 habitaciones individuales 1 baño completo. La vivienda cuenta con calefacción a gas y suelos de parquet. Se encuentra dentro de finca regia con ascensor.  Situada con todo tipo de servicios y comercios alrededor así como la tan popular calle Blai que es peatonal y dispone de una gran variedad de restaurantes bares y tabernas. A pocos minutos de la Avenida Paralelo del puerto de Barcelona y de la Ronda Litoral. Buena comunicación con el transporte público. FORCADELL le ofrece asesoramiento y le ayuda en las gestiones para la obtención de la hipoteca.  FINCAS FORCADELL SLU. AICAT 163 Pl. Universitat 3 bajos Barcelona. ,1,0,1,null,null,69,null,El Poble Sec - Parc de Montjuïc,null,215.000 € ,8,198.000 ,2.870 €/m²,Sandra Pacheco, Ref.: V35249 ,3,Segunda mano/buen estado,null,Piso en venta en calle de Margarit,http://idealista.com/inmueble/90227541/
2,2012, Magnifico piso en venta en una finca seminueva con reforma prácticamente a &nbsp;estrenar. El piso dispone de 80m² con 2 habitaciones dobles una de ellas suite. Gran salón comedor con salida a balcón con espléndidas vistas y luminosidad. Cocina semi abierta con vistas al salón y completamente equipada con electrodomésticos de gama alta. Acabados de primera calidad. Aire acondicionado y con calefacción individual. Suelos de parquet. El piso esta ubicado en una décima planta lo que le confiere unas vistas espectaculares sobre la ciudad y mucha luminosidad. Posibilidad de plaza de parking en alquiler o venta en la misma finca. Dispone de conserje. Ubicado en una zona residencial con excelentes comunicaciones para transporte público y todos los servicios y comercios a su alrededor. El ensanche izquierdo es un agradable barrio residencial combinado con numerosísimos comercios bares y restaurantes. El urbanismo del Plan Cerdà determina también aquí la trama cuadriculada de las calles aunque a diferencia de la uniformidad que presentan los barrios vecinos la estructura de la Esquerra de l'Eixample de vez en cuando es interrumpida por grandes instituciones y equipamientos. ,1,54,10,Calefacción individual,null,94,80,Eixample,null,null,null,600.000 ,6.383 €/m²,INMUEBLA, Ref.: 1028 ,2,Segunda mano/buen estado,1,Piso en venta en La Nova Esquerra de l'Eixample,http://idealista.com/inmueble/82701263/
2,1957,  Este magnífico piso de 174 m² con terraza de 10 m² se ubica en la exclusiva calle Mandri en el barrio de Sant Gervasi – La Bonanova en Barcelona. Se trata de un barrio con una comunicación excelente con la red de transporte público un acceso rápido a las autopistas y a los colegios internacionales de la zona alta con varias zonas verdes y una gran oferta de comercio local de barrio. La finca dispone de garaje trastero dos ascensores y servicio de conserjería.   La vivienda se presenta a reformar aunque alberga un gran potencial gracias a su carácter elegante y a sus espacios amplios y luminosos con techos altos. Además el piso se encuentra en una planta alta y con muy buena orientación ideales para permitir la entrada de mucha luz natural.   Al entrar por la puerta principal nos recibe un espacioso vestíbulo que separa la zona... ,1,0,null,null,null,179,null,Sarrià-Sant Gervasi,1,null,null,900.000 ,5.028 €/m²,Lucas Fox Barcelona, Ref.: BCN23496 ,4,Segunda mano/para reformar,1,Piso en venta en Sant Gervasi - La Bonanova,http://idealista.com/inmueble/89372466/