bathrooms,constructed_year,description,elevator,energetic_qualification_kWhm2_año,floor,heater_system,its_new,m2_build,m2_useful,neighbourhood,parking,price_down_euro,price_down_percentage,price_euro,price_m2,real_estate,ref,rooms,status,terrace,title,link
4,1905,  En el área peatonal de la Catedral de Barcelona se encuentra esta amplia vivienda de 114 m2. Flanqueada por la Via Layetana y toda la zona comercial de Barnacentre. Enfrente la Catedral que nos conduce al famoso Barri Gòtic de Barcelona.   La finca está situada en una calle ancha muy tranquila apartada del bullicio que genera el centro de la ciudad. Dispone de plazas de estacionamiento públicas y privadas en su entorno inmediato. Se trata de un edificio de 1905 rehabilitado con pocos vecinos que dispone de ascensor. La zona está muy demandada actualmente por un perfil de cliente de alto poder adquisitivo así como por inversores que adquieren este inmueble para luego ofrecer viviendas amplias y de calidad en régimen de alquiler.  Se trata de un piso amplio en una segunda planta real con ascensor que goza de dos orientacion... ,1,136,1,Gas natural,null,114,100,El Gòtic,null,375.000 € ,4,360.000 ,3.158 €/m²,Emili Flotats, Ref.: B00719 ,4,Segunda mano/para reformar,null,Piso en venta en calle dels Sagristans,http://idealista.com/inmueble/91149325/
1,null, Magnifico piso totalmente exterior situado en una 2ª Planta real de una finca equipada con servicio de ascensor. La vivienda está perfectamente distribuida de la siguiente manera:  Salón comedor grande y espacioso con salida a una terraza/balcón proporcionando luminosidad al lugar. Cocina independiente office muy espaciosa con salida a una pequeña galeria.  La vivienda consta de 4 confortables dormitorios: 2 dobles con armarios empotrados y 2 individuales (todos exteriores). Equipado con un baño completo en buen estado de origen.  Si buscas vivir en una zona bien comunicada ésta es tu oportunidad. En este distrito tienes acceso rápido a la carretera C-31 y C-33. También dispones de transporte público muy cerca ya que encontrarás la parada de metro Sant Martin L2 y La Pau L4 a prácticamente dos minutos andando desde la vivienda. Futura estación del AVE-SAGRERA a 15 minutos' Su excelente ubicación! En este distrito podrás encontrar: una infinidad de supermercados tiendas de ropa cafeterías restaurantes colegios centros deportivos… Por todo ello esta propiedad es una magnífica elección para las personas que den valor a los espacios exteriores integrados en la vivienda. ,1,0,2,null,null,80,null,La Verneda i la Pau,null,240.000 € ,5,229.000 ,2.862 €/m²,"ZOE REAL ESTATE BARCELONA, SL", Ref.: VERNEDA 2V ,4,Segunda mano/buen estado,1,Piso en venta en calle Menorca,http://idealista.com/inmueble/91143675/
2,2002,  Encantador piso en Sants-Montjuïc  Housfy sin comisiones de inmobiliaria.  Susana vende su piso de particular a particular en Sants-Montjuïc Barcelona un espacio para disfrutar en tu día a día.  Sus 99 m2 están perfectamente distribuidos creando un espacio cómodo para el día a día.  Detalles del inmueble:  - Maravilloso piso de 99 m2 en La Marina del Port. (Los metros cuadrados están verificados con la Dirección General de Catastro) - Podemos disfrutar de 3 habitaciones y 2 baños perfecto para una familia. - Práctico comedor con amplio espacio de luz natural un lugar perfecto para descansar en los ratos libres. - El confort está garantizado ya que dispone de aire acondicionado y calefacción. - Exterior. - El piso cuenta también con un efectivo trastero. - Ascensor. - Con una apropiada cocina muy completa. - Terraza. - Los gastos d... ,1,225,2,null,null,99,83,El Poble Sec - Parc de Montjuïc,null,310.000 € ,3,299.800 ,3.028 €/m²,Housfy Real Estate CAT, Ref.: 261776 ,3,Segunda mano/buen estado,1,Piso en venta en calle dels Ferrocarrils Catalans 41,http://idealista.com/inmueble/91092285/
1,1968,  Estupendo piso en Horta Guinardó  Housfy sin comisiones de inmobiliaria.  Maria Remei vende su piso directamente del propietario en Horta Guinardó Barcelona perfecto para familias o parejas que busquen un lugar cómodo para su día a día.  El piso fue construido en el año 1968 en Horta Guinardó. Este fantástico piso está formado por 57 m2 construidos.  Detalles del inmueble:  - Admirable piso de 57 m2 en La Teixonera. (Los metros cuadrados están verificados con la Dirección General de Catastro) - La vivienda dispone de 2 habitaciones y 1 baño muy bien acomodadas. - Funcional comedor que es un lugar perfecto para descansar tras una jornada de trabajo donde disfrutar de tu familia. - Con una adecuada cocina. - Terraza. - Exterior. - Los gastos de la operación de compra son asumidos por el comprador.  Sobre la ubicación se sitúa en Bar... ,0,446,null,null,null,57,null,La Teixonera,null,163.000 € ,2,159.000 ,2.789 €/m²,Housfy Real Estate CAT, Ref.: 288882 ,3,Segunda mano/buen estado,null,Piso en venta en calle de Fastenrath 63,http://idealista.com/inmueble/90721929/
1,1944,  Estupendo piso en Sant Andreu    Housfy sin comisiones de inmobiliaria.  Elisabet vende su piso directamente del propietario en Sant Andreu Barcelona una vivienda luminosa y ubicada en un entorno idóneo para disfrutarlo.  Sus 69 m2 están perfectamente distribuidos creando un espacio cómodo para el día a día.  Características:  - Acogedor piso de 69 m2 en Navas. (Los metros cuadrados están verificados con la Dirección General de Catastro) - En el piso encontraremos 3 habitaciones y 1 baño perfecto para una familia. - Cálido salón-comedor con amplio espacio de luz natural creando un precioso y único espacio. - Con una cocina con todo lo necesario con office. - Cerramiento de alimonio de doble cristal en todas las ventanas. - Puerta blindada. - Además de un útil jardín comunitario.  azotea comunitaria para tender la ropa. - Los gast... ,0,244,1,null,null,69,null,El Congrés i els Indians,null,280.000 € ,2,275.000 ,3.986 €/m²,Housfy Real Estate CAT, Ref.: 282650 ,3,Segunda mano/buen estado,null,Piso en venta en calle de Concepción Arenal 67,http://idealista.com/inmueble/90689371/
1,1968,  Espléndido piso en Sant Martí  HOUSFY sin comisiones de agencia.  Angeles vende su piso directamente del propietario en Sant Martí Barcelona un espacio para disfrutar en tu día a día.  El espléndido piso está formado por 74 m2.  Detalles del inmueble:  - Genial piso de 74 m2 en Diagonal Mar i el Front Marítim del Poblenou. (Los metros cuadrados están verificados con la Dirección General de Catastro) - Esta vivienda cuenta con 3 habitaciones y 1 baño perfecto para una familia. - Acogedor salón-comedor que es un lugar perfecto para descansar tras una jornada de trabajo donde disfrutar de tu familia. - Terraza. - Ascensor. - Exterior. - Puerta blindada. - Con una funcional cocina con todo lo necesario. - Los gastos a cargo de la compraventa del inmueble corren a cargo del comprador.  El piso se encuentra en Barcelona una vivienda ide... ,1,171,3,null,null,74,null,Diagonal Mar i el Front Marítim del Poblenou,null,270.000 € ,4,260.000 ,3.514 €/m²,Housfy Real Estate CAT, Ref.: 281868 ,3,Segunda mano/buen estado,1,Piso en venta en calle de Josep Pla 41,http://idealista.com/inmueble/90576787/
1,1900,  Espléndido piso en Ciutat Vella.  Housfy sin intermediarios sin comisiones de inmobiliaria.  Maria de Lourdes vende su piso de particular a particular en Ciutat Vella Barcelona una vivienda luminosa y ubicada en un entorno idóneo para disfrutarlo. Este admirable piso cuenta con 71 m2 construidos.  Características:  - Fenomenal piso de 71 m2 en El Raval. (Los metros cuadrados están verificados con la Dirección General de Catastro) - Esta vivienda cuenta con 3 habitaciones y 1 baño perfecto para una familia. - Agradable salón amplio y luminoso un lugar perfecto para descansar en los ratos libres. - Con una cocina en buen estado. - Terraza. - Exterior. - Este piso cuenta también con un funcional trastero. - Los gastos de la operación de compra son asumidos por el comprador.  La localización del piso se ubica en Barcelona Ciudad.  Con... ,0,235,2,null,null,71,67,El Raval,null,210.000 € ,7,195.000 ,2.746 €/m²,Housfy Real Estate CAT, Ref.: 230706 ,3,Segunda mano/buen estado,1,Piso en venta en calle de Sant Pacià 3,http://idealista.com/inmueble/88799030/
2,1971,  113m2 construidos de piso distribuidos en 2 plantas sumando la terraza de 18m2.   Estupendo ático dúplex con terraza y vistas al mar en el Fort Pienc   Housfy: la agencia inmobiliaria online. Sin comisiones.  Precioso Ático dúplex en zona Fort Pienc. Zona céntrica y muy tranquila. Se encuentra a 1000m de la Sagrada Familia a 800m del cercanías del Arco de Triunfo a 350 m del nuevo parque de Glories y 400m del centro comercial. A 15 km de la playa. Según catastro son 67m2.  En la planta principal hay 2 habitaciones 1 aseo totalmente reformado cocina abierta también reformada ( con zona de lavadero independiente ) que comunica con un amplio salón. El salón tiene 2 espacios diferenciados ( salón y comedor ). En la planta de abajo está la habitación principal y un baño completo totalmente reformado con una bañera muy grande de microc... ,1,265,null,null,null,113,87,El Fort Pienc,1,570.000 € ,4,550.000 ,4.867 €/m²,Housfy Real Estate CAT, Ref.: 263675 ,3,Segunda mano/buen estado,1,Ático en venta en calle de Lepant 159,http://idealista.com/inmueble/90099242/
1,1910,  Genial piso en Sant Martí.   Compra tu piso con Housfy sin comisiones inmobiliarias.  Diana vende su piso directamente del propietario en Sant Martí Barcelona un espacio para disfrutar en tu día a día. Construido en el año 1910 en El Parc i la Llacuna del Poblenou. Sus 67 m2 ofrecen un espacio moderno y de concepto abierto.  Características:  - Estupendo piso de 67 m2 en El Parc i la Llacuna del Poblenou. (Los metros cuadrados están verificados con la Dirección General de Catastro) - La vivienda dispone de 3 habitaciones y 1 baño perfecto para una familia. - Un agradable salón-comedor amplio y soleado que da a dos calles y te proporcionará el relax diario. Un lugar perfecto para descansar en los ratos libres. - Con una adecuada cocina en buen estado y equipada con todo lo necesario. - Exterior. - Los gastos de la operación de comp... ,0,175,2,null,null,67,60,El Parc i la Llacuna del Poblenou,null,299.000 € ,3,289.000 ,4.313 €/m²,Housfy Real Estate CAT, Ref.: 231346 ,3,Segunda mano/buen estado,null,Piso en venta en calle de Sardenya 88,http://idealista.com/inmueble/88814998/
1,1974, Magnífico piso en Barcelona en la misma Plaza de España junto a la Fira de Barcelona. Cuenta con una superficie de 62m² construidos distribuidos en tres habitaciones dobles salón-comedor con salida a balcón cocina independiente con lavadero integrado y un baño. Vivienda exterior con mucha luz. Totalmente reformado hace 15 años con suelos de parquet puertas macizas de haya y ventanas de aluminio. Con calefacción. Las habitaciones son muy grandes y se podría ampliar el comedor para hacer un salón-comedor de película. El balcón tiene salida a patio interior tranquilo. Si valoras un piso en una finca señorial con todas las ventajas de vivir tan cerca de la Fira de Barcelona esta es tu oportunidad. ,1,147,2,Calefacción individual,null,62,60,La Font de la Guatlla,null,265.000 € ,6,250.000 ,4.032 €/m²,León Inmobiliarias Mollet, Ref.: JV14270 ,3,Segunda mano/buen estado,null,Piso en venta en calle de Sant Fructuós 7,http://idealista.com/inmueble/89058032/
1,null, Finca totalmente reformada en Les Corts.  Viviendas de 1 2 y 3 habitaciones totalmente rehabilitadas con acabados de calidad y grandes ventanales que proporcionan mucha luz natural a las viviendas.  Finca distribuida en 2 escaleras y 5 alturas. Plantas bajas con espaciosas terrazas viviendas con altillos techos altos y áticos con grandes terrazas.  Espacios muy diáfanos cocinas abiertas al salón-comedor equipadas con muebles placa de inducción y horno-microondas. Puertas correderas para proporcionar espacio a las viviendas. Baños equipados con platos de ducha. Habitaciones dobles e individuales con armarios empotrados.  Pisos con posibilidad de añadir otra habitación.  Excelentemente comunicado mediante transporte público tanto metro como bus. A escasos minutos andando de la Estación de Tren de Sants. Gran variedad de comercios y clubs deportivos en la zona.  Plazas de parking en la misma finca a partir de 27.500 € y trasteros a partir de 10.000 €.  Fecha de entrega: 1Q 2020. ,1,0,1,null,Obra nueva terminada,95,null,Les Corts,null,null,null,530.500 ,5.584 €/m²,Aproperties ., Ref.: ONB2001003 ,2,Promoción de obra nueva,1,Piso en venta en calle Nicaragua 75,http://idealista.com/inmueble/88742247/
1,null, Finca totalmente reformada en Les Corts.  Viviendas de 1 2 y 3 habitaciones totalmente rehabilitadas con acabados de calidad y grandes ventanales que proporcionan mucha luz natural a las viviendas.  Finca distribuida en 2 escaleras y 5 alturas. Plantas bajas con espaciosas terrazas viviendas con altillos techos altos y áticos con grandes terrazas.  Espacios muy diáfanos cocinas abiertas al salón-comedor equipadas con muebles placa de inducción y horno-microondas. Puertas correderas para proporcionar espacio a las viviendas. Baños equipados con platos de ducha. Habitaciones dobles e individuales con armarios empotrados.  Pisos con posibilidad de añadir otra habitación.  Excelentemente comunicado mediante transporte público tanto metro como bus. A escasos minutos andando de la Estación de Tren de Sants. Gran variedad de comercios y clubs deportivos en la zona.  Plazas de parking en la misma finca a partir de 27.500 € y trasteros a partir de 10.000 €.  Fecha de entrega: 1Q 2020. ,1,0,1,null,Obra nueva terminada,102,null,Les Corts,null,null,null,550.000 ,5.392 €/m²,Aproperties ., Ref.: ONB2001003 ,2,Promoción de obra nueva,1,Piso en venta en calle Nicaragua 75,http://idealista.com/inmueble/88742246/
2,null, Finca totalmente reformada en Les Corts.  Viviendas de 1 2 y 3 habitaciones totalmente rehabilitadas con acabados de calidad y grandes ventanales que proporcionan mucha luz natural a las viviendas.  Finca distribuida en 2 escaleras y 5 alturas. Plantas bajas con espaciosas terrazas viviendas con altillos techos altos y áticos con grandes terrazas.  Espacios muy diáfanos cocinas abiertas al salón-comedor equipadas con muebles placa de inducción y horno-microondas. Puertas correderas para proporcionar espacio a las viviendas. Baños equipados con platos de ducha. Habitaciones dobles e individuales con armarios empotrados.  Pisos con posibilidad de añadir otra habitación.  Excelentemente comunicado mediante transporte público tanto metro como bus. A escasos minutos andando de la Estación de Tren de Sants. Gran variedad de comercios y clubs deportivos en la zona.  Plazas de parking en la misma finca a partir de 27.500 € y trasteros a partir de 10.000 €.  Fecha de entrega: 1Q 2020. ,1,0,4,null,Obra nueva terminada,100,null,Les Corts,null,null,null,630.000 ,6.300 €/m²,Aproperties ., Ref.: ONB2001003 ,2,Promoción de obra nueva,null,Piso en venta en calle Nicaragua 75,http://idealista.com/inmueble/88742241/
2,null, Viviendas a estrenar en finca rehabilitada cerca Av Diagonal  Esta preciosa promoción de rehabilitación integral de una bonita finca clásica se encuentra ubicada en una calle tranquila de la Vila de Gracia al lado de la plaza del Raspall y a cinco minutos de la Av Diagonal.  Las viviendas constan de amplios salones con cocina equipada integrada 1 o 2 habitaciones 1 baño completo zona lavadero y terraza o balcones. Su orientación este/oeste les proporciona mucha luz natural. En la reforma se han recuperado elementos originales convirtiendo los apartamentos en viviendas modernas con características de su época.  Los acabados incluyen suelos de parquet flotante laminado EGGER en las estancias baldosas de gres porcelainico en los baños climatización con Aerotermia sistema hibrido MITSUBISHI ECODAN carpintería doble cristal los electrodomésticos en la cocina incluyen placa de inducción horno multifunción microondas lavavajillas y campana extracción de la marca BOSCH. ,1,72,2,null,Obra nueva terminada,88,73,Vila de Gràcia,null,null,null,646.000 ,7.341 €/m²,Aproperties ., Ref.: ONB1910013 ,2,Promoción de obra nueva,1,Piso en venta en calle Josep Torres 14,http://idealista.com/inmueble/91072026/
2,1970,  Piso de 103m2 en la calle Bertran de Barcelona Ciudad.   Se encuentra en un primer piso con ascensor en su parte posterior posee una terraza a la altura de un quinto piso con vistas sobre el club de tenis Barcino y por cuyo ventanal entra el sol a la vivienda toda la tarde desde el medio día.   Dispone de un salón al que se incorporó una habitación de matrimonio eliminando un tabique dos habitaciones y dos baños cocina con office y galería de servicios con lavadora tendedor y caldera de gas para la calefacción y agua sanitaria. También hay aire condicionado. Hay armarios empotrados el del office dispone de una cama abatible. El suelo es de parqué de madera y la puerta blindada con escudo de seguridad en la cerradura. A pie de ascensor hay un armario comunitario para dejar carros de compra o cochecitos y en el sótano un cuarto trast... ,1,0,1,null,null,103,90,El Putxet i el Farró,null,420.000 € ,6,395.000 ,3.835 €/m²,Housell.com, Ref.: 107994 ,2,Segunda mano/buen estado,1,Piso en venta en calle de Bertran,http://idealista.com/inmueble/87431074/
2,1960, OPORTUNIDAD PISO GRANDE CON MUCHA LUZ PARA REFORMAR  Oportunidad de compra de piso de 204 metros cuadrados con (184 metros de vivienda + 20 de terrazas) con POSIBILIDAD DE DIVIDIR EN 2 VIVIENDAS con MUCHA LUZ en edificio clásico de mediados de siglo pasado. A una manzana de LA SAGRADA FAMILIA 2 minutos caminando.  Se trata de una quinta planta de altura. Actualmente tiene un gran salón de más de 40 metros con salida a terraza cuadrada donde poder poner mesa y sillas. 5 dormitorios (4 dobles y 1 individual)  con mucha luz al ser piso alto. Cocina office independiente y 2 cuartos de baño.  Perfecto para hacer una reforma a su propio gusto.  Finca clásica en perfecto estado y con servicio de conserjería. El inmueble tiene trastero en el terrado del edificio.  No deje escapar la oportunidad de visitarlo.  Si el precio es un problema escuchamos ofertas.  Para más información comuníquese directamente vía email o teléfono.     *Hay que tener en cuenta que el precio de venta no incluye impuestos ni gastos de compra. ,1,160,5,Calefacción individual,null,204,184,La Sagrada Família,null,648.500 € ,4,620.000 ,3.039 €/m²,Sergio Vázquez, Ref.: 1045-2019 ,5,Segunda mano/para reformar,1,Piso en venta en calle de Valencia Barcelona,http://idealista.com/inmueble/84962962/
1,1900, Piso con mucho encanto situado en la primera planta de una bonita finca modernista sin ascensor. Distribuido con una tipología tipo loft con espacios abiertos y comunicados entre si. Tiene un bonito salón-comedor exterior a un patio de manzana muy soleado y con salida a balcón. Junto plaza Joanic. ,0,152,1,null,null,56,50,Vila de Gràcia,null,null,null,198.000 ,3.536 €/m²,REMAX PROJECT, Ref.: 3477-01206 ,1,Segunda mano/buen estado,null,Piso en venta en calle de Bruniquer,http://idealista.com/inmueble/91644226/
3,1964, Ático a reformar cerca de Vía Augusta Entre Plaça Molina y Plaça Lesseps encontramos éste ático en planta 8ª real &nbsp; de 167 m2 construidos + 70m2 de terraza. Ideal para diseñar la vivienda de tus sueños y poder disfrutar de todos los detalles que siempre habías imaginado.  Orientación a 380º rodeada de superficie de terraza para organizar diferentes ambientes en el exterior.  Si lo que buscas no existe no puedes perder la visita a esta maravilla de superficie y darnos la oportunidad de poder explicarte todas las opciones que se pueden realizar según tus parámetros de búsqueda. ,1,0,8,null,null,202,null,Sarrià-Sant Gervasi,null,null,null,995.000 ,4.926 €/m²,aProperties Real Estate Barcelona, Ref.: VB2007011-2 ,4,Segunda mano/para reformar,1,Ático en venta en Sant Gervasi - Galvany,http://idealista.com/inmueble/91550562/
3,1966, Elegante piso de diseño en Sant Gervasi - La Bonanova Esta excelente propiedad se encuentra en la parte alta de Barcelona cerca de la calle Mandri entre Via Augusta y Ronda General Mitre con muy buenas comunicaciones rodeada de comercios buenos restaurantes y colegios. La propiedad ha sido totalmente reformada recientemente con materiales de alta calidad electrodomésticos de alta gama y mobiliario de diseño todas las estancias son exteriores y muy luminosas.  La distribución es lógica y racional diferenciándose claramente la zona de día de la zona de noche la zona de día compuesta por un gran salón comedor cocina office con zona de aguas habitación y baño de servicio la zona de noche dispone de tres habitaciones una de ellas en suite y las otras dos comparten un baño.  El precio del inmueble incluye iluminación muebles cortinas electrodomésticos tv. ,1,288,1,Gas natural,null,180,null,Sarrià-Sant Gervasi,null,null,null,1.095.000 ,6.083 €/m²,aProperties Real Estate Barcelona, Ref.: VB2008006-4 ,4,Segunda mano/buen estado,null,Piso en venta en Sant Gervasi - Galvany,http://idealista.com/inmueble/91521375/
2,1936,  Piso con terraza y excelente reforma En una de las calles más buscadas y tranquilas de Vila de Gràcia en una finca Regia se encuentra éste precioso bajo con una terraza de 35m2 con suelos de madera natural.  La vivienda está totalmente reformada con un gusto exquisito y todos los muebles están&nbsp; hechos a medida incluidos. Combinan a la perfección algunas paredes de obra vista con los techos de volta catalana y los suelos de madera clara natural.  Solo entrar nos sorprende la distribución de los espacios que proporcionan un ambiente de amplitud y luminosidad muy agradable. &nbsp;La climatización es con radiadores de diseño de gas natural para la calefacción y dos splits para el aire frio. A la derecha la suite con armarios empotrados y un baño completo. Un gran ventanal con persianas automáticas graduables con un espacio a modo ... ,1,0,0,Gas natural,null,95,null,Gràcia,null,null,null,575.000 ,6.053 €/m²,aProperties Real Estate Barcelona, Ref.: VB2007014C-4 ,1,Segunda mano/buen estado,1,Piso en venta en Vila de Gràcia,http://idealista.com/inmueble/91521244/
4,2004,  Casa en venta en Torre Vilana Espectacular propiedad de 286 m² y 88 m2 de terraza &nbsp;ubicada en un exclusivo complejo residencial. La propiedad se desarrolla en varias plantas&nbsp; En la primera planta &nbsp;encontramos un recibidor que nos da acceso a una espaciosa sala de estar con salida al jardín un amplio despacho o estancia polivalente con salida a una bonita terraza un dormitorio individual con armarios empotrados y salida directa al jardín y&nbsp; un baño. En la segunda planta encontramos la cocina de diseño totalmente equipada y un gran salón comedor con unas vistas espectaculares a la ciudad de Barcelona. En la tercera planta encontramos un dormitorio doble un dormitorio individual un baño completo para uso de y un magnífico dormitorio en-suite. En la planta sótano se ubica un garaje para tres coches un amplio salón ... ,null,113,null,Gas natural,null,374,null,Sarrià-Sant Gervasi,1,null,null,1.950.000 ,5.214 €/m²,aProperties Real Estate Barcelona, Ref.: VB2001048-5 ,5,Segunda mano/buen estado,1,Casa o chalet en venta en Sant Gervasi - La Bonanova,http://idealista.com/inmueble/91521220/
5,1979, Excelente piso en venta cerca de Turó Park En la parte alta de Turó Park en una excelente ubicación una calle tranquila muy bien comunicado y cerca de comercios. Encontramos este&nbsp; excelente&nbsp; piso todo exterior de unos 274m2 aproximadamente en una segunda planta real y orientado al mar. La propiedad dispone de un gran salón comedor a dos piezas con biblioteca y despacho independiente luminoso y soleado con salida a una agradable terraza de unos 15m2 aproximadamente.  La cocina se ha reformado recientemente con zona de lavadero y habitación de servicio con baño. La propiedad además consta de 4 habitaciones dobles una de ellas en suite 3 baños completos y un aseo de cortesía.  La propiedad dispone de dos plazas de garaje en la misma finca un trastero y servicio de conserjería. ,1,100,2,Gas natural,null,281,null,Sarrià-Sant Gervasi,1,null,null,1.500.000 ,5.338 €/m²,aProperties Real Estate Barcelona, Ref.: VB2001044-5 ,5,Segunda mano/buen estado,1,Piso en venta en Sant Gervasi - Galvany,http://idealista.com/inmueble/91521228/
2,1950,  Piso señorial con aparcamiento en Galvany Ubicado en pleno corazón del barrio de Galvany rodeado de todo tipo de tiendas comercios y transporte público a pocos metros del Mercado de la Avenida Diagonal y del Turó Park encontramos este piso de 160m2 aproximadamente &nbsp;totalmente exterior. La finca por la cual se accede a través de una zona ajardinada muy agradable tiene servicio de conserjería y es a cuatro vientos con lo que le da a la propiedad&nbsp; una gran luminosidad. La Calle en la que se encuentra la propiedad es muy tranquila y circulan pocos coches asegurando una estancia&nbsp; agradable alejada de los ruidos de la ciudad y al mismo tiempo ubicada en un barrio muy céntrico. Su distribución lo convierte en una vivienda&nbsp; muy cómoda. En la zona de día encontramos&nbsp; un amplio salón comedor dividido en tres ambient... ,1,140,4,Gas natural,null,160,null,Sarrià-Sant Gervasi,1,null,null,875.000 ,5.469 €/m²,aProperties Real Estate Barcelona, Ref.: VB2001038-5 ,4,Segunda mano/buen estado,null,Piso en venta en Sant Gervasi - Galvany,http://idealista.com/inmueble/91521227/
1,1900, Piso en venta en la Barceloneta gran oportunidad para inversores Piso con mucha luz situado en una tercera planta de un edificio tradicional ubicado en pleno barrio de la Barceloneta a escasos metros de la playa y del mar. El piso tiene 35 m2 y consta de un salón comedor que integra una pequeña cocina habitación doble y otra individual y un cuarto de baño completo. Desde el salón se accede también a pequeño balcón.  Los acabados son de calidad y se han mantenido elementos arquitectónicos originales como la  volta catalana  en los techos.  La Barceloneta goza de una gran oferta de restaurantes y bares con sus terrazas en la playa y paseos soleados. Se encuentra a poca distancia del centro de la ciudad cómodamente conectada con transporte público.  Cerramientos de aluminio en las ventanas suelos de parque. El apartamento se vende con inquilino.  Consideramos es una gran oportunidad para inversores. Rentabilidad del 61%.  &nbsp;. ,0,131,3,null,null,35,32,Ciutat Vella,null,null,null,190.000 ,5.429 €/m²,aProperties Real Estate Barcelona, Ref.: VB2001021-5 ,2,Segunda mano/buen estado,null,Piso en venta en La Barceloneta,http://idealista.com/inmueble/91521214/
2,1997, Dúplex en venta en Sarrià muy cerca de la avenida Pedralbes. La vivienda mide 170 m² distribuidos en dos plantas. Se presenta en buen estado pero necesitaría una renovación. Está en una zona residencial ideal para familias entre Sarrià y Pedralbes en la Zona Alta cerca de escuelas internacionales.   Cabe la posibilidad de tener una plaza de aparcamiento en el mismo edificio. El piso tiene tres dormitorios dobles y uno individual. Junto a los cuatro dormitorios hay dos baños y un trastero un salón dos terrazas y la cocina. El trastero podría renovarse y convertirse en un baño. La vivienda dispone de aire acondicionado y ventanas de doble acristalamiento.   Una oportunidad ideal para hacerse una vivienda a medida en una ubicación privilegiada de la Zona Alta de Barcelona. ,1,110,null,null,null,162,null,Sarrià-Sant Gervasi,1,null,null,610.000 ,3.765 €/m²,Lucas Fox Barcelona, Ref.: BCN21034 ,4,Segunda mano/para reformar,1,Piso en venta en Sarrià,http://idealista.com/inmueble/91520057/
1,1968,  Piso de 84 m²en zona Sagrada Familia 08025 Barcelona Situado en Calle de los Castillejos con Provenza. La amplitud de esta vivienda proporciona a una familia con niños todo el espacio que necesita.   Se encuentra en una segunda planta y dispone de un salón cuatro habitaciones un cuarto de baño y cocina amueblada completamente independiente del resto de estancias y equipada con electrodomésticos. Galería para lavadora y tender ropa. Además el piso cuenta con balcón que aporta gran luminosidad a toda la estancia; armarios empotrados y altillo en la zona del pasillo para optimizar tu espacio de almacenaje. El inmueble es todo exterior. Además por su orientación este en esta casa disfrutarás del sol por las mañanas.   La vivienda se vende sin amueblar y en buen estado lista para entrar a vivir. En cuanto a las calidades este piso... ,1,0,2,null,null,84,77,Eixample,null,null,null,299.000 ,3.560 €/m²,Housell.com, Ref.: 114262 ,4,Segunda mano/buen estado,null,Piso en venta en La Sagrada Família,http://idealista.com/inmueble/91478266/
2,1952, En pleno Turó Park se encuentra este magnífico piso a reformar. La vivienda se caracteriza por su luminosidad ya que se encuentra en una planta alta de la finca.   El piso se distribuye de la siguiente manera. Al cruzar la puerta principal nos encontramos con un gran recibidor que conecta con un pasillo que distribuye las diferentes estancias de la vivienda. A mano izquierda se disponen dos dormitorios individuales que compartirían un baño completo. A la derecha se sitúa la cocina bastante especiosa con una pequeña galería y un aseo.   Siguiendo por el pasillo daremos con la zona de día que se compone de un comedor amplio y un salón espectacular. El salón de gran tamaño es totalmente exterior siendo así la mejor estancia de la vivienda. Gracias a su altura disfruta de unas vistas espectaculares al Turó Park. Junto al salón se dispone el dormitorio principal a su vez muy amplio y luminoso.   Piso perfecto para llevar a cabo una reforma ideal en la que personalizar y diseñar su propia vivienda. ,1,0,null,null,null,125,null,Sarrià-Sant Gervasi,null,null,null,870.000 ,6.960 €/m²,Lucas Fox Barcelona, Ref.: BCN25668 ,3,Segunda mano/para reformar,null,Piso en venta en Sant Gervasi - Galvany,http://idealista.com/inmueble/91467680/
2,1912, Piso con balcón y mucha personalidad en Gràcia En una Finca Regia del encantador barrio de Gràcia a 5 minutos de Plaça Lesseps encontramos este atractivo piso (2º real) donde destaca la combinación de techos artesonados con los de bóveda catalana y vigas de madera algún toque en la pared de obra vista y suelos hidráulicos. Solo entrar una amplia cristalera que da a patio interior nos da la bienvenida. Toda la vivienda nos transmite una sensación de amplitud ya que los techos son altos al igual que las puertas de madera. El luminoso salón-comedor con cocina office equipada con electrodomésticos de gama alta tiene salida al balcón de 4m2 que da a la calle principal. En el centro de la vivienda se encuentra un baño completo con bañera y una de las tres habitaciones con ventana al patio interior y que actualmente hace la función de zona de trabajo. Un espacio para la zona de aguas lavadora-secadora discretamente colocado en esta zona y llegamos a las dos habitaciones dobles con armarios y grandes ventanales con vistas despejadas y persianas eléctricas una de ellas en suite con un baño con ducha.  Sin duda un piso con mucha personalidad y gusto en su reforma. ,1,100,1,Bomba de frío/calor,null,91,89,Gràcia,null,null,null,515.000 ,5.659 €/m²,aProperties Real Estate Barcelona, Ref.: VB2008013-3 ,3,Segunda mano/buen estado,null,Piso en venta en La Salut,http://idealista.com/inmueble/91459961/
2,1800,  Este magnífico piso de 220 m² situado en un antiguo palacio de finales del siglo XVIII se presenta como una vivienda única en el mercado. Se trata de un edificio que se ha rehabilitado íntegramente con un gran tacto y criterio durante las dos últimas décadas. Uno de sus propietarios más ilustres fue Eusebi Güell el mecenas del célebre arquitecto Gaudí. De hecho elementos arquitectónicos como puertas azulejos chimeneas o vidrieras que luce actualmente el Palau Güell se obtuvieron en su día de este palacio. El edificio destaca por su impresionante entrada digna de un palacio de este calibre y por sus espacios comunes excelentes para relajarse como salones jardines e incluso una terraza que todos los vecinos pueden disfrutar.   A pesar de encontrarse en una finca de estilo imponente la vivienda se caracteriza por su atmosfera cálid... ,1,0,null,null,null,246,null,Ciutat Vella,null,null,null,1.450.000 ,5.894 €/m²,Lucas Fox Barcelona, Ref.: BCN16812 ,4,Segunda mano/buen estado,1,Ático en venta en El Gòtic,http://idealista.com/inmueble/91450953/
2,2004, Apartamento en Passeig del Taulat en el complejo residencial Illa del Bosc Se trata de una vivienda ubicada en el complejo residencial Illa del Bosc Se ha reformado recientemente y se ha abierto la cocina al salón comedor. &nbsp; La vivienda dispone de una superficie de 147m2 construidos incluyendo la terrraza de 12m2 y un trastero de 6m2. Dispone de tres habitaciones y dos baños. Desde el dormitorio principal se puede acceder a la amplia terraza con increibles vistas a la ciudad. Esta estancia tiene un gran vestidor de la marca Carre y el baño en suite. Las otras dos habitaciones tienen armarios empotrados y comparten el otro baño. Este fabuloso apartamento tiene mucha luz dado a su orientación y agradables vistas al mar Barcelona Montjuic y Tibidabo.  El complejo residencial donde se ubica este apartamento dispone de todos los servicios como servicio de conserjería video vigilancia pistas de paddle dos piscinas solárium gimnasio completo y una sala polivalente preparada para celebrar eventos.  El precio de venta incluye una plaza de parking grande y un trastero en la misma finca  &nbsp;. ,1,130,14,Eléctrica,null,147,null,Sant Martí,1,null,null,960.000 ,6.531 €/m²,aProperties Real Estate Barcelona, Ref.: VB2008003-3 ,3,Segunda mano/buen estado,1,Piso en venta en Diagonal Mar i el Front Marítim del Poblenou,http://idealista.com/inmueble/91426151/