bathrooms,constructed_year,description,elevator,energetic_qualification_kWhm2_año,floor,heater_system,its_new,m2_build,m2_useful,neighbourhood,parking,price_down_euro,price_down_percentage,price_euro,price_m2,real_estate,ref,rooms,status,terrace,title,link
1,1972,  Piso de 71 m2 en Barcelona provincia de Barcelona. Por el espacio que te ofrece este piso es ideal para una familia con hijos.   Se encuentra en un 3º piso con ascensor y dispone de luminoso salón cocina amueblada totalmente independiente del resto de estancias y equipada con electrodomésticos dos dormitorios y un cuarto de baño completo. Además el piso cuenta con balcón por lo que podrás disfrutar de luz natural en toda la estancia armarios empotrados y trastero para optimizar tu espacio de almacenaje. El inmueble es todo exterior y está situado en una vía de fácil acceso tiene 1 plaza de garaje en la misma finca (precio aparte a negociar).   Además por su orientación norte es una casa que recibe el sol por las mañanas pero no es calurosa en los meses de verano.    La vivienda se vende sin amueblar y en buen estado para que... ,1,0,3,null,null,71,68,El Guinardó,null,280.000 € ,7,260.000 ,3.662 €/m²,Housell.com, Ref.: 111925 ,2,Segunda mano/buen estado,null,Piso en venta en calle de Florència,http://idealista.com/inmueble/89110860/
1,1965,  Piso de 70 m² de superficie provincia de Barcelona. La amplitud de esta vivienda proporciona a una familia con niños todo el espacio que necesita.   Se encuentra en un segunda piso con ascensor y dispone de un salón tres habitaciones un baño y una cocina equipada con electrodomésticos. Además el inmueble cuenta con balcón que aporta gran luminosidad a toda la estancia y armarios empotrados para aumentar la capacidad de almacenaje de tu hogar. La vivienda es toda exterior. Dicho piso se encuentra situado en una vía de fácil acceso tiene una plaza de garaje ubicada en otro edificio por precio a negociar.  Además por su orientación norte es una casa que recibe el sol por las mañanas pero no es calurosa en los meses de verano.   La vivienda se vende sin amueblar y en buen estado reformado recientemente lista para entrar a vivir. ... ,1,0,2,null,null,70,68,La Sagrera,1,269.000 € ,5,256.000 ,3.657 €/m²,Housell.com, Ref.: 111739 ,3,Segunda mano/buen estado,null,Piso en venta en avenida Meridiana,http://idealista.com/inmueble/88937779/
1,1960, Jto Plza Llucmajor. Piso con 60 m2 aprox distribuidos en 3 habitaciones con armamrios empotrados 1 baño completo con ducha cocina americana y salón comedor con salida a balcón. Todo reformado de alta calidad. Suelos de Parquet cerramientos de aluminio calefacción y aire acondicionado. Finca reformada y restaurada piso muy alto con ascensor y sol directo ubicado en zona centrica cerca de comercios y transporte público y áreas verdes. ,1,0,5,Gas natural,null,60,null,Porta,null,229.000 € ,5,218.000 ,3.633 €/m²,simurba, Ref.: 3355 ,3,Segunda mano/buen estado,null,Piso en venta en JARDINS DE L´ALFABIA,http://idealista.com/inmueble/90842959/
1,1970, ESTUPENDO PISO EN VENTA TOTALMENTE EXTERIOR Y RECIÉN REFORMADO EN CALLE TRAPANI.  Tenemos a la venta este precioso piso super luminoso y acabado de reformar. Tiene una superficie de 60 metros cuadrados construidos y cuenta con 3 habitaciones y un baño.   La vivienda se encuentra en una finca sin ascensor aunque está en proyecto en trámite de licencia con derramas pagadas. Se distribuye en un amplio salón comedor con gran ventanal cocina tipo apartamento amueblada y equipada 3 dormitorios uno doble y dos individuales y un baño de 3 piezas con armario bajo lavabo y bañera.   La reforma reciente incluye acogedores suelos de parquet carpintería exterior de aluminio aire acondicionado con bomba de frío / calor etc.   Se encuentra en una calle peatonal muy tranquila y con todos los servicios necesarios alrededor como colegios supermercados centro médico tiendas parques etc. y a 50 mts de la estación del Besos y del tranvía. También a 50 mts del mercado municipal y de la Rambla Prim.  IMPECABLE PARA ENTRAR A VIVIR.  Llámanos para concertar una visita. ,0,0,5,null,null,60,58,El Besòs,null,null,null,105.000 ,1.750 €/m²,GDC Patrimonio, Ref.: BAR-6433014 ,3,Segunda mano/buen estado,null,Piso en venta en calle de Trapani,http://idealista.com/inmueble/91631841/
2,1910,  Fantástico piso en Eixample  Housfy de particular a particular y sin comisiones de agencia.  Luis Fernando vende su piso de particular a particular en Eixample Barcelona una vivienda luminosa y ubicada en un entorno idóneo para disfrutarlo. Este genial piso fue construido en el año 1910 en Eixample. Este perfecto piso está formado por 86 m2.  Detalles del inmueble:  - Encantador piso de 86 m2 en Sant Antoni. (Los metros cuadrados están verificados con la Dirección General de Catastro) - La vivienda dispone de 2 habitaciones y 2 baños muy bien acomodadas. - Confortable comedor que te proporcionará el relax diario un lugar perfecto para descansar en los ratos libres. - Aire acondicionado por conductos y calefacción por radiadores de gas para todas las estaciones del año. - Puerta de entrada de seguridad blindada. - Ascensor. - Con un... ,1,135,1,null,null,86,null,Sant Antoni,null,null,null,440.000 ,5.116 €/m²,Housfy Real Estate CAT, Ref.: 307396 ,2,Segunda mano/buen estado,null,Piso en venta en Gran Via de les Corts Catalanes s/n,http://idealista.com/inmueble/91629712/
2,1936, Piso con licencia turística en Avinguda Diagonal junto a Francesc Macià Pisos con licencia turística ubicados en una de las zonas más exclusivas y nobles de Barcelona en &nbsp;la Avenida Diagonal cerca de &nbsp;plaza Francesc Macià situados en una finca regia del 1936 totalmente rehabilitada rodeada de prestigiosas tiendas reconocidos restaurantes y muy bien comunicada encontramos estas excepcionales propiedades con una superficie de 120 m² aproximadamente cada una&nbsp; recientemente reformadas con mucho gusto y calidad; con pavimento de madera de roble aceitado gres porcelánico en cocina y baños carpintería de aluminio con persianas orientables electrodomésticos Siemens mobiliario de cocina Nolte Kuchen aire acondicionado calefacción entre otros. Las viviendas cuentan con un amplio y luminoso salón-comedor con cocina semi-integrada y zona de aguas. En la zona de noche encontramos tres habitaciones dobles una en suite y un baño. La finca dispone de ascensor y servicio de conserjería. Es una oportunidad única de adquirir &nbsp;pisos prácticamente nuevos en la recién renovada Avenida Diagonal con gran una rentabilidad. ,1,131,2,Gas natural,null,120,null,Sant Gervasi - Galvany,null,null,null,1.200.000 ,10.000 €/m²,aProperties Real Estate Barcelona, Ref.: VB2003012-5 ,3,Segunda mano/buen estado,null,Piso en venta en avenida Diagonal,http://idealista.com/inmueble/91626733/
1,1963,  Piso en la calle Pujades Poblenou Piso en buen estado de conservación &nbsp; totalmente exterior y muy luminoso situado en la sexta planta de un edificio del año&nbsp; 1963 en el chaflán entre las calles Pujades y Lope de Vega lo que le proporciona unas vistas despejadas y amplias. Gracias a su orientación sur disfruta de sol y luz natural todo el día.  El piso se compone de 3 dormitorios 2 dobles y 1 individual salón comedor cocina independiente y baño completo con ducha  La distribución del piso es muy funcional. Entramos al piso a través del recibidor que nos lleva a un amplio salón-comedor. Por el pasillo distribuidor encontramos a mano izquierda un dormitorio individual &nbsp; la cocina independiente reformada hace pocos años y completamente equipada y dos dormitorios dobles. Todas estas estancias son exteriores. Frente... ,1,100,6,null,null,84,null,El Poblenou,null,null,null,365.000 ,4.345 €/m²,aProperties Real Estate Barcelona, Ref.: VB2010021-2 ,3,Segunda mano/buen estado,null,Piso en venta en calle de Pujades,http://idealista.com/inmueble/91624168/
1,1910, Acogedor piso en Ciutat Vella  De particular a particular y sin comisiones de agencia con Housfy.  Raja vende su piso de particular a particular en Ciutat Vella Barcelona una vivienda luminosa y ubicada en un entorno idóneo para disfrutarlo.  Detalles del inmueble:  - Encantador piso de 33 m2 en El Raval. (Los metros cuadrados están verificados con la Dirección General de Catastro) - Podemos disfrutar de 1 habitación y 1 baño. - Práctico salón-comedor que te proporcionará el relax diario donde disfrutar de tu familia. - El piso cuenta también con un trastero. - Exterior. - Con una efectiva cocina. - Los gastos de la compraventa del inmueble corren a cargo del comprador.  Sobre la localización está localizado en Barcelona una vivienda ideal para aquellos que quieran un cómodo espacio donde vivir con todo lo necesario del día a día a un paso de su casa.  Sobre nosotros: Housfy es una plataforma tecnológica que ofrece al propietario/a todos los servicios necesarios para que pueda vender la propiedad por su cuenta. Es por ello que la vivienda no tiene comisiones de intermediación ajustando así el valor a los precios de mercado. Para más información visítenos en housfy. com. AICAT número: 7922. ,0,134,2,null,null,40,null,El Raval,null,null,null,170.000 ,4.250 €/m²,Housfy Real Estate CAT, Ref.: 306505 ,1,Segunda mano/buen estado,null,Piso en venta en calle de Sant Ramon 27,http://idealista.com/inmueble/91622843/
1,1900, Estupendo piso en Ciutat Vella  Housfy compraventa entre particulares. Sin comisiones.  Raja vende su piso de particular a particular en Ciutat Vella Barcelona una vivienda luminosa y ubicada en un entorno idóneo para disfrutarlo.  Características:  - Estupendo piso de 58 m2 en El Raval. (Los metros cuadrados están verificados con la Dirección General de Catastro) - Podemos disfrutar de 2 habitaciones y 1 baño muy bien acomodadas. - Confortable salón con amplio espacio de luz natural un lugar perfecto para descansar en los ratos libres. - Este piso cuenta también con un práctico trastero. - Exterior. - Con una funcional cocina. - Los gastos de la compraventa del inmueble corren a cargo del comprador.  La situación del piso se sitúa en Barcelona una vivienda ideal para aquellos que quieran un cómodo espacio donde vivir con todo lo necesario del día a día a un paso de su casa.  Sobre nosotros: Housfy es una plataforma tecnológica que ofrece al propietario/a todos los servicios necesarios para que pueda vender la propiedad por su cuenta. Es por ello que la vivienda no tiene comisiones de intermediación ajustando así el valor a los precios de mercado. Para más información visítenos en housfy. com. AICAT número: 7922. ,0,278,null,null,null,59,null,El Raval,null,null,null,230.000 ,3.898 €/m²,Housfy Real Estate CAT, Ref.: 305141 ,2,Segunda mano/buen estado,null,Piso en venta en rambla del Raval 55,http://idealista.com/inmueble/91622824/
1,null,  Vivienda exterior en tercera planta de finca clásica rehabilitada de Ciutat Vella de 60 m2 aproximados. 2 habitaciones baño y cocina en buen estado balcón a calle. Suelos de Gres radiadores de calefacción techos altos lavadero Tan solo necesita trabajos de pintura para entrar a vivir. Consultar documentación e información adicional y detallada en el apartado legal.  Barcelona a orillas del Mediterráneo es la capital de Catalunya y segunda ciudad de España. Tiene una población de unos 55 millones de habitantes que disponen de todo tipo de servicios. El distrito de Ciutat Vella (el casco histórico de la ciudad) se divide en diferentes barrios a un lado y otro de Las Ramblas que desembocan en el Port Vell. El barrio del Raval es uno de los más carismáticos de todos con una gran confluencia de culturas que se enriquecen mutuamente... ,0,38,3,Gas natural,null,60,null,El Raval,null,null,null,120.000 ,2.000 €/m²,BidX1, Ref.: 0107205169 ,2,Segunda mano/buen estado,1,Piso en venta en calle de la Riereta,http://idealista.com/inmueble/91607528/
1,null,  Vivienda de 50 m2 construidos aproximados en 1ª planta interior sin ascensor. Se distribuye en hall salón-comedor tres dormitorios baño y cocina. Cuenta con un patio. La vivienda está ubicada en el barrio El Raval de&nbsp;Barcelona. Consultar documentación e información adicional y detallada en el apartado legal. Esta propiedad tiene un precio condicionado. La oferta ganadora estará sujeta a aprobación por parte del vendedor quien dispone de un plazo máximo de 2 días hábiles para emitir una respuesta siendo vinculante en caso de aceptación. Encontrará más información en nuestros Términos y Condiciones.  Barcelona a orillas del Mediterráneo es la capital de Catalunya y segunda ciudad de España Tiene una población de unos 55 millones de habitantes que disponen de todo tipo de servicios El distrito de Ciutat Vella (el casco históri... ,0,0,1,null,null,50,null,El Raval,null,null,null,90.000 ,1.800 €/m²,BidX1, Ref.: 0107205165 ,3,Segunda mano/para reformar,null,Piso en venta en calle de Sant Antoni Abat,http://idealista.com/inmueble/91607391/
3,1979,  Sensacional ático en Sarrià-Sant Gervasi  Housfy de particular a particular y sin comisiones de agencia.  Ático de 156 m2 en finca de Núñez y Navarro completamente exterior con luz natural todo el día y excelentes vistas. Situado en calle céntrica del barrio 3 Torres (Sarrià - Sant Gervasi) bien comunicada con buenos servicios y colegios cerca. La vivienda es perfecta para una familia.  Características:  - Ático de 156 m2 en Les Tres Torres. - 4 habitaciones (1 en suite) 2 baños y 1 aseo.  - Amplio salón-comedor con terraza balcón y amplios ventanales que recibe luz natural todo el día. - Cocina exterior bien equipada con mesa para 6 comensales y acceso a lavadero también exterior. - Terraza con vistas - Suelo de mármol armarios empotrados acabados de lujo y caja fuerte. - Puerta blindada y altillos en toda la vivienda para e... ,1,221,null,null,null,181,156,Les Tres Torres,null,1.020.000 € ,2,995.000 ,5.497 €/m²,Housfy Real Estate CAT, Ref.: 306297 ,4,Segunda mano/buen estado,1,Ático en venta en via Augusta s/n,http://idealista.com/inmueble/91605015/
1,1969, Vivienda de 3 dormitorios con salón - comedor baño cocina y terraza cubierta a modo de trastero o zona de paso.  Cuenta con aire acondicionado filtro por osmosis para el agua de la cocina y altillo de carga.  Finca con ascensor.  Emplazada en el barrio de San Martín a un paso del metro (L2) de San Martín y de la futura estación del AVE - Rodalies y bus.  Si tienes dudas en algún producto financiero o deseas valorar tu piso contacta con nosotros.  *El precio de venta del inmueble no incluye los honorarios de la inmobiliaria ni los tributos que gravan Ia compraventa (ITPAJD o IVA) ni en caso de haberlos los notariales y los registrales que satisface el comprador. ,1,152,10,null,null,70,null,Sant Martí de Provençals,null,199.000 € ,5,189.000 ,2.700 €/m²,La Casa Agency - Pont Del Treball, Ref.: VTA-SARA-CANTMEN10 ,3,Segunda mano/buen estado,1,Piso en venta en calle Menorca,http://idealista.com/inmueble/91591662/
2,1940,  Espléndido piso en Sarrià-Sant Gervasi  Compraventa entre particulares y sin comisiones con Housfy.  Martí vende su piso de particular a particular en Sarrià-Sant Gervasi Barcelona una vivienda luminosa y ubicada en un entorno idóneo para disfrutarlo.  Construido en 1940 en Barcelona. Sus 120 m2 están perfectamente distribuidos creando un espacio cómodo para el día a día.  Características:  - Piso de 120 m2 totalmente reformado situado en el corazón del turó park. (Los metros cuadrados están verificados con la Dirección General de Catastro) - En el piso encontraremos 3 habitaciones dobles y 2 baños con ducha perfecto para una familia. - Amplio salón-comedor con salida a terraza y chimenea.  - Exterior. - Finca regia con dos ascensores y servicio de portería. - Cerramientos de aluminio nuevos calefacción a gas y aire acondicionado.... ,1,100,1,null,null,120,null,Sant Gervasi - Galvany,null,null,null,699.000 ,5.825 €/m²,Housfy Real Estate CAT, Ref.: 307022 ,3,Segunda mano/buen estado,1,Piso en venta en calle de Calvet s/n,http://idealista.com/inmueble/91571413/
1,1855,  ¡0% COMISIÓN AL COMPRADOR!  Piso ubicado en el corazón de EL RAVAL que ofrece una gran variedad comercial cultural y gastronómica.  A tan solo 5min de plaza Cataluña las Ramblas y Mercado de las Boquería y a dos calles de la Rambla del Raval el piso se encuentra en una excelente ubicación: Muy bien comunicado por transporte público y vías de acceso a la ciudad.  En un pasaje tranquilo con excelente iluminación y ventilación. El piso es a estrenar y ha sido remodelado en el 2020 con un cálido diseño y excelentes acabados.  Consta de 61m2 construidos y 55m2 útiles distribuidos en un salón con salida a 3 balcones pequeños con vistas al exterior; 2 habitaciones una de ellas doble y una habitación simple (conector a TV en ambas). Mantiene el diseño característico de techo abovedado con vigas de madera; todas las ventanas poseen crista... ,0,202,3,Calefacción individual,null,61,55,El Raval,null,null,null,227.000 ,3.721 €/m²,Rocío Sánchez, Ref.: 3451-02075 ,2,Segunda mano/buen estado,1,Piso en venta en Picalquers,http://idealista.com/inmueble/91568267/
3,1969,  Genial duplex en Sarrià-Sant Gervasi  Housfy sin intermediarios sin comisiones de inmobiliaria.  Soledad vende su duplex de particular a particular en Sarrià-Sant Gervasi Barcelona una vivienda luminosa y ubicada en un entorno idóneo para disfrutarlo.  Sus 274 m2 están perfectamente distribuidos creando un espacio cómodo para el día a día.  Características:  - Fantástico duplex de 274 m2 en Sant Gervasi - Galvany. (Los metros cuadrados están verificados con la Dirección General de Catastro) - Podemos disfrutar de 4 habitaciones y 2 baños más un aseo para familias completas. - Agradable comedor amplio y luminoso donde disfrutar de tu familia. - Exterior. - Ascensor. - Con una práctica cocina muy completa. - Aire acondicionado y calefacción para todas las estaciones del año. - Además de un funcional jardín comunitario. - Los gastos ... ,1,143,5,null,null,274,184,Sant Gervasi - Galvany,null,879.000 € ,5,839.000 ,3.062 €/m²,Housfy Real Estate CAT, Ref.: 300010 ,4,Segunda mano/buen estado,1,Dúplex en venta en calle de Ganduxer 7,http://idealista.com/inmueble/91077844/
1,1968,  Estupendo piso en Gràcia  Housfy de particular a particular y sin comisiones de agencia.  Danelly vende su piso directamente del propietario en Gràcia Barcelona un espacio para disfrutar en tu día a día.  El piso fue construido en el año 1968 en Barcelona. Con una distribución ideal para aprovechar al máximo sus 58 m2.  Características:  - Encantador piso de 58 m2 en Vallcarca i els Penitents. (Los metros cuadrados están verificados con la Dirección General de Catastro) - Contamos con todas las comodidades posibles de 3 habitaciones y 1 baño perfecto para una familia. - Acogedor salón-comedor que te proporcionará el relax diario creando un precioso y único espacio. - Con una práctica cocina equipada con lo necesario para el día a día. - Ascensor. - Puerta de entrada de seguridad blindada. - Terraza. - Exterior. - Los gastos a cargo... ,1,120,1,null,null,58,52,La Teixonera,null,200.000 € ,2,196.000 ,3.379 €/m²,Housfy Real Estate CAT, Ref.: 231555 ,3,Segunda mano/buen estado,1,Piso en venta en paseo de la Mare de Déu del Coll 119,http://idealista.com/inmueble/90555901/
1,1900, Piso de 63 m² en pleno centro de Barcelona.  Por el espacio que te ofrece este piso es ideal para una familia con hijos o para una pareja que busque espacio. Se encuentra en una entreplanta y se distribuye en un salón dos habitaciones un cuarto de baño y cocina americana amueblada y equipada con electrodomésticos. El inmueble es todo exterior. Además por su orientación este en esta casa disfrutarás del sol por las mañanas.   La vivienda se vende amueblada y totalmente nueva lista para entrar a vivir. En cuanto a las calidades este piso cuenta con calefacción eléctrica aire acondicionado carpintería de aluminio y de madera y suelos de tarima que da mucha calidez a la vivienda y de cerámica resistente y fácil de limpiar.   Esta casa está situada al lado del Palau de la Música y la Vía Laietana en una zona inmejorable y bien comunicada muy cerca de la estación de Metro de Urquinaona la parada de autobús y la estación de tren de Arc de Triomf. Para mayor comodidad la vivienda se encuentra muy cerca de un hospital y de un colegio.   De particular a particular. Sin comisiones. Llámanos y visita esta vivienda. h1o0u7s0e7l2l. ,0,147,null,null,null,63,59,Sant Pere - Santa Caterina i la Ribera,null,null,null,240.000 ,3.810 €/m²,Housell.com, Ref.: 107072 ,2,Segunda mano/buen estado,null,Piso en venta en calle de la Mare de Déu del Pilar 8,http://idealista.com/inmueble/87113154/
2,2008,  Espectacular propiedad de 170m2 construidos de los cuales:  - 121m2 útiles pertenecen a vivienda.  - 76m2 Pertenecen a terraza de uso privativo.  - 2 Plazas de Parking( 20m2 + 20m2) incluidas en el precio.  - Trastero 715m2.  * Se entrega amueblado.  Perfecta ubicación para este espectacular piso bien comunicado por rondas primera línea de mar con vistas a Barcelona y el Mediterráneo. Por su orientación disfruta de luz directa todo el día.  Esta exclusiva vivienda dispone de salón comedor cocina 4 dormitorios dobles con salida al exterior 2 baños completos (uno de ellos en suite) y zona lavadora. El dormitorio principal se trata de una máster suite con un baño con ducha y bañera + vestidor. En la zona de día disponemos de amplio salón comedor con grandes ventanales y acceso a la terraza cocina independiente con salida a terraza.... ,1,121,6,null,null,170,132,Diagonal Mar i el Front Marítim del Poblenou,1,null,null,1.796.000 ,10.565 €/m²,Jose Rodriguez, Ref.: 082 García Faria 79 ,4,Segunda mano/buen estado,1,Piso en venta en paseo de Garcia Fària 79,http://idealista.com/inmueble/86084089/
1,1930, Casa adosada de 2 plantas mas terrado.  Primera planta: dormitorio principal en suite con vestidor y baño completo con plato de ducha. Segunda planta: salón comedor cocina independiente de la cual hay acceso a la terraza de arriba de 30metros y galería. La casa se encuentra para entrar vivir tiene calefacción aire acondicionado con bomba de calor aluminios en todas las ventanas. ,null,0,null,Gas natural,null,54,null,La Sagrada Família,null,null,null,269.000 ,4.981 €/m²,departamento comercial, Ref.: GAUDI-IGUALTAT ,1,Segunda mano/buen estado,1,Chalet adosado en venta en Passatge de la Igualtat 10,http://idealista.com/inmueble/91660944/
1,1971,  Piso de 100m² totalmente exterior a excepción del baño a patio interior y cocina a patio de manzana listo para entrar a vivir con orientación Sureste.  Salón de 22m² un dormitorio doble y dos dormitorios individuales con salida a amplio balcón de 18m² cocina con salida a galería y amplio baño. Suelo de terrazo puertas huecas carpintería exterior de aluminio blanco con doble acristalamiento. Finca con ascensor.  Ubicado en el corazón de la Sagrera barrio muy tranquilo con multitud de plazas y parques y hogar de la futura estación de tren intermodal de la Sagrera. Muy buena comunicación; ubicado a pocos minutos de la estación de metro de La Sagrera con líneas L1 L5 y Renfe y a pocos pasos de la Avda. Meridiana por donde discurren distintas líneas de autobuses. La zona dispone de multitud de servicios: varios colegios instituto ... ,1,0,6,null,null,100,null,La Sagrera,null,null,null,310.000 ,3.100 €/m²,Tecnocasa Sagrera Centre, Ref.: SG-V-63-02-11 ,3,Segunda mano/buen estado,null,Piso en venta en calle de San Antoni Maria Claret,http://idealista.com/inmueble/91623721/
1,null, Increíble y recién reformado loft duplex al lado de Plaza España.  -No cuenta con cédula de habitabilidad  -Planta Calle de 200m2 totalmente diáfana y recientemente reformada.  -Planta 1 de 51m2 con dos ventanas y mucha luz natural.  -Totalmente diáfano elegante y con buen sistema de iluminación.  -Buena ventilación por todos los espacios. Baño grande y completo con amplio plato de ducha.  -Instalación eléctrica nueva.  -Pre-instalación para la cocina.   Entrada por patio privado. Mucha privacidad. Visitas concertadas. ,1,152,0,null,null,260,255,Sant Antoni,null,265.000 € ,6,249.000 ,958 €/m²,MDR Servicios Inmobiliarios, Anuncio: 91577929 ,1,Segunda mano/buen estado,null,Piso en venta en calle de Sant Fructuós,http://idealista.com/inmueble/91577929/
2,1972,  Elegante y luminosa vivienda exterior esquinera de 212m2 en el barrio de Tres Torres junto a Paseo Bonanova entre Escoles Pies y Ganduxer. La propiedad dispone de un amplio salón comedor totalmente diáfano abierto al exterior a través de unos grandes ventanales correderos desde los que se accede a un balcón perimetral con zona amplia para su uso como terraza orientada a sur-oeste. El salón integra perfectamente tres espacios estar comedor y despacho-biblioteca gracias a sus 60m2 de superficie. El acceso a la vivienda se produce por dos vías la primera a su zona noble directamente desde el ascensor sin vestíbulo previo y la segunda a la cocina mediante la escalera de servicio siendo práctico privado y seguro a la vez. Junto al salón en una zona privada y de gran amplitud se encuentra la suite principal con un baño completo y una zo... ,1,0,4,null,null,212,205,Les Tres Torres,1,1.585.000 € ,4,1.520.000 ,7.170 €/m²,CENTURY 21 NEW ESTATE, Ref.: 0068-00900 ,5,Segunda mano/buen estado,null,Piso en venta en calle de l'Emancipació,http://idealista.com/inmueble/91546653/
3,2009,  Dúplex de lujo en Passeig de Gràcia Barcelona Exquisito dúplex de lujo en uno de los edificios más emblemáticos de Paseo de Gracia junto a Plaza Catalunya. El edificio fue completamente reformado en 1999 manteniendo las características arquitectónicas que le dan prestigio y carácter. El apartamento tiene 140m2 pero se añadió una segunda planta posteriormente de 60m2 aproximadamente resultando una superficie total de 200m2 reales. La primera&nbsp; planta dispone de grandes ventanales que le confieren un aire urbano muy contemporáneo. &nbsp; Se accede a la vivienda por un gran vestíbulo que da paso a la amplia área living con techos de cinco metros de altura y&nbsp; grandes ventanales con orientación sur-este. &nbsp;En esta primera planta encontramos también &nbsp;una cocina office totalmente equipada una impresionante máster suite ... ,1,121,5,Gas natural,null,200,null,La Dreta de l'Eixample,null,null,null,1.950.000 ,9.750 €/m²,aProperties Real Estate Barcelona, Ref.: VB1612024-5 ,3,Segunda mano/buen estado,null,Piso en venta en paseo de Gràcia,http://idealista.com/inmueble/91541408/
3,null, Ático con dos terrazas en venta en Ramba Catalunya Con una ubicación excepcional en plana rambla de Catalunya rodeada de todos los servicios y comercios más exclusivos de la ciudad encontramos esta vivienda única en la zona no sólo por su magnífica&nbsp; finca (entrada de carruaje ascensor de época restaurado escalera con balaustrada en mármol rosetones en los techos…. ) sino que también por las características de la vivienda ubicada en la última planta del edificio con unos 216m2 construidos de vivienda y unos 127m2 de terraza.  Accedemos a vivienda por un amplio recibidor que da paso a un amplísimo salón comedor con espectaculares vistas y salida directa a una terraza orientada a Sur con impresionantes vistas de la ciudad.  Actualmente dispone de 5 dormitorios dobles y uno individual 3 baños completos cocina independiente zona de aguas y un amplio trastero. Dispone además de una segunda terraza orientada a Rambla de Catalunya con salida directa desde dos de los dormitorios.  Esta propiedad dispone además de licencia turística y posibilidad de compra de 3 plazas de parking en la finca contigua. ,1,100,6,Gas natural,null,259,193,La Dreta de l'Eixample,null,null,null,2.450.000 ,9.459 €/m²,aProperties Real Estate Barcelona, Ref.: VB2008009-4 ,7,Segunda mano/buen estado,1,Piso en venta en rambla de Catalunya,http://idealista.com/inmueble/91521389/
3,null,  Piso de diseño con terraza en l’Eixample Dreta En una finca regia totalmente rehabilitada encontramos este piso de 108 m² y 42 m²&nbsp; de terraza en una de las zonas más cotizadas de L’Eixample Dreta a tan solo tres calles del prestigioso Passeig de Gràcia.  La vivienda totalmente reformada consta de un amplio salón-comedor con dos balcones exteriores a calle que le dan mucha luz y las ventanas están separadas por una chimenea que le da mucha calidez. La cocina totalmente equipada está dividida por puertas corredizas lo que da la posibilidad de ser abierta o independiente. Todo el sistema de la vivienda es inteligente y está conectado a un ordenador que se encuentra apenas entrar.  La habitación principal es muy amplia dispone de vestidor&nbsp; y un amplio baño dividido en tres para mayor confort. A través de la habitación pri... ,1,162,null,Eléctrica,null,148,108,L'Antiga Esquerra de l'Eixample,null,null,null,1.325.000 ,8.953 €/m²,aProperties Real Estate Barcelona, Ref.: VB2007054-4 ,2,Segunda mano/buen estado,1,Piso en venta en calle de la Diputació,http://idealista.com/inmueble/91521379/
3,1960, Propiedad con terraza y vistas a Passeig Sant Joan Con una ubicación inmejorable en pleno Passeig Sant Joan una de las zonas más cotizadas de la ciudad rodeada de todos los servicios y comercios encontramos esta magnífica vivienda en quinta planta de altura con muchísima luz natural terraza y bonitas vistas a la ciudad.  Accedemos a la vivienda de unos 330m2 construidos según plano por un amplio recibidor que da paso a un maravilloso salón comedor en dos ambientes y con salida directa a una aprovechable terraza de unos 12m2. Completan la zona de día una cocina office con zona de despensa así como habitación y baño de servicio.  La zona de noche dispone de 6 dormitorios de los cuales 5 son dobles y dos baños completos.  La vivienda dispone de suelos de madera y carpinterías originales y aunque se encuentra en buen estado de conservación tiene infinidad de posibilidades de reforma o actualización.  Completan esta amplísima propiedad un trastero de unos 10m2. ,1,141,4,Gas natural,null,336,300,La Dreta de l'Eixample,null,null,null,1.150.000 ,3.423 €/m²,aProperties Real Estate Barcelona, Ref.: VB2007024-4 ,7,Segunda mano/buen estado,1,Piso en venta en calle de Mallorca,http://idealista.com/inmueble/91521362/
2,1910,  Espectacular vivienda reformada cerca de Plaça de Catalunya En una de las zonas más emblemáticas de Barcelona y al lado de Plaza Catalunya y a un paso de Rambla Catalunya encontramos este maravilloso piso reformado que consta de 120m2 en una finca que data de 1910. Su céntrica ubicación hace que esté excelentemente comunicado con transporte público y le permite disfrutar del bullicio de la ciudad y fantásticamente comunicado con todos los transportes servicios y comercios. La vivienda se encuentra en una finca de oficinas y residencias con el que hay servicio de conserje en horario comercial y ha sido totalmente reformada recientemente con acabados y materiales de primera calidad. Al entrar al piso sorprende la cantidad de luz que entra por las ventanas iluminando toda la zona de día. La cocina es abierta y de diseño Santos totalme... ,1,168,2,Bomba de frío/calor,null,120,null,La Dreta de l'Eixample,null,null,null,660.000 ,5.500 €/m²,aProperties Real Estate Barcelona, Ref.: VB2007019-4 ,3,Segunda mano/buen estado,null,Piso en venta en ronda de la Universitat,http://idealista.com/inmueble/91521360/
5,1947, Exclusiva vivienda reformada en Passeig de Gràcia Impecable vivienda de 200m² aprox&nbsp; situada en una planta alta de una finca clasica ubicada en Paseo de Gràcia la zona más lujosa y prime de la ciudad de Barcelona con todos los servicios al alcance.  La propiedad ha sido totalmente reformada con mucho gusto y diseño moderno creando espacios amplios y luminosos.  El piso consta de cuatro grandes dormitorios todos ellos con su propio baño en suite y armarios empotrados. Destaca su moderna cocina americana y su amplio salón-comedor con dos grandes ventanales que tienen espectaculares vistas a los Jardinets de Paseo de Gracia. Ademas hay un aseo de cortesia&nbsp; y una zona de agua.  Dispone de calefacción de gas y aire acondicionado. La finca tiene conserje.  En definitiva una vivienda para quién busque exclusividad comodidad y diseño. ,1,93,5,Gas natural,null,191,null,Vila de Gràcia,null,null,null,2.300.000 ,12.042 €/m²,aProperties Real Estate Barcelona, Ref.: VB2002015-5 ,4,Segunda mano/buen estado,null,Piso en venta en paseo de Gràcia,http://idealista.com/inmueble/91521230/
1,null, Piso de 86m² en Barcelona. La vivienda por espacio y distribución es ideal para una familia con hijos.   Se encuentra en un primer piso sin ascensor y se distribuye en un amplio y acogedor salón tres dormitorios un cuarto de baño completo y cocina americana que ofrece gran amplitud a toda la estancia. El inmueble es todo exterior. Además por su orientación este en esta casa disfrutarás del sol por las mañanas.   La vivienda se vende sin amueblar y en perfecto estado lista para entrar a vivir. En cuanto a las calidades este piso dispone de ventanas de aluminio las puertas son de madera y el suelo es de parquet en la zona del salón y de las habitaciones que da mucha calidez a la vivienda y de terrazo en el resto de la casa de fácil mantenimiento y gran resistencia.   Esta casa está situada en una zona tranquila bien comunicada con todos los servicios a tu alcance muy cerca de la parada de metro la parada de autobús la estación de tren. Para mayor comodidad la vivienda se encuentra muy cerca de un hospital y de un colegio y a tan sólo 5 minutos del mercado de Santa Catarina.   De particular a particular. Sin comisiones. Llámanos y visita esta vivienda. h1o1u4s3e6l1l. ,0,0,1,null,null,86,81,Sant Pere - Santa Caterina i la Ribera,null,null,null,290.000 ,3.372 €/m²,Housell.com, Ref.: 114361 ,3,Segunda mano/buen estado,null,Piso en venta en calle de Sant Pere Mitjà,http://idealista.com/inmueble/91513621/