bathrooms,constructed_year,description,elevator,energetic_qualification_kWhm2_año,floor,heater_system,its_new,m2_build,m2_useful,neighbourhood,parking,price_down_euro,price_down_percentage,price_euro,price_m2,real_estate,ref,rooms,status,terrace,title,link
2,1969, Magnifico y soleado piso totalmente reformado a estrenar todo exterior a calle en una sexta planta con una gran balcón / terraza de 12 m2.   Vivienda de 92 metros construidos y 82 útiles incluyendo balcón distribuido en salón comedor de 313m2 con gran cocina americana de diseño a medida totalmente equipada con electrodomésticos integrados estancia lavadero interior. Tres habitaciones de las cuales una doble de 96 m2 otra de 89 m2 y una individual de 77 m2. Hay dos baños completos equipados uno 47m2 y el otro 36 m2 ambos con cerámicas calacatta mamparas instaladas.  Desde el comedor se accede por un gran ventanal a la terraza y la habitación principal también tiene gran ventanal con salida.  Instalaciones de luz agua y gas nuevas Doble ventanal carpintería de aluminio bomba de frio y calor por conductos en todo el piso parquet Ac5 laminado gama alta y puertas macizas lacadas. Alarma integrada.  Finca en buen estado con ascensor acceso para personas con movilidad reducida y parquings disponibles en la misma finca.  No cobramos honorarios al comprador. Impuestos gastos de notaría y gestoría no incluidos en el precio de compra de la vivienda. ,1,217,5,Eléctrica,null,92,82,El Fort Pienc,null,405.000 € ,1,400.000 ,4.348 €/m²,homim, Ref.: Ho20-21 ,3,Segunda mano/buen estado,1,Piso en venta en avenida Diagonal,http://idealista.com/inmueble/90867981/
1,1900, ProntoPiso pone a la venta piso en gótico junto plaza real próximo a las ramblas Liceo y metro. Piso exterior a calle con 2 balcones comedor interior con salida a patio 2 habitaciones dobles techos altos 310 M2 altura para reformar a su gusto finca sin ascensor excelente inversión. ,0,0,1,null,null,45,null,El Gòtic,null,179.000 € ,17,148.000 ,3.289 €/m²,Prontopiso Barcelona, Ref.: 6B7BEF84-0 ,2,Segunda mano/buen estado,null,Piso en venta en calle del Vidre,http://idealista.com/inmueble/90256621/
2,1948, EN VÍA LAIETANA inmueble modernista de 131 m² para entrar a vivir cuenta con dos baños y dos habitación con amplios ventanales que permiten gracias a su perfecta orientación que sea un inmueble con mucha luz. Su ubicación inmejorable en pleno centro de Barcelona nos invita a vivir la ciudad Condal desde el epicentro de la actividad comercial de restauración ocio y entretenimiento permitiendo desde una posición privilegiada el disfrute de la ciudad Condal. Su estilo modernista de techos altos con bóveda catalana son los elementos que completan a este piso y lo convierten en un inmueble Living. ( El PVP indicado no incluye impuestos ni gastos de Escritura ). ,1,0,6,null,null,131,119,Ciutat Vella,null,null,null,619.000 ,4.725 €/m²,LV Living Barcelona, Ref.: 244010 ,3,Segunda mano/buen estado,null,Piso en venta en El Gòtic,http://idealista.com/inmueble/91630945/
3,1989,  Magnífica casa pareada de 304 m2 construidos más una bodega inferior de 60 m2 con zona comunitaria con piscina situada en zona tranquila y perfectamente conectada rodeada de un precioso entorno natural y tranquilo.    La casa dispone de 4 habitaciones una de ellas en suite otra doble y dos habitaciones individuales amplias todas ellas exteriores y con armarios empotrados.     La vivienda cuenta con 5 niveles 4 de ellos conectados mediante elevador con cabina panorámica.     En la planta baja encontramos un espacioso y luminoso salón de 55 m2 con salida a una gran terraza de 20 m2. Encontramos también en este nivel la cocina un aseo y un espacio de almacenamiento.     En la planta primera encontraremos las 4 habitaciones y el baño completo.     La planta segunda es una preciosa buhardilla de unos 30 m2 con acceso a una terraza ... ,null,0,null,Gas natural,null,364,null,Gràcia,1,null,null,1.149.000 ,3.157 €/m²,Coldwell Banker Llebrenc Coldwell Banker Llebrenc, Ref.: 4329 ,4,Segunda mano/buen estado,1,Chalet pareado en venta en Vallcarca i els Penitents,http://idealista.com/inmueble/90752456/
5,2020,  Preciosa casa a estrenar en Barcelona. Se trata de una cómoda casa en la zona alta de Barcelona en una reconocida calle por sus casas.   Hablamos de una propiedad de 465 m2 construidos 460 m2 de jardín con una piscina de 8x4. El tamaño de la parcela es de 600m2. Una casa de 4 plantas con ascensor.   Una propiedad con 5 habitaciones dobles 5 baños y un aseo de cortesía.   Un espacioso y cómodo parking con 3 plazas de parking. Donde también destaca un amplio trastero.   En la planta -1 encontramos la zona de servicio con amplia habitación doble en suite con lavandería tranquila salida exterior acceso al parking y trastero.  En la planta principal encontramos un elegante aseo de cortesía al lado de una zona de cómodos armarios. Amplia cocina abierta altamente luminosa gracias a sus grandes ventanales que comunica de manera abiert... ,null,58,null,Gas natural,null,465,430,Sarrià-Sant Gervasi,1,null,null,3.370.000 ,7.247 €/m²,Max Ricart, Ref.: 1328 ,5,Segunda mano/buen estado,1,Chalet pareado en venta en Urb. Sarrià sant gervasi Sarrià,http://idealista.com/inmueble/90307256/
2,1975,  Precioso y confortable ático totalmente reformado hace 2 años con acabados de alta gama en finca del año 75 con amplio hall de entrada y agradable presencia.  Esta propiedad esta situada en una calle secundaria de baja intensidad de tráfico y rodeado de calles semipeatonales y plazas urbanizadas con varios servicios de restauración con terrazas exteriores la paz y tranquilidad de la zona nos transmite la sensación de vivir fuera de la gran urbe pero rodeado de grandes vías de acceso y salida de Barcelona y con todos los servicios y comunicaciones principales de la ciudad a 2 minutos de Plaza Molina y a 5 minutos del carismático barrio de Gracia.  Esta propiedad tiene una superficie construida de 145m2 construidos mas una terraza cuadrada a pie de salon de 17 m2 acabada con madera de Teka y cristal templado orientada a sur y con trast... ,1,0,5,Calefacción individual,null,145,128,Gràcia,null,null,null,795.000 ,5.483 €/m²,comercial, Ref.: 11112 ,4,Segunda mano/buen estado,1,Ático en venta en Vila de Gràcia,http://idealista.com/inmueble/89697356/
2,1973, PISO NUEVO A ESTRENAR CON ASCENSOR!  Vivienda de 87 m2 construidos muy luminosa durante todo el día. Consta de amplio salón con balcón exterior a la calle cocina abierta 2 dormitorios más un estudio. Dispone de baño y aseo de cortesía con puertas correderas. La vivienda tiene suelos de parquet ventanas aluminio climalit y calefacción.  Nuevo a estrenar con acabados de primera calidad cerca de todos los servicios metro bus. Es un edificio con ascensor. ¡Te acompañamos a visitarlo! ,1,145,2,null,null,87,null,El Poble Sec - Parc de Montjuïc,null,null,null,238.000 ,2.736 €/m²,Mònec Barcelona, Ref.: V0131 ,2,Segunda mano/buen estado,null,Piso en venta en calle de Magalhães,http://idealista.com/inmueble/91626883/
4,2005, Coldwell BANKER PRIME BARCELONA os propone ese piso alto de 90m2 según catastro en finca semi-nueva del año 2005 la finca cuenta con parking vigilado La vivienda con un pequeño recibidor que da paso a una amplia cocina independiente con espacio para mesa y mucha zona de almacenaje nos lleva a un luminoso salón-comedor orientado a Mar y con salida a un balcón-terraza con espacio para mesa y cuatro sillas con toda la tranquilidad que te ofrece un patio de manzana del Eixample en la zona de noche nos encontramos con los 3 dormitorios de los que dispone la vivienda dos de ellos son individuales y ambos con armarios empotrados un cuarto de baño de cortesía con plato de ducha que da servicio a estos dormitorios y la habitación principal orientada a Mar y también con armarios empotrados disfruta de baño privado con bañera.    Los suelos son de Parquet tiene aire frío y caliente vía conducto por toda la vivienda las persianas están motorizadas. ,1,0,5,null,null,101,95,Eixample,null,null,null,510.000 ,5.050 €/m²,Coldwell Banker Avenir Real Estate, Ref.: Sepulveda ,3,Segunda mano/buen estado,1,Ático en venta en Sant Antoni,http://idealista.com/inmueble/91067659/
1,1965,  MASFERRER / CARLOS III. Espectacular ático de 5 habitaciones y balcón en el corazón del barrio de les Corts Barcelona. Este fantástico piso se distribuye en una amplia habitación doble exterior (con cerramientos de aluminio con doble cristal) 3 habitaciones simples con mucha luz natural por ser el último piso un despacho baño recién reformado con plato de ducha cocina reformada con salida a lavadero y amplio salón comedor con salida a balcón con impresionantes vistas al Tibidabo. El inmueble dispone de calefacción de gas natural la finca dispone de servicio de portería terrado comunitario y dos ascensores. Situado en el corazón del barrio de les Corts en zona peatonal. Muy bien ubicado junto al mercado de Les Corts rodeado de zonas verdes espacios de ocio y centros comerciales (Corte ingles L´Illa Diagonal. El barrio de les Co... ,1,167,6,null,null,90,null,Les Corts,null,435.000 € ,2,425.000 ,4.722 €/m²,donpiso Bcn Les Corts, Ref.: 243397 ,5,null,null,Piso en venta en Les Corts,http://idealista.com/inmueble/91546116/
2,1936, Piso de 3 habitaciones en la calle Aribau Ubicado en una de las mejores calles de L’Eixample Esquerra encontramos este fantástico piso sin amueblar de 140m² en una finca regia espectacular.  La zona de día consta de un luminoso salón comedor semi-abierto con cocina independiente totalmente equipada y salida a una terraza que da a un patio de manzana. En la zona de noche encontramos tres habitaciones dos de ellas dobles una individual y dos baños completos con plato de ducha.  La vivienda dispone de ventanas de doble cristal suelos de parque calefacción y está recién pintado. La finca tiene ascensor.  Cerca de Passeig de Gràcia Rambla Catalunya y la emblemática calle Enric Granados rodeado de comercios restaurantes colegios y con muy buena comunicación con el transporte público. ,1,168,3,Gas natural,null,140,null,L'Antiga Esquerra de l'Eixample,null,845.000 € ,2,825.000 ,5.893 €/m²,aProperties Real Estate Barcelona, Ref.: VB2004005-4 ,3,Segunda mano/buen estado,1,Piso en venta en calle d'Aribau,http://idealista.com/inmueble/91341897/
2,null,  ANDRADE CON JOSEP PLA PISO EXTERIOR EN VENTA EN DE SANT MARTÍ DE PROVENSALS. Situada en el emergente St. Martí en una manzana tranquila y con buen vecindario. El barrio nos ofrece todas las comodidades y servicios necesarios. Con buena conexión con las vías rápidas de acceso. A pocos metros de distancia encontramos las líneas de metro La Pau y St. Martí y Besos que en 8 minutos nos deja en el Paseo Marítimo de Bogatell y en 15 minutos en el centro de la ciudad. Un piso en perfectas condiciones para entrar a vivir con parking incluido. Este es un inmueble de 82m² luminoso y soleado durante todo el día. Está distribuido con 4 habitaciones (1 doble de 12m² y 3 simples de 5m²) gran comedor de 20m² con salida a un balcón de 5m². Cabe destacar sus 2 baños de 5m² y 25m² respectivamente por lo cual procura una mayor privacidad y comodidad. ... ,1,182,6,null,null,81,null,Sant Martí,null,285.000 € ,2,280.000 ,3.457 €/m²,donpiso Bcn Poblenou, Ref.: 243031 ,4,Segunda mano/buen estado,null,Piso en venta en La Verneda i la Pau,http://idealista.com/inmueble/91324151/
2,2008, Loft dúplex de diseño con piscina en Putxet i Farró Moderno loft dúplex de estilo industrial en una vivienda a doble altura para entrar a vivir en una finca de obra reciente. En la planta de abajo encontramos el amplio salón comedor con cocina abierta totalmente equipada y con grandes ventanales que dan a un patio interior. Este patio disfrutable permite la entrada de luz natural y de ventilación para todo el piso. Un baño completa esta planta. En la planta superior encontramos las tres habitaciones dos dobles y una individual. Todas con armarios empotrados. Otro baño con ducha completa esta planta. Plaza de parking grande con acceso directo de la finca apta para coche y dos motos y un trastero incluidos en el precio. La finca dispone de una agradable piscina y solárium en la azotea de acceso exclusivo para los vecinos para disfrutar de la tranquilidad de la zona. Barrio perteneciente al distrito de Sant Gervasi. Zona que se caracteriza por la tranquilidad del entorno al estar configuradas por calles peatonales. Situación céntrica al estar junto al barrio de Galvany Pàdua en Balmes como de Gràcia Gal·la Plàcidia o Príncipe de Asturias principales ejes de comunicación y servicio. ,1,127,0,Calefacción individual,null,107,null,Sarrià-Sant Gervasi,1,null,null,580.000 ,5.421 €/m²,Barcelona MMC - Zona Alta - S1, Ref.: W-02JZN9 ,3,Segunda mano/buen estado,null,Dúplex en venta en El Putxet i el Farró,http://idealista.com/inmueble/91582383/
2,2020, Finca totalmente reformada en Les Corts Viviendas de 1 2 y 3 habitaciones totalmente rehabilitadas con acabados de calidad y grandes ventanales que proporcionan mucha luz natural a las viviendas.  Finca distribuida en 2 escaleras y 5 alturas. Plantas bajas con espaciosas terrazas viviendas con altillos techos altos y áticos con grandes terrazas.  Espacios muy diáfanos cocinas abiertas al salón-comedor equipadas con muebles placa de inducción y horno-microondas. Puertas correderas para proporcionar espacio a las viviendas. Baños equipados con platos de ducha. Habitaciones dobles e individuales con armarios empotrados.  Pisos con posibilidad de añadir otra habitación.  Excelentemente comunicado mediante transporte público tanto metro como bus. A escasos minutos andando de la Estación de Tren de Sants. Gran variedad de comercios y clubs deportivos en la zona.  Plazas de parking en la misma finca a partir de 27.500 € y trasteros a partir de 10.000 €. ,1,100,1,Gas natural,null,134,119,Les Corts,1,null,null,670.000 ,5.000 €/m²,aProperties Real Estate Barcelona, Ref.: ONB2001003-92 ,2,Segunda mano/buen estado,1,Piso en venta en calle de Nicaragua 75,http://idealista.com/inmueble/91551150/
1,1971, Piso situado en el Barrio de Sagrada Familia muy cercano a todo tipo de comercios hospital de Sant Pau colegios CC Les Glorias. Muy bien comunicado con la línea 5 (Azul) y línea 2 (Morada) parada de Sagrada Familia y con diversas líneas de autobuses.  La finca es del 1971 dispone de ascensor siendo una sexta planta de altura real.  El piso tiene 66 m² construidos distribuidos en tres habitaciones una de ellas doble con aire acondicionado una mediana y una individual salón comedor con un pequeño balcón cocina independiente y un baño completo.  El piso dispone de calefacción por conducto por toda la vivienda.  No pierdas la oportunidad de venir a verlo.  RESERVALO YA!  *Honorarios registro gestoría notaría no incluidos en el precio. ,1,115,6,null,null,66,null,La Sagrada Família,null,null,null,270.000 ,4.091 €/m²,La casa agency, Ref.: aureli270padilla ,3,Segunda mano/buen estado,null,Piso en venta en calle Padilla,http://idealista.com/inmueble/91645885/
1,1972, RECIÉN REFORMADO MUCHA LUZ Y CÉNTRICO El PobleSec - Barcelona  Nice Properties BCN te presenta esta preciosa vivienda muy luminosa por su 6º de altura recién reformada idealmente ubicada en la Avenida del Paralelo zona de El PobleSec Sants. Consta de 114 m² distribuidos en 4 habitaciones (3 dobles y 1 individual) 1 baño completo armarios empotrados. El salón-comedor tiene salida a una pequeña terraza con suficiente espacio para poner una mesa pequeña de 4 personas toda la vivienda tiene suelos de parquet de alta calidad ventanas con doble acristalamiento para reducir los ruidos externos y mantener el ahorro en la energía del hogar. La finca data del año 1972 tiene ascensor y una plaza de parking incluida en el precio a 5 minutos de la vivienda pregunte por el precio. Está ubicada a pocos minutos del mar cerca de la boca de Metro de Drassanes si quieres más información no dudes en ponerte en contacto con nosotros gustosos te atenderemos. s. ,1,0,5,Eléctrica,null,114,105,El Poble Sec - Parc de Montjuïc,1,435.000 € ,6,410.000 ,3.596 €/m²,NICE PROPERTIES BCN, Ref.: 1774 ,4,Segunda mano/buen estado,1,Piso en venta en avenida del Paralelo,http://idealista.com/inmueble/90786495/
1,1900, Ático en venta en El Gótico Ciutat Vella - Barcelona  Ático en Barcelona zona El Gotic 80 m. de superficie 2 habitaciones dobles y una habitación sencilla un baño propiedad reformada cocina equipada carpinteria interior de madera orientación norte sur suelo de parquet carpintería exterior de madera / climalit. Terraza comunitaria. Extras: agua aire acondicionado ascensor calefacción (por radiadores) gas ciudad luminoso luz t. v.  terraza (comunitaria) ultimo piso autobuses árboles céntrico centros comerciales centros médicos cerca de universidad colegios hospitales metro parques supermercados tren zona de paso zonas infantiles Gastos de comunidad: 65 Eur. ,1,0,4,Gas natural,null,80,65,El Gòtic,null,370.000 € ,5,350.000 ,4.375 €/m²,NICE PROPERTIES BCN, Ref.: 1761 ,3,Segunda mano/buen estado,1,Ático en venta en calle d'Avinyó,http://idealista.com/inmueble/89819736/
2,1940,  Ático con terraza en pleno Quadrat d’ Or de Barcelona en venta En una zona inmejorable en pleno Quadrat d’ Or de Barcelona rodeado de todos los servicios y comercios encontramos esta maravillosa propiedad ubicada en una bonita finca clásica típica de la época con conserje. &nbsp;  La vivienda se encuentra en una 7ª y última planta por lo que tiene muchísima luz y vistas despejadas. &nbsp;  Accedemos a la vivienda por un amplio recibidor desde el que podemos acceder a una amplia zona de día que consta de un gran salón comedor con salida directa a una terraza de unos 8m² una cocina abierta completamente equipada y zona de aguas independiente. &nbsp;  Completan esta propiedad tres dormitorios dos de ellos dobles y uno individual. Uno de los dormitorios dobles tiene su propio baño y otro tiene acceso a una segunda terraza de unos 5... ,1,0,7,Gas natural,null,103,null,Eixample,null,null,null,845.000 ,8.204 €/m²,aProperties Real Estate Barcelona, Ref.: VB2009005-4 ,3,Segunda mano/buen estado,1,Ático en venta en La Dreta de l'Eixample,http://idealista.com/inmueble/91603912/
2,1997, Ático en venta en Navas de Tolosa Situado a escasos metros de Avenida Meridiana rodeado &nbsp;de comercios y transporte público con unas vistas despejadas y buena orientación encontramos este magnífico ático de 100m² aproximadamente y 87m² de terraza todo ello distribuido en dos plantas.  Dispone de un luminoso salón comedor con salida a una &nbsp;pequeña terraza cocina-office totalmente equipada galería con zona de aguas dos baños completos dos habitaciones individuales y una doble con salida a una &nbsp;terraza.  En la planta superior encontramos una terraza de 85m² aproximadamente &nbsp;de los cuales&nbsp; 25m² están cubiertos y actualmente hay un despacho con pequeña zona de cocina.  Es un espacio ideal para hacer cualquier tipo de uso salón polivalente zona de juegos despacho suite.  La terraza tiene toma de luz agua y sol todo el día.  La finca es de nueva construcción y dispone de ascensor.  Oportunidad única de adquirir un ático en Barcelona. ,1,151,5,Eléctrica,null,114,null,Sant Martí,null,null,null,465.000 ,4.079 €/m²,aProperties Real Estate Barcelona, Ref.: VB1806033-5 ,3,Segunda mano/buen estado,1,Ático en venta en El Clot,http://idealista.com/inmueble/91600688/
1,1910, Piso en venta en la calle Taulat Poblenou En el demandado barrio del Poblenou encontramos este piso completamente reformado con materiales de gran calidad. En la reforma se han mantenido los&nbsp; elementos originales de la época como la volta catalana las paredes de ladrillo visto y las carpinterías de madera originales restauradas.  La vivienda situada en la segunda planta de una finca clásica con ascensor se distribuye en una cocina abierta al salón-comedor un dormitorio individual de buen tamaño en el que caben dos camas un baño completo con una amplia ducha y una habitación doble con salida al balcón donde se encuentra la zona de aguas y el termo de agua caliente.  La calefacción y el aire acondicionado es por conductos. Toda la instalación eléctrica así como la del agua es completamente nueva cumpliendo la normativa vigente.  la ubicación de este piso es inmejorable se encuentra en una de las calles más demandadas del barrio a 5 minutos de la playa y muy bien comunicada tanto en vehículo privado como en transporte público o bicicleta.  &nbsp;  &nbsp;  &nbsp;. ,1,98,2,Eléctrica,null,71,null,Sant Martí,null,null,null,370.000 ,5.211 €/m²,aProperties Real Estate Barcelona, Ref.: VB2009030-2 ,2,Segunda mano/buen estado,null,Piso en venta en El Poblenou,http://idealista.com/inmueble/91574201/
1,null,  EXCELENTE PISO CON TERRAZA EN VENTA EN POBLENOU. Situado en el incomparable barrio de Poblenou al lado de La Rambla de Poblenou. Con los autobuses en la misma calle y a 4 minutos del metro de Poblenou. Así mismo andando llegas en 7 minutos a la playa y en otros tantos a Plaza las Glòrias y al Teatre Nacional de Catalunya lo que hace que posea una ubicación inmejorable. Equipado con servicios básicos de salud públicos y privados. Dotado de equipamientos de ocio cultura y gastronomía variados. Con centros educativos de prestigio estatales o privados y comunicado a través de una amplia red viaria de acceso. Piso reformado con amplia terraza de 21m² de uso privativo 3 habitaciones (2 dobles de 13m² y 14m² respectivamente y una individual de 75m²) gran comedor de 19m² luminoso durante todo el día y una amplia cocina de 10m² y gale... ,1,163,0,null,null,90,null,Sant Martí,null,null,null,330.000 ,3.667 €/m²,donpiso Bcn Poblenou, Ref.: 243188 ,3,Segunda mano/buen estado,1,Piso en venta en El Poblenou,http://idealista.com/inmueble/91563375/
5,1987,  Esta impresionante casa adosada de 565 m² cerca de Turó Park es una residencia excepcional en Barcelona distribuida en 7 plantas conectadas por un ascensor.   Acabados de alta calidad domótica y alta seguridad se combinan para crear una maravillosa vivienda familiar realzada por terrazas en 3 plantas un precioso jardín privado de 75 m² un gimnasio y una piscina interior muy elegante.   Todas las estancias gozan de mucha luz natural. Los tonos blancos los suelos de madera y las escaleras dan a toda la casa una sensación de calidez y confort y el aire acondicionado garantiza su máxima comodidad durante todo el año.   El salón principal es diáfano y de doble altura en uno de sus extremos con una sala de estar y una biblioteca con chimenea y salida al jardín con zona de césped y un espacio tarimado con sofás. En este nivel también h... ,null,0,null,null,null,566,null,Sarrià-Sant Gervasi,1,3.500.000 € ,17,2.900.000 ,5.124 €/m²,Lucas Fox Barcelona, Ref.: BCN16790 ,7,Segunda mano/para reformar,null,Casa o chalet en venta en Sant Gervasi - Galvany,http://idealista.com/inmueble/84476626/
3,1968, Al entrar en el piso accedemos directamente al salón-comedor el cual ofrece salida a una terraza con vistas. La cocina totalmente equipada dispone de una zona de aguas y un dormitorio para el servicio con baño. &nbsp;La zona de noche está compuesta por el dormitorio principal en-suite con abundante luz natural armario-vestidor y un baño completo. En esta zona encontramos también dos dormitorios que comparten un baño completo. Todas las estancias de la casa son exteriores. La entrada de la finca acaba de reformarse recientemente. La vivienda incluye una plaza de aparcamiento doble en el mismo edificio calefacción por radiadores A/C trastero y una piscina comunitaria. &nbsp;. ,1,0,null,null,null,134,null,Sarrià-Sant Gervasi,1,1.150.000 € ,4,1.100.000 ,8.209 €/m²,Lucas Fox Barcelona, Ref.: BCN24198 ,4,Segunda mano/buen estado,null,Piso en venta en Sarrià,http://idealista.com/inmueble/90020564/
1,null, Este espectacular ático de 90 m² con una terraza de 40 m² se encuentra en un edificio protegido de la Rambla del Prat en el encantador barrio de Gràcia. Se trata de uno de los primeros edificios de ladrillo de Barcelona diseñado por el arquitecto Pere Benavent (discípulo de Enric Sagnier) y construido en 1931.   El ático cuenta con abundante luz natural durante todo el día gracias a su orientación sureste. Asimismo ofrece muchas opciones en cuanto a la renovación y reorganización de la distribución. A pesar de encontrarse en buenas condiciones los nuevos propietarios tienen la opción de personalizar el inmueble según sus necesidades personales y su estilo de vida.   Anteriormente un piso de cuatro dormitorios los propietarios actuales crearon un bonito espacio diáfano y fluido con una cocina moderna en el mismo nivel que la gran terraza un lugar maravilloso para relajarse y cenar al aire libre. La vivienda alberga actualmente dos dormitorios dobles y un baño familiar grande y características modernas como aire acondicionado y doble acristalamiento.   Póngase en contacto con nosotros para solicitar más información sobre este bonito ático situado en una zona inmejorable en Barcelona. ,1,0,null,null,null,109,null,Gràcia,null,785.000 € ,6,735.000 ,6.743 €/m²,Lucas Fox Barcelona, Ref.: BCN23373 ,2,Segunda mano/buen estado,1,Ático en venta en Vila de Gràcia,http://idealista.com/inmueble/89968309/
1,1963, Piso de 62m² en venta a reformar en la calle Capità Arenas cerca de la Avenida Diagonal en el barrio de Pedralbes. Consta de salón comedor con amplios ventanales cocina independiente 3 habitaciones y 1 baño.  Destaca por su luminosidad al estar en una 6ª planta y exterior a la calle Capità Arenas. La finca tiene servicio de conserjería y está prevista una reforma del edificio en diciembre de 2019. Magnífica oportunidad para inversores. Las imágenes corresponden a un posible proyecto de reforma.  Disponemos de otras viviendas a la venta de similares características en la misma finca. ,1,154,6,Gas natural,null,62,null,Pedralbes,null,425.000 € ,9,385.000 ,6.210 €/m²,ALTING Grupo Inmobiliario, Ref.: 019247 ,3,Segunda mano/para reformar,null,Piso en venta en calle del Capità Arenas,http://idealista.com/inmueble/87920817/
1,1963, Piso de 73m² en venta a reformar en la calle Capità Arenas con Paseo Manuel Girona en el exclusivo barrio de Pedralbes. Consta de salón comedor con amplios ventanales cocina independiente 3 habitaciones y 1 baño. Dispone de suelos de gres armarios empotrados y calefacción a gas. Destaca por su luminosidad al estar en una 5ª planta y ser exterior a la calle Capità Arenas. La finca tiene servicio de conserjería y está prevista una reforma del edificio en diciembre del 2019. Magnífica oportunidad para inversores. Las imágenes corresponden a un posible proyecto de reforma.  Disponemos de otras viviendas a la venta de similares características en la misma finca. ,1,154,8,Gas natural,null,73,null,Pedralbes,null,460.000 € ,7,430.000 ,5.890 €/m²,ALTING Grupo Inmobiliario, Ref.: 019245 ,3,Segunda mano/para reformar,null,Piso en venta en calle del Capità Arenas,http://idealista.com/inmueble/87920816/
2,1972,  Magnífico sobreático a dos vientos situado en una sexta planta real de una finca en Sant Gervasi - Galvany en la Zona Alta de Barcelona. Se trata de una vivienda a reformar de 100 m² (81 m² útiles) más 68m² de terrazas y el precio incluye una plaza de aparcamiento en el sótano de la misma finca.   El piso está para reformar y ofrece una distribución muy adaptable y agradecida por la luminosidad de sus espacios lo que permite muchas posibilidades de redistribución para adaptarla a las necesidades del nuevo propietario. También destaca por sus dos terrazas: una de 53 m² con orientación oeste y vistas al Tibidabo y otra de 15m² con orientación este y vistas a la calle Sant Eusebi.   Con la distribución actual accedemos al piso desde el recibidor. A la izquierda un pasillo nos lleva a un baño completo y al aseo de cortesía situado ju... ,1,225,null,null,null,120,null,Sarrià-Sant Gervasi,1,800.000 € ,1,790.000 ,6.583 €/m²,Lucas Fox Barcelona, Ref.: BCN17289 ,4,Segunda mano/para reformar,1,Ático en venta en El Putxet i el Farró,http://idealista.com/inmueble/84828817/
1,null, C/ Nápoles con Diputación. OPORTUNIDAD!  Piso en finca con ascensor. 3º altura. Consta de recibidor salón comedor con salida a balcón 3 habitaciones una de ellas doble cocina y baño. Está en perfecto estado para entrar a vivir. Magnífica zona rodeada de todos los servicios. No lo dude llámenos y le informaremos. (El PVP indicado no incluye impuestos ni gastos de Escritura). ,1,0,3,null,null,68,null,El Fort Pienc,null,279.000 € ,9,254.900 ,3.749 €/m²,Arnal Real Estate, Ref.: 728-20V ,3,Segunda mano/buen estado,null,Piso en venta en Nápoles,http://idealista.com/inmueble/89754651/
1,1972, Este piso a reformar se encuentra en Carrer de Cabanes 08004 Barcelona situado en el distrito de Sants Montjuic. Es un piso construido en el año 1972 que esta ubicado en la tercera planta y cuenta con ascensor tiene 71 m2 y dispone de 3 habitaciones y 1 baño.  Se trata de un inmueble exterior a calle con orientación este. Dispone de amplio balcón y dispone de calefacción con radiadores a gas natural.  El equipo de La Meva Llar estará encantado de ayudarte para que puedas sentirte como en casa a la hora de realizar tu compra o tu alquiler. Valoramos tu casa Encuentra más en. ,1,0,3,null,null,71,null,El Poble Sec - Parc de Montjuïc,null,null,null,245.000 ,3.451 €/m²,La Meva Llar, Ref.: CabanesPDV ,3,Segunda mano/para reformar,null,Piso en venta en calle de Cabanes,http://idealista.com/inmueble/91600701/
2,1936, Piso reformado con terraza en l’Eixample Esquerra Barcelona En el Eixample Esquerra en una finca regia con ascensor del 1936 encontramos este esplendido apartamento reformado de alto standing a estrenar con techos altos y con una preciosa terraza de 25m2 que se accede directamente desde el salón-comedor para disfrutar del buen tiempo de Barcelona. La vivienda tiene doble orientación y consta de 100m2 compuesta por un salón-comedor con cocina abierta con isla totalmente equipada dos habitaciones una de ellas en suite con balcón y otro baño completo. El piso está idealmente ubicado a solo tres paradas en metro de Plaza Cataluña y a pocos metros caminando de Plaza España del centro comercial Las Arenas y del Parque Miró. Se trata de una pieza única. ,1,114,null,Gas natural,null,112,null,La Nova Esquerra de l'Eixample,null,null,null,550.000 ,4.911 €/m²,aProperties Real Estate Barcelona, Ref.: VB1711059-5 ,2,Segunda mano/buen estado,1,Piso en venta en calle de la Diputació,http://idealista.com/inmueble/91585584/
4,1980, Fabuloso piso en venta de 217m² situado en “Las Cocheras de Sarrià”. Distribuido en un amplio vestíbulo salón y comedor independientes (ambos con acceso a la terraza) sala de estar y cocina office con zona de aguas. 3 habitaciones suite (1 con vestidor y con acceso a la terraza) 4 baños y 1 habitación de servicio. Cuenta con suelos de parquet aire acondicionado (frío - calor) y carpintería exterior de madera. Exterior a un pasaje peatonal ajardinado. Ubicado en un edificio construido por el famoso arquitecto José Antonio Coderch con sevicio de conserjería cámaras y vigilancia 24h en el garaje. En el precio está incluido 1 plaza de parking doble en la misma finca. Situado en Paseo Manuel Girona una zona residencial con todo tipo de servicios y muy bien comunicada con transporte público. ,1,139,4,Eléctrica,null,217,null,Sarrià,1,null,null,1.150.000 ,5.300 €/m²,ALTING Grupo Inmobiliario, Ref.: 019273 ,4,Segunda mano/buen estado,1,Piso en venta en paseo de Manuel Girona,http://idealista.com/inmueble/90072619/