bathrooms,constructed_year,description,elevator,energetic_qualification_kWhm2_año,floor,heater_system,its_new,m2_build,m2_useful,neighbourhood,parking,price_down_euro,price_down_percentage,price_euro,price_m2,real_estate,ref,rooms,status,terrace,title,link
1,null,  Fabuloso ático dúplex con terraza privada reformado a estrenar de 60m2 útiles y 2 dormitorios ubicado en el corazón de ‘La Dreta de l’Eixample’ en una de las arterias del distrito a pocos pasos del ‘Passeig de Sant Joan’ y la Gran Vía barcelonesa. Está ubicado en un edificio íntegramente rehabilitado obra del prestigioso estudio TDB Arquitectura respetando el carácter la esencia y la distribución original de esta maravillosa finca posmodernista de 1890. La vivienda en sí tiene una fácil y cómoda distribución; está compuesta por un salón-comedor con acceso al balcón una cocina abierta de vitrocerámica (equipada con horno y nevera) y 2 dormitorios uno doble y otro en suite con baño y vestidor. Es importante mencionar la terraza privada de la vivienda de 45m2 y perfecta para disfrutar de una comida de verano o del buen tiempo de l... ,1,0,null,null,null,75,60,Eixample,null,null,null,655.000 ,8.733 €/m²,Atipika Lifestyle Properties, Ref.: 14401 ,2,Segunda mano/buen estado,1,Ático en venta en La Dreta de l'Eixample,http://idealista.com/inmueble/90265640/
2,null,  Vivir en el barrio más chic de Barcelona  Es un edificio señorial construido en 1944 que ha sido rehabilitado para albergar exclusivas viviendas. Ubicado en el barrio de Sant Gervasi-Galvany disfruta de la tranquilidad de una zona residencial sin renunciar a la intensa actividad que genera su cercanía al centro de Barcelona.  Barrio de la zona alta más cercano al centro de la Ciudad Condal. Ubicado junto al barrio de Vila de Gràcia y la Avenida Diagonal es considerado uno de los más selectos y prestigiosos de la capital catalana.   Un entramado de animadas calles plazas abiertas y callejuelas lo dotan de identidad propia. Aquí podemos encontrar un mercado de abastos centenario un gran número de comercios establecimientos gastronómicos y locales de ocio nocturno así como clínicas privadas colegios y negocios de prestigio.   Abun... ,1,0,1,null,Obra nueva,90,null,Sant Gervasi - Galvany,null,null,null,695.000 ,7.722 €/m²,Lucas Fox, Ref.: 1º 1º H ,3,Promoción de obra nueva,1,Piso en venta en calle tuset 13,http://idealista.com/inmueble/90160820/
2,null,  Vivir en el barrio más chic de Barcelona  Es un edificio señorial construido en 1944 que ha sido rehabilitado para albergar exclusivas viviendas. Ubicado en el barrio de Sant Gervasi-Galvany disfruta de la tranquilidad de una zona residencial sin renunciar a la intensa actividad que genera su cercanía al centro de Barcelona.  Barrio de la zona alta más cercano al centro de la Ciudad Condal. Ubicado junto al barrio de Vila de Gràcia y la Avenida Diagonal es considerado uno de los más selectos y prestigiosos de la capital catalana.   Un entramado de animadas calles plazas abiertas y callejuelas lo dotan de identidad propia. Aquí podemos encontrar un mercado de abastos centenario un gran número de comercios establecimientos gastronómicos y locales de ocio nocturno así como clínicas privadas colegios y negocios de prestigio.   Abun... ,1,0,2,null,Obra nueva,118,null,Sant Gervasi - Galvany,null,null,null,921.000 ,7.805 €/m²,Lucas Fox, Ref.: 3º 2º J ,3,Promoción de obra nueva,1,Piso en venta en calle tuset 13,http://idealista.com/inmueble/90160821/
2,null,  Vivir en el barrio más chic de Barcelona  Es un edificio señorial construido en 1944 que ha sido rehabilitado para albergar exclusivas viviendas. Ubicado en el barrio de Sant Gervasi-Galvany disfruta de la tranquilidad de una zona residencial sin renunciar a la intensa actividad que genera su cercanía al centro de Barcelona.  Barrio de la zona alta más cercano al centro de la Ciudad Condal. Ubicado junto al barrio de Vila de Gràcia y la Avenida Diagonal es considerado uno de los más selectos y prestigiosos de la capital catalana.   Un entramado de animadas calles plazas abiertas y callejuelas lo dotan de identidad propia. Aquí podemos encontrar un mercado de abastos centenario un gran número de comercios establecimientos gastronómicos y locales de ocio nocturno así como clínicas privadas colegios y negocios de prestigio.   Abun... ,1,0,2,null,Obra nueva,87,null,Sant Gervasi - Galvany,null,null,null,725.000 ,8.333 €/m²,Lucas Fox, Ref.: 1º 2º I ,2,Promoción de obra nueva,1,Piso en venta en calle tuset 13,http://idealista.com/inmueble/90160808/
3,null, Os presentamos esta magnífica vivienda que destaca por los amplios espacios y su fácil y cómoda distribución. Bien diferenciada la zona de día con la de noche. En la zona de día comedor independiente junto a éste amplio salón con salida a terraza bien orientada por lo que goza de luz y sol junto al comedor cocina office con lavadero y habitación de servicio con aseo con ducha y ascensor de servicio que comunica directamente con la cocina. En la zona de noche a través de un amplio distribuidor tenemos 4 habitaciones dobles de las cuales 3 dan a un patio abierto con mucha luz y tranquilidad. De las cuatro habitaciones una es en suite y las otras tres comparten dos baños completos. La finca dispone de conserje 3 ascensores y una plaza de aparcamiento muy cómoda en el mismo edificio y otra rotatoria y un cuarto trastero. Esta propiedad fue renovado hace unos 10 años renovando instalación eléctrica cañerías aire acondicionado y suelo. ,1,0,3,Gas natural,null,270,null,Sarrià-Sant Gervasi,1,1.690.000 € ,17,1.395.000 ,5.167 €/m²,Max Ricart, Ref.: 1088 ,5,Segunda mano/buen estado,1,Piso en venta en Sant Gervasi - Galvany,http://idealista.com/inmueble/90112383/
1,2021,  Estupendo piso de obra nueva en Sants Este estupendo piso se encuentra en la primera planta de un edificio de obra nueva que cuenta solo con tres unidades lo cual lo hace una finca muy tranquila. El proyecto es un edificio muy funcional con estupendos acabados y un diseño muy actual con grandes ventanales en todas sus estancias que permiten la entrada de luz natural y le dan una sensación de mayor amplitud. Nada más entrar accedemos al gran salón comedor que se integra a una estupenda cocina abierta con una amplia isla muy funcional. La cocina está diseñada con excelentes acabados y estupendos armarios altos aprovechando al máximo los espacios. Este fantástico espacio de 27 m2 finaliza con unas grandes puertas tipo acordeón que permiten toda la apertura permitiendo gran entrada de luz y ventilación natural cuando sea necesario. Al otro... ,1,45,1,Calefacción individual,null,69,null,Sants-Montjuïc,null,null,null,335.000 ,4.855 €/m²,Barcelona MMC, Ref.: W-02HW0Q ,2,Segunda mano/buen estado,null,Piso en venta en Hostafrancs,http://idealista.com/inmueble/89110858/
2,1900,  Excelente inmueble de 125m2 construidos de los cuales 103m2 pertenecen a vivienda.  Se trata de un 1er piso (real) en finca regia del año 1900 se encuentra en buen estado de conservación.  ¡Finca con ascensor! (muy raro en el Gótico)  DISTRIBUCIÓN:  - Salón comedor con ventanales centrales con lo cual nos entra mucha luz natural. - Cocina independiente equipada. - 5 dormitorios  - 1 Baño con bañera - 1 Aseo plato de ducha  EXTRAS:  * Parqué * Aire acondicionado  * Carpintería exterior de aluminio y madera * Cristal cámara * Calefacción * Ascensor * Puerta de seguridad con anclaje  LA ZONA:  La localización tan solo a 150 metros de la plaza Sant Jaume y 400 metros Port Vell de Barcelona reconocidos hoteles prestigiosos restaurantes… nos garantiza vivir en una finca con un valor añadido. El barrio gótico está muy bien conectado co... ,1,0,null,Gas natural,Urge,129,null,El Gòtic,null,365.000 € ,11,325.000 ,2.519 €/m²,Jose Rodriguez, Ref.: 143 Piso Palau GOTICO ,5,Segunda mano/buen estado,null,Piso en venta en calle del Palau,http://idealista.com/inmueble/88935307/
2,1970, Piso en venta de 142m² a reformar situado entre la calle Aribau y la Avenida Diagonal en el barrio de Sant Gervasi Galvany. Consta de un amplio salón comedor totalmente exterior con chimenea 3 habitaciones (2 dobles y 1 individual) 2 baños completos amplia cocina office con salida a un balcón exterior con zona de aguas y gran despensa. Dispone de suelos de parquet y armarios empotrados. Situado en una finca con servicio de conserjería. Se encuentra ubicado en una de las zonas más privilegiadas de la ciudad cerca la Avenida Diagonal zona con todo tipo de servicios tiendas supermercados parques y gimnasios. Muy bien comunicado mediante transporte público autobuses y metro. ,1,140,5,Gas natural,null,142,null,Sarrià-Sant Gervasi,null,null,null,800.000 ,5.634 €/m²,ALTING Grupo Inmobiliario, Ref.: 019195 ,3,Segunda mano/para reformar,null,Piso en venta en Sant Gervasi - Galvany,http://idealista.com/inmueble/86438911/
1,1963, ACOGEDOR PISO LUMINOSO EN VENTA EN LA VERNEDA I LA PAU. Situado en este emergente barrio que nos ofrece todas las comodidades y servicios necesarios. Con buena conexión con las vías rápidas de acceso como la Gran vía y Ronda litoral. Rodeado de transportes públicos como autobuses; H12 B25 V33 N11 N2 a pie de casa. A 150 metros del Tranvía y de la parada de metro de Besos que conecta con el centro de la ciudad en 10 minutos. Para los amantes del mar a 10 minutos de la Playa de Llevant. Se trata de una propiedad sin ascensor. El piso consta de 79 m² de 3 habitaciones (2 dobles de 11 y 12 m² respectivamente y una simple de 8 m²) amplio y soleado comedor de 19 m² con salida a pequeño balcón. El piso dispone de baño de 4 m² galería y trastero favoreciendo un espacio extra de almacenaje. Por todo ello es una propiedad ideal tanto para familias que quieran instalarse en el barrio como para inversores que busquen la versatilidad de la ciudad y la cercanía al litoral. ( El PVP indicado no incluye impuestos ni gastos de Escritura ). ,0,227,1,null,null,79,63,Sant Martí,null,null,null,155.000 ,1.962 €/m²,donpiso Bcn Poblenou, Ref.: 242186 ,3,Segunda mano/buen estado,null,Piso en venta en La Verneda i la Pau,http://idealista.com/inmueble/91546124/
2,1900, Bonito piso en venta en el centro de Barcelona Ubicado en una de las mejores zonas de Barcelona rodeado de comercios a un paso de la emblemática Rambla de Cataluña y con una comunicación excelente encontramos esta bonita propiedad de 115m2. El hall de entrada divide claramente la zona de día y la zona de noche la zona de día la componen una cocina para actualizar un salón- comedor de 22m² con salida a dos balcones que dan a la calle Balmes. La zona de noche está compuesta por tres dormitorios: dos amplios dormitorios dobles uno de ellos con baño en suite exteriores a un tranquilo y luminoso patio de manzana típico del Eixample y un dormitorio individual interior. Además la vivienda cuenta con un vestidor y una zona de aguas suelos de parquet Split de A. A. y calefacción por radiadores. &nbsp;La finca cuenta con ascensor y un vecino por planta. ,1,161,1,Gas natural,null,115,null,Eixample,null,null,null,550.000 ,4.783 €/m²,aProperties Real Estate Barcelona, Ref.: VB2009001-4 ,3,Segunda mano/buen estado,null,Piso en venta en La Dreta de l'Eixample,http://idealista.com/inmueble/91521399/
2,null,  Piso en venta en Sant Antoni Barcelona Fantástico piso de 149 m2 en una finca típica de Eixample cerca de Gran Vía en Eixample izquierdo. Una segunda planta real en muy buen estado. Piso pasante con orientación a una galería a patio de manzana y balcón a calle. Se distribuye en un gran salón comedor con salida a una luminosa galería  que se puede abrir y convertir en terraza. Cocina actualizada con electrodomésticos La propiedad consta de 6 habitaciones de las cuáles 4 están destinadas a dormitorios el principal es doble con baño en suite. Un segundo doble con salida a balcón a calle y los restantes sencillos orientados a patios de luces muy iluminados y ventilados. Hay un segundo baño que da servicio al resto de la vivienda. Una habitación destinada a cuarto de estudio que puede servir a diferentes usos. Hay otro espacio adicion... ,1,0,1,null,null,149,null,Eixample,null,null,null,575.000 ,3.859 €/m²,Walter Haus, Ref.: 3186V(1) ,4,Segunda mano/buen estado,1,Piso en venta en La Nova Esquerra de l'Eixample,http://idealista.com/inmueble/91507470/
1,null, Garlasa Trade les ofrece esta auténtica oportunidad en calle Rocafort con calle Provença en la Nova Esquerra de l'Eixample.  Inmueble en Buen Estado dispone de 90 mts donde encontramos 2 habitaciones( 1 individual y 1 doble) 1 baño completo y comedor de 40 mts.  Tipo Loft.  Se encuentra en una 1ª planta con ascensor.  Dispone de aire acondicionado bomba de calor.  Finca con piscina.  GARLASA TRADE. Inmobiliaria de confianza con trato personalizado. Ofrecemos soluciones no promesas.  Empresa familiar con más de 20 años en el mercado inmobiliario le ofreceremos la profesionalidad que se merece.  Amplia cartera de pisos de venta y alquiler en Barcelona. Tasaciones sin compromiso.  No dude en llamarnos; 935180820 616793910. ,1,0,1,Gas natural,null,90,null,La Nova Esquerra de l'Eixample,null,295.000 € ,2,289.000 ,3.211 €/m²,Garlasa Trade, Ref.: _Rocafort ,2,Segunda mano/buen estado,null,Piso en venta en Rocafort,http://idealista.com/inmueble/91487945/
2,1910, Piso en la Gran Vía de les Corts Catalanes Eixample Esquerra Propiedad ubicada en una tercera planta real de una finca regia de 1910 en el Eixample Esquerra. La finca dispone de ascensor y se encuentra en muy buen estado de conservación pues en 2006 se hizo una rehabilitación integral. La vivienda fue reformada en 2010.  El piso se compone por una cocina independiente totalmente equipada una habitación doble otra individual y dos baños completos y una zona de vestidor. En las habitaciones hay armarios empotrados y también hay un vestidor aparte. La zona de aguas es independiente en un pequeño balcón-galería.  Es una vivienda muy tranquila orientada a interior de patio de manzana típico del Eixample (Sureste)  Todos los cerramientos son completamente nuevos con doble cristal. Suelos de parqué en muy buen estado. Dispone de calefacción de gas natural y aire acondicionado por conductos. La fibra óptica está instalada. Servicio de video vigilancia en la entrada del edificio.  La finca es muy familiar y muy tranquila.  La zona en la que se encuentra está muy bien comunicada por metro (tiene la parada de la L1 Rocafort al lado) bus bus al aeropuerto ferrocarril y bicing. ,1,135,1,Gas natural,null,81,71,Eixample,null,null,null,459.000 ,5.667 €/m²,aProperties Real Estate Barcelona, Ref.: VB2008005-3 ,2,Segunda mano/buen estado,null,Piso en venta en Sant Antoni,http://idealista.com/inmueble/91426138/
2,1958, Piso con terraza junto a la calle Mandri en venta En la zona alta de Barcelona en el barrio de Sant Gervasi encontramos este práctico piso ubicado en un tercero real de altura de una finca del año 1958. &nbsp;&nbsp;  La vivienda muy bucólica consta de hall de entrada que nos lleva a través de un amplio y corto pasillo; a la cocina office muy bien estructurada con una habitación para la nevera la lavadora y la secadora.  A continuación a los dos lados tenemos dos habitaciones dobles en suite con ventana a patio de luces pero luminosas por su altura y con su propio baño uno con ducha y otro con bañera.  Al final del pasillo tenemos el salón comedor muy luminoso con acceso a una terraza de 5m2 donde cabe una mesa y por último una habitación individual en suite con ventana a calle.  Todas las habitaciones tienen armarios empotrados hay altillos por toda la casa suelos de parqué y calefacción de gas.  La propiedad necesita una actualización. ,1,105,3,Gas natural,null,118,107,Sarrià-Sant Gervasi,null,null,null,670.000 ,5.678 €/m²,aProperties Real Estate Barcelona, Ref.: VB2007042-4 ,3,Segunda mano/para reformar,1,Piso en venta en Sant Gervasi - La Bonanova,http://idealista.com/inmueble/91426103/
3,null,  Piso con terraza y parking en venta en Les Corts Barcelona Precioso piso de 155 m2 en una finca con dos ascensores junto a Illa Diagonal. La vivienda es un piso alto en buen estado. Completamente exterior con Sol de tarde. La zona de día está separada de la de noche ganando privacidad. Se distribuye en un diáfano y luminoso salón comedor en dos ambientes. Tiene salida a una fantástica terraza con vistas panorámicas a la ciudad. Cocina independiente con acceso a lavadero. La zona de noche consta de 4 dormitorios 3 dobles y 1 individual amplia con armarios empotrados. La principal es en suite. Tiene un segundo baño y 1 aseo de cortesía para visitas. Calefacción por radiadores. Plaza de garaje para coche grande y moto en la misma finca incluida. El piso está en un emplazamiento excepcional ya que se encuentra cerca de Avenida Diagonal... ,1,0,6,null,null,155,null,Sarrià-Sant Gervasi,1,null,null,1.100.000 ,7.097 €/m²,Walter Haus, Ref.: 3279V ,4,Segunda mano/buen estado,1,Piso en venta en Sant Gervasi - Galvany,http://idealista.com/inmueble/91414394/
2,1961,  POBLENOU - JUNTO a los Jardines del Centro del Poblenou. Magnifica propiedad en venta a dos minutos a pies del Centro comercial Les Gloríes. Situada en una magnífica zona emergente cercana al mar y al centro de la ciudad y perfectamente comunicada con las principales vías rápidas de acceso. Rodeada de cultura gastronomía ocio. De servicios para todas las edades tanto públicos como privados y próxima al Teatro Nacional de Catalunya. La propiedad está dotada de zona recreativa comunitaria con cancha de básquet. A este magnífico bajo se accede a través de la moderna portería de mármol con acceso a movilidad reducida. La puerta de entrada da paso a esta vivienda totalmente reformado en L que la distribuye en zona de día y noche lo que permite la intimidad necesaria según la actividad que se desarrolle. Siguiendo por el recibidor de a... ,1,107,5,null,null,91,76,Sant Martí,null,null,null,260.000 ,2.857 €/m²,donpiso Bcn Poblenou, Ref.: 243131 ,4,Segunda mano/buen estado,null,Piso en venta en Provençals del Poblenou,http://idealista.com/inmueble/91405662/
1,1930, La vivienda está ubicada en c/ Nàpols con c/ Còrsega en una finca regia del año 1930 con ascensor.  Consta de gran salón-comedor orientado al sur de 23m2 con galería tres dormitorios (uno doble exterior y con salida a balcón) un baño reformado con plato de ducha cocina reformada y zona de lavanderia.  Se trata de un tercero real con carpintería exterior de madera en la parte exterior a calle y aluminio climalit en la parte del salón-comedor que da a patio de manzana. El suelo es de Parquet. Dispone de calefacción a gas.  Camp d'en Grassot i Gràcia Nova es un barrio del distrito de Gracia de la ciudad de Barcelona. Delimitado por la calle de Bailén y la calle del Escorial por la calle Rosellón al sur por la calle de las Camelias por el norte y por la calle de Cerdeña a al este. El edificio más emblemático es la antigua fábrica de La Sedeta ahora convertida en instituto de secundaria y centro cívico. El barrio celebra la primera quincena de septiembre su propia fiesta mayor. ,1,150,3,Gas natural,null,89,84,El Camp d'En Grassot i Gràcia Nova,null,null,null,310.000 ,3.483 €/m²,Fincas Gp, Ref.: S-29146C ,3,Segunda mano/buen estado,null,Piso en venta en calle de Nàpols,http://idealista.com/inmueble/91529496/
2,null,  Magnifico piso reformado en Sarriá Y paseamos por la bonita zona de Sarriá y llegamos a la calle Manuel de Falla una calle que nos lleva al magnifico parque Santa Amelia justo en esa ubicación tan especial nos encontramos un bonito piso amplio todo reformado y muy espacioso. Se trata de una primera planta que el propietario a reformado sin dejarse detalle incluso instalaciones. Al entrar un amplio pasillo que nos dirige hacia el primer baño amplio bonito y de calidad tanto los suelos como la mampara no le falta detalle seguidamente tenemos la cocina con una zona de office y un poco separada un cuartito para la lavadora. Y justo delante un aseo. Al lado de la cocina tenemos una habitación muy grande y con una altura que podríamos hacer dos niveles y se ha instalado un espacio de almacenamiento muy útil en estos pisos al salir ... ,0,193,1,null,null,85,null,Sarrià-Sant Gervasi,null,null,null,380.000 ,4.471 €/m²,Barcelona MMC - Zona Alta - S1, Ref.: W-02JR5P ,3,null,null,Piso en venta en Sarrià,http://idealista.com/inmueble/91246397/
4,1940,  Piso amplio y elegante junto Plaza Kennedy Excepcional Finca Regia con amplio y elegante vestíbulo de entrada porteroescalera principal y de servicio dos ascensores. Piso soleado de mañana y tarde muy luminoso que goza de una óptima distribución con amplias estancias y entrada de servicio. El piso es alto muy tranquilo y tiene unas fenomenales vistas a todo el entorno del Tenis Barcino y Plaza Kennedy. El acceso se realiza mediante un amplio recibidor que independiza la zona de dia por un lado y la zona de noche por otra. La zona de dia está formada por una antesala/biblioteca con chimenea que precede al espectacular salón-comedor con despacho anexo orientados a la calle Balmes. Desde el comedor accedemos directamente a la zona formada por la cocina office completamente equipada comunicada a la vez con la zona de servicio organi... ,1,126,6,null,null,257,null,Sarrià-Sant Gervasi,1,null,null,1.250.000 ,4.864 €/m²,Barcelona MMC - Zona Alta - S1, Ref.: W-02JB9X ,6,Segunda mano/para reformar,null,Piso en venta en El Putxet i el Farró,http://idealista.com/inmueble/91224532/
1,1973, Acogedor piso cerca de Craywinckel Se trata de un acogedor piso a reformar de 3 habitaciones dobles (una exterior y dos interiores) en una finca en buen estado a un paso de Plaza Kennedy y de la calle Craywinckel. Entramos por un recibidor que nos lleva a mano derecha al salón comedor con salida a una terraza de unos 10 m2. Siguiendo a mano izquierda encontramos la cocina y zona de aguas. Continuando por el pasillo encontramos a mano derecha un baño completo y a mano izquierda una habitación doble interior y a mano derecha una habitación doble exterior con salida a la terraza. Al final del pasillo encontramos otra habitación doble.  El piso es un segundo de altura muy tranquilo acogedor y con buenos vecinos En la mejor zona del Putxet en excelente zona residencial y cerca también de comercios y áreas de recreación. Está provista de línea de metro y buses de manera que conecta rápidamente con vías rápidas de entrada y salida de Barcelona en coche. ,1,186,null,null,null,106,null,Sarrià-Sant Gervasi,null,null,null,425.000 ,4.009 €/m²,Barcelona MMC - Zona Alta - S1, Ref.: W-02IYJ3 ,3,null,1,Piso en venta en El Putxet i el Farró,http://idealista.com/inmueble/90933777/
3,1900, Piso grande a reformar en Eixample Dret Gran vivienda de 252m² con una terraza de 7 m² situada en una planta alta de una finca regia ubicada en el corazón del Eixample una zona prime de la ciudad de Barcelona. En la actualidad su distribución corresponde a la de un estudio de arquitectura con lo que nos encontramos unas 9 habitaciones adaptadas a las diferentes necesidades del estudio; despachos salas de reuniones almacenes así como 3 zonas de baños y una antigua cocina. El balcón con vistas a la calle así como una zona a patio de manzana que se encuentra cerrada pero que se podría recuperar como terraza exterior. Las estancias a fachada principal reciben abundante luz natural gracias a la a posición de la vivienda en una quinta planta (altura real) y a los grandes ventanales.  La propiedad está para reformar pudiendo el comprador realizar la distribución que más le convenga ya que consta de metros cuadrados suficientes y ventilación cruzada y abundante luz. Se encuentra en una finca modernista en el Eixample Dret cerca de Gran Via de les Corts Catalanes y Passeig de Gràcia. Una ubicación prime en la ciudad con todos los servicios al alcance. ,1,103,5,Calefacción individual,null,256,null,Eixample,null,null,null,950.000 ,3.711 €/m²,Barcelona MMC - Eixample - S2, Ref.: W-02IABA ,9 o más,Segunda mano/buen estado,1,Piso en venta en La Dreta de l'Eixample,http://idealista.com/inmueble/90891480/
3,2001,  Casa unifamiliar con piscina y jardín en Vallvidrera Casa unifamiliar en Vallvidrera de arquitectura moderna construida en el año 2001 con impresionantes vistas al Parque natural y la Torre de Collserola. Rodeada de bosque la vivienda posee todas las comodidades además de su amplio jardín y piscina propia conservando un gran nivel de tranquilidad.  La propiedad se distribuye en 4 niveles conectados mediante escalera y un cómodo ascensor. La planta baja dispone de un garaje privado con capacidad para dos coches trastero/sala polivalente y sala de máquinas. En la primera planta encontramos la zona de día con aseo de cortesía luminosa cocina equipada con su zona de aguas salón comedor a dos ambientes con chimenea y acceso al jardín y piscina. En la segunda planta tenemos cuatro habitaciones dos de ellas con salida a una terraza y do... ,null,305,null,Gas natural,null,422,null,Sarrià-Sant Gervasi,null,null,null,879.000 ,2.083 €/m²,Barcelona MMC - Zona Alta - S1, Ref.: W-02J9W1 ,5,Segunda mano/buen estado,1,Casa o chalet independiente en venta en Vallvidrera - El Tibidabo i les Planes,http://idealista.com/inmueble/90819978/
2,1967,  Funcional piso en Fort Pienc Excelente oportunidad y funcional piso apto para entrar a vivir y con posibilidades de reforma con estancias principales exteriores muy cerca de Passeig Sant Joan y Plaça de Les Glòries Catalanes en una de las mejores zonas por ubicación de la ciudad. Esta propiedad destaca por su funcionalidad como vivienda familiar o primera vivienda lo que la convierte en una propiedad versátil de 92m2 con balcón. Situados desde de la puerta principal del piso hallamos un recibidor situándose a la parte derecha dos habitaciones una primera individual y la segunda es doble comparten un baño completo en la misma estancia. Saliendo al recibidor y siguiendo por el pasillo a la derecha se sitúa la cocina office independiente al resto del piso funcional y completa que da al patio de luces. Saliendo de la cocina y situado... ,1,149,3,Calefacción individual,null,92,null,Eixample,null,null,null,360.000 ,3.913 €/m²,Barcelona MMC - Eixample - S2, Ref.: W-02JJDS ,4,Segunda mano/buen estado,null,Piso en venta en El Fort Pienc,http://idealista.com/inmueble/90720202/
3,1991,  Preciosa casa adosada en Les Corts/Maternitat Preciosa casa adosada en Les Corts/Maternitat de 5 habitaciones una de ellas suite y otra en una preciosa buhardilla habilitada como habitación con aire acondicionado gran vestidor y salida a una gran terraza de 25 m². La casa tiene 2 baños (uno en suite) 1 aseo de cortesía y una práctica cocina con salida a un patio posterior de 20 m2 con zona de aguas y zona de almacenamiento. Al entrar en la propiedad nos encontramos con un gran patio frontal de unos 50 m2 donde está instalada la pérgola con zona para relajarse o comer al aire libre y la entrada al amplio salón comedor cocina y baño de cortesía. En la primera planta están situadas 4 de las habitaciones y los dos baños ( 1 en suite ).  La terraza de la buhardilla de unos 25m2 ofrece una zona privada e íntima donde poder relajarse y to... ,null,0,null,Gas natural,null,194,161,Les Corts,1,null,null,865.000 ,4.459 €/m²,Barcelona MMC - Les Corts- Sants - Hospitalet - S5, Ref.: W-02IFFW ,5,Segunda mano/buen estado,1,Chalet adosado en venta en La Maternitat i Sant Ramon,http://idealista.com/inmueble/90581130/
2,1974,  Elegante piso al lado de Passeig de Gràcia Espectacular piso que combina la elegancia y la modernidad con el encanto del típico piso del Eixample barcelonés gracias a la conservación y restauración de elementos originales de la época como la carpintería y los techos artesonados. Se distribuye en el interior a través de un recibidor que te lleva a una amplia zona de salón comedor con vistas al emblemático monumento La Pedrera del reconocido arquitecto modernista Antoni Gaudí a través de dos balconeras que le dan acceso. A continuación encontramos la cocina completamente equipada y muy funcional. La propiedad dispone de cuatro dormitorios de los cuales uno disfruta de su propio vestidor baño completo y una terraza muy acogedora y privada. Actualmente el interior combina elementos clásicos y modernos que le dan un aire sofisticado... ,1,227,4,Gas natural,null,145,null,Eixample,null,null,null,1.050.000 ,7.241 €/m²,Barcelona MMC - Eixample - S2, Ref.: W-02I7HX ,4,Segunda mano/buen estado,1,Piso en venta en La Dreta de l'Eixample,http://idealista.com/inmueble/90562315/
2,1943,  Excelente ático reformado en Sant Gervasi Situado en finca regia con servicio de portería y ascensor.  Consta de un gran salón con vistas al patio de manzana con sol de tarde. Comedor con salida a la terraza con cocina americana completamente equipada con todos los electrodomésticos de alta gama y última generación con un consumo muy bajo. Destaca la cocina de 5 fuegos a gas y el horno alemán con las funciones de horno microondas y cocción a vapor. Amplio distribuidor central que actualmente se usa como estudio. Dormitorio principal con baño en suite y vestidor con salida a pequeña terraza y vistas al patio de manzana. Tres dormitorios más 1 habitación pequeña como trastero o usos varios 1 baño con ducha y cuarto de zona de lavado. Pavimento de parqué con algunos detalles de pavimento antiguo. Aire acondicionado en toda la viv... ,1,298,8,Calefacción individual,null,185,null,Sarrià-Sant Gervasi,null,null,null,1.190.000 ,6.432 €/m²,Barcelona MMC - Zona Alta - S1, Ref.: W-02IXG5 ,4,Segunda mano/buen estado,1,Ático en venta en Sant Gervasi - Galvany,http://idealista.com/inmueble/89835292/
1,1930,  Loft perfectamente ubicado en Eixample Céntrico loft de 60m2 con una habitación baño y patio en el Eixample Esquerra. Destaca por su atractiva distribución donde se aprovecha al máximo el espacio y la luz natural en la zona de día. Sus techos resaltan por su gran altura y la preciosa “Volta Catalana” original aportando un gran toque hogareño a toda la vivienda. La vivienda se encuentra en la planta baja de una finca señorial muy tranquila y en una zona privilegiada justo en frente de la antigua cárcel “la Modelo” que en los próximos meses se convertirá en uno de los espacios de zonas verdes y culturales más importantes de la ciudad. El piso de 60 m2 construidos se distribuye empezando por el salón que recibe una amplia cantidad de luz natural. Encima del salón se encuentra el dormitorio de 5 m2 con espacio para una cama doble mesi... ,0,277,0,Eléctrica,null,60,null,Eixample,null,null,null,235.000 ,3.917 €/m²,Barcelona MMC - Eixample - S2, Ref.: W-02IVB8 ,1,Segunda mano/buen estado,null,Piso en venta en La Nova Esquerra de l'Eixample,http://idealista.com/inmueble/89825011/
1,1900,  Loft reformado en Ciutat Vella Bonito piso ideal para parejas o para invertir en una de las zonas más céntricas del Raval. Al acceder a esta vivienda de 60m2 en una tercera planta de una finca rehabilitada del 1900 nos encontramos con un amplio espacio completamente reformado hasta el último detalle tipo loft. Una cocina totalmente equipada y abierta al salón exterior a calle Aurora con mucha luminosidad durante todo el día. Cruzando el salón comedor que tiene un bonito balcón también orientado al exterior encontramos un funcional cubo de diseño donde está la zona de aguas con un baño totalmente equipado y al mismo tiempo el espacio de la cama. El pavimento original se ha cambiado por un parquet y en todo el espacio los techos altos se han rehabilitado con sus vigas de madera. Ubicado a unos pocos metros de la Ronda Sant Antoni M... ,0,0,3,null,null,60,null,Ciutat Vella,null,null,null,185.000 ,3.083 €/m²,Barcelona MMC - Ciutat Vella - Sant Martí - S7, Ref.: W-02INU9 ,1,Segunda mano/buen estado,null,Piso en venta en El Raval,http://idealista.com/inmueble/89764560/
2,1948,  Piso en finca regia en Galvany En pleno corazón del barrio de Galvany y en ubicación privilegiada ofrecemos esta propiedad de aproximadamente 150m2 para reformar que consta de 4 dormitorios y dos baños. Al piso se accede por un recibidor que da acceso a una de las habitaciones dobles al salón y a la cocina al otro lado accedemos a la zona de noche con los tres dormitorios y los dos baños. El piso tiene un trastero en la finca y el edificio tiene garaje. La propiedad da a la Plaza Boston una plaza muy tranquila si tráfico que da acceso al parque de Monterols. El piso tiene dos habitaciones dobles una de ellas con vestidor y dos individuales.  Finca en perfecta ubicación en un barrio elegante y dinámico con todos los servicios y excelentes comunicaciones. Sant Gervasi-Galvany es un barrio del distrito de Sarrià-Sant Gervasi de la ciud... ,1,153,1,Gas natural,null,161,null,Sarrià-Sant Gervasi,null,null,null,530.000 ,3.292 €/m²,Barcelona MMC - Zona Alta - S1, Ref.: W-02INYS ,4,Segunda mano/para reformar,null,Piso en venta en Sant Gervasi - Galvany,http://idealista.com/inmueble/89445845/
2,1973, Piso alto y luminoso en Sagrada Família Entrando en la propiedad encontramos el recibidor. A mano derecha llegamos al amplio salón que conecta con la habitación principal con baño completo ambas con vistas a la Avinguda Diagonal. Desde el salón tenemos acceso al balcón de buen tamaño para mesa y cuatro sillas orientado a mar con buenas vistas alto y luminoso. Regresando al recibidor y a mano izquierda accedemos a la cocina completa con salida a la galería y zona de lavadero. Continuamos para encontrar la segunda habitación doble que comparte baño con la tercera habitación.  Piso de origen con muchísimas posibilidades de renovación o reforma integral. La Sagrada Familia forma parte de el barrio de l'Eixample de Barcelona con todos los servicios de proximidad. Transporte público centros educativos y hospitalarios comercio y ambiente. Una zona muy valorada confortable y céntrica. ,1,233,5,Gas natural,null,89,null,Eixample,null,null,null,365.000 ,4.101 €/m²,Barcelona MMC - Eixample - S2, Ref.: W-02CP5X ,3,Segunda mano/buen estado,null,Piso en venta en La Sagrada Família,http://idealista.com/inmueble/89406410/