bathrooms,constructed_year,description,elevator,energetic_qualification_kWhm2_año,floor,heater_system,its_new,m2_build,m2_useful,neighbourhood,parking,price_down_euro,price_down_percentage,price_euro,price_m2,real_estate,ref,rooms,status,terrace,title,link
5,1973,  Exclusivo ático dúplex a reformar junto al Real Club de Tenis Barcelona En la mejor zona de Pedralbes junto al RC de Tenis Barcelona y el Colegio Liceo Francés encontramos este exclusivo ático dúplex a reformar de 374m² de vivienda más 110m² de terrazas.  La vivienda está compuesta por dos plantas. La planta inferior de 237m² consta de un amplio y luminoso salón-comedor-despacho en tres ambientes con salida a una terraza de 40m2 con vistas despejada a la zona verde del jardín. Desde el comedor accedes a una amplia cocina-office con zona de aguas cuarto de servicio o planchador y un aseo de cortesía y/o baño completo. La zona de noche consta de tres dormitorios dobles uno de ellos en suite con vestidor y baño y los otros dos dormitorios que comparten un baño.  Mediante una escalera interior accedemos a la planta superior de 137m²... ,1,100,5,Gas natural,null,484,330,Les Corts,1,null,null,2.500.000 ,5.165 €/m²,aProperties Real Estate Barcelona, Ref.: VB2009037-4 ,7,Segunda mano/para reformar,1,Piso en venta en Pedralbes,http://idealista.com/inmueble/91659354/
2,2007,  Exclusiva vivienda con dos terrazas y bonitas vistas en Torre Vilana En uno de los enclaves residenciales más cotizados de la zona alta de Barcelona encontramos esta exclusiva propiedad en buen estado de conservación y 2 terrazas con agradables vistas verdes. &nbsp;  La vivienda consta de una superficie de unos 115m² construidos y 28m² de terrazas. Un box que incluye 3 plazas de parking y un trastero de unos 30m² con aseo. &nbsp;  Accedemos a la vivienda por un amplio recibidor que da paso a un bonito salón comedor con acceso directo a una aprovechable terraza orientada a Sur y con bonitas vistas a la tranquilísima zona comunitaria así como a la ciudad. Completa la zona de día una amplia cocina office y zona de aguas independiente. &nbsp;  La zona de noche consta de 3 dormitorios y 2 baños. Uno de ellos doble en suite y los otros 2 ... ,1,77,1,Gas natural,null,130,101,Sarrià-Sant Gervasi,1,null,null,1.290.000 ,9.923 €/m²,aProperties Real Estate Barcelona, Ref.: VB1905069-5 ,3,Segunda mano/buen estado,1,Piso en venta en Sant Gervasi - La Bonanova,http://idealista.com/inmueble/91659366/
2,1970, Piso a reformar con terraza en Josep Tarradellas En la Avenida Josep Tarradellas cerca de Francesc Macià y rodeado de servicios y comercios encontramos este magnífico piso a reformar.  La vivienda tiene 111m2 y dispone de una terraza de unos 13m2 orientada a SE a la cual se accede desde el salón comedor y tres de los 4 dormitorios. El piso muy luminoso tiene la mayor parte de sus estancias exteriores.  Actualmente encontramos un salón comedor muy agradable a continuación una cocina independiente y un lavadero muy amplio y en la zona de noche cuatro dormitorios de los cuales tres son exteriores y dos baños.  La vivienda de construcción por pilares permite ser redistribuida con la posibilidad de abrir cocina a salón comedor o hacer una zona de suite con vestidor y baño.  Finca con conserje y 2 ascensores. Posibilidad de parking en la misma finca. &nbsp;  &nbsp;. ,1,129,3,Eléctrica,null,124,100,Eixample,null,null,null,540.000 ,4.355 €/m²,aProperties Real Estate Barcelona, Ref.: VB1905059-5 ,4,Segunda mano/para reformar,1,Piso en venta en La Nova Esquerra de l'Eixample,http://idealista.com/inmueble/91659342/
1,2019,  Ático en venta reformado con dos terrazas en Gràcia En uno de los mejores emplazamientos del solicitado Distrito de Gracia encontramos este magnífico Sobre Ático recién reformado con las mejores calidades y con un cuidado diseño  Se encuentra en la cuarta planta real de una finca modernista de mucha belleza arquitectónica reformada en 2019 conservando detalles característicos de la época y a su vez incluyendo un moderno y funcional ascensor  Este Ático dúplex de casi 80m2 cubiertos totales posee dos hermosas y grandes terrazas propias ubicadas en cada una de sus fachadas disfrutando de hermosas vistas sol y luz natural durante todo el día  Ingresamos por un vestíbulo al salón comedor con acceso a nivel a la gran terraza principal con inmejorables vistas al Tibidabo. En el amplio y bien distribuido espacio encontramos también un... ,1,70,4,Gas natural,null,80,null,Gràcia,null,null,null,445.000 ,5.562 €/m²,aProperties Real Estate Barcelona, Ref.: VB2011005 ,1,Segunda mano/buen estado,1,Ático en venta en Vallcarca i els Penitents,http://idealista.com/inmueble/91654340/
3,1968, Piso a reformar en Turó Park en venta  En una de las mejores ubicaciones de la ciudad muy cerca del parque Turó Park rodeado de comercios tiendas exclusivas y con muy buenas comunicaciones encontramos esta bonita propiedad a reformar. Es totalmente exterior muy luminosa y dispone de una gran terraza de aprox. 30 m² orientada a sur con vistas al jardín comunitario. Al acceder a la propiedad a través de un amplio hall encontramos un gran salón comedor en tres ambientes muy luminoso y con salida a la terraza la cocina amplia con zona de aguas y habitación con baño de servicio. La zona de noche compuesta por cuatro habitaciones: una de ellas en suite y las otras tres comparten un baño. Hay la posibilidad de adquirir dos plazas de parking en la misma finca. La finca dispone de conserjería servicio de seguridad un gran jardín con piscina comunitaria y una zona infantil para niños.  &nbsp;  &nbsp;. ,1,100,2,Gas natural,null,285,null,Sarrià-Sant Gervasi,1,null,null,1.780.000 ,6.246 €/m²,aProperties Real Estate Barcelona, Ref.: VB2009041-4 ,5,Segunda mano/para reformar,1,Piso en venta en Sant Gervasi - Galvany,http://idealista.com/inmueble/91651726/
3,2019,  Ubicada entre zonas verdes parques y rodeada de distintos servicios y comercios a tan solo unos minutos de la Rambla del Poblenou y muy cerca de la playa encontramos esta espectacular casa adosada de tres plantas y tres terrazas privadas con una superficie de 150m2 útiles. La planta baja cuenta con un garaje privado un trastero lavadero baño de cortesía y acceso de personas de movilidad reducida. Por otro lado esta misma planta alberga un gran salón-comedor con cocina integrada de inducción totalmente equipada y con acceso a la terraza principal de 60m2. La primera planta cuenta con tres dormitorios dobles un baño completo a compartir con ducha y una suite con baño privado. Por último en la segunda planta encontramos un espacio polivalente que puede usarse como despacho zona de descanso etc. Esta planta alberga dos terraz... ,null,26,null,null,null,200,150,Sant Martí,1,null,null,1.050.000 ,5.250 €/m²,Atipika Lifestyle Properties, Ref.: 13430 ,3,Segunda mano/buen estado,1,Chalet adosado en venta en El Poblenou,http://idealista.com/inmueble/87465394/
2,1946,  Fenomenal piso en Gràcia  Housfy de particular a particular y sin comisiones de agencia.  Xavier vende su piso de particular a particular en Gràcia Barcelona perfecto para familias o parejas que busquen un lugar cómodo para su día a día. Construido en 1946 en El Camp d'En Grassot i Gràcia Nova. Consta de 116 m2.  Detalles del inmueble: - Espléndido piso de 116 m2 en El Camp d'En Grassot i Gràcia Nova. (Los metros cuadrados están verificados con la Dirección General de Catastro) - Podemos disfrutar de 4 habitaciones y 2 baños para familias completas. - Acogedor salón con amplio espacio de luz natural siendo además un espacio agradable estupendo para visitas de amigos y familiares. - Exterior. - Con una adecuada cocina equipada con lo necesario para el día a día. - Puerta de entrada de seguridad blindada. - Ascensor. - Los gastos de... ,1,137,3,null,null,116,105,El Camp d'En Grassot i Gràcia Nova,null,null,null,360.000 ,3.103 €/m²,Housfy Real Estate CAT, Ref.: 269222 ,4,Segunda mano/buen estado,null,Piso en venta en calle de Sant Antoni Maria Claret 94,http://idealista.com/inmueble/91659896/
2,2020, Viviendas de obra nueva en Horta Últimas dos unidades disponibles en promoción de obra nueva. Ubicadas en una calle tranquila del barrio de Horta.  Pisos de 91 m2 de 3 habitaciones y 2 baños a estrenar. Amplio salón comedor con cocina abierta y orientación sudeste. Zona de noche con orientación noroeste y vistas a patio interior.  Pavimento de parquet color OAK en todas las estancias pavimento de gres porcelánico en baños y cocinas.  Grandes ventanales en salón comedor y cocina con apertura mediante puertas correderas y doble cristal. Ventanas oscilobatientes en dormitorios. Todas ellas equipadas con persianas automáticas.  Armarios empotrados en todas las habitaciones. Una habitación doble con baño en suite y dos individuales. Baños equipados con plato de ducha.  Muebles de cocina Dial Kitchen equipada con placa de inducción campana extractora y horno encimera de cuarzo color blanco.  Viviendas equipadas con climatización (aire frio – caliente) mediante conductos con bomba de calor por aerotérmia que también proporciona agua caliente a la vivienda. ,1,100,2,Bomba de frío/calor,null,91,null,Horta,null,null,null,425.000 ,4.670 €/m²,aProperties Real Estate Barcelona, Ref.: ONB2010005-3A ,3,Segunda mano/buen estado,1,Piso en venta en calle de Tossa,http://idealista.com/inmueble/91657287/
2,2020, Viviendas de obra nueva en Horta Últimas dos unidades disponibles en promoción de obra nueva. Ubicadas en una calle tranquila del barrio de Horta.  Pisos de 91 m2 de 3 habitaciones y 2 baños a estrenar. Amplio salón comedor con cocina abierta y orientación sudeste. Zona de noche con orientación noroeste y vistas a patio interior.  Pavimento de parquet color OAK en todas las estancias pavimento de gres porcelánico en baños y cocinas.  Grandes ventanales en salón comedor y cocina con apertura mediante puertas correderas y doble cristal. Ventanas oscilobatientes en dormitorios. Todas ellas equipadas con persianas automáticas.  Armarios empotrados en todas las habitaciones. Una habitación doble con baño en suite y dos individuales. Baños equipados con plato de ducha.  Muebles de cocina Dial Kitchen equipada con placa de inducción campana extractora y horno encimera de cuarzo color blanco.  Viviendas equipadas con climatización (aire frio – caliente) mediante conductos con bomba de calor por aerotérmia que también proporciona agua caliente a la vivienda. ,1,100,1,Bomba de frío/calor,null,91,null,Horta,null,null,null,415.000 ,4.560 €/m²,aProperties Real Estate Barcelona, Ref.: ONB2010005-2A ,3,Segunda mano/buen estado,1,Piso en venta en calle de Tossa,http://idealista.com/inmueble/91657286/
2,2020,  Promoción de pisos en Passeig Sant Antoni Barcelona Cerca de la estación de Sants y del Parc de L’Espanya Industrial encontramos esta rehabilitación integral de un solo piso por planta. El edificio del siglo XIX (rehabilitado según catastro en 1.960) conserva todavía la fachada original exterior y combina una inteligente redistribución de cada espacio con la influencia estética de materiales antiguos como el ladrillo de obra vista en paredes vigas de madera tratada en el clásico techo de volta catalana o el hierro forjado que encontramos en balcones y escalera. Nada más entrar en cada uno de estos pisos de ochenta y ocho metros cuadrados un recibidor-distribuidor nos lleva a la derecha a la zona de día del piso compuesta de cocina abierta aseo de cortesía y una amplia sala de estar con salida a balcón (el primer piso incluye ademá... ,0,0,1,null,null,88,81,Sants,null,null,null,395.000 ,4.489 €/m²,aProperties Real Estate Barcelona, Ref.: ONB2005001-1B ,2,Segunda mano/buen estado,1,Piso en venta en paseo de Sant Antoni,http://idealista.com/inmueble/91657258/
1,2019, Pisos de Obra Nueva junto al Parc de la Ciutadella A tan sólo diez minutos de las playas de Barcelona y al lado del Parc de la Ciutadella encontramos esta promoción con cinco viviendas de Obra Nueva con pisos de 1 dormitorio más 1 dormitorio/ estudio (living &amp; working) y acabados modernos y de calidad cocinas equipadas con electrodomésticos integrados suelos mixtos de parquet laminado y pavimento porcelánico. Cierres de aluminio con corte térmico y doble cristal cámara de aire y persianas eléctricas. Climatización por aerotermia (ahorro de hasta un 50% de energía). Rodeado de todos los comercios y servicios y muy bien comunicado por transporte público además de fácil acceso a la Ronda Litoral. ,1,100,1,Gas natural,null,62,null,El Parc i la Llacuna del Poblenou,null,null,null,390.000 ,6.290 €/m²,aProperties Real Estate Barcelona, Ref.: ONB1912006-4B ,2,Segunda mano/buen estado,1,Piso en venta en calle de Sardenya,http://idealista.com/inmueble/91657233/
1,2019, Pisos de Obra Nueva junto al Parc de la Ciutadella A tan sólo diez minutos de las playas de Barcelona y al lado del Parc de la Ciutadella encontramos esta promoción con cinco viviendas de Obra Nueva con pisos de 1 dormitorio más 1 dormitorio/ estudio (living &amp; working) y acabados modernos y de calidad cocinas equipadas con electrodomésticos integrados suelos mixtos de parquet laminado y pavimento porcelánico. Cierres de aluminio con corte térmico y doble cristal cámara de aire y persianas eléctricas. Climatización por aerotermia (ahorro de hasta un 50% de energía). Rodeado de todos los comercios y servicios y muy bien comunicado por transporte público además de fácil acceso a la Ronda Litoral. ,1,100,1,Gas natural,null,64,null,El Parc i la Llacuna del Poblenou,null,null,null,400.000 ,6.250 €/m²,aProperties Real Estate Barcelona, Ref.: ONB1912006-3B ,2,Segunda mano/buen estado,1,Piso en venta en calle de Sardenya,http://idealista.com/inmueble/91657257/
1,2019, Edificio esquinero totalmente rehabilitado cerca del Camp Nou Ubicado en el linde de los barrios de Sants y Les Corts se encuentra este bonito edificio rehabilitado.  Pisos de 1 habitación y 1 baño totalmente reformados con electrodomésticos de primeras marcas y acabados de calidad.  Viviendas de 36 a 45 m2 distribuidas con salón-comedor y cocina abierta. Todas las habitaciones son dobles y los baños contienen plato de ducha.  Se han mantenido detalles originales como la “vuelta catalana” en todos los techos de la propiedad. Suelos de parquet e hidráulicos en las cocinas. Cocina equipada mediante placas de vitrocerámica horno y espacio reservado para la nevera. AC y Calefacción mediante Splits en todas las estancias.  Amplia variedad de grandes y pequeños comercios en la zona. A escasos minutos andando del Hospital Universitario Dexeus y el Camp Nou. Perfectamente comunicado tanto por líneas de buses y metro. Diversidad de bibliotecas centros cívicos y centros deportivos en el barrio.  Gran oportunidad para inversores dado que se venden unidades por separado o la totalidad del edificio. ,0,100,0,Gas natural,null,41,null,Sants - Badal,null,null,null,215.000 ,5.244 €/m²,aProperties Real Estate Barcelona, Ref.: ONB2001001-1B ,1,Segunda mano/buen estado,1,Piso en venta en calle de Juan de Sada,http://idealista.com/inmueble/91657256/
1,2020,  Este piso está ubicado en el primer piso. Es perfecto para cualquiera que sueñe con vivir en un departamento industrial al estilo de Nueva York. Cuenta con 58m² distribuidos en 1 habitación en suite una cocina abierta totalmente equipada conectada con el salón-comedor con acceso al balcón. Disfruta de los grandes ventanales que dan a la calle.    El edificio es una reforma de una antigua fábrica textil manteniendo un espíritu muy verde y ecológico en formato loft y atelier. Este nuevo edificio ofrecerá 50 apartamentos lofts y dúplex todos creados con materiales naturales premium. Los residentes tendrán acceso a áreas comunes como una piscina jardines urbanos privados una terraza en la azotea terraza para relajarse conserje video seguridad 24/7 y estacionamiento para bicicletas. Se completará a fines de 2020 todas las unidade... ,1,0,1,Calefacción individual,null,60,58,El Raval,null,null,null,339.000 ,5.650 €/m²,We Relocate Bcn, Ref.: 20109 ,1,null,null,Piso en venta en calle de la Riereta,http://idealista.com/inmueble/91590746/
1,1927,  Piso de 75m2 ubicado en un cuarto real de una finca con ascensor en la zona del Clot. Dispone de un salón-comedor con vistas a la calle cocina americana de gas totalmente equipada (con lavadora lavavajillas nevera microondas y horno) 2 dormitorios dobles 1 baño con bañera y un balcón. Totalmente amueblado. Equipado con suelos gres calefacción de gas natural sistema de calefacción frío/calor por Split y persianas. Muy soleado tranquilo y excelente ubicación y comunicación.   Localizado en finca regia con fachada rehabilitada listo para entrar a vivir o bien ideal inversión para alquiler. En el Clot un barrio actual y tradicional del distrito de Sant Martí y cuyo núcleo es uno de los más antiguos del distrito cerca del barrio 22@ donde se encuentra el distrito tecnológico y cerca del centro comercial Glorias Barcelona Activa... ,1,0,3,null,null,75,null,El Clot,null,null,null,239.000 ,3.187 €/m²,Atipika Lifestyle Properties, Ref.: 3997 ,2,Segunda mano/buen estado,null,Piso en venta en calle del Clot,http://idealista.com/inmueble/86712366/
1,1955,  PISO CON ENCANTO EN BARCELONA  Te presentamos en exclusiva el hogar que cambiará tu vida por completo un hogar lleno de luz y energía ubicado en la emblemática calle Mallorca donde las calles que lo rodean están llenas de encanto y muy bien comunicadas.   Se trata de una vivienda amplia y con buena orientación que invita a proyectar un futuro próspero desde cero y completamente a tu gusto.  Ofrece 99 m2 construidos el salón comedor es muy luminoso la cocina office independiente dispone de 3 habitaciones amplias (dos son dobles y una individual) y un baño completo. Además tiene zona de despensa y un cuarto de lavandería que podría acomodarse como una cuarta habitación.   El piso está climatizado con calefacción por radiadores cuenta con buenas prestaciones y se sitúa en una finca bien conservada con ascensor y vistas despejadas ... ,1,0,4,null,null,99,85,El Camp de l'Arpa del Clot,null,null,null,340.000 ,3.434 €/m²,Lunallar ., Ref.: 5616 ,3,Segunda mano/para reformar,null,Piso en venta en calle Mallorca,http://idealista.com/inmueble/91392268/
4,2016,  Coldwell Banker Llebrenc presenta esta magnífica casa con jardín y piscina en Can Cortés construida en 2016. Dispone de 519 m2 de superficie construida en una parcela de 915 m2. Entorno privado y muy tranquilo justo detrás del Tibidabo y a 10 minutos del centro de la ciudad. La vivienda dispone excelentes acabados.  Distribuida en 3 plantas cuenta con grandes ventanales y cristaleras que le aportan una gran luminosidad. Está orientada a cuatro vientos construida pensando en el entorno aprovechando la luz solar y para utilizar el mínimo consumo de energía. Tipo de construcción austriaca con capas de madera aislante para generar ahorro y evitar fugas energéticas.   La planta principal o zona de día dispone de un amplio salón comedor con grandes ventanales que le dan mucha luminosidad y proporcionan vistas a la montaña. En la misma p... ,null,25,null,null,null,519,null,Sarrià-Sant Gervasi,1,null,null,1.350.000 ,2.601 €/m²,Coldwell Banker Llebrenc Coldwell Banker Llebrenc, Ref.: 4333 ,6,Segunda mano/buen estado,1,Casa o chalet independiente en venta en Vallvidrera - El Tibidabo i les Planes,http://idealista.com/inmueble/91599983/
1,1936,  Estupendo piso en Eixample    Housfy: la agencia inmobiliaria online. Sin comisiones.  Marga vende su piso de particular a particular en Eixample Barcelona un espacio para disfrutar en tu día a día. Consta de 69 m2.  Características:  - Acogedor piso tercero real de altura con ascensor de 69 m2 en La Sagrada Família. (Los metros cuadrados están verificados con la Dirección General de Catastro) - Podemos disfrutar de 2 habitaciones y 1 baño muy bien acomodadas. Y un altillo con gran capacidad de almacenaje. - Cálido salón-comedor con amplio espacio de luz natural un lugar perfecto para descansar en los ratos libres con vistas a la Sagrada Familia. - Exterior. - La vivienda cuenta además con calefacción de gas por radiadores - Ascensor. - Con una efectiva cocina con todo lo necesario. - Terraza comunitaria transitable con vistas exce... ,1,258,1,null,null,69,null,La Sagrada Família,null,289.000 € ,3,279.500 ,4.051 €/m²,Housfy Real Estate CAT, Ref.: 282004 ,2,Segunda mano/buen estado,null,Piso en venta en calle de Còrsega s/n,http://idealista.com/inmueble/90531645/
1,1930,  Moderno piso en Gràcia    Housfy la agencia inmobiliaria sin comisiones y con las mejores condiciones hipotecarias.  Albert vende su piso directamente del propietario en Gràcia Barcelona perfecto para familias o parejas que busquen un lugar cómodo para su día a día.  Construido en el año 1930 en Vila de Gràcia y consta de 104 m2.  Características:  - Perfecto piso de 104 m2 (90 piso +14 terraza) en Vila de Gràcia. (Los metros cuadrados están verificados con la Dirección General de Catastro) - La vivienda dispone de 2 habitaciones dobles una de ellas con acceso directo a la terraza.  - 1 baño reformado al 100% en septiembre de. 2017.  - Cómodo salón-comedor amplio y luminoso con acceso directo a la terraza siendo además un espacio agradable estupendo para visitas de amigos y familiares. - Aire acondicionado y calefacción para todas... ,0,115,0,null,null,104,null,La Salut,null,399.000 € ,5,379.000 ,3.644 €/m²,Housfy Real Estate CAT, Ref.: 275583 ,2,Segunda mano/buen estado,1,Piso en venta en calle del Cardener s/n,http://idealista.com/inmueble/90310200/
2,1951,  Estupendo Piso en Sarrià   De particular a particular y sin comisiones de agencia con Housfy.  VICTOR vende su piso de particular a particular en Sarrià-Sant Gervasi Barcelona un espacio para disfrutar en tu día a día. El piso consta de una distribución ideal para aprovechar al máximo sus 147 m2.  Detalles del inmueble:  - Perfecto piso de 147 m2 en El Putxet i el Farró. (Los metros cuadrados están verificados con la Dirección General de Catastro) - La vivienda dispone de 5 habitaciones y 2 baños. - Confortable salón con amplio espacio de luz natural siendo además un espacio agradable estupendo para visitas de amigos y familiares. - Con plaza de garaje incluida en el precio situada en el edificio de delante de la finca. - Exterior en 2 caras de la vivienda. - Dispone de aire acondicionado y calefacción. - Terraza. - Ascensor. - Es... ,1,142,null,null,null,147,135,El Putxet i el Farró,1,575.000 € ,3,560.000 ,3.810 €/m²,Housfy Real Estate CAT, Ref.: 233828 ,5,Segunda mano/buen estado,1,Piso en venta en calle de Musitu 18,http://idealista.com/inmueble/88728935/
2,1900, Piso junto a Pl. del Duc de Medinaceli y Pg. De Colom:  Espacioso piso de 144m² según registro. Dispone de un amplio salón-comedor de 58m² con cocina integrada cuatro habitaciones dobles dos baños completos y una zona de aguas. La vivienda esquinera y muy luminosa fue rehabilitada íntegramente en 1997 conservando los techos con bóveda catalana vigas de madera y frescos originales. Destacan sus acabados: suelos de madera de roble y la exterioridad de todas sus estancias. La parte posterior de la vivienda antes la habitación principal en suite ha sido acomodada a modo de pequeño apartamento independiente y consta de: cocina abierta a sala y dos habitaciones dobles. Dispone de A/C calefacción por radiadores trastero y acceso a la azotea de uso comunitario con de vistas a puerto monumento a Colón y Esglesia de la Mercé. Existe la posibilidad de ser segregado en dos apartamentos. Se trata de una magnífica propiedad amplia u señorial en una de las zonas de más demandas de Ciutat Vella: junto a OceanOne Club Marina Port Vell Soho house Medinacelli hoteles de lujo y gran oferta cultural de la ciudad.    LOS IMPUESTOS VIGENTES DERIVADOS DE LA COMPRAVENTA NO ESTÁN INCLUIDOS EN EL PRECIO. ,1,150,2,Gas natural,null,156,null,Ciutat Vella,null,680.000 € ,7,630.000 ,4.038 €/m²,Cambra de la Propietat Urbana de Barcelona, Ref.: 433v ,4,Segunda mano/buen estado,null,Piso en venta en El Gòtic,http://idealista.com/inmueble/88551599/
5,1980,  Magnífica casa de tres plantas en una de las mejores y más cotizadas zonas de Vallvidrera de 480 m2   en una parcela de 1000 m2 aprox. El inmueble dispone de 6 habitaciones y 5 baños y un amplio jardín. Planta 1: Contiene un gran salón de 60 m2 en dos niveles con chimenea. Una espaciosa cocina-office con salida a jardín un amplio comedor y un aseo de cortesía. En la misma planta se encuentra una terraza de 25 m2.  Planta baja: Dispone de 2 habitaciones Suite 2 habitaciones dobles 1 habitación individual 1 baño completo y una sala polivalente con salida al amplio jardín.  Planta 2: Garaje para 2 o 3 coches trastero y estudio.  Dispone de calefacción a gas con radiadores suelos de gres carpintería interior de madera con cristales de seguridad. Orientada al Suroeste. La zona dispone de servicio de vigilancia nocturna.  Cerca del f... ,null,0,null,Calefacción individual,null,480,null,Sarrià-Sant Gervasi,1,1.490.000 € ,9,1.350.000 ,2.812 €/m²,Coldwell Banker Llebrenc Coldwell Banker Llebrenc, Ref.: 4310 ,6,Segunda mano/buen estado,1,Casa o chalet independiente en venta en Vallvidrera - El Tibidabo i les Planes,http://idealista.com/inmueble/88106678/
2,1900, En peculiar y bonito edificio modernista disponemos de este principal totalmente reformado en dos niveles de aprox 140 m. en conjunto mas 70m2 de terraza a agradable y tranquilo patio de manzana el apartamento dispone de 4 dormitorios 2 dobles(1 de ellas en suitte) y 2 individuales generosas exceptuando la suitte con closet el resto de los dormitorios estan en planta superior con ventilacion propia a patios y con accesos independientes. 2 baños completos (1 en suitte) Cocina americana con comedor de aprox. 26 m2 que nos da acceso a la terraza de 70m2 acabada con madera de teka. Dispone de otra sala independiente de 15m2 a modo de salon. Duplex totalmente reformado y de reforma singular propiedad diferente a lo común en todos los aspectos manteniendo algunas piezas originales de la finca como la vuelta catalana o las vigas de madera restauradas de algunas estancias.  Zona con todo tipo de servicios y comunicaciones. ,1,0,1,Gas natural,null,140,110,L'Antiga Esquerra de l'Eixample,null,525.000 € ,5,500.000 ,3.571 €/m²,comercial, Ref.: 10917 ,4,Segunda mano/buen estado,1,Piso en venta en calle de Valencia,http://idealista.com/inmueble/86256105/
1,null,  Piso de tres habitaciones con balcón en Sant Antoni. Consta de amplio salón comedor exterior a balcón cocina independiente exterior a galería adaptada como lavadero una habitación doble dos habitaciones individuales y un baño completo. La vivienda ofrece muchas opciones para reformar y cuenta con suelos de parque carpintería de aluminio calefacción y aire acondicionado. Séptima planta real con agradables vistas y sol directo. Ubicado en finca con ascensor y servicio de portería muy bien comunicado con metros Rocafort y Poble Sec. Contacte directamente con Barnaquatre llamando al 93 488 33 00 para recibir más información o concertar una visita según su disponibilidad horaria.  El Ensanche  Nos encontramos en uno de los barrios más característicos de Barcelona: el Ensanche. Este distrito geométricamente compuesto a modo de cuadrícu... ,1,0,6,Gas natural,null,95,90,Sant Antoni,null,null,null,360.000 ,3.789 €/m²,Barnaquatre, Ref.: entença2061 ,3,Segunda mano/para reformar,null,Piso en venta en calle d'Entença 20,http://idealista.com/inmueble/91000622/
4,1993,  Moderna y luminosa casa cerca de Collserola Engel &amp; Völkers les presenta en exclusiva esta funcional casa de excelente construcción con acabados pensados y de buen gusto. La casa cuenta con impresionantes vistas y al mismo tiempo aporta gran privacidad. Ingresando por un pequeño jardín accedemos a la vivienda donde nos reciben dos espaciosos salones y al fondo un elegante despacho y una habitación con mucho potencial como para un gimnasio personal o un segundo despacho. En la primera planta encontramos a la izquierda el gran comedor bañado por la luz de sus ventanales orientados al sur a la derecha de la escalera ingresamos a la magnífica cocina de diseño semi- profesional con detalles apreciados por los más exigentes con salida a la terraza de 88 m2 y jardín. En el centro de ambas estancias un baño completo. Accediendo a la s... ,null,196,null,Gas natural,null,225,null,Gràcia,1,null,null,1.170.000 ,5.200 €/m²,Barcelona MMC, Ref.: W-02G1SG ,6,Segunda mano/buen estado,1,Chalet adosado en venta en Vallcarca i els Penitents,http://idealista.com/inmueble/85807809/
2,1980,  Impresionante ático en el centro de Vallvidrera Impresionante ático en el centro de Vallvidrera con gran terraza muy disfrutable de uso exclusivo en finca en buen estado. Piso de tres habitaciones y dos baños con una distribución funcional con buena optimización del espacio y orientado a sureste. Es un piso muy luminoso con todas las habitaciones exteriores con vistas al mar y a Barcelona.  Su salón comedor tiene salida directa a la espléndida terraza. Junto al salón accedemos a un dormitorio individual con aseo completo. Un práctico distribuidor con altillo nos conduce a la zona de noche que se compone de dos habitaciones una doble con vestidor y salida directa a la terraza y una individual que comparten un baño completo. Su excelente ubicación al encontrarse cerca de servicios y comunicación en la sierra de Collserola (la monta... ,1,230,5,Gas natural,null,106,null,Sarrià-Sant Gervasi,null,null,null,560.000 ,5.283 €/m²,Barcelona MMC - Zona Alta - S1, Ref.: W-02CSBO ,3,Segunda mano/buen estado,1,Ático en venta en Vallvidrera - El Tibidabo i les Planes,http://idealista.com/inmueble/81890710/
1,2020,  Estupendo piso de diseño con jardin en obra nueva  El piso está en una zona tranquila y residencial en el límite entre los barrios de Horta y La Guineueta. El nuevo Parque Central de Nou Barris y el histórico Parque del Laberrint d’Horta junto a las tan próximas zonas verdes de Collserola refuerzan el carácter “verde” de esta promoción. La zona ofrece múltiples servicios tanto la parte más histórica del antiguo pueblo de Horta como los ejes comerciales de Fabra i Puig y Valldaura. El carácter local de la zona convive con las más eficaces vías de comunicación tanto con el centro de la ciudad (túnel de la Rovira) como con sus alrededores (ronda de Dalt). Destacan el Campus Universitari Mundet el Velódromo de Horta las instalaciones Olímpicas de tenis y equipamientos culturales como el Pabellón de la República aquí reconstruido.  La v... ,1,38,0,null,null,101,null,Horta,null,null,null,360.000 ,3.564 €/m²,BCN addict, Ref.: Z-2072 ,2,Segunda mano/buen estado,1,Piso en venta en calle del Congrés,http://idealista.com/inmueble/38996527/
1,1900, Este piso se encuentra en Parlamento 08015 Barcelona Barcelona en la planta 5. Es un piso luminoso construido en el año 1900 que tiene 54 m2 de los cuales 48 m2 son útiles y dispone de 2 habitaciones y 1 baños. ( Finca sin ascensor)  Se trata de un inmueble exterior. Dispone de aire acondicionado y incluye calefacción eléctrica buen estado ventanas climalit suelo parquet y cocina americana.   El equipo de La Meva Llar estará encantado de ayudarte para que puedas sentirte como en casa a la hora de realizar tu compra o tu alquiler. Encuentra más en. ,0,0,5,Eléctrica,null,54,48,Sant Antoni,null,null,null,190.000 ,3.519 €/m²,La Meva Llar, Ref.: parlakli ,2,Segunda mano/buen estado,null,Piso en venta en calle del Parlament,http://idealista.com/inmueble/91460851/
1,1919,  Estupendo piso en Eixample   De particular a particular y sin comisiones de agencia con Housfy.  Raúl vende su piso directamente del propietario en Eixample Barcelona perfecto para familias o parejas que busquen un lugar cómodo para su día a día. Construido en el año 1919 en La Nova Esquerra de l'Eixample. Con una distribución ideal para aprovechar al máximo sus 71 m2.  Detalles del inmueble:  - Fabuloso piso de 71 m2 en La Nova Esquerra de l'Eixample. (Los metros cuadrados están verificados con la Dirección General de Catastro) - Podemos disfrutar de 3 habitaciones y 1 baño perfecto para una familia. 2 habitaciones dobles y una pequeña. - Práctico y tranquilo salón-comedor donde disfrutar de tu familia. - Interior de illa muy tranquilo. - Puerta de entrada de seguridad blindada. - Balcón con sol de mañana. - Ascensor. - Precisa ac... ,1,34,1,null,null,71,null,La Nova Esquerra de l'Eixample,null,null,null,270.000 ,3.803 €/m²,Housfy Real Estate CAT, Ref.: 301614 ,3,Segunda mano/buen estado,null,Piso en venta en calle de Provença s/n,http://idealista.com/inmueble/91420092/
2,null, Piso con gran terraza vistas muy luminoso todo reformado con plaza de parking en la finca ambientes amplios tres habitaciones amplias de las cuales dos son dobles una de ellas suite con baño completo. La vivienda consta de otro baño completo con plato de ducha y una tercera habitación individual. Todas las habitaciones tienen armarios empotrados completos y también aire acondicionado. La cocina es office totalmente equipada con salida a una terraza de 60 m2 con vistas a la montaña y al mar. El salón comedor es muy amplio de 23 m2 con mucha luz y gran ventanal con salida al balcón. Cerca de transporte público comercios colegios y todos los servicios necesarios. ,1,147,0,null,null,90,87,La Teixonera,1,null,null,435.000 ,4.833 €/m²,Verónica Servalli, Ref.: 3451-02064 ,3,Segunda mano/buen estado,1,Piso en venta en Mare de Déu dels Àngels,http://idealista.com/inmueble/91313184/