bathrooms,constructed_year,description,elevator,energetic_qualification_kWhm2_año,floor,heater_system,its_new,m2_build,m2_useful,neighbourhood,parking,price_down_euro,price_down_percentage,price_euro,price_m2,real_estate,ref,rooms,status,terrace,title,link
1,2020, Vivienda de 64m2 construidos (5508m2 útiles) con 1 dormitorio + 1 estudio/vestidor y 1 baño. Consta de recibidor salón-comedor de 2116m2 con cocina integrada y equipada con electrodomésticos 1 habitación 1 estudio/vestidor y 1 baño con ducha. Terraza de 12m2 exterior a patio de manzana. Trastero incluido en el precio. Viviendas de obra nueva en antiguo edificio de una planta donde se ha conservado la fachada catalogada del 1912 y se han añadido 3 plantas más de nueva construcción con un moderno diseño lo cual lo convierte en un edificio singular. Las viviendas están diseñadas en espacios polivalentes con grandes puertas correderas que permiten conectar zonas de noche de trabajo y de ocio.  Buenas comunicaciones con el Trambaix y con el Metro de Villa Olímpica o Bogatell. Excelente conexión para salir y entrar a la Ronda Litoral ya que se encuentra a pocos minutos. Junto a los Parques de la Ciutadella y de la Estación Norte y muy próximo a la Villa Olímpica de Barcelona así como de la Universidad Pompeu Fabra.  La ubicación de esta promoción de viviendas la convierte en una oportunidad de inversión rentable y segura. ,1,25,1,Bomba de frío/calor,null,64,55,Sant Martí,null,null,null,400.000 ,6.250 €/m²,AMAT IMMOBILIARIS, Ref.: 27505 ,1,Segunda mano/buen estado,1,Piso en venta en Urb. Eixample El Parc i la Llacuna del Poblenou,http://idealista.com/inmueble/90262357/
1,2020, Vivienda de 65m2 construidos (5685m2 útiles) con 1 dormitorio + 1 estudio/vestidor y 1 baño. Consta de recibidor salón-comedor de 2116m2 con cocina integrada y equipada con electrodomésticos 1 habitación 1 estudio/vestidor y 1 baño con ducha. Terraza de 11m2 exterior a patio de manzana. Trastero incluido en el precio. Viviendas de obra nueva en antiguo edificio de una planta donde se ha conservado la fachada catalogada del 1912 y se han añadido 3 plantas más de nueva construcción con un moderno diseño lo cual lo convierte en un edificio singular. Las viviendas están diseñadas en espacios polivalentes con grandes puertas correderas que permiten conectar zonas de noche de trabajo y de ocio.  Buenas comunicaciones con el Trambaix y con el Metro de Villa Olímpica o Bogatell. Excelente conexión para salir y entrar a la Ronda Litoral ya que se encuentra a pocos minutos. Junto a los Parques de la Ciutadella y de la Estación Norte y muy próximo a la Villa Olímpica de Barcelona así como de la Universidad Pompeu Fabra.  La ubicación de esta promoción de viviendas la convierte en una oportunidad de inversión rentable y segura. ,1,25,1,Bomba de frío/calor,null,65,56,Sant Martí,null,null,null,400.000 ,6.154 €/m²,AMAT IMMOBILIARIS, Ref.: 27504 ,1,Segunda mano/buen estado,1,Piso en venta en Urb. Eixample El Parc i la Llacuna del Poblenou,http://idealista.com/inmueble/90262356/
3,2018,  Te presentamos esta vivienda que te permitirá vivir en un edificio de nueva construcción ubicado en un enclave privilegiado para vivir en Barcelona cerca de Diagonal Mar una zona totalmente consolidada con todos los servicios y con una excelente red de comunicaciones. El piso destaca por sus grandes vistas al majestuoso Parc Central el pulmón verde del Poblenou desde un quinto de altura real. La vivienda de 133m2 construidos dispone de amplia sala de estar con salida a gran terraza. Cocina independiente con office máster suite con vestidor y baño tres dormitorios más otro baño lavadero y recibidor. Además el precio incluye una plaza de aparcamiento amplia y trastero.  Acabados de calidad: puerta blindada cierres de aluminio con doble cristal carpinteria lacada en blanco armarios empotrados parqué cocina equipada (inducción... ,1,36,4,Bomba de frío/calor,null,133,111,Sant Martí,1,null,null,990.000 ,7.444 €/m²,Amat Luxury, Ref.: 27508 ,4,Segunda mano/buen estado,1,Piso en venta en Urb. El Poblenou El Poblenou,http://idealista.com/inmueble/90248017/
2,1998,  Espectacular ático dúplex en finca clásica totalmente rehabilitada en 1998 con ascensor y parking. La próxima transformación urbanística convertirá a Vía Layetana en un elegante boulevar que unirá en un paseo el corazón de la ciudad con las playas. Esta única propiedad goza de una inmejorable ubicación a solo unos pasos del Palau de la Música la Catedral de Barcelona la Plaza de Catalunya y el mercado de Sta. Caterina. Además a pocos metros se encuentra la emblemática calle Portal del Ángel la avenida comercial más importante del país. Tanto la estación de metro como la parada del autobús están justo delante de la propiedad con rápido acceso a las rondas que conectan con autopistas y aeropuerto.  La vivienda está distribuida en dos plantas. Al entrar en la planta baja nos encontramos con un agradable recibidor con armario empotrado... ,1,196,5,Bomba de frío/calor,null,112,100,Ciutat Vella,1,null,null,790.000 ,7.054 €/m²,AMAT IMMOBILIARIS, Ref.: 27353 ,3,Segunda mano/buen estado,1,Ático en venta en Urb. El Gótic El Gòtic,http://idealista.com/inmueble/88996018/
3,1940, En esta maravillosa ubicación donde tenemos la Casa Batlló como vecina de enfrente disfrutaremos del privilegio de tener una obra de arte como principal vista desde el gran salón-comedor lleno de luz puesto que es en un 6º piso. La pieza está reformada en parte con una cocina semiabierta. De las 3 habitaciones dobles 1 de ellas es suite y disfruta de un vestidor con salita y vistas al típico patio de manzana de la Barcelona más señorial del Eixample. Disfruta de conserje. ¡Nunca hubiéramos imaginado poder disfrutar del genio Gaudí desde el salón de nuestra casa cenando con amigos! ,1,138,6,null,null,179,166,Eixample,null,null,null,1.875.000 ,10.475 €/m²,Amat Luxury, Ref.: 27316 ,3,Segunda mano/buen estado,null,Piso en venta en Urb. Eixample dreta La Dreta de l'Eixample,http://idealista.com/inmueble/88799821/
3,1910,  Piso reformado íntegramente en una finca regía del año 1906 con 123m2 útiles. La reforma ha sido realizada por arquitectos especializados en conservación y rehabilitación de elementos originales. Los techos tienen más de 3m de altura con espectaculares cornisas y molduras suelos de mosaico hidráulico puertas de madera natural restauradas etc. Además de preservar los elementos de más valor de la vivienda se ha equipado con materiales modernos de máxima calidad y dispone de aire acondicionado por conductos calefacción a gas y alarma. Tiene una perfecta distribución cómoda y funcional con gran capacidad de almacenamiento además de electrodomésticos empotrados. Zona de día orientada a la calle amplio salón-comedor de 2650m2 iluminado por 3 grandes porticones con salida al balcón y cocina con acceso directo desde el comedor (completam... ,1,113,2,null,null,135,123,Eixample,null,null,null,639.000 ,4.733 €/m²,AMAT IMMOBILIARIS, Ref.: 27032 ,3,Segunda mano/buen estado,1,Piso en venta en Urb. Eixample esquerra L'Antiga Esquerra de l'Eixample,http://idealista.com/inmueble/88714837/
4,2006,  En medio del Putxet en una zona peatonal y recibiendo todo el sol de una vivienda orientada a sur encontramos este oasis dentro de la ciudad con una espectacular terraza de 132m2. Tres plantas de vivienda con una luminosidad realmente sorprendente. La distribución es la siguiente: En la planta principal encontramos un baño de cortesía la cocina abierta y un salón-comedor de 50m2 que da a una espectacular terraza-jardín con plantas y árboles. En la planta superior encontramos la habitación doble y la suite (tienen terracita que da al jardín) una tercera habitación individual y un baño completo. La planta inferior es una sala diáfana polivalente con un 3r baño completo.  Si lo que te gusta es la tranquilidad el bienestar y la comodidad tu barrio es Sarrià-Sant Gervasi. Considerado uno de los barrios con más glamour de Barcelona está... ,1,70,0,null,null,190,170,Sarrià-Sant Gervasi,null,null,null,890.000 ,4.684 €/m²,Amat Luxury, Ref.: 26692 ,3,Segunda mano/buen estado,null,Dúplex en venta en Urb. El Putxet i Farró El Putxet i el Farró,http://idealista.com/inmueble/86594155/
1,1998, SANTS; Precioso piso todo exterior en finca de obra seminueva del 1998 de 70m². Consta de 2 habitaciones exteriores una de ellas doble con armario empotrado y otra individual 1 baño completo con bañera salón-comedor exterior a la calle y cocina en concepto semiabierta al salón  totalmente equipada con electrodomésticos. Dispone de suelos de parquet ventanas de aluminio y puertas de madera. El piso tiene aire acondicionado y calefacción individual por conductos.  Finca con ascensor.  Excelente ubicación cerca de comercios supermercados mercado y junto a los transportes públicos. EXES le ofrece los servicios de asesoramiento y gestión para la obtención de la hipoteca.  ¡NO DUDE EN VISITARLO! ,1,210,1,Calefacción individual,null,70,null,Sants - Badal,null,null,null,259.000 ,3.700 €/m²,EXES, Ref.: 037-1111 ,2,Segunda mano/buen estado,null,Piso en venta en calle de Bonsoms,http://idealista.com/inmueble/91085877/
1,1967, JTO. PLÇA ORFILA: Piso de 65 mts consta de 3 habitaciones totalmente reformado segunda planta con ascensor totalmente amueblado y equipado suelos de parket calefacción a Gas Natural en toda la vivienda. Solicite la información detallada de las características del inmueble los impuestos honorarios y gastos de su operación estaremos encantados de atenderles. Los metrajes de cada inmueble son los obtenidos de registros oficiales siendo orientativos. ,1,0,2,Gas natural,null,61,58,Sant Andreu,null,null,null,185.000 ,3.033 €/m²,Habitat Quality, Ref.: 006928 ,3,Segunda mano/buen estado,null,Piso en venta en calle de la Residència,http://idealista.com/inmueble/91044086/
2,1968, Acogedor y agradable piso de 82 m2 ubicado en una de las mejores zonas de la Sagrada Familia. Cuenta con un gran recibidor cuatro habitaciones (tres de ellas dobles) salón comedor muy luminoso cocina independiente con acceso a patio interior baño y aseo.    Finca construida en el año 1968. También dispone de ascensor y servicio de portería.    El piso está situado en una zona muy valorada y emblemática a 5 minutos andando a la sagrada familia y con una excelente comunicación en transporte público. También consta de zonas verdes y ajardinadas en los alrededores proximidad a centro comercial todo tipo de comercios restaurantes colegios y servicios de primera necesidad.    Si busca algo para reformar este inmueble es una oportunidad única por su precio por las innumerables posibilidad de redistribución (abrir cocina al salón creando un único espacio crear una suite con vestidor y baño independiente etcétera. ) y por encontrarse ubicado en una zona inmejorable.    ¡No deje escapar esta oportunidad llame y concierte su visita! ,1,0,1,Gas natural,null,82,75,La Sagrada Família,null,null,null,295.000 ,3.598 €/m²,Properties Investment, Ref.: 1197 ,4,Segunda mano/para reformar,null,Piso en venta en calle de los Castillejos,http://idealista.com/inmueble/90896331/
1,1967, POSIBILIDAD DE TRAMITAR LA VENTA ONLINE  ¡LLÁMENOS Y LE INFORMAREMOS!    Amplia planta baja ubicada cerca del Parc del Guinardó. Está totalmente reformada además tiene CÉDULA DE HABITABILIDAD y entrada independiente.       El inmueble se distribuye aprovechando perfectamente todo su espacio. Dispone de un amplio salón-comedor EXTERIOR cocina abierta completamente EQUIPADA y ELÉCTRICA. Consta de 2 habitaciones (una de ellas doble) y tiene un VESTIDOR GRANDE y 1 baño completo.       Además como extras cuenta con: suelo de PARQUET carpintería de ALUMINIO AIRE ACONDICIONADO CALEFACCIÓN y ALARMA. Se reformó recientemente.      El inmueble es también una perfecta oportunidad de inversión ya que cuenta con una alta rentabilidad del 7% obteniendo un alquiler de 1.500€ al mes.      La finca es del año 1967. Los gastos de comunidad son de 400€/año.      La zona está rodeada de colegios zonas verdes centros de salud bancos supermercados y restaurantes. Se comunica con buses y Metro: Maragall (L5 y L4).      ¡GESTIONAMOS SU HIPOTECA! ¡Llámenos para concertar una visita! ,0,151,0,Calefacción individual,null,76,71,El Guinardó,null,null,null,213.000 ,2.803 €/m²,Properties Investment, Ref.: 1122 ,2,Segunda mano/buen estado,null,Piso en venta en calle de la Torre dels Pardals,http://idealista.com/inmueble/85719645/
1,null, PISO PARA ESTRENAR EN NOU BARRIS  Apartamento exterior para estrenar ubicado en el distrito de Nou Barris en el barrio de Porta.  Este barrio está dotado de amplias zonas verdes ideal para familias porque cuenta con todos los servicios: Comercios bibliotecas colegios restaurantes supermercados y parques.  Está rodeado por principales vías de acceso: La Av. Meridiana y la Ronda de Dalt.  Muy bien comunicado con líneas de metro y autobús.  Disponemos de un apartamento exterior para estrenar de 55 m2 con un balcón que da a la calle.  Consta de: Luminoso salón-comedor cocina office dos habitaciones una doble una individual un baño y ascensor.  La moderna reforma y la magnífica iluminación te permitirán vivir en un lugar cómodo pero sobre todo encantador.  Listo para entrar a vivir. ,1,0,1,null,null,55,null,Porta,null,null,null,200.000 ,3.636 €/m²,Letsgocasa, Ref.: LG00595 ,2,Segunda mano/buen estado,null,Piso en venta en calle del Doctor Pi i Molist,http://idealista.com/inmueble/91221590/
2,1985, En una de las zonas con más auge de Barcelona perfectamente comunicada con el centro de la ciudad y mucho cerca de las principales vías de salida hacia la costa y la montaña en una finca del año 1985 con ascensor nos encontramos con este amplio piso de aproximadamente 120 m² útiles. Su distribución es muy práctica y cómoda puesto que nos encontramos con un amplio y soleado salón comedor con salida a un bonito balcón destacando la orientación oeste con mucho de sol la cocina office perfectamente equipada cuenta con un amplio lavadero y es exterior a los jardines de Joana Tomàs. Dispone de 5 habitaciones dos de ellas son dobles y exteriores y las otras tres dan en un patio perteneciente al piso cuenta con dos baños completos con ducha. Perfecto para todo tipo de familias la vivienda se encuentra en el tradicional barrio de El Clot en un enclave excepcionalmente muy situado en la ciudad a escasos metros del parque del mercado y a pocos minutos andando de la Plaça de las Glòries. ,1,0,1,Gas natural,null,120,109,El Clot,null,null,null,385.000 ,3.208 €/m²,Dux Grupo Inmobiliario, Ref.: DUX0058 ,5,Segunda mano/buen estado,1,Piso en venta en GABRIEL Y GALAN,http://idealista.com/inmueble/90124920/
1,2019, Entre el barrio de Sants y Les Corts una de las mayores zonas residenciales de esta ciudad se encuentra el edificio JOAN DE SADA. Consta de 5 maravillosos estudios diseñados con distribuciones optimizadas que garantizan el máximo aprovechamiento del espacio en todas sus estancias. Dando lugar a amplios espacios iluminados de forma natural donde la comodidad y la elegancia forman un tandem perfectamente conjugado. Gracias al diseño del aventamiento adecuado permite brindar el máximo confort y calidad espacial. A pesar de que el edificio mantiene su esencia clásica los interiores se han rediseñado incorporando la más alta calidad en materia de confort perdurabilidad y estética. El barrio cuenta con numerosos parques donde recrearse y disfrutar del aire libre como los jardines de Josep Goday i Casals jardines de Bacardí sin mencionar los jardines de la maternitat con sus múltiples atractivos. Las comunicaciones son un valor añadido de esta zona considerada una de las mejor comunicada de Barcelona. Asimismo dispone de la líneas L5 de metro próximo al tram y además de numerosos buses que conectan con las distintas zonas de la ciudad desde el puerto aeropuerto centro zona universitaria etc. ,0,0,0,Gas natural,null,41,35,Sants - Badal,null,null,null,215.000 ,5.244 €/m²,Dux Grupo Inmobiliario, Ref.: DUX0035 B1 ,1,Segunda mano/buen estado,null,Piso en venta en calle de Juan de Sada,http://idealista.com/inmueble/88459399/
3,null, Ven a vivir al Poblenou. Dónde se mezclan el comercio de proximidad y la vida de barrio con las últimas tendencias el arte y la tecnología del 22@. Y además muy bien comunicado y a pocos minutos de la playa.  Contacte con nosotros para consultar la oferta completa de viviendas en esta promoción. ,1,0,2,null,Obra nueva,96,null,El Poblenou,null,null,null,498.000 ,5.188 €/m²,Dpto. Comercial ., Ref.: 2ºB-A ,3,Promoción de obra nueva,null,Piso en venta en paseo de Taulat 179,http://idealista.com/inmueble/85325622/
2,null, Vivienda de venta sobre plano en el centro de Barcelona ubicado en el distrito de Gràcia una zona con todo tipo de servicios con excelentes comunicaciones y cerca de zonas verdes.  Este inmueble se vende conjuntamente con garaje. ,null,0,null,null,Obra nueva,106,72,La Salut,1,null,null,536.500 ,5.061 €/m²,null, Ref.: 60492482 ,3,Promoción de obra nueva,1,Piso en venta en Travessera de Dalt 97,http://idealista.com/inmueble/87524225/
2,null, Al lado de la plaza Francesc MAsia esta este piso a reformar con una grasa comedor de 25 m2 y habitación principal de 14 m2 exterior a patio de manzanas la cocina como el baño están restaurados y hay un pequeño aseo el piso también tiene dos habitaciones interiores y un lavadero esta cerca de la diagonal y cerca de comercios y a 5 minutos de la Lila diagonal muy bien ubicado. ,1,0,7,null,null,100,90,L'Antiga Esquerra de l'Eixample,null,null,null,550.000 ,5.500 €/m²,Pedroochoa, Ref.: 45 ,3,Segunda mano/para reformar,null,Piso en venta en avenida de Josep Tarradellas,http://idealista.com/inmueble/91420031/
1,1967, ´PASSEIG JOSEP CARNER VILA- VILA PISO EN VENTA DE TRES HABITACIONES TOTALMENTE EXTERIOR.  Piso de tres habitaciones (una de ellas es doble) salón baño con plato de ducha y cocina con armarios a dos niveles. Vivienda en estado de Origen totalmente exterior a calle muy soleado y con muy buena distribución sin espacios perdidos ventanas de aluminio y aire acondicionado con bomba de frío y calor. Se pueden aparcar vehículos dentro del recinto de la finca Desde la vivienda tenemos vistas del Funicular y del puerto. ( El PVP indicado no incluye impuestos ni gastos de Escritura ). ,0,254,3,null,null,68,64,Sants-Montjuïc,null,null,null,162.000 ,2.382 €/m²,ESTUDI SOL DE MAYO S.L., Ref.: IV-5 ,3,Segunda mano/para reformar,null,Piso en venta en El Poble Sec - Parc de Montjuïc,http://idealista.com/inmueble/91369073/
1,1967, ´PASSEIG JOSEP CARNER VILA- VILA PISO EN VENTA DE TRES HABITACIONES TOTALMENTE EXTERIOR.  Piso de tres habitaciones (una de ellas es doble) salón baño con plato de ducha y cocina con armarios a dos niveles. Vivienda en excelente estado totalmente exterior a calle muy soleado y con muy buena distribución sin espacios perdidos Suelo de parquet ventanas de aluminio y bomba de frío y calor. Se pueden aparcar vehículos dentro del recinto de la finca Desde la vivienda tenemos vistas del Funicular y del puerto. ( El PVP indicado no incluye impuestos ni gastos de Escritura ). ´. ,0,267,2,null,null,68,64,Sants-Montjuïc,null,null,null,167.000 ,2.456 €/m²,ESTUDI SOL DE MAYO S.L., Ref.: IV-4 ,3,Segunda mano/buen estado,null,Piso en venta en El Poble Sec - Parc de Montjuïc,http://idealista.com/inmueble/91334994/
3,null, Vivienda de 215m2 en Tres Torres. 2º de altura. A reformar. Todo exterior. Amplio salón comedor con salida a terraza de 14 m2. Habitación principal tipo suite con vestidor. Otras tres habitaciones dobles que comparten un baño completo. Habitación de servicio con aseo con ducha. Cocina office y lavadero independiente. Posibilidad de plaza de garaje doble y trastero en el mismo edificio. Todo el garaje está rehabilitado con el pavimento nuevo. Entrada de servicio. Ascensor y montacargas. Finca con servicio de portería. Vestíbulo del edificio reformado. ,1,0,2,null,null,215,null,Sarrià-Sant Gervasi,1,null,null,930.000 ,4.326 €/m²,Gestin 3 - Viadomus, Ref.: 2544 ,5,Segunda mano/para reformar,1,Piso en venta en Les Tres Torres,http://idealista.com/inmueble/88902698/
1,1992, Vivienda duplex totalmente exterior con vistas panorámicas de Barcelona situada en la ultima planta en finca del año 92. Compuesta de salón comedor cocina independiente dos habitaciones dobles un cuarto de baño completo y lavadero. Dispone de pavimentos de parquet cerramientos de aluminio climalit puertas lacadas en blanco calefacción por acumulador de calor/convención y aire acondicionado por conductos. Ubicada en la Plaça Josep Pallach con una zona de juegos infantil y rodeada de vegetación hace de esta plaza un lugar idóneo para estar con la familia por su tranquilidad. Posibilidad de una plaza opcional de aparcamiento grande en el mismo edificio.    Vivienda amplia que destaca por el sol la luz y muy alegre por la altura y tranquilidad que desprende así como por sus excelentes vistas.    Muy bien comunicada por transporte publico (metro autobuses) y con accesos a la Ronda de Dalt.     Ademas esta rodeada de todos los servicios (guardería colegio universidad supermercados gimnasio etc. ) y muy próxima al CAP Sant Rafael y el Hospital Vall d'Hebron. ,1,0,8,Calefacción individual,null,80,75,Horta Guinardó,null,null,null,310.000 ,3.875 €/m²,Ibusa, Ref.: 190140 ,2,Segunda mano/buen estado,null,Piso en venta en La Vall d'Hebron - La Clota,http://idealista.com/inmueble/88470131/
3,1976, Espectacular atico junto paseo bonanova de 200m2 y 200m2 de terraza en finca con zona comunitaria y piscina. Tiene 3 plazas de aparcamiento en la misma finca. ,1,0,7,null,null,200,null,Sant Gervasi - La Bonanova,1,null,null,1.780.000 ,8.900 €/m²,MG Grupo Inmobiliario, Ref.: VA1431 ,2,Segunda mano/para reformar,1,Ático en venta en calle de Ganduxer,http://idealista.com/inmueble/88381000/
1,null,  La inmobiliaria la Casa Agency ofrece piso en una de la mejores zonas del Barrio de Maragall con una ubicación excelente muy cercano a varios servicios de transporte como las lineas de metro L2 Y L4 Maragall y diversas lineas de autobuses como por ejemplo e9 e10 201 302 y 320 además de disponer de supermercados y centros de ocio cercanos.  La vivienda se encuentra en buen estado y lista para entrar a vivir es un 2º real de altura e interior cuenta con 65m2 distribuidos de la siguiente manera 3 habitaciones una doble y dos individuales salón - comedor amplio con salida al balcón que da a patio interior cocina independiente y baño con plato de ducha. La finca NO dispone de ascensor.  ¿TE LO VAS A PERDER? Ven a visitarlo contáctanos y solicita tu visita.  Si deseas concertar una asesoría financiera de manera totalmente gratui... ,0,0,2,Calefacción individual,null,65,null,El Guinardó,null,null,null,179.000 ,2.754 €/m²,Punt Sagrada Familia, Ref.: ALEGARROTXAMAR ,2,Segunda mano/buen estado,null,Piso en venta en calle de la Garrotxa,http://idealista.com/inmueble/91398014/
1,1967, PASSEIG JOSEP CARNER VILA- VILA PISO EN VENTA DE TRES HABITACIONES TOTALMENTE EXTERIOR.  Piso de tres habitaciones (una de ellas es doble) salón baño con plato de ducha y cocina con armarios a dos niveles. Vivienda en excelente estado totalmente exterior a calle muy soleado y con muy buena distribución sin espacios perdidos Suelo de parquet ventanas de aluminio y bomba de frío y calor. Se pueden aparcar vehículos dentro del recinto de la finca Desde la vivienda tenemos vistas del Funicular y del puerto.  ¿TE LO VAS A PERDER? Ven a visitarlo contáctanos y solicita tu visita.  Si deseas concertar una asesoría financiera de manera totalmente gratuita no dudes en contactar con nosotros. También puedes informarnos de tus necesidades y nosotros buscamos tu piso.  Si estas interesado en conocer el valor tu inmueble podemos tasarlo de manera gratuita.  * Honorarios y gastos de compra venta no están incluidos en el precio.  ** LA CASA AGENCY Está preparada para cualquier escenario. Para su tranquilidad nuestras oficinas y equipos comerciales han tomado todas las medidas de seguridad para seguir ofreciendo el mejor servicio. ,0,0,2,Calefacción individual,null,68,null,El Poble Sec - Parc de Montjuïc,null,null,null,167.000 ,2.456 €/m²,Punt Sagrada Familia, Ref.: ALEJOSEPSDM ,3,Segunda mano/buen estado,null,Piso en venta en paseo Josep Carner,http://idealista.com/inmueble/91330939/
2,1973, Con la luz natural como protagonista se presenta este reformado inmueble de 90 m2 con terraza a nivel (5 m2).   Se encuentra ubicado en el corazón del Eixample de Barcelona ciudad rodeado de todos los servicios que puedas precisar en una finca con ascensor y goza de una agradables vistas despejadas.  Su interior con una funcional distribución nos da la bienvenida con la zona de día compuesta por un salón-comedor con salida a la terraza y una amplia cocina. Seguido la zona de noche se compone por tres habitaciones y dos baños completos. Cabe a destacar que una habitación es en suite (con baño privado) y otra está abierta al salón además antes de la reforma este inmueble disponía de cuatro habitaciones que serían fácilmente recuperables gracias a la ausencia de pilares y paredes maestras en el interior.  Vive cómodo y tranquilo en pleno centro de Barcelona a solo dos minutos a pie de la estación de tren de paseo de Gracia i a tres minutos del mercado de la Concepción. ,1,180,1,null,null,90,null,Eixample,null,null,null,499.000 ,5.544 €/m²,Silver Wolf, Ref.: 5676 ,3,Segunda mano/buen estado,1,Piso en venta en La Dreta de l'Eixample,http://idealista.com/inmueble/91393175/
1,1963, Magnífico piso reformado ubicado en La Pau. 78m2 construidos 60m2 útiles exterior 2ª de altura real Consta de 3 habitaciones (1 doble y 2 individuales) baño de 3 piezas con plato de ducha reformado a estrenar cocina office reformada a estrenar lavadero salón y carpintería de aluminio blanco recién colocado. La vivienda se encuentra cerca de todo tipo de comercios tiendas supermercados colegios polideportivos y zonas verdes.  Bien comunicado con las líneas de Metro: Besos(L4) La Pau (L2-L4) Cercano a TRAM Besós y las diferentes líneas de Bus (V29 - H10 - H12 - 60- 33 - B24 - B23 - B25). Fácil y buen acceso a rondas.  A 15 minutos de la playa y del Campus Universitario Forúm. A 10 minutos de los centros comerciales Diagonal Mar y Glorias.  No pierdas la oportunidad de conocerlo y ven a visitarlo. Contamos con nuestro propio Departamento Financiero y convenios con más de catorce entidades bancarias.  Llámanos sin compromiso!  **Impuestos gastos de notaría registro gestoría y honorarios de intermediación no incluidos en el precio**. . ,1,128,7,null,null,78,60,Sant Martí,null,null,null,149.000 ,1.910 €/m²,La casa agency, Ref.: elena149sm ,3,Segunda mano/buen estado,null,Piso en venta en La Verneda i la Pau,http://idealista.com/inmueble/91379479/
2,1930, Gran Via / Jto C/ Napoles Piso de 130 m2 aprox exterior a calle y posterior. Todo a reformar con muchas posibilidades. Actualmente distribuido con 5 dormitorios dos baños cocina office amplio salón comedor. Exterior a calle con dos balcones suelo de mosaico hidráulico. Finca antigua bien conservada con ascensor. Zona céntrica bien comunicada y tranquila. ,1,0,1,null,null,135,130,El Fort Pienc,null,null,null,490.000 ,3.630 €/m²,simurba, Ref.: 2931 ,5,Segunda mano/para reformar,null,Piso en venta en Gran Via de les Corts Catalanes,http://idealista.com/inmueble/87206857/
1,1939, ProntoPiso comercializa fantástico piso en el Eixample de Barcelona muy bien ubicado en el corazón de la ciudad condal.  Es un piso de 4 habitaciones dos de ellas dobles comedor y una de las habitaciones con salida a balcón.  Cerca de paradas de metro y autobuses.  PARA REFORMAR TOTALMENTE.  PERFECTO PARA PAREJAS JÓVENES. ,0,0,3,Calefacción individual,null,64,61,Sant Martí,null,null,null,199.000 ,3.109 €/m²,ProntoPiso, Ref.: E6F1535A-2 ,4,Segunda mano/para reformar,null,Piso en venta en El Parc i la Llacuna del Poblenou,http://idealista.com/inmueble/90971716/
1,null, Piso en Barcelona. Dispone de una superficie de 71 m² distribuidos en 3 habitaciones salón-comedor cocina amueblada lavadero independiente y 1 baño completo con plato de ducha. Situado en una finca con ascensor. Ubicado en una zona residencial del barrio de Horta. Cerca de comercios supermercados zonas verdes centros educativos el centro de salud y paradas de autobús. Fácil acceso por la carretera B-20 y la estación de metro Valldaura. ,null,0,null,null,null,71,null,Horta Guinardó,null,null,null,185.000 ,2.606 €/m²,HOLAPISOS, Ref.: VI-000-030-679-549 ,3,null,null,Piso en venta en Horta,http://idealista.com/inmueble/87092518/
1,null, OPORTUNIDAD EN MARAGALL!  La Casa Agency ofrece piso en una de la mejores zonas del Barrio de Maragall.  La vivienda se encuentra en buen estado y lista para entrar a vivir cuenta con 65m² distribuidos de la siguiente manera 3 habitaciones una doble y dos individuales salón - comedor amplio con salida al balcón que da a patio de manzana cocina independiente y baño con plato de ducha.   La finca NO cuenta con ascensor.  Cerca de varios servicios de transporte como las lineas de metro L2 Y L4 Maragall y diversas lineas de autobuses.  ¡Llama ya y planifica tu visita no dejes que se te anticipen! ¡VEN A VERLO SIN COMPROMISO!  Si desea concretar una visita o una cita de asesoramiento financiero de manera totalmente gratuita no dude en ponerse en contacto con nosotros.  Le esperamos en LA CASA AGENCY. La inmobiliaria que crece contigo.  *HONORARIOS NO INCLUIDOS EN EL PRECIO*. ,0,127,2,null,null,65,null,El Guinardó,null,null,null,179.000 ,2.754 €/m²,Aureli Sanchez, Ref.: GarrotxaSanti ,3,Segunda mano/buen estado,null,Piso en venta en calle de la Garrotxa,http://idealista.com/inmueble/91006448/