bathrooms,constructed_year,description,elevator,energetic_qualification_kWhm2_año,floor,heater_system,its_new,m2_build,m2_useful,neighbourhood,parking,price_down_euro,price_down_percentage,price_euro,price_m2,real_estate,ref,rooms,status,terrace,title,link
2,null, Precioso piso de 176m² en finca regia esquinera en venta en Mallorca /Girona. Amplio y elegante recibidor que distribuye la vivienda en dos zonas. Salón-comedor de 43m² con salida a tres balcones espacio polivalente ahora despacho dos dormitorios dobles con salida a balcón y baño completo con bañera. Cocina-office de 17m². con espacio para ocho comensales y electrodomésticos de alta gama. Lavadero independiente. Espaciosa suite con vestidor baño con ducha y galería. Vivienda de principios de siglo totalmente reformada manteniendo la estructura original: techos altos artesonados consta de una galería en la suite.  con mucha luz suelos de parquet de primera calidad calefacción por gas y aire acondicionado por conductos. Únicamente dos pisos por planta. Finca con servicio de conserjería. Excelente ubicación con todos los servicios y transportes alrededor. ,1,0,null,null,null,176,null,Eixample,null,null,null,980.000 ,5.568 €/m²,Monika Rüsch, Ref.: BCN11050V ,3,Segunda mano/buen estado,null,Piso en venta en La Dreta de l'Eixample,http://idealista.com/inmueble/90308877/
2,null, Piso de 153 m² + terrazas de 15 m² en venta en edificio de MICSA en Pedralbes. Salón-comedor con cocina abierta de 77 m² con salida a terrazas. Cocina equipada con electrodomésticos de alta gama instalación de descalcificador de agua. Despensa y lavadero independiente. Tres dormitorios uno en suite con baño con ducha y vestidor y dos dobles. Segundo baño con bañera. Totalmente reformado. Materiales de primera calidad. Suelos de parquet calefacción por gas y aire acondicionado por conductos. Dos plazas de parking en plaza doble. Finca con servicio conserjería y vigilancia 24 horas. Excelente ubicación Dr Ferran / Diagonal con todos los servicios alrededor. ,1,0,2,null,null,175,null,Les Corts,null,null,null,1.150.000 ,6.571 €/m²,Monika Rüsch, Ref.: BCN11046V ,3,Segunda mano/buen estado,1,Piso en venta en Pedralbes,http://idealista.com/inmueble/90258429/
2,1924, Casa situada en el barrio residencial de La Font d’en Fargues ubicado en Horta-Guinardó. Es una zona residencial con mucho encanto. Un oasis de tranquilidad como un pueblo dentro de la ciudad. En la zona hay colegios y los servicios necesarios para el día a día. A poca distancia tenemos transporte público tanto metro como autobús. Se trata de una casa aislada de dos plantas distribuidas en un salón comedor cocina independiente 5 habitaciones dobles 2 cuartos de baño y galería.     Dispone de pavimentos de gres cerramientos de madera y calefacción por radiadores. Un bonito balcón dos terrazas solárium y un amplio jardín. Todo un privilegio para todos los amantes de la naturaleza. Esta vivienda es toda exterior con mucha luz durante el día y con unas estancias muy grandes y cómodas. ,null,285,null,Gas natural,null,161,null,Horta Guinardó,1,null,null,490.000 ,3.043 €/m²,Ibusa, Ref.: 190093 ,5,Segunda mano/buen estado,1,Finca rústica en venta en La Font d'En Fargues,http://idealista.com/inmueble/87479549/
2,1910, PRINCIPAL EN FINCA REGIA (L'ANTIGA ESQUERRA DE L'EIXAMPLE)    VILLARROEL / AVDA. ROMA    Situado en L’Antiga Esquerra de L'Eixample en finca regia vivienda de 85 m² de magníficos techos altos de 345m. El inmueble consta de 3 dormitorios (2 doble y 1 individual) 1 baño 1 aseo cocina independiente de 11 m² con lavadero. Calefacción. Ubicación muy buena en una de las zonas más céntricas de Barcelona cerca de transporte público comercios. ,1,161,null,Calefacción individual,null,85,80,L'Antiga Esquerra de l'Eixample,null,299.000 € ,11,265.000 ,3.118 €/m²,ventas cafur, Ref.: V200109 ,3,Segunda mano/para reformar,null,Piso en venta en calle de Villarroel,http://idealista.com/inmueble/88242532/
1,1980, Prontopiso pone a la venta un bonito piso en la avenida Paral·lel compuesto por un señor comedor con balcón 3 habitaciones 1 doble con balcón incorporado y 2 de ellas individuales. A su vez dispone de una cocina con un trastero sustancial y un baño con bañera.  Características: Finca señorial con ascensor acabados de primera calidad. 72m2 bien distribuidos (buena ubicación en cuanto a transporte público se refiere). Zona revalorizable a largo plazo. ,1,0,2,null,null,72,66,El Poble Sec - Parc de Montjuïc,null,null,null,264.000 ,3.667 €/m²,Prontopiso Barcelona, Ref.: 29DE19D9 ,3,Segunda mano/buen estado,null,Piso en venta en avenida del Paral·lel,http://idealista.com/inmueble/91626998/
1,2004,  Este encantador loft aprovecha de manera perfecta el espacio en sus 86 m2 de superficie distribuidos de manera bastante diáfana. Está ubicado en El Born muy cerca de la Via Laietana y del Port Vell en una zona muy dinámica de Barcelona.  El salón se encuentra en la entrada de la propiedad con espacio suficiente para la zona de sofás y la mesa de comedor. A la derecha se encuentra el acceso a la cocina equipada con electrodomésticos y a la suite con armario empotrado y baño integrado que tiene ducha.   No hay separación con puertas y todo el loft es exterior por lo que recibe luz natural en todas las estancias gracias a 4 ventanales 2 de ellos con salida al balcón. El inmueble en buen estado y listo para entrar a vivir dispone de suelo de parquet natural carpintería de madera con cristales Climalit y calefacción y aire acondi... ,1,0,4,Calefacción individual,null,86,null,Ciutat Vella,null,420.000 € ,5,399.000 ,4.640 €/m²,Bcn Advisors, Ref.: BCN06273 ,1,Segunda mano/buen estado,null,Piso en venta en Sant Pere - Santa Caterina i la Ribera,http://idealista.com/inmueble/87899575/
3,2016,  Un flechazo para este piso totalmente reformado de la máxima calidad para disfrutar del centro de la ciudad. Muy bien conectado decorado con gusto acertado dispone de unos acabados de gran calidad:    Desde suelos de madera de doble capa a un sistema de alarma de vídeo portero GIRA con desvío de llamada por skype aire acondicionado con unidades VRV para salón y habitaciones cocina integrada de diseño Boffi incluyendo electrodomésticos de la marca Miele. Horno integrado extractor y vitrocerámica con control táctil frigorífico/congelador integrado y lavavajillas.     Con acceso directamente desde el ascensor dispone de un recibidor 2 habitaciones dobles dos baños y un aseo. Desde el salón comedor donde también se sitúa la cocina integrada (se cierra o se abre en un instante) tenemos una vista despejada directa al parque de la ... ,0,0,3,Calefacción individual,null,130,110,Eixample,null,null,null,1.020.000 ,7.846 €/m²,Coldwell Banker Avenir Real Estate, Ref.: BA07148P ,2,Segunda mano/buen estado,null,Piso en venta en L'Antiga Esquerra de l'Eixample,http://idealista.com/inmueble/88844256/
2,1974, Fantástico piso alto y luminoso en la Nova Esquerra de L'Eixample situado en una de las zonas mas céntricas de Barcelona en la calle Viladomat con Avda Roma.  En una bonita y cuidada finca del año 1974.  Se trata de una quinta planta con dos ascensores y servicio de portería.  Un amplio y acogedor salón con grandes ventanales iluminan el salón y se respira una gran tranquilidad.  Dispone de tres habitaciones y dos baños completos.  La habitación principal es exterior y orientada a un gran y tranquilo patio de manzana.   Sus otras dos habitaciones son individuales y muy funcionales.  La cocina es amplia y tiene salida a galería.  En esta zona encontrarás todo tipo de comercios como el Mercat del Ninot y uno de los hospitales de referencia a nivel Nacional el Hospital Clínic.  Muy bien comunicado muy cerquita de la Estación de Sants lineas de metro Hospital clínic Urgell y lineas de autobuses que comunican con toda la ciudad.    También dispone de una plaza de parking opcional en la misma finca.  Este puede ser tu hogar ven a verlo! ,1,211,5,Gas natural,null,87,74,La Nova Esquerra de l'Eixample,1,380.000 € ,4,365.000 ,4.195 €/m²,Dux Grupo Inmobiliario, Ref.: DUX0045 ,3,Segunda mano/buen estado,null,Piso en venta en calle Viladomat,http://idealista.com/inmueble/88800157/
3,null, Precioso dúplex situado en una de las zonas más verdes y tranquilas de la ciudad de Barcelona. Este inmueble se encuentra en la zona alta de la ciudad delante del parque de los jardines del Turó del Putxet y a pocos minutos de la parada de ferrocarriles del Putxet y de la parada de metro Lesseps. Aunque tiene muy buena conexión y hay tiendas y restaurantes a su alrededor la zona es muy tranquila y relajada.   Este deslumbrante piso de casi 200m2 destaca por la majestuosidad de su mobiliario de madera y la excelente distribución de las habitaciones así como la calidad del material de los muebles. Cuenta con una suite con vestidor y dos habitaciones dobles. En la primera planta hay el salón-comedor la cocina el aseo el recibidor y un espacio abierto que puede funcionar como oficina. En el segundo piso están las habitaciones y los dos baños completos.   El inmueble ha sido recientemente reformado y se encuentra en una 2ª planta exterior de un edificio que cuenta además con conserje. Los suelos así como la mayoría de mobiliario son de madera de alta calidad. Tiene calefacción de gas y aire acondicionado por conductos. Además tiene ascensor y 2 plazas de párking opcionales por 20.000€ cada una. ,1,0,2,null,null,197,null,Sarrià-Sant Gervasi,1,null,null,800.000 ,4.061 €/m²,Bcn Advisors, Ref.: BCN04915 ,3,Segunda mano/buen estado,null,Dúplex en venta en El Putxet i el Farró,http://idealista.com/inmueble/38881514/
1,1940,  PISO CON LICENCIA TURÍSTICA!  Piso situado en el Barrio de Sagrada Familia muy cercano a todo tipo de comercios hospital de Sant Pau colegios CC Les Glories. Muy bien comunicado con la línea 5 (Azul) y línea 2 (Morada) parada de Sagrada Familia y con diversas líneas de autobuses.  Estupendo piso de con licencia turística con una alta rentabilidad.  El inmueble situado en la calle Industria cerca de la sagrada familia es un piso exterior totalmente reformado situado en una sexta planta de altura real con ascensor del año 1940 muy luminoso y orientación Este.  Tiene 62m² distribuidos en dos habitaciones dobles un baño grande con bañera salón comedor con salida a un balcón que llega hasta la habitación principal y cocina independiente con vitrocerámica horno campana y lavavajillas.  El piso tiene suelo de parquet ventana de al... ,1,205,7,Gas natural,null,62,null,El Camp d'En Grassot i Gràcia Nova,null,null,null,350.000 ,5.645 €/m²,"LA CASA AGENCY PUNTO SANT JOSÉ HOSPITALET, S.L.", Ref.: I-SF350 ,2,Segunda mano/buen estado,null,Piso en venta en calle de la Indústria,http://idealista.com/inmueble/91650032/
4,1950,  Se trata de una de las zonas más céntricas de la ciudad considerada por muchos el corazón de Barcelona con una gran colección de edificios modernistas. Una zona muy cotizada a escasos metros de la conocida calle Enrique Granados y Avda. Diagonal se encuentra este ático dúplex con una concepción del espacio y sus terrazas de ensueño para disfrutar de las cenas en verano del desayuno de un domingo soleado en invierno.  La vivienda ocupa una superficie de 156 m2 distribuidos en dos plantas y otros 75 m2 distribuidos en varias terrazas.  En la planta principal nos encontramos con 3 dormitorios dobles tipo suite con cuarto de baño una amplio distribuidor con un closet y acceso directo a una amplia y agradable terraza de 20 m2.  En la primera planta se alberga la cocina y un amplio salón comedor con otro cuarto de baño. Ambas estanci... ,1,272,8,Calefacción individual,null,230,null,L'Antiga Esquerra de l'Eixample,null,null,null,1.300.000 ,5.652 €/m²,aincasa aicat 2677, Ref.: 4294 ,3,Segunda mano/buen estado,1,Ático en venta en calle de París,http://idealista.com/inmueble/91620077/
2,1976, Se trata de una vivienda ubicada en una finca de obra vista del año 1976. Consta de amplio salón comedor de 26 m2; 4 habitaciones de las cuales una es tipo suitte dos dobles y una individual todas disponen de armarios empotrados; dos baños completos con bañera; cocina office amplia y un cálido recibidor también con armario empotrado. Distribución con zona de noche y zona de día destacando por sus amplios espacios armarios empotrados en todas las habitaciones y en recibidor y pasillo calefacción ventanas de aluminio.. .  Véalo¡. ,1,0,3,Gas natural,null,101,95,Eixample,null,null,null,309.000 ,3.059 €/m²,Ibusa, Ref.: 190119 ,4,null,null,Piso en venta en La Sagrada Família,http://idealista.com/inmueble/87976750/
1,1968,  GEINBAR VENDE.- Fantástico piso completamente reformado situado en edificio del año 1968 en El Putxet.  El inmueble consta de 54m2 útiles distribuidos en salón-comedor con cocina americana habitación doble y baño completo con plato ducha.  Finca con ascensor.  Dispone de Cédula de habitabilidad.    Características básicas:    •60m² construidos 54m² útiles  •1 habitación doble  •1 baño  •Luminoso salón comedor  •Cocina Americana equipada  •Aire acondicionado  •Calefacción  •Finca con ascensor  •Segunda mano/Reformado  •Construido en 1968    Si al caminar por la parte alta de Barcelona de repente nos encontramos con fuertes pendientes que bajan de una colina no hay duda: hemos llegado al barrio del Putxet i el Farró. Tanto el nombre como la geografía evidencian las dos personalidades de este barrio: por encima de la ronda del Mig el... ,1,0,1,Eléctrica,null,60,54,El Putxet i el Farró,null,285.000 € ,9,260.000 ,4.333 €/m²,Geinbar, Ref.: GV558 ,1,Segunda mano/buen estado,null,Piso en venta en avenida de la República Argentina,http://idealista.com/inmueble/88655845/
2,null, En una de las avenidas más cotizadas de la ciudad encontramos este excelente ático en un edificio de lujo reformado en 2011 con piscina en la azotea y gimnasio con sauna y vestidores. Es una oportunidad increíble para vivir a pocos pasos del centro de Barcelona en un entorno con todas las comodidades posibles: los mejores comercios y oficinas de la ciudad transporte público y toda clase de servicios.  El salón-comedor es muy amplio y luminoso y ofrece un gran espacio de almacenamiento. Tiene acceso directo a una terraza perfecta para disfrutar de reuniones y comidas al aire libre. Con orientación suroeste ofrece unas buenas vistas desde la 6ª planta sobre el barrio Gótico de Barcelona entre las que destacan las torres de la Catedral. La cocina es independiente está equipada con electrodomésticos y también tiene acceso a la terraza.  La zona de noche se distribuye en 1 habitación suite con cuarto de baño 1 habitación mediana y 1 cuarto de baño independiente. La vivienda dispone de aire acondicionado y calefacción por conductos y suelos de parquet sintético. El edificio dispone de ascensor y conserje.  En definitiva es una propiedad exclusiva y única por sus características en un entorno tan privilegiado. ,1,0,6,Gas natural,null,108,null,Ciutat Vella,null,null,null,699.000 ,6.472 €/m²,Bcn Advisors, Ref.: BCN06388 ,2,Segunda mano/buen estado,1,Ático en venta en El Gòtic,http://idealista.com/inmueble/89952695/
2,1968,  Piso a estrenar en Sant Gervasi Galvany zona Mandri  Exclusivo piso de diseño reformado íntegramente con materiales de alta calidad y ubicado en la privilegiada zona de Mandri.  Se trata de una segunda planta real orientada al suroeste (Tarragona). Muy luminosa y con una distribución óptima para la convivencia familiar. Dispone de un amplio salon comedor con grandes ventanales cocina alemana totalmente equipada con electrodomésticos Smeg campana de Pando con armarios de sistema push y elegante puerta corredera de cristal. La zona de noche se compone por 4 habitaciones dos de ellas en suite una individual y una acomodada actualmente como despacho y cuenta con dos baños completos con ducha.   Los acabados son de la mejor calidad el suelo es de parquet está climatizado con bomba de frío - calor las ventanas son de doble cristal ... ,1,0,2,Calefacción individual,null,105,null,Sarrià-Sant Gervasi,1,null,null,630.000 ,6.000 €/m²,Lunallar ., Ref.: 0978 ,4,Segunda mano/buen estado,null,Piso en venta en Sant Gervasi - Galvany,http://idealista.com/inmueble/89875831/
2,null,  Espectacular loft de diseño ubicado en una tranquila calle justo en el punto de convergencia del Eixample Derecho y la zona del Born en una antigua fábrica textil reconvertida en exclusivos lofts con acceso peatonal de uso privado.  Sus 300m2 interiores distribuidos en L con espacios abiertos y semi-abiertos lo convierten en una propiedad ideal para vivir. Goza de una preciosa zona de salón-chillout con chimenea y pequeño columpio zona de comedor y cocina; así como otra zona de salón con pequeño espacio de estudio.   También dispone de dos inmensas habitaciones en suite (con posibilidad de hacer 3) cada una con grandes armarios y con su propio baño uno de ellos muy amplio con zona de descanso y bañera de obra vista.  Tiene unos preciosos techos altos con estructura original conservada (bóveda catalana y vigas de hierro) que le ... ,1,0,4,null,null,300,null,Eixample,null,null,null,2.500.000 ,8.333 €/m²,Bcn Advisors, Ref.: BCN01717 ,3,Segunda mano/buen estado,null,Piso en venta en La Dreta de l'Eixample,http://idealista.com/inmueble/29714252/
2,2000,  En venta precioso y confortable piso junto a plaza Cerdà en excelente estado como nuevo.   Piso sexto de altura en finca moderna situada en una de las zonas de mayor crecimiento y proyección de Barcelona.  Consta de 93m2 construidos y se compone de espacioso salón-comedor soleado y con salida a balcón con magnificas vistas 3 dormitorios (dos dobles y todas exteriores) 2 baños completos cocina tipo office que te permite poder comer en ella distribuidor con armarios empotrados y recibidor.  Se encuentra en perfecto estado. Como se puede apreciar en las fotos es un piso muy luminoso con luz natural en todas las habitaciones.  Se ofrecen dos plazas de garaje en la misma finca y con acceso desde el ascensor por un precio de 15.000€ cada una de ellas.  Localizado en una inmejorable zona junto a la Ciudad Judicial muy cerca del centro... ,1,0,6,Gas natural,null,93,null,La Marina del Port,null,null,null,299.000 ,3.215 €/m²,Fincas Gp, Ref.: S-29127C ,3,Segunda mano/buen estado,null,Piso en venta en calle del Radi,http://idealista.com/inmueble/91641943/
1,null, GEINBAR presenta este precioso piso totalmente reformado con un gusto exquisito.     Cuenta con mucha luz natural y destaca por su amplitud haciendo la vivienda muy confortable y agradable para vivir.     Se compone de un amplio salón con cocina americana integrada y con salida directa a balcón una habitación doble con vestidor también con salida al mismo balcón baño con plato de ducha y ventana PVC oscilobatiente. Dispone de un cuarto trastero en la vivienda. Techos con bóveda catalana suelo de parquet calefacción y aire acondicionado por conductos.     Muy bien comunicado servicios comercios transportes públicos metro y autobuses. ,0,0,2,Gas natural,null,57,51,El Poble Sec - Parc de Montjuïc,null,null,null,268.000 ,4.702 €/m²,Geinbar, Ref.: GV596 ,1,null,null,Piso en venta en calle del Poeta Cabanyes,http://idealista.com/inmueble/91496928/
2,1979, Dux Grupo Inmobiliario presenta este acogedor piso en venta de 104m² y terraza de 5m2 situado en la séptima planta de una finca con ascensor en La Nova Esquerra de l´Eixample.  El piso destaca por su luz natural y sin ruido. Dispone de un amplio y luminoso salón comedor con salida directa a la terraza 2 habitaciones dobles y 2 habitaciones individuales 2 baños completos con ducha y cocina totalmente equipada. Con todos los servicios para garantizar el confort aire acondicionado calefacción individual a gas. suelos de parquet y carpintería exterior de aluminio.   Ubicado en una zona residencial con excelentes comunicaciones con transporte público y todos los servicios a su alrededor. Silenciosa tranquila y cerca del Mercadona Mercat del Ninot y Hospital Clinic. ,1,0,7,Gas natural,null,109,97,La Nova Esquerra de l'Eixample,null,null,null,475.000 ,4.358 €/m²,Dux Grupo Inmobiliario, Ref.: DUX0054 ,4,Segunda mano/buen estado,1,Piso en venta en calle de Mallorca,http://idealista.com/inmueble/89813262/
2,1966, Prontopiso pone a la venta un increíble piso ubicado en la izquierda del Ensanche (considerado el mejor barrio del mundo por la revista Time). Dicho inmueble está compuesto por un salón de 50m2 seguidamente encontramos un gran balcón que da al típico patio interior de manzana del Ensanche. Dispone a su vez de 3 habitaciones dobles una de ellas una suite (con baño incorporado) un gran baño independiente una cocina de grandes dimensiones seguida de una galería.  Características: Finca con Portero con dos ascensores materiales de primera calidad.  Inmueble señorial luminoso con acabados de primera calidad. Total: 130m2 Séptima planta. ,1,0,7,null,null,130,null,Eixample,1,null,null,650.000 ,5.000 €/m²,Prontopiso Barcelona, Ref.: 4D31CB6C ,3,Segunda mano/buen estado,null,Piso en venta en La Nova Esquerra de l'Eixample,http://idealista.com/inmueble/91626854/
2,2002, VIVIENDA CON PARKING Y TRASTERO.  Fantástica finca de obra seminueva en plena Eixample Dreta en la exclusiva zona de Fort Pienc rodeada de todo tipo de servicios y comercios y a tan sólo unos minutos de la playa.    La vivienda tiene una superficie de 97m2 situada en la tercera planta de una finca con ascensor consta de salón-comedor con unas maravillosas vistas aun precioso parque (cierra por la noche) cocina office cuatro habitaciones (dos de ellas dobles) dos baños completos y balcón. Dispone de suelos de parquet ventanas de aluminio tipo climalit y climatización por conductos de aire.    Destacar su inmejorable orientación y tranquilidad de la zona.     EL PRECIO INCLUYE PLAZA DE PARKING PARA COCHE GRANDE Y TRASTERO. ,1,0,2,null,null,97,null,Eixample,1,null,null,495.000 ,5.103 €/m²,Ibusa, Ref.: 200100 ,4,Segunda mano/buen estado,1,Piso en venta en El Fort Pienc,http://idealista.com/inmueble/89315243/
1,1972,  GEINBAR VENDE.- VIVIENDA EN LA VILA DE GRÀCIA CALLE VERDI    Características básicas    •78m² construidos 71m² útiles  •1 habitación doble  •2 habitaciones individuales  •1 baño  •Luminoso salón comedor de 20m²  •Segunda mano/A reformar  •Construido en 1972  •Calefacción   •Finca con ascensor    La Vila de Gràcia es uno de los barrios con más carisma de la ciudad de Barcelona. Conserva aún sus calles pequeñas y estrechas de núcleo rural articuladas en torno a los torrentes que atravesaban la zona y sus habitantes proclaman orgullosos su pertenencia a Gràcia y el espíritu gracienc que cada verano se reaviva en las fiestas más populares de Barcelona. La Vila de Gràcia es un placer para pasear y para mirar. Las tiendas más creativas se reparten por todas sus calles y la cultura de la terraza se establece en todas las plazas de la anti... ,1,188,0,null,null,78,71,La Salut,null,null,null,255.000 ,3.269 €/m²,Geinbar, Ref.: GV511 ,3,Segunda mano/para reformar,null,Piso en venta en calle de Verdi,http://idealista.com/inmueble/88554210/
2,1978, Vivienda con terraza y posibilidad de parking al lado de Rambla de Catalunya Con una ubicación inmejorable en pleno Quadrat D´Or de Barcelona al lado de Rambla de Cataluña y de l’Avinguda Diagonal rodeado de todos los servicios y comercios más exclusivos de la ciudad encontramos esta funcional vivienda de unos 100m2 + 10m2 de terraza con posibilidad de parking en la misma finca (no incluido en el precio).  Accedemos a la vivienda por un amplio recibidor que da paso a una primera habitación doble con aseo de cortesía hasta ahora utilizada como despacho profesional. A continuación nos encontramos con una gran cocina office con zona de aguas independiente y a continuación un magnífico salón comedor con acceso directo a una agradable terraza orientada a la calle.  La zona de noche consta de otros 2 dormitorios dobles uno de ellos orientado a la calle y un gran baño completo.  La finca dispone de servicio de conserjería de lunes a sábado. ,0,242,1,null,null,110,92,La Dreta de l'Eixample,1,null,null,550.000 ,5.000 €/m²,aProperties Real Estate Barcelona, Ref.: VB2010026-1 ,4,Segunda mano/para reformar,1,Piso en venta en calle de Còrsega,http://idealista.com/inmueble/91612889/
2,1930, Piso de tres habitaciones en l’Eixample Esquerra Ubicada en una bonita finca Regia de 1930 encontramos esta vivienda completamente reformada de hace tres años.  El piso tiene una excelente distribución ya que consta de tres habitaciones: dos dobles y una individual grande; dos baños completos (uno de ellos en suite) y una pequeña zona de aguas. Todas las habitaciones disponen de armarios empotrados.  Gran salón comedor con cocina abierta con todos los electrodomésticos de alta gama integrados en &nbsp;isla que hace que la estancia sea muy acogedora. Esta parte de la casa tiene una mucha luz ya que da a un amplio y tranquilo patio de manzana con vistas despejadas.  La vivienda está en una excelente ubicación a 5 minutos de la Avda. Diagonal y a dos calles de la prestigiosa calle Enrique Granados. Rodeada de comercios y restaurantes de moda en la ciudad Condal.  Además dispone de un trastero en el terrado comunitario. ,1,267,3,Gas natural,null,110,null,L'Antiga Esquerra de l'Eixample,null,null,null,695.000 ,6.318 €/m²,aProperties Real Estate Barcelona, Ref.: VB2010024-1 ,3,Segunda mano/buen estado,null,Piso en venta en calle de Muntaner,http://idealista.com/inmueble/91612886/
1,2004, Fantástico piso de obra seminueva con terraza y plaza de parking En l’Esquerra Alta de l’Eixample tocando a l’Avinguda &nbsp;Sarrià y rodeado de servicios y comercios encontramos&nbsp; este maravilloso piso en una finca de Obra Seminueva del 2004.  La vivienda de aproximadamente 65m2 está orientada a Tarragona con lo que goza de muchísima luz y sol. Tiene dos dormitorios con armarios empotrados de los cuales uno es exterior&nbsp; con salida a una terraza de unos 8m2 un baño que es muy completo&nbsp; y una cocina independiente equipada con todos los electrodomésticos.  Desde el salón comedor también se accede a la terraza muy soleada.  La vivienda se encuentra en magnífico estado de conservación y los suelos de parque y las carpinterías de madera han sido cambiados recientemente. Además goza de persianas y estores eléctricos.  Incluye una plaza de parking para coche grande y motos en la misma finca. ,1,153,1,Eléctrica,null,72,null,La Nova Esquerra de l'Eixample,1,null,null,425.000 ,5.903 €/m²,aProperties Real Estate Barcelona, Ref.: VB2010020-3 ,2,Segunda mano/buen estado,1,Piso en venta en calle del Comte Borrell,http://idealista.com/inmueble/91612872/
4,null, Piso en venta cerca de Turó Park En una de las zonas más solicitada y exclusiva&nbsp; del Turó Park a unos minutos andando del parque con prestigiosos comercios buenas comunicaciones y&nbsp; cerca de reconocidos colegios encontramos esta excelente propiedad a reformar en una elegante&nbsp; finca a cuatro vientos &nbsp;&nbsp; todas las estancias de la vivienda&nbsp; son amplias exteriores muy luminosas y soleadas por su orientación con una distribución lógica y racional. Se accede al piso a través de un amplio recibidor que comunica con un salón comedor en dos ambientes con salida a una terraza que da la vuelta a casi todo el piso con algunos rincones muy aprovechables un despacho biblioteca también &nbsp;con salida a la terraza que podría convertirse en una suite aseo de cortesía&nbsp; y una cocina&nbsp; amplia con zona de aguas y&nbsp; una habitación con baño de servicio. La zona de noche compuesta por tres&nbsp; habitaciones una de ellas en suite con baño y las otras dos comparten un baño la propiedad también dispone de dos plazas de garaje en la misma finca y servicio de conserjería &nbsp;24 horas. ,1,100,3,Gas natural,null,298,null,Sant Gervasi - Galvany,1,null,null,1.750.000 ,5.872 €/m²,aProperties Real Estate Barcelona, Ref.: VB1902010-5 ,5,Segunda mano/buen estado,1,Piso en venta en via Augusta,http://idealista.com/inmueble/91612870/
3,1966, Piso exterior reformado en venta en Tres Torres En una de las mejores ubicaciones del barrio de Tres Torres rodeado de tiendas y muy cerca de los colegios de la zona alta de Barcelona nos encontramos este fantástico piso de aproximadamente 155m totalmente reformado con suelo de parque calefacción de gas y Split y carpintería nueva.  El piso se distribuye en un recibidor que da acceso a un gran salón comedor. Dispone de cocina office independiente con zona de aguas.  La zona de noche consta tres dormitorios todos exteriores y muy luminosos con armarios empotrados el dormitorio principal en suite&nbsp;con vestidor y baño con bañera los otros dos dormitorios dobles con armarios empotrados uno de ellos en suite con baño con ducha y un aseo de cortesía. &nbsp;  Es un piso que por su situación y metraje se convierte en una muy buena vivienda. La finca cuenta con servicio de conserjería. ,1,151,4,null,null,152,null,Les Tres Torres,null,null,null,795.000 ,5.230 €/m²,aProperties Real Estate Barcelona, Ref.: VB2010012-1 ,3,Segunda mano/buen estado,null,Piso en venta en calle de les Tres Torres,http://idealista.com/inmueble/91612617/
1,1900, Ático con licencia turística entre Passeig de Gràcia y Rambla de Catalunya En una ubicación excepcional entre Passeig de Gràcia y Rambla de Catalunya en una bonita finca regia encontramos este maravilloso ático de unos 60m² con fantásticas terrazas de unos 200m² que lo rodean dando la sensación de absoluta intimidad. &nbsp;  Accedemos a la vivienda por un pequeño recibidor que da paso a una agradable zona de cocina abierta y salón comedor así como a un bonito dormitorio en suit con amplios armarios.  La zona de día tiene salida directa por el salón a una maravillosa terraza con orientación sur -este y bonitas vistas al patio de manzana que da paso a una segunda terraza que rodea la vivienda y que se comunica también con la terraza a la que se accede desde la cocina que a su vez comunica con otra terraza en un nivel superior. &nbsp;  La vivienda completamente amueblada y equipada con materiales y gusto excepcional dispone además de licencia turística con ocupación cercana al 100%. &nbsp;. ,1,138,6,Eléctrica,null,126,null,La Dreta de l'Eixample,null,null,null,850.000 ,6.746 €/m²,aProperties Real Estate Barcelona, Ref.: VB1806005-5 ,1,Segunda mano/buen estado,1,Ático en venta en calle de Mallorca,http://idealista.com/inmueble/91585639/
3,1975, Piso a estrenar con plaza de parking en l’Eixample Dret Luminoso piso de 136m2 más 19m2 de terraza totalmente reformado con acabados de alta calidad listo para entrar a vivir. Situado en el corazón de l’Eixample Dret a un paso de Passeig Sant Joan en una planta alta de una finca esquinera del 1975.  El piso consta de cocina abierta de 25m2 con gran&nbsp; isla con barra totalmente equipada con electrodomésticos de alta gama amplio salón con chimenea de gas y salida directa a la terraza &nbsp; tres dormitorios dobles de los cuales son exteriores también con salida directa a la terraza y otro ventilado a patio dos baños completos y un aseo. Además hay otra habitación individual que puede convertirse también en habitación de plancha o despacho.  El suelo es de porcelanitos con imitación de cemento en las zonas comunes y de parque de madera natural en las zonas de dormitorios.  Climatización por aerotermia suelo radiante frio y calor.  La vivienda dispone de una &nbsp;plaza de parking opcional en la misma finca y de acceso directo desde del ascensor. La finca dispone de servicio de conserjería. ,1,181,6,Gas natural,null,145,null,La Dreta de l'Eixample,null,780.000 € ,3,760.000 ,5.241 €/m²,aProperties Real Estate Barcelona, Ref.: VB1912035-5 ,4,Segunda mano/buen estado,1,Piso en venta en calle de Bailèn,http://idealista.com/inmueble/91250021/
2,1900,  Piso con terraza a estrenar en Rambla Catalunya Increíble piso principal con terraza ubicado en plena Rambla Catalunya en un edificio modernista de principios del siglo XX totalmente rehabilitado. Tiene una superficie construida de 155m2 aprox&nbsp;más una bonita terraza de 110m2.  &nbsp;La finca tiene orientación Sur-Oeste y Nor-Este siendo la primera orientación la que da a la calle con dos balcones con vistas a Rambla Catalunya &nbsp;y la segunda al patio de manzana donde se encuentra una amplia terraza que puede convertirse en un espacio al aire libre muy disfrutable &nbsp;todos los días del año.  La vivienda ha sido reformada &nbsp;por completo utilizando materiales de diseño y de altísima calidad conservando al mismo tiempo &nbsp;elementos originales como &nbsp;techos altos artesonados o con volta catalana.  La vivienda consta... ,1,291,null,Gas natural,null,210,null,La Dreta de l'Eixample,null,1.750.000 € ,3,1.690.000 ,8.048 €/m²,aProperties Real Estate Barcelona, Ref.: VB1808011-4 ,4,Segunda mano/para reformar,1,Piso en venta en rambla de Catalunya,http://idealista.com/inmueble/91052204/