bathrooms,constructed_year,description,elevator,energetic_qualification_kWhm2_año,floor,heater_system,its_new,m2_build,m2_useful,neighbourhood,parking,price_down_euro,price_down_percentage,price_euro,price_m2,real_estate,ref,rooms,status,terrace,title,link
3,1957, Fantástico piso en venta reformado situado en una 6ª planta real de una finca del año 1957 con ascensor junto al Parc de les Aigües y l’Hospital de Sant Pau.  La vivienda de 127m² según catastro cuenta con 5 habitaciones tres de ellas dobles dos medianas y una con baño en la suite. Amplio y luminoso salón comedor de 30m² cocina tipo office y 3 baños completos todos con plato de ducha. Vivienda equipada con aire acondicionado y calefacción por radiadores en todo el piso.  Buena ubicación cerca de la parada de metro de Alfons X L4 Sant Pau dos de Maig L5 y líneas de autobús. Buena comunicación con el centro de Barcelona y rodeado de todo tipo de comercios servicios ocio y restauración. A dos calles del Hospital de Sant Pau y del Parc del Guinardó.  FORCADELL le ofrece asesoramiento y le ayuda en las gestiones para la obtención de la hipoteca.  FINCAS FORCADELL SLU AICAT 163 Pl. Universitat 3 Baixos. Barcelona. ,1,122,null,null,null,127,null,El Baix Guinardó,null,null,null,469.000 ,3.693 €/m²,Emma Perales, Ref.: V35354 ,5,null,null,Piso en venta en calle de Padilla,http://idealista.com/inmueble/90336774/
2,1940, En un precioso edificio clásico de 1940 encontramos esta vivienda ubicada en un primer piso con ascensor. Se compone de una entrada que da a un salón de 28 m². Cocina amueblada abierta a esta habitación muy luminosa y a la altura de los árboles. Vistas a una bonita iglesia.  El pasillo conduce a los 3 dormitorios. El primer dormitorio es interior e individual. El baño tiene una gran ducha. Los otros dos dormitorios corresponden a uno individual y otro doble en suite con armarios empotrados. Ambos se abren a una pequeña zona exterior de 6 m² que proporciona iluminación. Un espacio cerrado sirve como cuarto de lavado.  Precioso piso familiar en una zona muy solicitada de Barcelona cerca de tiendas y restaurantes. Terraza comunitaria. ,null,131,null,Bomba de frío/calor,null,84,null,Eixample,null,495.000 € ,10,445.500 ,5.304 €/m²,BARNES, Ref.: AKE0389 ,3,Segunda mano/buen estado,null,Piso en venta en La Dreta de l'Eixample,http://idealista.com/inmueble/89715296/
2,1935, Piso en venta en inmejorable situación de Barcelona en Plaza Universidad. Consta de 116 m² según Catastro y se encuentra dentro de una finca regia con ascensor.  Se trata de una vivienda actualizada alta y con mucha luminosidad al ser exterior a calle completamente. Está distribuida en gran salón-comedor rodeado de varios balcones cocina tipo office 1 habitación tipo suite con balcón 1 habitación doble y 1 habitación individual exterior a balcón. 2 baños completos. Cuenta con suelos de parquet calefacción y aire acondicionado por conductos.   El piso está situado en el entrañable barrio de Sant Antoni y rodeado de todo tipo de servicios así como comercios bares y bodegas con mucha historia. Está en la Plaza Universidad a 5 minutos de la Plaza Catalunya y del Paseo de Gracia y a 10 minutos de Plaza España. FORCADELL le ofrece asesoramiento y le ayuda en las gestiones para la obtención de la hipoteca.  FINCAS FORCADELL SLU. AICAT 163 Pl. Universitat 3 bajos Barcelona. ,1,16,4,null,null,116,107,El Raval,null,null,null,780.000 ,6.724 €/m²,Forcadell Eixample, Ref.: V32730 ,3,Segunda mano/buen estado,null,Piso en venta en plaza de la Universitat,http://idealista.com/inmueble/89192594/
2,null, Muy cerca de Turó Park y de Cinesa Diagonal encontramos este amplio piso con dos zonas claramente diferenciadas.  Accedemos a la vivienda a través de un amplio y agradable hall que da paso a un salón en dos piezas con salida a una terraza de unos 15 metros. A continuación encontramos la cocina y el lavadero ambos exteriores. La zona de noche consta de dos amplias habitaciones una de ellas en suite con vestidor. El piso destaca por su luminosidad y amplitud de espacios.  Se incluyen dos plazas de parking en el precio. ,1,0,1,Gas natural,null,211,null,Sarrià-Sant Gervasi,null,null,null,1.300.000 ,6.161 €/m²,Max Ricart, Ref.: 616 ,3,Segunda mano/buen estado,1,Piso en venta en Sant Gervasi - Galvany,http://idealista.com/inmueble/91496439/
2,null, Piso ubicado en inmejorable zona a escasos minutos de la paradas de Metro entenza y hospital clinic (L5) y urgell (L1) de varias líneas de autobús para poder comunicarte con el Centro de la Ciudad Condal sin ningún tipo de inconveniente. Próximo a colegios e institutos zonas ajardinadas centros de salud comercios.  Esta fantástica vivienda de 95m² útiles se encuentra ubicada en una 2ª planta real en finca que dispone de ascensor. Su distribución se compone de un salón comedor con salida a balcón 4 habitaciones (2 dobles siendo 1 de ellas exterior y 2 medianas) cocina independiente de origen con salida a amplio lavadero y 1 baño completo con plato de ducha y 1 aseo.  Si desea un servicio de asesoramiento financiero de manera totalmente gratuita y sin compromiso. No dude en ponerse en contacto con nosotros estaremos encantados de ayudarle. ,1,110,2,Gas natural,null,100,95,La Nova Esquerra de l'Eixample,null,null,null,350.000 ,3.500 €/m²,Aureli Sanchez, Ref.: MallBadSanti ,4,Segunda mano/buen estado,null,Piso en venta en calle Mallorca,http://idealista.com/inmueble/91330957/
1,null, Piso excepcional totalmente reformado en finca clásica totalmente rehabilitada con ascensor.   Séptimo real doble orientación exterior muy luminoso de 85 m2 muy bien distribuidos.   Anteriormente la vivienda disponía de 4 habitaciones todas con ventana exterior y la distribución actual es la siguiente:   Gran salón con cocina americana (totalmente equipada con electrodomésticos) con acceso directo al balcón y a un grande ventanal 1 habitación doble con dos grandes ventanas 1 despacho independiente también con ventana exterior 1 baño completo con plato de ducha y una amplia galería.  Destacar que el inmueble dispone de aire acondicionado con bomba de calor y calefacción por radiadores parquet y fantástica carpintería tanto en ventanas (con doble cristal) como en puertas.  Situado en la calle Muntaner con Diputación cerca de todo tipo de transporte público tanto metro como autobús muy bien comunicado y con todos los comercios y servicios necesarios alrededor.  Ven a verlo sin compromiso! ,1,289,7,null,null,85,null,L'Antiga Esquerra de l'Eixample,null,null,null,395.000 ,4.647 €/m²,AGENCIA INMOBILIARIA MRA, Ref.: MUNTANER ,2,Segunda mano/buen estado,null,Piso en venta en calle de Muntaner,http://idealista.com/inmueble/91159256/
2,null,  Espectacular Loft completamente rehabilitado en un edificio industrial situado en Poblenou uno de los barrios de moda de Barcelona.   El loft cuenta con un moderno diseño combinado con detalles de la antigua estructura y carácter industrial de edificio. Ha sido reformado con materiales de primera calidad y cuidando todos los detalles. El loft consta de 132m2 está formado por una gran habitación suite que cuenta con baño y vestidor. La zona de día tiene 70m2 que recibe una luz natural y una vista despejada a través los grandes ventanales. La cocina cuenta con una gran isla central y ha sido equipada con electrodomésticos integrados de alta gama. Adicionalmente encontramos un segundo baño completo y otra habitación la cuál se puede acondicionar como despacho o habitación (NO cuenta con Cédula de Habitabilidad).   Ubicado en el tranqui... ,1,0,5,Calefacción individual,null,132,125,La Vila Olímpica del Poblenou,null,null,null,500.000 ,3.788 €/m²,FIRST HOUSE RESTILING, Anuncio: 91138665 ,2,Segunda mano/buen estado,null,Piso en venta en Zamora,http://idealista.com/inmueble/91138665/
2,1963, Antiga Esquerra de l’Eixample – Francesc Macià  Ubicado en una de las zonas más exclusivas y selectas de Barcelona a tan sólo doscientos metros de Turó Park y con vistas directas a la Av. Diagonal y a la plaza Francesc Macià localizamos este elegante piso totalmente reformado situado en una finca rehabilitada en el 2013 con ascensor y conserje.   La propiedad presenta un gran salón comedor exterior cocina equipada con electrodomésticos de alta gama dos habitaciones entre ellas una suite con vestidor integrado y dos baños completos en su totalidad.  Incorpora un potente equipo de audio sistemas de regularización digital de luz climatización y programación domótica de alta tecnología.  Una vivienda elegante y con categoría que te proporcionará la máxima calidad de vida.   Creamos espacios de vida…  * El precio de la oferta puede ser modificado o darse de baja sin previo aviso. Todos los datos expuestos son meramente orientativos. El precio no incluye impuestos ni gastos. Se debe añadir a la compra en viviendas de segunda mano el ITP en viviendas de Obra Nueva el IVA y AJD y en ambos casos los honorarios de notaria y registro. ,1,0,1,null,null,80,74,Eixample,null,null,null,740.000 ,9.250 €/m²,Lunallar ., Ref.: 0749 ,2,Segunda mano/buen estado,null,Piso en venta en L'Antiga Esquerra de l'Eixample,http://idealista.com/inmueble/88409686/
6,2000, Exclusiva casa de 3 plantas de principios del s. XX ubicada en la zona de Av Tibidabo con parcela de más de 2000 m2 y excelente orientación a Tarragona lo que le permite disfrutar del sol durante todo el día. Cada planta cuenta con cocina y salón y la vivienda disfruta de amplias terrazas de 50 m2 con espectaculares vistas sobre Barcelona. Además también consta de plantas de parking y sótano respectivamente trastero y lavadero independiente estando distribuidas de la siguiente manera: Planta baja (148 m2): 4 habitaciones 2 baños salón-comedor-cocina salida a porche y a terrazaPlanta 1 (148 m2): 4 habitaciones 2 baños salón-comedor-cocinaPlanta ático (90 m2): 3 habitaciones 1 baño salón-comedor-cocina y salida a terraza. Sótano (69 m2): 1 habitación baño salón-comedor-cocinaParking: 110 m2 con espacio para 4 coches. Debido a las dimensiones del terreno podría construirse una casa adicional sobre el mismo. ,null,0,null,null,null,491,null,Sarrià-Sant Gervasi,null,null,null,3.500.000 ,7.128 €/m²,Bcn Advisors, Ref.: BCN03443 ,13,Segunda mano/buen estado,1,Casa o chalet independiente en venta en Sant Gervasi - La Bonanova,http://idealista.com/inmueble/29795398/
1,1967, ¡GRAN OPORTUNIDAD! Precioso piso totalmente reformado de hace 3 años todas las estancias son exteriores a calle mucha luz y ventilación natural. Consta de 4 domitorios (2 dobles y 2 individuales) amplio salón-comedor con salida a un gran balcón cocina Office baño completo. Cerramiento de aluminio suelos de parquet y Aire acondicionado con bomba frio/calor. Ubicado en una zona que está en auge por el gran desarrollo urbanístico que lo rodea. A 10 minutos de la próxima estación del Ave de Sagrera. Fácil acceso a Rondas. Metro L2 y L4 (La Pau). Línea de autobuses: H10 33 B24 V31 136 H12 60 N8 y Bicing. A 10 minutos de los C. C. Diagonal Mar y Glorias. A 15 minutos de la playa y del Campus Universitario. **Impuestos gastos de gestoría notaria registro y honorarios de intermediación financiera no incluidos en el precio**. . ,1,187,5,null,null,91,80,Sant Martí,null,null,null,195.000 ,2.143 €/m²,La casa agency, Ref.: elena195sm ,4,Segunda mano/buen estado,null,Piso en venta en La Verneda i la Pau,http://idealista.com/inmueble/91489136/
1,2009, Se vende magnifica vivienda en finca de obra seminueva del promotor METRO-3 en carrer Corsega entre las calles Marina y Sardenya. La vivienda consta de 78m2 construidos dividos en tres dormitorios salón-comedor un baño completo cocina independiente balcón exterior. Acabados de primera calidad.  Actualmente se encuentra ocupado en negociaciones. Inmueble perfecto como primera vivienda o en rentabilidad.  Para más información no duden en contactar. ,1,0,4,Eléctrica,null,78,null,La Sagrada Família,null,null,null,375.000 ,4.808 €/m²,ProntoPiso, Ref.: 11D0D88C ,3,Segunda mano/buen estado,1,Piso en venta en calle de Còrsega,http://idealista.com/inmueble/91397977/
2,1956, Ático de 136 m2 con terraza en zona de Sant Gervasi a reformar íntegramente. Propiedad de gran potencial por su magnífica ubicación luminosidad y distribución.     Al entrar a la vivienda encontramos un hall de entrada que divide la zona de día y de noche En la zona día encontramos una sala de estar amplia de unos 35 m2 con salida a balcón 1 habitación despacho y sala de lectura. Seguidamente cocina office junto a lavadero.    En la zona de noche encontramos 3 habitaciones dobles (una de ellas con acceso a terraza de unos 24m2 con vistas despejadas y privacidad) y 2 baños completos.    Finca regia y elegante del año 1956 en una zona bien comunicada con multitud de comercios y servicios (clínicas colegios supermercados) y ocio en general. ,1,0,5,null,null,136,121,Sarrià-Sant Gervasi,null,null,null,690.000 ,5.074 €/m²,Helvetic Real Estate, Ref.: HELV0232I ,4,Segunda mano/para reformar,1,Ático en venta en Sant Gervasi - Galvany,http://idealista.com/inmueble/87683009/
2,1962, Excelente piso esquinero de 205m2 construidos con bonita de terraza de 24m2 con vistas al mar y montaña en zona Mercat Galvany.   El piso tiene muy buena distribución diferenciado la zona de día y de noche. En la zona de día encontramos una sala de estar con chimenea de unos 40m2 orientada a sur con acceso a una preciosa terraza con vistas despejadas. A continuación encontramos la amplia cocina office con un gran lavadero. En la zona de noche hay 4 habitaciones -todas exteriores con mucha luz y con vistas despejadas y 2 baños completos.     Finca elegante del año 1962 que dispone de. conserje. La zona goza de todo tipo de servicios como supermercados parques colegios y estación de Ferrocarril a 2 minutos de la propiedad. ,1,0,5,Gas natural,null,205,167,Sarrià-Sant Gervasi,null,null,null,1.380.000 ,6.732 €/m²,Helvetic Real Estate, Ref.: HELV0217I ,4,Segunda mano/buen estado,1,Piso en venta en Sant Gervasi - Galvany,http://idealista.com/inmueble/86451326/
2,1930, Les presentamos este estupendo piso en la Antiga Esquerra de l´Eixample  La vivienda cuenta con un total de 128m2 construidos distribuidos en 3 habitaciones con posibilidad de agregar una cuarta. La habitación principal tiene balcon propio dispone de 1 baño completo en suite de gran tamaño con bañera de hidromasaje y ducha.  El piso cuenta con un baño más en total 2. Amplio y luminoso salón comedor. Cocina independiente en buen tamaño con isla central y conectada con el lavadero.  Tiene buena luz natural tanto delante ( calle Muntaner ) com detrás en el interior de la manzana Es una una finca tranquila con solo dos puertas por planta sin pisoso turisticos y ubicada en el corazón de Barcelona  Colegio Sant Miquel a 20m gimnasio con piscina semiolimpica CAP en la esquina una amplio parque muy cerca ( en la entrada a la universidad de Medicina del Hospital clinico) Mercat del Ninot a 100m. ,1,0,2,null,null,128,120,L'Antiga Esquerra de l'Eixample,null,null,null,520.000 ,4.062 €/m²,ProntoPiso, Ref.: BE1DF33D-0 ,5,Segunda mano/buen estado,null,Piso en venta en calle de Muntaner,http://idealista.com/inmueble/90783683/
1,1956, Prontopiso pone a la venta un excelente piso completamente reformado todo exterior y muy soleado. Se encuentra ubicado en el barrio de Sant Martí de Provençals. Transporte púbilco ( a 15 minutos del centro de la ciudad). Próximo a futura estación del AVE. Se trata de un tercero con ascensor compuesto por un amplio salón comedor una gran cocina (con instalación de osmosis) baño completo con plato de ducha y columna hidromasaje y 2 habitaciones dobles (anteriormente 3). La vivienda está equipada con calefacción en todas sus estancias aire acondicionado y parquet. También dispone de una CTA (Central de tratamiento del aire) recién colocada y en garantía. Toda la carpintería exterior es de aluminio climalit ( doble acristalamiento). Puerta exterior blindada Servicios cercanos: ambulatorio farmacia colegios e institutos). ,1,0,3,null,null,74,null,Sant Martí de Provençals,1,null,null,210.000 ,2.838 €/m²,ProntoPiso, Ref.: 7D03DBD9-0 ,3,Segunda mano/buen estado,null,Piso en venta en calle de Provençals,http://idealista.com/inmueble/91087927/
1,1936,  CARACTERÍSTICAS: Ático de 54m2 ubicado en la Vila de Gràcia con una terraza pequeña. El piso cuenta con 2 habitaciones dobles de gran tamaño y con ventanas 1 baño completo y equipado y por otra parte encontramos un amplio salón-comedor con salida a la pequeña terraza y abierta a la cocina estilo americana totalmente equipada. El ático recién reformado y a estrenar. La ubicación es ideal muy céntrico con todo lo que puedas necesitar cerca y muy bien comunicado por metro. L3: FONTANA L4: JOANIC a 9 minutos a pie ambos además de las innumerables líneas de autobús que hay en la zona.  FICHA TÉCNICA: Altura piso 2º piso superficie total 54 m² superficie útil 48 m² habitaciones dobles: 2 1 baño aire acondicionado (frío y calor) antigüedad más de 50 carpintería exterior (aluminio) comedor estado conservación: a estrenar nº de p... ,0,156,2,null,null,58,52,Vila de Gràcia,null,null,null,288.000 ,4.966 €/m²,ALL 4 FLAT, Ref.: 001268 ,2,Segunda mano/buen estado,1,Ático en venta en calle de Vilafranca,http://idealista.com/inmueble/91019745/
1,1850,  CARACTERÍSTICAS: Ático totalmente reformado a estrenar con acabados y materiales de alta calidad de 65m2 (61m2 útiles) en venta en El Barri Gòtic con 2 habitaciones (1 doble y 1 individual) y 1 baño completo con plato de ducha. Cuenta también con un amplio salón-comedor con aire acondicionado abierto a una cocina de estilo americano con carpintería hecha a medida y completamente equipado con electrodomésticos.  Además de la reforma realizada destacan algunos elementos de la obra original que este piso conserva como los techos con vigas de madera que hacen de este lugar un espacio especial y con mucho encanto.   El piso se encuentra en la quinta planta de una finca regia con ascensor y a pesar de ser un piso interior es muy luminoso debido a que en todas las habitaciones encontramos ventanales que permiten la entrada de luz natural.   ... ,1,146,5,null,null,65,61,El Gòtic,null,null,null,330.000 ,5.077 €/m²,ALL 4 FLAT, Ref.: 001216 ,2,null,null,Ático en venta en calle de Jaume I,http://idealista.com/inmueble/90775847/
2,1980, Piso situado en el Barrio de Sagrada Familia muy cercano a todo tipo de comercios hospital de Sant Pau colegios CC Les Glorias. Muy bien comunicado con la línea 5 (Azul) y línea 2 (Morada) parada de Sagrada Familia y con diversas líneas de autobuses.  La vivienda consta de 93 m² distribuidos en 3 habitaciones una doble y dos individuales un salón comedor muy luminoso con salida al balcón dos baños completos y una cocina en muy buen estado con galería. Piso para entrara a vivir  La finca es del 1980 con ascensor siendo un piso con una altura real de una sexta planta real.  Si deseas asesoramiento financiero disponemos de un departamento hipotecario. Si desea vender su vivienda le ofrecemos una valoración profesional y gratuita.  ¿Te lo vas a perder?  **Honorarios registro gestoría y notaría no incluidos en el precio. **. ,1,131,6,null,null,93,null,El Camp d'En Grassot i Gràcia Nova,null,null,null,389.000 ,4.183 €/m²,La casa agency, Ref.: aureli389industria ,3,Segunda mano/buen estado,null,Piso en venta en calle Industria,http://idealista.com/inmueble/91533521/
1,1967, PASSEIG JOSEP CARNER VILA- VILA PISO EN VENTA DE TRES HABITACIONES TOTALMENTE EXTERIOR.  Piso de tres habitaciones (una de ellas es doble) salón baño con plato de ducha y cocina con armarios a dos niveles.  Vivienda en excelente estado totalmente exterior a calle muy soleado y con muy buena distribución sin espacios perdidos Suelo de parquet ventanas de aluminio y bomba de frío y calor.  Se pueden aparcar vehículos dentro del recinto de la finca Desde la vivienda tenemos vistas del Funicular y del puerto.  *El PVP indicado no incluye impuestos ni gastos de Escritura*. ,0,267,2,Bomba de frío/calor,null,68,null,El Poble Sec - Parc de Montjuïc,null,null,null,167.000 ,2.456 €/m²,Fabiola Sampol, Ref.: Sol de Mayo ,3,Segunda mano/buen estado,null,Piso en venta en paseo Josep Carner,http://idealista.com/inmueble/91460200/
1,1980, Piso en VENTA o ALQUILER sobre Gran vía Corts Catalanes junto a calle Fluvia.  Se trata de un piso de tres dormitorios (dos dobles) y uno individual cocina amplia con galería lavadero independiente y patio de uso privado amplio salón exterior con equipo de A/A y baño completo.  Dispone de aire acondicionado en el salón y calefacción por radiadores en todas las estancias.  En el caso de alquiler se solicita solvencia económica:  - Contrato de trabajo indefinido - Últimas tres nóminas  No se admiten mascotas.  Para más información no deje de comunicarse con nosotros. ,1,0,null,Gas natural,null,75,null,Sant Martí de Provençals,null,null,null,209.000 ,2.787 €/m²,Agencia IMMOBARCELO, Ref.: 2602 ,3,Segunda mano/buen estado,null,Piso en venta en Gran Via de les Corts Catalanes,http://idealista.com/inmueble/91321670/
2,2017, Construcción del año 2017 la vivienda tiene un amplio salón con cocina integrada y salida a balcón orientado a la calle.  Dispone de 2 habitaciones; 1 de ellas tipo suite con agradable terracita y 1 individual. 2º baño completo y zona de lavadero. Sistema de aerotermia con aire acondicionado y suelo radiante. Dispone de 1 plaza de parking incluida en el precio. ,1,25,1,null,null,87,null,Sarrià-Sant Gervasi,1,null,null,600.000 ,6.897 €/m²,AMAT IMMOBILIARIS, Ref.: 27358 ,2,Segunda mano/buen estado,null,Piso en venta en Urb. El Putxet i Farró El Putxet i el Farró,http://idealista.com/inmueble/88912214/
1,null, Inmueble en Barcelona idóneo para parejas. El inmueble cuenta con una superficie de 67 m² distribuidos en 2 habitaciones salón-comedor cocina además de 1 aseo. En sus alrededores encontramos la Escola Bressol Municipal El Torrent supermercados bancos bibliotecas farmacias centros deportivos y la estación de metro Roquetes. A 20 minutos a pie encontramos oficinas de correos paradas de autobús y la estación de tren St. Andreu Comtal. El inmueble está situado a 29 minutos en coche del centro de Barcelona. Con fácil acceso a Ronda de Dalt. ,null,0,null,null,null,67,40,Nou Barris,null,null,null,70.500 ,1.052 €/m²,HOLAPISOS, Ref.: OI-000-030-679-599 ,2,null,1,Piso en venta en Les Roquetes,http://idealista.com/inmueble/84777941/
2,null, Estupendo oportunidad a 100 metros de las playas del Poblenou en calle Lope de Vega junto a Taulat.   Se trata de un bonito piso alto y luminoso con balcón distribuido en amplio salón comedor 3 dormitorios uno en suite cocina equipada con galería lavadero independiente y 2 baños.  Se encuentra en finca totalmente rehabilitada con 2 ascensores y video-portero.  Llámenos para más información y/o coordinar una visita. ,1,0,6,null,null,70,null,El Poblenou,null,null,null,321.500 ,4.593 €/m²,Agencia IMMOBARCELO, Ref.: 2622 ,3,Segunda mano/buen estado,null,Piso en venta en calle de Lope de Vega,http://idealista.com/inmueble/91575091/
1,1977, FANTÁSTICA VIVIENDA CON VISTAS AL MAR Y MONTAÑA.     Vivienda reformada totalmente exterior a calle y vistas despejadas.  Situada en la octava planta de una finca con ascensor. Se distribuye en un gran salón comedor cocina independiente tres habitaciones ( dos dobles una individual) baño y balcón con vistas.  Dispone de suelo de parquet cerramientos de aluminio-climalit calefacción por radiadores y aire acondicionado.    A 5 min de la playa y al lado del Centro Comercial Diagonal Mar. Cerca de colegios y todos los servicios. Excelentes comunicaciones con el transporte público y Ronda Litoral. ,1,0,7,Calefacción individual,null,94,87,Sant Martí,null,null,null,369.000 ,3.926 €/m²,Ibusa, Ref.: 200124 ,3,Segunda mano/buen estado,1,Piso en venta en El Besòs,http://idealista.com/inmueble/91500041/
3,1974, Exclusivo piso en venta situado en el presitgioso barrio de Pedralbes con jardín y piscina comunitaria.     Este piso en un estado impecable y situado en una 4ª planta consta de 341m2 construidos y de 212m2 de vivienda 4 habitaciones dobles y 1 individual.    Distribuido en un luminoso salón comedor en dos ambientes con salida a una agradable terraza y orientación sur.   Amplia cocina totalmente equipada y con acceso a habitación de servicio.     La zona de noche se compone de 4 habtiaciones tres de ellas dobles y una con salida a un pequeño balcón. Dispone también de una gran habitación en suite con un baño completo. Una de las habitaciones actualmente utilizada como amplio despacho.     Finca con servicio de conserjería dos plazas de parking y piscina con zona ajardinada comunitaria. ,1,94,4,null,null,212,null,Les Corts,1,null,null,1.595.000 ,7.524 €/m²,Premium Houses, Ref.: P-013610 ,5,Segunda mano/buen estado,1,Piso en venta en Pedralbes,http://idealista.com/inmueble/88317044/
6,1971,  Casa a cuatro vientos situada en plena naturaleza y a tan sólo 5 minutos andando del centro de Sarriá.    En la planta de acceso se ubica un aseo de cortesía cocina office con ventanas al exterior y conexión con el comedor en un lateral de la casa.     Subiendo un original tramo de escaleras cómodas y amplias accedemos al salón de grandes dimensiones con salida directa al jardín. Este espacio tiene un acogedor ambiente de conexión con toda la casa que permite la apertura y la visual de todos los miembros de la familia en las diferentes plantas.    Desde el salón también se puede acceder al comedor por el lateral que conecta estos dos espacios.    En la segunda planta gran espacio despacho-zona de estudio con techos altos que una vez más ofrece una sensación de apertura pero de calidez una biblioteca que aprovecha la altura y una ... ,null,257,null,Gas natural,null,516,470,Sarrià-Sant Gervasi,1,null,null,3.950.000 ,7.655 €/m²,Withfor Ethical Real Estate, Ref.: BCN875 ,6,Segunda mano/buen estado,null,Casa o chalet independiente en venta en Sarrià,http://idealista.com/inmueble/91114239/
1,1965, Precioso piso reformado en Camp de l’Arpa del Clot 65m² en finca de obra vista. El piso se encuentra en una primera planta. Es exterior tranquilo luminoso con ascensor con balcón con parquet carpintería de aluminio y radiadores. Piso para entrar a vivir. Excelente ubicación. El piso está compuesto de recibidor salón tres habitaciones (una doble exterior y las otras dos de buen tamaño donde caben armarios y camas. Cocina equipada con salida al lavadero y un lavabo de cuatro piezas. Dispone de un agradable balcón exterior con orientación Mar (este). El salón tiene acceso directo al balcón. Estupenda zona cerca de transporte público centros educativos y supermercados.  “Disponemos de departamento financiero que ofrece asesoramiento de hipotecas totalmente gratuito. Y si desea vender su vivienda le ofrecemos una valoración profesional y gratuita. ´ Si usted desea ver un piso con nosotros no se preocupe ya que contamos con todo lo necesario para brindarles una máxima seguridad y confianza. En el precio del inmueble no se incluye los gastos de notaría registro impuestos y los honorarios que se le puedan girar al comprador. ,1,0,1,Gas natural,null,65,60,Sant Martí,null,null,null,230.000 ,3.538 €/m²,Dolça Llar Clot, Ref.: CLOT25 ,3,Segunda mano/buen estado,null,Piso en venta en Urb. Camp de l'Arpa del Clot El Camp de l'Arpa del Clot,http://idealista.com/inmueble/91075348/
1,null, Piso en el Clot en calle semi-peatonal de 58m². Cuarto real en calle muy tranquila. Finca en localización inmejorable cerca de varias líneas de transporte público (metro autobuses y tren) “L1-L2 y rodalies Clot”. Tres habitaciones de las cuales una es doble y dos son individuales salón cocina galería baño completo y balcón francés. Gas natural. Sin ascensor. Muy buena orientación este-sur. Excelente oportunidad. Terrado comunitario en buen estado. “Disponemos de departamento financiero que ofrece asesoramiento de hipotecas totalmente gratuito. Y si desea vender su vivienda le ofrecemos una valoración profesional y gratuita.   Si usted desea ver un piso con nosotros no se preocupe ya que contamos con todo lo necesario para brindarles una máxima seguridad y confianza.  En el precio del inmueble no se incluye los gastos de notaría registro impuestos y los honorarios que se le puedan girar al comprador. ,0,0,4,null,null,58,52,Sant Martí,null,null,null,180.000 ,3.103 €/m²,Dolça Llar Clot, Ref.: CLOT23 ,3,Segunda mano/buen estado,null,Piso en venta en Urb. Clot - Camp de l'Arpa del Clot El Camp de l'Arpa del Clot,http://idealista.com/inmueble/91021481/
1,null, Piso en Poblenou junto Palo Alto 90m2 construidos 80m2 útiles amplio salón 3 habs   dobles aire AA con bomba calor terraza comunitaria a 5 minutos de la playa   Bien comunicado metro bus junto a la escuela privada Grevol   Alto soleado exterior orientación Tarragona. ,1,0,3,Gas natural,null,90,82,Diagonal Mar i el Front Marítim del Poblenou,null,null,null,317.000 ,3.522 €/m²,nati mareque, Ref.: mr110 ,3,Segunda mano/buen estado,null,Piso en venta en fluvia,http://idealista.com/inmueble/90762758/
1,1900,  CARACTERÍSTICAS: Piso de 24m2 estilo loft a reformar en Hostafrancs con una amplia terraza con vistas a la ciudad. La vivienda es una gran oportunidad de inversión ya que dispone de todo lo necesario para ser reformada. Se ubica en zona inmejorable cerca de todos los servicios comercios y establecimientos. Cerca del metro de Hostafrancs (L1) Plaza Espanya (L5 L1) a 3 minutos y 6 minutos a pie respectivamente.   FICHA TÉCNICA: Altura piso 5º piso superficie total 24 m² superficie útil 20 m² habitaciones dobles: 1 1 baño antigüedad más de 50 carpintería exterior (aluminio) cocina comedor estado conservación: a reformar suelos: parquet.  El ascensor está aprobado pagado por la comunidad y instalado en 2020.  UBICACIÓN: Hostafrancs es uno de los barrios que conforman el distrito de Sants-Montjuic de Barcelona (España). El ... ,1,0,5,null,null,30,24,Hostafrancs,null,null,null,170.000 ,5.667 €/m²,ALL 4 FLAT, Ref.: 001154 ,1,Segunda mano/para reformar,1,Ático en venta en calle d'Hostafrancs de Sió,http://idealista.com/inmueble/90534735/