bathrooms,constructed_year,description,elevator,energetic_qualification_kWhm2_año,floor,heater_system,its_new,m2_build,m2_useful,neighbourhood,parking,price_down_euro,price_down_percentage,price_euro,price_m2,real_estate,ref,rooms,status,terrace,title,link
2,1910, Fabuloso piso en venta de 191m² situado en la calle Balmes. Dispone de salón comedor con chimenea cocina independiente 6 habitaciones (5 dobles 1 de ellas en altillo con baño) 1 baño completos 1 aseo 1 galería y un pequeño patio.  Cuenta con suelos hidráulicos y techos altos de 45m conservados de época aire acondicionado calefacción a gas y carpintería exterior de madera. Muy luminoso. Existe la posibilidad de comprar una plaza de parking para dos motos junto a plaza Letamendi. Ubicado en un edificio modernista cerca de la Gran Vía de les Corts Catalanes una zona comercial con todo tipo de servicios y muy bien comunicada con transporte público. ,1,184,null,Gas natural,null,191,null,La Dreta de l'Eixample,1,null,null,950.000 ,4.974 €/m²,ALTING Grupo Inmobiliario, Ref.: 019278 ,6,Segunda mano/buen estado,null,Piso en venta en calle de Balmes,http://idealista.com/inmueble/91116185/
2,1890, En pleno corazón del Borne encontramos esta maravillosa pieza de 105m2 + 7m2 de balcones con una reforma impecable en una tercera planta real. El proyecto ha sabido respetar elementos originales tales como las vigas de madera y la carpintería en sus ventanas y puertas. Se encuentra en una finca del 1890 con ascensor.  La propiedad goza en su amplio salón con una cocina integrada de última generación. La propiedad al ser esquinera da a dos vientos y de una gran luminosidad gracias a sus balcones típicos de forja; uno de ellos da espacio para mesita y sillas y además cuenta con otros 3 balcones. Cuenta con 3 habitaciones dobles una de ellas en suite con vestidor propio. Sus otras dos habitaciones dobles son exteriores.  Cuenta con una instalación de climatización por conductos y pavimento de parquet. ,1,0,3,null,null,109,null,Sant Pere - Santa Caterina i la Ribera,null,null,null,775.000 ,7.110 €/m²,Bcn Advisors, Ref.: BCN06416 ,3,Segunda mano/buen estado,null,Piso en venta en Princesa,http://idealista.com/inmueble/90550195/
2,1978,  Piso reformado con dos terrazas en Avda Josep Tarradellas Barcelona Ubicado en una zona privilegiada de Avda. Josep Tarradellas a unos pasos de la Avda. Sarrià y de la Plaça Francesc Macià rodeados de servicios y comercios encontramos esta magnífica propiedad reformada con materiales de alta calidad.  Ubicada en una finca clásica de 1978 en perfecto estado de conservación con ascensor servicio de porteria zona comunitaria y vigilancia 24 horas.  Se trata de una cuarta planta real con una superficie construida de 140m² más dos terrazas que hacen en total unos 30m2.  En la zona de día encontramos amplio salón-comedor con salida a la terraza orientada a la Avda. Josep Tarradellas; cocina abierta en totalmente equipada con electrodomésticos de alta gama y un cuarto de lavado independiente.  La zona de noche se compone de una master su... ,1,121,3,Eléctrica,null,155,null,Les Corts,1,null,null,940.000 ,6.065 €/m²,aProperties Real Estate Barcelona, Ref.: VB2007001 ,3,Segunda mano/buen estado,1,Piso en venta en avenida de Josep Tarradellas,http://idealista.com/inmueble/90124319/
2,1985, DOS DE MAIG / ROSSELLO En pleno barrio de L´Eixample se encuentra esta vivienda con salón exterior amplio y salida a balcón cocina tipo office 4 habitaciones siendo 3 de ellas dobles y una individual dos de las habitaciones son exteriores a la calle. 1 baño completo y 1 aseo el piso dispone de una galería bastante grande con acceso desde la cocina. El piso tiene acabados de calidad como parquet puertas de madera carpintería de aluminio calefacción y aire acondicionado. La vivienda se encuentra muy próxima a colegios hospitales zona turística zonas verdes muy bien comunicado con transporte público. ,1,0,1,Gas natural,null,94,90,La Sagrada Família,null,null,null,420.000 ,4.468 €/m²,Gema, Ref.: 2853 ,4,Segunda mano/buen estado,1,Piso en venta en calle del Dos de Maig,http://idealista.com/inmueble/87550636/
2,2016,  Bienvenidos a este espectacular piso ubicado en la tercera planta del ´Edificio Torre Diagonal´  Edificio ubicado en el triángulo de las Calles Bilbao Pere IV y Avenida Diagonal este emblemático edificio consta de 26 plantas y una espectacular zona común con acceso privado piscinas y solárium en la planta 27 lugar donde poder disfrutar de unas increíbles vistas que nos llevan desde el mar hasta la montaña del tibidabo sin olvidar el amplio gimnasio privado y la sala polivalente innovador sistema anti incendio con pasillos cortafuegos contenedores hidráulicos residuos orgánicos seguridad por cámaras las 24h del día y portería con vigilante los 366 días del año 3 ascensores en resumen uno de los edificios más vanguardistas de la ciudad condal sin renunciar a calidades superiores en todas las estancias.  El piso dispone de 192m2... ,1,30,3,null,null,195,100,El Poblenou,null,null,null,640.000 ,3.282 €/m²,Jose Rodriguez, Ref.: 096 Calle Bilbao 110 - 3h + 2b + Pk + Piscina ,3,Segunda mano/buen estado,1,Piso en venta en Bilbao,http://idealista.com/inmueble/87163238/
1,null, Piso a actualizar en calle Lepanto cerca Sagrada Familia. Sexto real de altura orientado a Norte y vistas a patio de manzana. 75 m2 ùtiles según catastro. Tres habitaciones cocina galería y un baño. Finca con ascensor construida en 1951.  El producto esta comercializado por MAS I FILL PATRIMONIA que gestiona inmuebles desde 1932 Persona de contacto Xavier Gales 650 239 656. ,1,31,5,null,null,81,75,La Sagrada Família,null,330.000 € ,5,315.000 ,3.889 €/m²,mas i fill, Ref.: 4451 ,3,null,null,Piso en venta en calle de Lepant,http://idealista.com/inmueble/91309868/
2,1900, La ubicación de esta propiedad es fantástica para disfrutar del centro de Barcelona ya que se encuentra entre las plazas Catalunya y Urquinaona. Por lo tanto dispone en los alrededores de los mejores comercios y oficinas de la ciudad recintos históricos y culturales una gran oferta de restauración y una excelente conexión con el resto de la ciudad y el área metropolitana.  El piso ha sido totalmente reformado con un gusto exquisito restaurando elementos originales como paredes de piedra y volta catalana en el techo. Se encuentra en una tercera planta real de un edificio también renovado con ascensor y trasteros en la planta baja.  La vivienda dispone de un luminoso y encantador salón-comedor con balcón que da paso a una cocina semiabierta. La zona de noche cuenta con 2 habitaciones (una de ellas con balcón) y 2 cuartos de baño.  Es una oportunidad excelente para disfrutar de toda la tradición barcelonesa actualizada al presente. ,1,0,3,null,null,84,null,Ciutat Vella,null,485.000 € ,2,475.000 ,5.655 €/m²,Bcn Advisors, Ref.: BCN06403 ,2,Segunda mano/buen estado,null,Piso en venta en El Gòtic,http://idealista.com/inmueble/90240787/
3,1900,  Excelente propiedad en el mismo centro de Barcelona en una finca regia del ensanche totalmente restaurada.  En la 7ª planta de este edificio sin barreras arquitectónicas y con 2 ascensores disponemos de este magnífico ático con doble orientación de 189’31 m2 construidos y con una terraza de 24’08 m2 a pie de salón orientada a sur y que da a un amplio y tranquilo patio de manzana.  El ático se compone de 3 dormitorios dobles de 30’05 m2 19’95 m2 y 24’80 m2 respectivamente cada uno con dos ambientes diferenciados y exteriores y 2 baños completos uno de 6 m2 y otro de 3 m2. Además hay una 4ª habitación con un pequeño baño con ducha que se puede usar como habitación individual de servicio o lavadero.  Un amplio recibidor distribuye y separa las zonas de día y de noche. La zona de día consta de una cocina office de 19’85 m2 y un saló... ,1,0,7,null,null,190,165,Eixample,null,1.225.000 € ,4,1.175.000 ,6.184 €/m²,Coldwell Banker Prestige Barcelona, Ref.: B04974BA ,4,Segunda mano/para reformar,1,Ático en venta en La Dreta de l'Eixample,http://idealista.com/inmueble/82361145/
3,1950,  Ubicado en una zona tranquila y exclusiva a pocos minutos de ‘Passeig de Gràcia’ y de Rambla Catalunya encontramos este magnífico piso de 169m2 recién reformado que conserva los detalles de la obra original de 1950 aportándole un carácter único. El piso cuenta con un amplio recibidor hacia un salón-comedor cocina independiente con puertas correderas restauradas a gas y totalmente equipada (con horno nevera lavavajillas microondas lavadora y secadora) y un total de cuatro dormitorios dobles todos ellos con armarios empotrados. Uno de ellos es una suite con baño de obra vista exquisitamente decorado y otro dormitorio cuenta con salida a una galería de 35m2 que puede servir como lavandería. Cuenta con dos baños más. Pasillos iluminados por sensores de movimiento.  Se entrega sin amueblar. Suelos de madera natural carpinterí... ,1,102,1,null,null,169,158,Sarrià-Sant Gervasi,null,null,null,775.000 ,4.586 €/m²,Atipika Lifestyle Properties, Ref.: 13622 ,4,Segunda mano/buen estado,null,Piso en venta en Sant Gervasi - Galvany,http://idealista.com/inmueble/87682669/
2,1973,  AVENIDA MERIDIANA - SÈQUIA COMTAL Piso en venta en Barcelona zona de Clot distrito de Sant Martí Barcelona. Piso alto y con ascensor que se distribuye en: vestíbulo distribuidor 4 habitaciones 2 baños cocina lavadero salón y terraza. La finca es de obra vista construida en 1973 dispone de 2 ascensores y está en buen estado de conservación. La vivienda es muy agradable tanto por sus características como por su emplazamiento en pleno corazón del barrio de el Clot. Cercana a Plaça de les Glories y su centro comercial y lúdico y a lugares tan emblemáticos en la ciudad como la Fira de Bellcaire o Encantes. También disfruta del mercado de el Clot y su zona comercial peatonal con todo tipo de comercio y establecimientos de ocio con oferta variada y singular. La zona goza de zona verdes privilegiadas como es el Parc de el Clot un... ,1,198,6,null,null,93,null,Sant Martí,null,null,null,340.000 ,3.656 €/m²,donpiso Bcn Rogent, Ref.: 188437 ,4,Segunda mano/buen estado,1,Piso en venta en El Clot,http://idealista.com/inmueble/82261895/
1,1920, SICILIA -PROVENZA junto parque y basílica de la Sagrada Familia piso tipo apartamento con una habitación doble y vestidor antes tres habitaciones. Está todo reformado de calidad cocina y baño prácticamente a estrenar solo dos años de uso. Gran salón-comedor con salida a terraza todo en finca regia muy bonita totalmente reformada de fachadas y patios y ascensor nuevo de solo un año de antigüedad. Para entrar a vivir ideal por precio y zona. ( El PVP indicado no incluye impuestos ni gastos de Escritura ). ,1,169,1,null,null,52,45,Eixample,null,295.000 € ,5,280.000 ,5.385 €/m²,donpiso Bcn Sagrada Família, Ref.: 240727 ,1,Segunda mano/buen estado,1,Piso en venta en La Sagrada Família,http://idealista.com/inmueble/90252412/
2,1966,  Fabuloso ático totalmente reformado a estrenar con acabados y materiales de muy altas calidades ubicado en una de las mejores zonas de la ciudad Sant Gervasi en la Zona Alta de Barcelona. La vivienda ocupa 87 m² con 2 terrazas una de 21 m² a pie del salón-cocina con orientación norte y vistas a la montaña y la otra de 7 m² con orientación sur a pie de los dormitorios.   La vivienda consta de 2 dormitorios dobles exteriores situados en la zona sur del piso muy luminosos con armarios empotrados y salida a la terraza. Uno de los dormitorios tiene baño completo privado con ducha y un vestidor con armarios. El otro dormitorio también ofrece armarios empotrados. En el pasillo al lado de la entrada encontraremos el otro baño completo también con ducha.   En la zona norte se dispone el salón-comedor exterior con salida a la terraza ... ,1,67,null,null,null,101,null,Sarrià-Sant Gervasi,1,890.000 € ,6,840.000 ,8.317 €/m²,Lucas Fox Barcelona, Ref.: BCN22948 ,2,Segunda mano/buen estado,1,Ático en venta en Sant Gervasi - Galvany,http://idealista.com/inmueble/88848393/
1,1900,  VALENCIA - CASANOVA piso en venta en Barcelona zona Esquerra de l´Eixample. Piso con encanto y en muy buen estado alto con ascensor en la calle Valencia haciendo chaflán con Casanova. Vivienda que se distribuye actualmente en 2 dormitorios -que en origen eran 3-. Habitación principal amplia con balcón a calle. Habitación individual amplia. Salón - comedor independiente con dos salidas a sendos balcones también exteriores a calle. Baño completo en buen estado con bañera. Cocina en buen estado y un pequeño trastero. En conjunto es un piso muy confortable listo para entrar a vivir muy soleado y luminoso al estar en el chaflán orientado a Sur. Tiene suelos de parket bonito la carpintería interior es original pero con encanto y la exterior de aluminio tipo climalit. Equipado con aire acondicionado con bomba de calor y frío. Suminist... ,1,104,3,null,null,82,null,Eixample,null,396.000 € ,4,380.000 ,4.634 €/m²,donpiso Bcn Rogent, Ref.: 218065 ,2,Segunda mano/buen estado,null,Piso en venta en L'Antiga Esquerra de l'Eixample,http://idealista.com/inmueble/87668541/
1,null, Calle Padilla alto luminoso y con vistas al estar orientado al suroeste. Altura de un séptimo real. Piso de 62 metros cuadrados compuesto de tres habitaciones (dos dobles y una individual) cuarto de baño cocina y lavadero. El salón con acceso directo al balcón. Ideal para reformar y entrar a vivir con la familia.  La finca cuenta con ascensor y terraza comunitaria. Plaza de parking opcional en finca muy próxima ubicada en una única planta de fácil acceso. Finca con cemento aluminoso sin desarrollar patologia y con estructura reforzada. Edificio del año 1958  Posibilidad de compra de dos pisos en las misma planta (perfecto para inversores).  El producto esta comercializado por MAS I FILL PATRIMONIA que gestiona inmuebles desde 1932 Persona de contacto Xavier Gales 650 239 656. ,1,161,null,null,null,62,null,El Baix Guinardó,null,240.000 € ,0,239.000 ,3.855 €/m²,Mas i Fil patrimonia Vendes, Ref.: 4144 ,3,null,1,Piso en venta en calle de Padilla,http://idealista.com/inmueble/87573969/
2,1980, AVDA. ROMA - ENTENZA Magnifico piso con plaza de parking opcional. Se compone de 3 habitaciones. Zona de día y de noche. Nos encontramos con un recibidor espacioso que nos dirige a un amplio salón soleado con un terraza orientada a mar muy soleada en el que caben mesa y sillas. Hay un distribuidor para acceder a las habitaciones y el baño en el que hay un pequeño armario empotrado. Habitación doble de matrimonio con armario empotrado y acceso directo al balcón muy luminosa. Cuarto de baño completo reformado con plato de ducha y armarios. Habitación individual patio de luces La cocina es cuadrada y espaciosa ya que cabe mesa y accede a una galería. En la zona de noche separada por un pasillo que tiene altillo con acceso desde la cocina y el distribuidor. Segundo cuarto de baño completo y habitación doble con dos armarios empotrados. El piso tiene parket carpintería de aluminio y aparato bomba de calor y frio. Es tranquilo soleado en una zona inmejorable. La escalera es señorial y tiene un hall muy amplio con servicio de conserje. La finca dispone de un terrado tipo solarium. ( El PVP indicado no incluye impuestos ni gastos de Escritura ). ,1,179,5,null,null,92,90,Eixample,null,450.000 € ,12,395.000 ,4.293 €/m²,donpiso Bcn Berlín, Ref.: 240866 ,3,Segunda mano/para reformar,null,Piso en venta en La Nova Esquerra de l'Eixample,http://idealista.com/inmueble/90716884/
3,1955, Proddigia tiene el placer de presentar esta estupenda vivienda totalmente exterior y muy luminosa al tratarse de una finca a tres vientos. El piso cuenta con 190m2 y actualmente está distribuido en un gran salón 5 amplias habitaciones todas exteriores 3 baños completos y una enorme cocina con patio interior. La vivienda precisa de una reforma ya que está de origen pero presenta grandes posibilidades de reforma para diseñar la vivienda que siempre deseó. &nbsp; La finca cuenta con servicio de portería en horario comercial así como servicio de limpieza de la escalera. Cuenta con ascensor y montacargas así como un amplio trastero en el sótano. &nbsp; Es una buena oportunidad para diseñar la vivienda que siempre deseó en una céntrica ubicación y con una inmejorable comunicación con el transporte público. &nbsp; Como puntos de interés en las inmediaciones destacan la Avinguda Diagonal el prestigioso Passeig de Gràcia la Rambla de Catalunya o la calle d'Enric Granados donde encontramos gran cantidad de ofertas de ocio y restauración así como comercios de prestigio. &nbsp;   ¡VISITA VIRTUAL&nbsp; YA DISPONIBLE! ,1,240,1,null,null,210,190,Sant Gervasi - Galvany,null,785.000 € ,5,749.000 ,3.567 €/m²,Proddigia, Ref.: 7488 ,5,Segunda mano/para reformar,null,Piso en venta en travesía de Gràcia,http://idealista.com/inmueble/87362371/
1,1845, Precioso piso de 41 m2 totalmente reformado y muy luminoso. El piso consta de un recibidor un salón comedor totalmente exterior y con salida a balcon una cocina eléctrica americana el piso es tipo loft un baño completo con plato de ducha. Toda la casa goza de una preciosa luz natural. El inmueble presenta suelos de parquet ventanas de PVC paredes de tocho a la vista y techos altos con vigas de madera. Además dispone de aire acondicionado con opciones frío calor. El piso está totalmente reformado con materiales de excelente calidad y se vende equipado y semi amueblado. En pleno centro de Barcelona no deje pasar esta oportunidad y venga a verlo! ,0,0,4,Calefacción individual,null,41,null,Ciutat Vella,null,135.000 € ,4,129.000 ,3.146 €/m²,Casc Antic Bcn Sl, Ref.: V1634 ,0,null,null,Estudio en venta en El Raval,http://idealista.com/inmueble/91403504/
3,1936,  Esta espectacular propiedad ofrece la posibilidad de un uso mixto como local por lo que es perfecta para disponer de un negocio y una vivienda en el mismo espacio. El inmueble tiene cédula de habitabilidad y está formado por 2 entidades registrales que se pueden segregar con 2 accesos independientes desde la calle y el rellano de la comunidad.  Se trata de una amplia vivienda en planta baja de 210 m2 construidos más una estupenda terraza ajardinada de 35 m2 con piscina orientada hacia el oeste y muy tranquila. Recibe mucha luz natural ya que los edificios de alrededor son bajos. La terraza nos da acceso a un amlplio espacio de salón comedor y cocina abierta muy luminoso y con techos de 4 metros de altura lo que proporciona una sensación muy agradable. La estancia también recibe luz desde un patio cubierto con plantas. Además exi... ,1,0,0,null,null,228,null,Sants-Montjuïc,null,null,null,650.000 ,2.851 €/m²,Bcn Advisors, Ref.: BCN06428 ,4,Segunda mano/buen estado,1,Piso en venta en El Poble Sec - Parc de Montjuïc,http://idealista.com/inmueble/91279610/
1,1992,  Bonito dúplex en Vall d'Hebrón Incluidas en el plan residencial de la Vila Olímpica ‘92 los arquitectos Carles Ferraté y Robert Suso diseñaron el urbanismo y las viviendas que albergaron a periodistas jueces y árbitros en los Juegos Olímpicos de Barcelona.  En concreto esta vivienda tipo dúplex alta soleada con vistas al mar e ideada para disfrute de una pareja o familia dispone en la planta superior de dos dormitorios dobles un baño completo y una galería. En la planta baja encontramos una amplia cocina cerrada y un gran salón-comedor con vistas panorámicas. La planta superior tiene el suelo de parquet natural. El estado tanto de baños como cocina es muy bueno y tiene puerta de entrada blindada instalación de fibra y el edificio cuenta con vigilancia y cámaras 24 horas.  El dúplex cuenta con Calefacción por acumulador de calor ... ,1,149,8,null,null,77,null,Horta Guinardó,null,null,null,310.000 ,4.026 €/m²,Barcelona MMC, Ref.: W-02I842 ,2,Segunda mano/buen estado,null,Piso en venta en La Vall d'Hebron - La Clota,http://idealista.com/inmueble/88841013/
1,1825,  Maravilloso piso con ascensor en centro histórico En el corazón del centro histórico de Barcelona y a corta distancia de la Rambla se halla este magnífico apartamento de diseño recientemente reformado en una finca integralmente rehabilitada en el 2016 con ascensor.  Piso muy luminosos porque está en una planta alta y es todo exterior con la mejor orientación. Actualmente el apartamento se constituye por un sólo espacio para dar una sensación de amplitud pero se podría perfectamente hacer una habitación matrimonial con ventana hacia un patio interior tranquilo. Cocina integrada equipada con electrodomésticos. Baño completo bonito y local para lavadora. Máxima comodidad seguridad y tecnología actual en un edificio histórico.  Se trata sin duda del producto céntrico ideal para inversores que buscan las rentabilidades más altas solteros o... ,1,49,4,Calefacción individual,null,49,null,Ciutat Vella,null,null,null,214.000 ,4.367 €/m²,Barcelona MMC - Ciutat Vella - Sant Martí - S7, Ref.: W-02H57E ,1,Segunda mano/buen estado,null,Piso en venta en El Raval,http://idealista.com/inmueble/87823459/
1,1968,  Encantador piso reformado en Navas. Se ubica en una finca joven del año 1968 muy bien conservada en el barrio de Navas un barrio en pleno auge por la llegada de la gran estación de La Sagrera que conectará con el centro de la ciudad. El AVE y su conexión dentro y fuera de la ciudad traerá la reordenación del barrio y modernos equipamientos que revalorizarán aún más la zona. Actualmente el barrio goza de un carácter acogedor tranquilo y muy familiar. El piso se encuentra en una planta alta fue reformado años atrás con un estilo muy acogedor y contemporáneo aprovechando al máximo todos los espacios y creando una distribución muy funcional y confortable donde la luz natural llega a todas las estancias de la vivienda. Al entrar al piso nos encontramos un pequeño recibidor que distribuye hacia un lado un espacioso lavadero con salid... ,1,373,4,null,null,60,null,Sant Andreu,null,null,null,255.000 ,4.250 €/m²,Barcelona MMC - Eixample - S2, Ref.: W-02G96B ,3,Segunda mano/buen estado,null,Piso en venta en Navas,http://idealista.com/inmueble/86326836/
3,null,  Ático con terraza en Eixample El icónico edificio de nueve pisos data de 1954 y se encuentra en la esquina de un bulevar emblemático en una de las zonas más privilegiadas de Barcelona. Tres exquisitos áticos han sido diseñados como lugar para disfrutar de un excelente nivel de vida mientras se disfruta de las impresionantes vistas de la ciudad de Barcelona.  Los residentes tienen acceso a servicios como un gimnasio con una variedad de pesas máquinas y equipos de alto rendimiento diseñados para disfrutar de sesiones de ejercicios totalmente personalizados y un spa para terminar el día con un baño relajante en la piscina de hidroterapia o disfrutar de los contrastes de temperatura en la sauna. Este ático único se encuentra en los pisos 8 9 y 10 del edificio. Cuenta con 3 amplios dormitorios dos baños y un aseo de invitados. El amplio y... ,1,33,9,null,null,153,null,Eixample,null,null,null,1.495.000 ,9.771 €/m²,Barcelona MMC, Ref.: W-02FQ4P ,3,Segunda mano/buen estado,1,Ático en venta en La Dreta de l'Eixample,http://idealista.com/inmueble/85895849/
2,1900,  Encantador piso reformado en Eixample Dreta La vivienda se sitúa en una finca regia del año 1900 catalogada con nivel C con un amplio y precioso portal. Conserva la escalera de mármol con azulejos de colores y el ascensor de madera original que es una pieza muy singular. El piso está diseñado con un estilo vanguardista realzando algunos elementos originales de la época y renovando otros en una equilibrada combinación entre tradición y contemporaneidad que ofrecen a sus habitantes una experiencia única. Su interiorismo está pensado para quienes la funcionalidad y el confort es el auténtico lujo.  La exquisita mezcla de materiales le aportan mucha calidez a los espacios como lo son sus suelos de parquet de roble natural en espiga combinado con suelos hidráulicos. Se han conservado las carpinterias originales y los techos artesonad... ,1,0,3,Gas natural,null,148,null,Eixample,null,null,null,895.000 ,6.047 €/m²,Barcelona MMC - Eixample - S2, Ref.: W-02AAA7 ,4,Segunda mano/buen estado,null,Piso en venta en La Dreta de l'Eixample,http://idealista.com/inmueble/83250428/
2,1966,  VISITA VIRTUAL DISPONIBLE. Llámanos y te enseñamos el piso sin que salgas de tu casa.  “Magnífica vivienda muy bien situada en una de las mejores zonas del Barrio de la Bonanova totalmente exterior y muy luminosa entre Mandri y Ganduxer en calle muy tranquila.   Al tratarse de una 5ª planta a tres vientos y estar orientado a sur principalmente el piso tiene sol directo todo el día.  Dispone de gran salón-comedor (35 m2) con salida a balcón y estupenda orientación a mar (Persianas eléctricas y Chimenea).   Gran cocina office con zona de comedor de diario encimera de mármol cocina mixta: vitrocerámica y gas horno Bosch Lavadero y cuarto de máquinas. 4 amplias habitaciones dobles y una sencilla (1 tipo suite con lavabo y vestidor) todas con armarios empotrados. 2 baños (uno en suite) y posibilidad de recuperar un tercer baño (el d... ,1,124,5,Gas,Urge,200,170,Sant Gervasi - La Bonanova,1,null,null,890.000 ,4.450 €/m²,eRitage Solutions SL, Ref.: B20337 ,5,Segunda mano/buen estado,1,Piso en venta en calle de Ricardo Calvo,http://idealista.com/inmueble/88662911/
3,null, Esta maravillosa propiedad a reformar de 183 m2 se encuentra en una ubicación excelente del Eixample muy cerca del Paseo de Gràcia y la Avenida Diagonal. La zona dispone de los mejores comercios y servicios cercanía al centro de la ciudad y excelente comunicación mediante transporte público.  El inmueble tiene doble orientación: suroeste hacia la calle con balcones y noreste hacia el patio de manzana interior. El espectacular salón de 45 m2 ofrece todo el espacio necesario para el confort diario y dispone de cocina integrada. Los techos tienen una altura de 270 metros.  La vivienda cuenta con un total de 5 habitaciones y 2 de ellas son en suite con cuarto de baño propio. Además hay otro cuarto de baño independiente. La propiedad tiene 3 patios de luces con bajantes lo cual permite la reforma de la disposición de los cuartos de baño. La parte interior tiene una chimenea.  Esta propiedad se encuentra en una finca modernista con entrada majestuosa y ascensor. ,1,0,3,Calefacción individual,null,183,null,La Dreta de l'Eixample,null,null,null,745.000 ,4.071 €/m²,Bcn Advisors, Ref.: BCN06396 ,5,Segunda mano/para reformar,null,Piso en venta en calle de Roger de Llúria,http://idealista.com/inmueble/90158292/
2,1940, Piso en venta de 115m² situado en frente de la Casa de Les Punxes en la Dreta de l´Eixample. Dispone de un luminoso salón comedor dividido en 2 ambientes y cocina office reformada. 3 habitaciones (1 doble) 1 habitación-vestidor 2 baños completos y zona de aguas independiente.  Cuenta con suelos de mosaico carpintería exterior de madera y calefacción central. El edificio cuenta con servicio de conserjería. Situado cerca de la Avenida Diagonal una zona comercial con todo tipo de servicios y muy bien comunicada con transporte público. ,1,166,1,null,null,115,null,La Dreta de l'Eixample,null,null,null,488.000 ,4.243 €/m²,ALTING Grupo Inmobiliario, Ref.: 019270 ,3,Segunda mano/buen estado,null,Piso en venta en calle del Rosselló,http://idealista.com/inmueble/89757901/
2,2016,  Para entrar a vivir en el ambiente más selecto y una localización inmejorable  Comunidad con Piscina y Gimnasio     Piso de 115m2 con balcón de 4m2 y trastero de 15m2 en la misma finca    La vivienda se entrega sin mobiliario.    Interiorismo y decoración realizado por el prestigioso estudio Mimouca Barcelona.     Expléndido salón-comedor con vistas a La Casa Calvet de Gaudí a través de grandiosa galería cocina con isla integrada en el mismo ambiente habitación en suite con salida a balcón y baño propio 2 habitaciones dobles con baño completo compartido.     Finca modernista con rehabilitación integral en 2016.    Dispone de ascensor generoso trastero de 15m2 en la misma finca.     Servicio de Conserjería.       Características    Zona prime  Finca Regia   Reforma Integral Edificio 2016  Piscina en el terrado  Gimnasio  Diseño exclu... ,1,75,3,Calefacción individual,null,115,95,La Dreta de l'Eixample,null,null,null,990.000 ,8.609 €/m²,Excens Real Estate, Ref.: ADD1539 ,3,null,1,Piso en venta en calle de Casp,http://idealista.com/inmueble/88952861/
4,null,  En una preciosa finca clásica de 1939 encontramos este espectacular ático con dos terrazas ubicado en inmejorable zona junto a plaza Molina.   Se trata de un piso amplio de 277 m² construidos y muy luminoso que ocupa toda la última planta en elegante finca regia y señorial. Techos altos y artesonados de cuatro metros. Zona de dia y de noche bien delimitada. Amplio salón comedor de cincuenta y seis m² distribuido en tres ambientes: salón con chimenea comedor y despacho. Salida directa a terraza principal de ochenta y uno m² con orientación sureste. El piso dispone de cinco dormitorios de los cuales tres son dobles (dos con baño privado) y dos dormitorios individuales. Dispone también de una gran biblioteca-despacho de treinta y dos m² con salida a terraza de quince m². Amplia cocina perfectamente equipada y con práctica habitación d... ,1,0,5,null,null,277,267,Sant Gervasi - Galvany,1,null,null,1.900.000 ,6.859 €/m²,Mas i Fil patrimonia Vendes, Ref.: 4165 ,5,null,1,Piso en venta en calle de Balmes,http://idealista.com/inmueble/87837396/
2,1963,  AINCASA vende a solamente doscientos metros de Turò Park encontramos este luminoso piso de 91 metros cuadrados construidos en la tercera planta real rehabilitada íntegramente en el 2013 en una de las zonas mas exclusivas de Barcelona encontramos esta propiedad de amplios espacios completamente reformada con calidades de gama alta bonitas vistas a la Avenida Josep Tarradellas y Plaça Françesc Macià un amplio distribuidor deja a mano derecha una habitación con armarios empotrados y un baño completo con plato de ducha para dar paso a la zona principal los detalles de la reforma aportan un valor añadido a la propiedad desde un amplio pasillo damos paso al salón comedor con cocina abierta completamente equipada con electrodomésticos de alta gama (Wolf SubZero Siemens) exterior con bonitas vistas a Plaça Françesc Macià desde al saló... ,1,120,1,Gas natural,null,90,null,L'Antiga Esquerra de l'Eixample,null,740.000 € ,7,690.000 ,7.667 €/m²,aincasa aicat 2677, Ref.: 4223 ,2,Segunda mano/buen estado,null,Piso en venta en avenida de Josep Tarradellas,http://idealista.com/inmueble/87832987/
3,null, SARRIÁ Vivienda singular tranquila y luminosa a tres vientos a reformar en Sarriá cerca de los mejores colegios Benjamin Franklin Oak House Sant Ignasi Escoles Pies.  La propiedad de 181 metros cuadrados construidos se distribuye en dos niveles. Dispone de un amplio salón comedor de 36 metros cuadrados con orientación suroeste con maravillosas vistas a la montaña de Collcerola y con salida a una bonita terraza de 12 metros cuadrados. Amplia cocina office con vistas también a la montaña. La propiedad actualmente cuenta con cinco dormitorios de los cuales cuatro son dobles y uno individual y tres baños. El piso dispone además de dos cuartos trasteros uno de ocho metros cuadrados de uso privativo y otro comunitario. La propiedad cuenta en su cara norte con un jardin privado de 163 metros cuadrados con grandes posibilidades de aprovechamiento.  Inmejorable ubicación en tranquila zona residencial y con acceso a pocos metros a la Ronda de Dalt.  El producto esta promocionado por MAS I FILL PATRIMONIA que gestiona inmuebles desde 1932 Persona de Contacto: Crist¡na Roca 682 623 161. ,0,289,2,null,null,181,null,Sarrià,null,null,null,990.000 ,5.470 €/m²,Mas i Fil patrimonia Vendes, Ref.: 4076 ,5,Segunda mano/buen estado,1,Piso en venta en calle de Plantada,http://idealista.com/inmueble/87094237/