bathrooms,constructed_year,description,elevator,energetic_qualification_kWhm2_año,floor,heater_system,its_new,m2_build,m2_useful,neighbourhood,parking,price_down_euro,price_down_percentage,price_euro,price_m2,real_estate,ref,rooms,status,terrace,title,link
2,1980,  Piso de 103 m² en Barcelona. Esta vivienda por su amplitud satisface las necesidades de una familia con niños.   Se encuentra en entreplanta el edificio cuenta con dos ascensores y se distribuye en amplio y luminoso salón cocina amueblada absolutamente independiente del resto de estancias cuatro dormitorios uno doble y tres individuales y dos cuartos de baño completos. Además el piso cuenta con dos terrazas una en salón y otra en dormitorio principal para que disfrutes del buen tiempo un patio con acceso desde cocina con lavadero y armarios empotrados para que puedas guardar lo que quieras. El inmueble es todo exterior.   Con orientación sur es una casa muy soleada en las horas centrales del día. La vivienda está en buen estado la finca está rehabilitado por completo lista para entrar a vivir. En cuanto a las calidades e... ,1,0,null,null,null,103,96,El Fort Pienc,null,null,null,369.000 ,3.583 €/m²,Housell.com, Ref.: 108954 ,4,Segunda mano/buen estado,1,Piso en venta en calle d'Ausiàs Marc,http://idealista.com/inmueble/87670914/
1,1959,  Ático de 67 m² en Barcelona. La vivienda por espacio y distribución es ideal para una familia con hijos.   Se encuentra en un 6º piso con ascensor y se distribuye en acogedor salón cocina amueblada absolutamente independiente del resto de estancias y equipada con electrodomésticos tres dormitorios y un cuarto de baño completo. Además el ático cuenta con una práctica galería para aumentar el espacio y armarios empotrados que optimizarán el almacenaje. El inmueble es todo exterior.   Con orientación oeste disfrutarás del sol por las tardes el momento en el que la casa resulta especialmente acogedora. La vivienda se vende semiamueblada y en buen estado finca rehabilitada lista para entrar a vivir. En cuanto a las calidades este ático cuenta con calefacción de gas aire acondicionado carpintería exterior de aluminio e interior ... ,1,0,6,null,null,67,62,Navas,null,null,null,240.000 ,3.582 €/m²,Housell.com, Ref.: 108576 ,3,Segunda mano/buen estado,null,Ático en venta en calle de Concepción Arenal,http://idealista.com/inmueble/87609476/
2,1972,  Piso de 92 m² en Barcelona. La amplitud de esta vivienda proporciona a una familia con niños todo el espacio que necesita.   Se encuentra en un 2º piso con ascensor y se distribuye en luminoso salón cocina amueblada completamente independiente del resto de estancias y equipada con electrodomésticos tres dormitorios y dos cuartos de baño completos. Además el piso cuenta con terraza para que descanses al aire libre una práctica galería para aumentar el espacio y armarios empotrados para optimizar tu espacio. El inmueble es todo exterior.  Con orientación oeste disfrutarás del sol por las tardes el momento en el que la casa resulta especialmente acogedora. La vivienda se vende amueblada y en buen estado lista para entrar a vivir. En cuanto a las calidades este piso cuenta con calefacción de gas carpintería exterior de aluminio y... ,1,0,2,null,null,92,85,El Poblenou,null,null,null,359.000 ,3.902 €/m²,Housell.com, Ref.: 106926 ,3,Segunda mano/buen estado,1,Piso en venta en calle de Lope de Vega,http://idealista.com/inmueble/87218922/
3,null, Espacioso piso de 165 m² en Barcelona. Por el espacio que te ofrece este piso es ideal para una familia con hijos.   Es una planta principal con ascensor y dispone de amplio salón cinco habitaciones dos baños un aseo y la cocina amueblada y completamente independiente del resto de estancias. Además el piso cuenta con balcón el cual aportará gran luminosidad a toda la estancia y dos terrazas además de armarios empotrados y trastero para optimizar tu espacio de almacenaje.   La vivienda se vende sin amueblar y para reformar a tu gusto. En cuanto a las calidades este piso cuenta con calefacción de gas la carpintería de madera y suelos de gres de fácil mantenimiento y gran resistencia. Para que te sientas más seguro en tu hogar la puerta principal está reforzada y la finca tiene servicio de conserjería.   Esta casa está situada en una zona bien comunicada cerca del metro y autobús. Para mayor comodidad la vivienda se encuentra muy cerca de un hospital y de un colegio.   De particular a particular. Sin comisiones. Llámanos y visita esta vivienda. h1o0u6s8e2l8l. ,1,0,1,null,null,165,128,Pedralbes,null,null,null,830.000 ,5.030 €/m²,Housell.com, Ref.: 106828 ,5,Segunda mano/para reformar,null,Piso en venta en calle del Capità Arenas,http://idealista.com/inmueble/87006019/
1,1974,  Piso de 96 m² en Barcelona. Por el espacio que te ofrece este piso es ideal para una familia con hijos.   Se encuentra en un 12º piso con ascensor y cuenta con 90 m² útiles distribuidos en luminoso salón cocina amueblada con office absolutamente independiente del resto de estancias y equipada con electrodomésticos tres dormitorios y un cuarto de baño completo. Además el piso cuenta con una práctica galería para aumentar el espacio. El inmueble es todo exterior.   Con orientación norte es una casa que recibe el sol por las mañanas pero no es calurosa en los meses de verano. La vivienda se vende sin amueblar y en buen estado lista para entrar a vivir. En cuanto a las calidades este piso cuenta aire acondicionado con bomba de calor carpintería exterior de aluminio con climalit y doble cristal e interior de madera de Cedro y suelo... ,1,0,12,null,null,96,90,Canyelles,null,null,null,220.000 ,2.292 €/m²,Housell.com, Ref.: 106223 ,3,Segunda mano/buen estado,null,Piso en venta en via Favència,http://idealista.com/inmueble/86610981/
1,1969,  Piso de 63 m² en Barcelona. La amplitud de esta vivienda proporciona a una familia con niños todo el espacio que necesita.   Se encuentra en un primer piso sin ascensor y se distribuye en luminoso salón cocina amueblada absolutamente independiente del resto de estancias y equipada con electrodomésticos tres dormitorios y un cuarto de baño completo. Además el piso cuenta con balcón que aporta gran luminosidad a toda la estancia y una práctica galería para aumentar el espacio. El inmueble es todo exterior y cuenta con trastero interior para que puedas aprovechar todo el espacio de la vivienda.   Con orientación norte es una casa que recibe el sol por las mañanas pero no es calurosa en los meses de verano. La vivienda está amueblada y en buen estado lista para comenzar la mudanza. En cuanto a las calidades este piso cuenta con car... ,0,0,1,null,null,63,null,El Bon Pastor,null,null,null,130.000 ,2.063 €/m²,Housell.com, Ref.: 105639 ,3,Segunda mano/buen estado,null,Piso en venta en calle de la Mare Eterna,http://idealista.com/inmueble/86353074/
1,1936, Piso de 74 m² a reformar en calle Provenza en la Nova Esquerra de l'Eixample. Consta de 3 habitaciones (2 doble y 1 individual ) baño completo salón-comedor con salida a la galería y cocina.  Uno de los dormitorios dobles tiene salida al balcón que da a la calle Provenza.  Ubicado en la primera planta del edificio tiene dos vecinos por planta y 6 plantas de altura.  Calle tranquila con un solo carril de circulación.  Tiene una excelente ubicación esta muy cerca de la Estación de Sants y cerca de las Líneas de Metro L3 (verde) y L5 (azul).   Adjunto fotos de la posible reforma integral propuesta por el equipo de profesionales que nos asesora. Llámenos y le informaremos posibilidad de financiación de adquisición del piso más la reforma. ,1,130,1,Gas natural,null,74,68,La Nova Esquerra de l'Eixample,null,null,null,275.000 ,3.716 €/m²,Anna Arauz Fernández, Ref.: 3451-01752 ,3,Segunda mano/para reformar,null,Piso en venta en calle Provenza,http://idealista.com/inmueble/86126220/
4,1980, SH2523. - Piso de lujo en Barcelona zona Turo Parc con 214 m2 construidos gran salón con tres ventanales a la calle cocina office de 30m2 equipada habitación de servicio con baño y un aseo en la zona de noche de la casa se encuentran la suite con baño y vestidor una habitación doble una individual grande y dos baños. Cuenta con suelo de parquet bomba de aire frío-calor armarios alarma conserje trastero ascensor y una plaza de parking. La vivienda se alquila sin muebles está en un estado excelente y se halla muy cerca de Diagonal- Francesc Maciá. Nuria Mir sitgeshouses. com. ,1,51,3,null,null,214,175,Sant Gervasi - Galvany,1,null,null,1.750.000 ,8.178 €/m²,Sitgeshouses, Ref.: SH2523 ,4,Segunda mano/buen estado,null,Piso en venta en mestre nicolau,http://idealista.com/inmueble/88634207/
2,1939,  Dúplex con terraza a estrenar en Fort Pienc Esta propiedad recién reformada a estrenar se ubica en una finca clásica del año 1939 en la Avinguda Diagonal al lado de la Monumental. Se trata de un dúplex con terraza situado en la planta baja con acceso desde el vestíbulo de la finca. Destaca por su luminosidad y tranquilidad al ser exterior a patio de manzana y con la mejor orientación (sur).  La reforma ha aprovechado al máximo el espacio con un atractivo diseño que permite disfrutar de una distribución totalmente funcional en la que las piezas principales como el salón y la habitación gozan de la luz y de la salida exterior a la terraza y balcón. La propiedad de 80m2 tiene bien definida la zona de día y la de noche al estar separada por plantas. El acceso se realiza por la planta baja en la que entramos por el recibidor que comunica a ... ,1,226,0,Calefacción individual,null,96,null,Eixample,null,290.000 € ,3,280.000 ,2.917 €/m²,Barcelona MMC - Eixample - S2, Ref.: W-02G0FL ,1,Segunda mano/buen estado,1,Piso en venta en El Fort Pienc,http://idealista.com/inmueble/85992894/
1,1965,  Inmoredes anuncia en EXCLUSIVA esta encantadora vivienda situada en la Calle Valencia en el barrio de Camp de l'Arpa del Clot.  La vivienda consta den 70 m2 los cuales se encuentran distribuidos de la siguiente manera:  - Dos habitaciones (una doble y una individual) - Amplio salón comedor de 25m2 - Baño completo con ducha - Cocina independiente equipada con electrodomésticos en muy buen estado. - Terraza de 40m2 a la cual se accede desde el salón.  La vivienda cuenta con aire acondicionado suelos de parquet natural en toda la casa y ventanas de PVC.  La ubicación del inmueble es inmejorable. Se encuentra cerca de transporte público negocios zonas de ocio etc.  · Metro L1/L2 · Renfe Cercanías (Clot) · Futuro AVE · A 10 minutos en metro de plaza Catalunya. · Muy cerca de Barcelona Activa y Torre Agbar (Zona @22). · Fácil acceso ... ,1,22,1,null,null,70,null,Sant Martí,null,null,null,249.000 ,3.557 €/m²,Inmoredes, Anuncio: 91661380 ,2,Segunda mano/buen estado,1,Piso en venta en El Camp de l'Arpa del Clot,http://idealista.com/inmueble/91661380/
1,1961,  Inmoredes anuncia en EXCLUSIVA esta hermosa vivienda situada en calle Castella a media cuadra de Av. Diagonal y a minutos de la Rambla del Poblenou.  Esta hermosa vivienda ha sido completamente reformada y se encuentra en una 6ª planta en una finca con ascensor.  Este precioso piso consta de 91 m2 construidos según catastro los cuales se encuentran muy bien distribuidos.  Cuenta con 3 habitaciones de las cuales 2 son dobles -de gran tamaño- y una individual.  Además con una cocina independiente con electrodomésticos de calidad.  Destacamos que todas las estancias son exteriores a patio de manzana lo que aportará gran tranquilidad a tu futuro hogar y al mismo tiempo ofrece la luz del sol necesaria durante todo el día.  Tal como mencionamos la vivienda ha sido reformada la cual es de primera calidad como lo podrás apreciar en... ,1,22,6,Gas natural,null,91,76,Sant Martí,null,295.000 € ,7,274.000 ,3.011 €/m²,Inmoredes, Anuncio: 91638495 ,3,Segunda mano/buen estado,null,Piso en venta en Provençals del Poblenou,http://idealista.com/inmueble/91638495/
1,1931,  De particular a particular y sin comisiones de agencia con Housfy.  Roser Català vende su piso de particular a particular en Eixample Barcelona un espacio para disfrutar en tu día a día. Este piso fue construido en el año 1931 en L'Antiga Esquerra de l'Eixample. Con una distribución ideal para aprovechar al máximo sus 88 m2.  Detalles del inmueble:  - Estupendo piso de 88 m2 en L'Antiga Esquerra de l'Eixample. (Los metros cuadrados están verificados con la Dirección General de Catastro) - Contamos con todas las comodidades posibles de 3 habitaciones y 1 baño perfecto para una familia. - Acogedor comedor que te proporcionará el relax diario un lugar perfecto para descansar en los ratos libres. - Terraza. - Con una apropiada cocina en buen estado. - Exterior. - Ascensor. - Los gastos de la compraventa del inmueble corren a cargo del ... ,1,212,null,null,null,88,78,L'Antiga Esquerra de l'Eixample,null,319.000 € ,3,310.000 ,3.523 €/m²,Housfy Real Estate CAT, Ref.: 298659 ,3,Segunda mano/buen estado,1,Piso en venta en calle d'Aragó 155,http://idealista.com/inmueble/91498439/
2,1972,  Estupendo piso en Eixample  Housfy la agencia inmobiliaria sin comisiones y con las mejores condiciones hipotecarias.  Maria Luz vende su piso directamente del propietario en Eixample Barcelona perfecto para familias o parejas que busquen un lugar cómodo para su día a día. El piso fue construido en el año 1972 en Barcelona. Con una distribución ideal para aprovechar al máximo sus 97 m2.  Detalles del inmueble: - Sensacional piso de 97 m2 en La Nova Esquerra de l'Eixample. (Los metros cuadrados están verificados con la Dirección General de Catastro) - Contamos con todas las comodidades posibles de 5 habitaciones y 2 baños . - Confortable salón-comedor amplio y luminoso un lugar perfecto para descansar en los ratos libres. - Sistema de calefacción y aire acondicionado. - Puerta blindada. - Con una conveniente cocina en buen estado. e... ,1,153,3,null,null,97,90,La Nova Esquerra de l'Eixample,null,460.000 € ,4,440.000 ,4.536 €/m²,Housfy Real Estate CAT, Ref.: 247013 ,5,Segunda mano/buen estado,1,Piso en venta en Gran Via de les Corts Catalanes 413,http://idealista.com/inmueble/89010645/
1,1998, Excelente piso reformado en la Rambla del Raval. Consta de 3 dormitorios 2 dobles; amplio salón-comedor exterior con un pequeño balcón baño y cocina independiente. Alto y exterior con mucha luz y vistas a la rambla y a Montjuïc.   La vivienda esta lista para entrar a vivir y conserva elementos originales como las bigas de madera restauradas. Posibilidad de quedar amueblado y equipado. Con acceso al terrado comunitario.   En finca clásica con ascensor totalmente rehabilitada en 1998.   Muy céntrico se encuentra a poca distancia de las Ramblas y la plaza Catalunya así como del mercado de la Boqueria y la Ronda Sant Antoni. Buena comunicación por transporte público (metro L1 y L3 FGC tren y bus). Zona con todo tipo de servicios comercios oferta de ocio zonas verdes varias Universidades y centros educativos emblemáticos como la escuela Massana. ,1,265,5,null,null,67,null,El Raval,null,245.000 € ,2,240.000 ,3.582 €/m²,Vilamarí Immobiliària, Anuncio: 91422159 ,3,Segunda mano/buen estado,null,Piso en venta en rambla del Raval,http://idealista.com/inmueble/91422159/
1,null, Exclusivas de viviendas de obra nueva en el corazón de La Rambla Últimas 6 unidades disponibles en ubicación privilegiada de la ciudad de Barcelona. Edificio de 1900 rehabilitado en interiores. Viviendas muy luminosas de 1 y 2 habitaciones distribuidas en espacios de 45 a 85 m2. Balcones en las viviendas que dan a fachada con vistas a La Rambla y amplias terrazas en las viviendas con orientación interior con vistas al Palau Güell. Cocinas de diseño abiertas al salón y totalmente equipadas con: campana extractora vitrocerámica lavaplatos nevera horno y microondas. Baños completos con plato de ducha. Espacio reservado para instalación de lavadora. Habitaciones en las partes superiores de la vivienda accesible mediante escaleras de diseño. Techos rehabilitados recuperando la vuelta catalana y las vigas originales del edificio. Magnífica oportunidad para adquirir viviendas únicas en el centro de Barcelona. Listo para entrar a vivir. ,1,0,1,null,Obra nueva terminada,63,null,El Gòtic,null,null,null,375.000 ,5.952 €/m²,Nicaragua 75 ., Ref.: ONB2010003 ,1,Promoción de obra nueva,1,Piso en venta en calle Ramblas 31,http://idealista.com/inmueble/91398732/
1,null, Exclusivas de viviendas de obra nueva en el corazón de La Rambla Últimas 6 unidades disponibles en ubicación privilegiada de la ciudad de Barcelona. Edificio de 1900 rehabilitado en interiores. Viviendas muy luminosas de 1 y 2 habitaciones distribuidas en espacios de 45 a 85 m2. Balcones en las viviendas que dan a fachada con vistas a La Rambla y amplias terrazas en las viviendas con orientación interior con vistas al Palau Güell. Cocinas de diseño abiertas al salón y totalmente equipadas con: campana extractora vitrocerámica lavaplatos nevera horno y microondas. Baños completos con plato de ducha. Espacio reservado para instalación de lavadora. Habitaciones en las partes superiores de la vivienda accesible mediante escaleras de diseño. Techos rehabilitados recuperando la vuelta catalana y las vigas originales del edificio. Magnífica oportunidad para adquirir viviendas únicas en el centro de Barcelona. Listo para entrar a vivir. ,1,0,1,null,Obra nueva terminada,69,null,El Gòtic,null,null,null,520.000 ,7.536 €/m²,Nicaragua 75 ., Ref.: ONB2010003 ,2,Promoción de obra nueva,1,Piso en venta en calle Ramblas 31,http://idealista.com/inmueble/91398723/
1,1969,  Encantador piso en Sarrià-Sant Gervasi  Housfy las comisiones son del jurásico.  Javier vende su piso de particular a particular en Sarrià-Sant Gervasi Barcelona una vivienda luminosa y ubicada en un entorno idóneo para disfrutarlo.  Detalles del inmueble: - Perfecto piso de 85 m2 en Sarrià. (Los metros cuadrados están verificados con la Dirección General de Catastro) - Contamos con todas las comodidades posibles de 3 habitaciones y 1 baño perfecto para una familia. - Confortable comedor que te proporcionará el relax diario creando un precioso y único espacio. - Suelos de parquet ventas de aluminio doble vidrio calefacción por radiadores. - Ascensor y terrado comunitario. - Una puerta blindada para garantizar su seguridad en todo momento. - Los gastos de la compraventa del inmueble corren a cargo del comprador.  Respecto a la ubic... ,1,166,1,null,null,85,null,Sarrià,null,474.000 € ,3,459.000 ,5.400 €/m²,Housfy Real Estate CAT, Ref.: 246274 ,3,Segunda mano/buen estado,null,Piso en venta en calle de Gresolet 17,http://idealista.com/inmueble/91396362/
2,1937,  Estupendo piso en Sants-Montjuïc  Housfy: la agencia inmobiliaria online. Sin comisiones.  Jesus vende su piso de particular a particular en Sants-Montjuïc Barcelona un espacio para disfrutar en tu día a día.  El piso fue construido en el año 1936 pero fue reformada por completo en el 1994 (ITE favorable) en El Poble Sec - Parc de Montjuïc. Consta de 91 m2.  Características:  - Acogedor piso de 91 m2 en El Poble Sec - Parc de Montjuïc. (Los metros cuadrados están verificados con la Dirección General de Catastro) - En el piso encontraremos 3 habitaciones y 2 baños para familias completas. - Cómodo salón-comedor con amplio espacio de luz natural creando un precioso y único espacio. - Aire acondicionado y calefacción para todas las estaciones del año. - Con una conveniente cocina muy completa. - Exterior. - Dispone de 3 balcones dos e... ,1,156,4,null,null,91,null,El Poble Sec - Parc de Montjuïc,null,360.000 € ,6,340.000 ,3.736 €/m²,Housfy Real Estate CAT, Ref.: 301786 ,3,Segunda mano/buen estado,null,Piso en venta en calle de Vila i Vilà 78,http://idealista.com/inmueble/91285173/
2,1995, Av Madrid / Barcelona. Luminoso Piso en venta de aprox 120 m2. Distribuido en 3 habitaciones dobles (una en suitte con vestidor) 2 baño con ducha y bañera cocina independiente amplio salón comedor balcón Suelos de gres carpinteria de madera y cerramientos de aluminio. Zona céntrica Index 1082 €/m2. ,1,251,6,Gas natural,null,120,null,Sants - Badal,null,null,null,486.500 ,4.054 €/m²,simurba, Ref.: 3305 ANTV ,3,Segunda mano/buen estado,null,Piso en venta en AV MADRID,http://idealista.com/inmueble/90139693/
1,null, ¡A TAN SOLO 5 MINUTOS DE L5 PLAÇA DE SANTS! - - - - - - - - - - - - - - - - - - - - - - - - - - - - - - - - - -  En inmejorable zona próximo a todo tipo de comercios y servicios como colegios parques restaurantes y centro médico. Excelente comunicación con parada de metro linea L1 Hostafrancs distintas líneas de autobús y bicing. A tan solo 2 minutos de la misma Carretera de Sants y zona Plaza de Sants. Cercano encontramos también Plaza de España con su centro comercial Las Arenas donde podrás encontrar multitud de tiendas comerciales zona de restauración y sala de cines.   Vivienda en 3ª planta en finca que dispone de ascensor que consta de 60 metros de superficie distribuida en 3 dormitorios (1 doble y 2 individuales) cocina independiente con salida a lavadero salón comedor exterior y baño completo con bañera. Dispone de calefacción individual. Incluido plaza de parking para turismo grande y trastero.   ¡Llama ahora para programar tu visita no lo dejes escapar! ,1,221,3,Gas natural,null,60,null,Sants,1,null,null,255.000 ,4.250 €/m²,LA CASA AGENCY, Ref.: GUADIANA 255K ,3,Segunda mano/buen estado,null,Piso en venta en Guadiana s/n,http://idealista.com/inmueble/91497495/
1,2010, Piso de 58 m2 construidos en una primera planta real con ascensor. Se encuentra en un edificio plurifamiliar construido en el año 2010 con piscina comunitaria y zonas verdes en una calle muy tranquila. El piso dispone de dos habitaciones exteriores un baño completo con bañera y una cocina abierta al salón-comedor. El salón dispone de buena luz de mañana gracias a un gran ventanal orientado al noroeste y con vistas despejadas y a la vegetación. Otra ventana orientada al oeste le ofrece luz a la zona de comedor y a la cocina que está totalmente equipada con electrodomésticos. Carpinterías exteriores de aluminio en gris. Carpinterías interiores de madera. Suelo de madera en todas las estancias a excepción de gres en el baño y de alegres azulejos estilo hidráulico en la cocina. Bomba de aire frío/caliente con pre instalación en toda la vivienda. Tiene un amplio trastero incluido de 7m2 en la misma finca. ,1,112,1,Bomba de frío/calor,null,58,52,La Font d'En Fargues,null,290.000 € ,2,284.000 ,4.897 €/m²,Monapart Barcelona (Vendes), Ref.: VSV1-2009 ,2,Segunda mano/buen estado,null,Piso en venta en avenida Frederic Rahola,http://idealista.com/inmueble/91180429/
2,1941,  Piso de 125m2 reformado en una tercera planta en edificio de los años 40 con ascensor. El acceso a este peculiar edificio se produce por una portería amplia limpia de colores bien escogidos y materiales nobles. La escalera es circular alrededor del ascensor y la entrada a las viviendas es a través de pasarelas creando visuales entre las diferentes plantas. El piso tiene una forma triangular por ser esquinero por ello no tiene vecinos y es todo exterior excepto una de las habitaciones. Tiene un amplio salón-comedor con ventanas amplias que dan a patio de manzana orientadas a noreste mucha luz y sol gran parte de la mañana. Tres habitaciones dobles con armarios empotrados una de ellas con baño en suite con bañera. Las otras dos habitaciones comparten un baño muy grande con ducha. La cocina es independiente lineal y con zona par... ,1,103,3,Gas natural,null,125,112,El Clot,null,530.000 € ,4,510.000 ,4.080 €/m²,Monapart Barcelona (Vendes), Ref.: VVC1-2009 ,3,Segunda mano/buen estado,null,Piso en venta en calle de la Sèquia Comtal,http://idealista.com/inmueble/91037420/
3,1982,  Home Group.- Presentamos este inmueble situado en el barrio del Guinardó tocando a la Avda. Virgen de Montserrat. Dispone de 92 m² útiles distribuidos en un gran salón comedor 3 habitaciones dobles (una con baño completo en suite y vestidor) un segundo baño + un aseo y cocina independiente. La vivienda se encuentra en muy buen estado de conservación y tiene sol todo el día. Consta de carpintería de aluminio puertas de roble calefacción por radiadores y aire acondicionado por conductos. ¡Ideal para familias! ¡Contáctenos para venir a visitarlo!- Home Group  Horta-Guinardó es un distrito distinto al resto de Barcelona&nbsp;siempre condicionado por la diversidad de su medio físico con áreas tan diferentes como Collserola Vall d’Hebron o la rambla de Horta por lo que su estructura urbana es muy característica amoldada a cada área.... ,1,0,3,Gas natural,null,102,null,El Guinardó,null,330.000 € ,12,290.000 ,2.843 €/m²,Home Group Central, Ref.: BC-40626 ,3,Segunda mano/buen estado,null,Piso en venta en Genova,http://idealista.com/inmueble/90935483/
1,1940,  Ubicado en un enclave privilegiado en una zona muy tranquila dentro del barrio de les Corts y sobre todo de mucha demanda en la actualidad encontramos una vivienda especial con dos dormitorios despacho baño cocina semi independiente salón-comedor y balcón amplio todo perfectamente distribuido.  El piso se encuentra ubicado en la calle Burdeos en una situación privilegiada ya que se encuentra en el centro de la zona formada por 4 arterias importantes como avenida de Sarrià Travessera de les Corts Entença y Josep Tarradellas es una zona muy tranquila súper comunicada con espacios verdes y muy demandada en la actualidad.  El conjunto tiene 71 metros cuadrados distribuidos en 65 m2 de vivienda 4 metros cuadrados de trastero y el resto de elementos comunes totalmente aprovechados muy luminosos y soleados. La distribución ... ,1,158,2,Gas natural,null,71,55,Les Corts,null,425.000 € ,4,410.000 ,5.775 €/m²,Monapart Barcelona (Vendes), Ref.: VGC1-2007 ,3,Segunda mano/buen estado,null,Piso en venta en calle de Bordeus,http://idealista.com/inmueble/90490490/
2,1900, Vivienda de 67 m2 construidos de dos habitaciones una doble y dos baños en un cuarto real sin ascensor en un edificio de 1900 de la calle Joaquín Costa.  Reformada hace pocos años con materiales calidades e iluminación interesantes y de ejecución excelente según proyecto de arquitecta interiorista. Todas las estancias son exteriores incluidos los baños ya sea con vistas a la calle por su orientación suroeste o al patio interior de la finca que es luminoso ya que se trata del penúltimo piso.  Pavimento de madera natural en todo el piso excepto porcelánico en zonas húmedas. Techos altos y volta catalana con rasilla vista. Paredes lisas que combinan el blanco neutro con alguna otra en color en alguna estancia. Carpintería interior en madera lacada en blanco. Carpintería exterior en aluminio en blanco. Aire acondicionado en salón-comedor y en la habitación principal. Calefacción con radiadores y caldera de gas. ,0,659,4,Gas natural,null,67,61,El Raval,null,255.000 € ,6,240.000 ,3.582 €/m²,Monapart Barcelona (Vendes), Ref.: VSM1-2007 ,2,Segunda mano/buen estado,null,Piso en venta en calle de Joaquín Costa,http://idealista.com/inmueble/90290057/
1,1930,  Piso para estrenar recién reformado de 53m2 construidos en una quinta planta en finca clásica de 1930 con ascensor. Se accede al piso por el centro y se divide en dos zonas diferenciadas claramente: zona de día orientada al este donde se halla el salón-comedor con una balconera con salida a balcón con fantásticas vistas hacia Montjuïc y al nuevo proyecto de rehabilitación y transformación de la cárcel Modelo de Barcelona. El salón-comedor es un espacio diáfano con mucha luz y una zona de despacho con un mueble hecho a medida muy práctico. Separada por una puerta corredera de madera y vidrio pensada para llevar la máxima luz al centro del piso tenemos una cocina completamente equipada con horno-microondas inducción y nevera muy funcional con un espacio para poder desayunar y un altillo muy bien pensado con gran capacidad de alma... ,1,86,5,Eléctrica,null,53,48,La Nova Esquerra de l'Eixample,null,270.000 € ,4,260.000 ,4.906 €/m²,Monapart Barcelona (Vendes), Ref.: VAJ1-2007 ,1,Segunda mano/buen estado,null,Piso en venta en calle de Vilamarí,http://idealista.com/inmueble/90147434/
2,null, En el corazón de l’Eixample Dret a un paso del Paseo Sant Joan en una sexta planta de una finca esquinera del 1975 encontramos este luminoso piso de 136m2 más 19m2 de terraza. Reformado en su totalidad con acabados de alta calidad y listo para entrar a vivir. El piso consta de cocina abierta de 25m2 con una gran isla totalmente equipada con electrodomésticos de alta gama y un amplio salón con chimenea y salida directa a la terraza. La vivienda dispone de tres dormitorios dobles uno de ellos en suite. Dos de las habitaciones dobles tienen acceso a la terraza y los otras dos dan a un amplio patio ventilado. La vivienda cuenta con dos baños completos con mobiliario de diseño y un aseo. El suelo es de gres porcelánico en las zonas comunes y de parque de madera natural en las zonas de dormitorios aportando calidez a las estancias. La carpintería exterior es de aluminio con rotura de puente térmico vidrios climalit sonoreductores y persianas automáticas. La climatización de la vivienda es por aerotermia suelo radiante frío y calor. La finca dispone de servicio de conserjería.  +20.000€ parquing opcional en el mismo edificio. ,1,45,6,Gas natural,null,160,155,Eixample,1,780.000 € ,3,760.000 ,4.750 €/m²,Casa sc, Ref.: 1P1897 ,4,Segunda mano/buen estado,1,Piso en venta en La Dreta de l'Eixample,http://idealista.com/inmueble/89010288/
1,null, ¡OPORTUNIDAD EN LA ZONA!   Inmueble ubicado en Barcelona en el barrio de Turó de la Peira. Cerca de restaurantes centros médicos colegios zonas ajardinadas comercios y todo tipo de servicios. Es una zona muy tranquila y muy bien comunicada al lado del metro Virrei Amat i Vilapicina (L5 - Línea Azul) y diversas líneas de autobús.  Fácil acceso a carreteras principales como Fabra i Puig Ronda de Dalt (B-20) Ronda Litoral (B-10) y Avenida Meridiana.  El piso dispone de 75m² y se encuentra en una 5ª planta en una finca que tiene ASCENSOR. Distribuido en un amplio salón - comedor con salida a balcón 3 dormitorios (1 doble y 2 individuales) cocina tipo office totalmente equipada y baño completo. Dispone de calefacción.  La vivienda se encuentra LISTA PARA ENTRAR A VIVIR.  ¡NO PIERDAS ESTA OPORTUNIDAD LLAMA YA Y AGENDA UNA VISITA! ,1,132,5,Gas natural,null,75,null,Can Peguera - El Turó de la Peira,null,null,null,210.000 ,2.800 €/m²,Antonio N. - La Casa Agency, Ref.: A. FABRA I PUIG 210K ,3,Segunda mano/buen estado,null,Piso en venta en paseo de Fabra i Puig s/n,http://idealista.com/inmueble/91642154/
1,1967, PISO AMPLIO + ASCENSOR + TRASTERO Y BALCÓN!  Se vende OPORTUNIDAD ÚNICA en la zona de la Marina Port en la calle Foneria. Dispone de una excelente comunicación con transporte público diversas líneas de bus y justo al lado de la parada de metro línea de metro L10S (Azul) Foneria. Además dispone de diversos tipos de servicios a sus alrededores como comercios colegios supermercados a pocos minutos Centro Comercial Gran Vía 2 etc.  La vivienda consta de 74m2 útiles distribuidos en 4 dormitorios salón comedor espacioso con salida a balcón exterior amplio con vistas despejadas baño equipado de 3 piezas con plato de ducha y cocina amplia con acceso a galería. Piso a reformar con una gran infinidad de posibilidades. Altura de un 4º real con ascensor incluido trastero en la misma finca!   NO PIERDA LA OPORTUNIDAD DE VENIR A VERLO LE ENCANTARÁ! Además si deseas conocer el valor de tu vivienda contáctenos y te la valoramos SIN COMPROMISO Y SIN COSTE!  ¿Necesitas asesoramiento financiero? Nuestros asesores financieros profesionales te orientarán sin compromiso en el trámite de hipotecas ¡DE MANERA TOTALMENTE GRATUITA!    NO PIERDA LA OPORTUNIDAD DE VENIR A VERLO LE ENCANTARÁ! ,1,221,4,null,null,80,74,La Marina del Port,null,null,null,165.000 ,2.062 €/m²,"LA CASA AGENCY PUNTO SANT JOSÉ HOSPITALET, S.L.", Ref.: F-B165 ,4,Segunda mano/para reformar,null,Piso en venta en calle de la Foneria,http://idealista.com/inmueble/91637198/
1,null, ¡OPORTUNIDAD EN EL BARRIO!  En inmejorable zona en el barrio de La Bordeta próximo a todo tipo de comercios y servicios como colegios parques restaurantes y centro médico. Excelente comunicación con metro L1 Hostafrancs L5 Plaça de Sants Rodalies Renfe distintas lineas de autobús y bicing. A tan solo 5 minutos de la misma Gran Via de les C. C que comunica con Plaza de España y su centro comercial Las Arenas.   Vivienda en 1ª planta en finca que dispone de ascensor que consta de 65 metros de superficie distribuida en salón comedor con salida a balcón interior cocina independiente 3 dormitorios (2 dobles y 1 individual) y baño completo con plato de ducha. El estado de esta vivienda es listo para entrar a vivir. Dispone de instalación de aire acondicionado.   ¡CONCRETA TU VISITA Y VEN A VISITARLO! ,1,231,1,Bomba de frío/calor,null,65,null,La Bordeta,null,189.000 € ,3,183.000 ,2.815 €/m²,LA CASA AGENCY, Ref.: VILADECANS 189K ,3,Segunda mano/buen estado,null,Piso en venta en calle de Viladecans s/n,http://idealista.com/inmueble/91552661/