bathrooms,constructed_year,description,elevator,energetic_qualification_kWhm2_año,floor,heater_system,its_new,m2_build,m2_useful,neighbourhood,parking,price_down_euro,price_down_percentage,price_euro,price_m2,real_estate,ref,rooms,status,terrace,title,link
1,1912,  Singular piso de 62 m2 con una pequeña terraza de 3 m2 ubicado en una primera planta en la zona de Poblenou. Se compone de: luminoso salón-comedor cocina americana equipada un dormitorio doble una segunda habitación como estudio o vestidor y un baño. Incluye trastero.  A tan sólo 10 minutos andando de las playas de Somorrostro o Nova Icaria y al lado del Parque de la Ciutadella tendrá una oportunidad única de adquirir una de las 20 viviendas concebidas para un estilo de vida moderno cómodo y para disfrutar de lo mejor que le puede ofrecer Barcelona: Vivir cerca de la playa y en pleno distrito de nuevas tecnologías donde surgen infinitas oportunidades laborales en pequeñas start-ups o en grandes y reconocidas empresas de nuevas tecnologías del mundo o incluso bufetes de abogados de reconocido prestigio. Firmas como Booking Mediap... ,1,0,1,null,null,62,53,El Parc i la Llacuna del Poblenou,null,null,null,390.000 ,6.290 €/m²,Coldwell Banker Prestige Barcelona, Ref.: B04593BA ,1,Segunda mano/buen estado,1,Piso en venta en calle de Sardenya 98,http://idealista.com/inmueble/81269646/
2,1964, Piso en venta en la calle Lepanto en Fort Pienc barrio integrado al distrito Eixample en el centro de Barcelona. Es una de las zonas mas exclusivas de la ciudad residencial áreas verdes jardines parques plazas y una gran oferta de viviendas y calles que la atraviesan como la Avenida diagonal y Gran Vía de Les Corts Catalanes. Numerosas atracciones y puntos de interés como La Basílica Sagrada Familia el Teatro Nacional de Cataluña La Casa Batló la Plaza de toros Monumental entre otros. Excelentes comunicaciones Metro: L1 L2 Tren: R1 R4 Autobús: 54 6 7 etc. En sus cercanías se encuentran supermercados farmacias colegios restaurantes panaderías pizzerías y cafeterías.  Se trata de un piso con 83 m² distribuido en salón comedor cocina equipada e independiente a reformar zona de lavadero. La área de noche cuenta con tres (03) habitaciones (dos dobles y una individual) un baño completo. Entre sus calidades dispone de TV suelos porcelánico gres carpintería madera lacada en blanco puertas y ventanas de doble acristalamiento. Piso con excelente iluminación luz natural todo exterior hermosas vistas a calle. Finca en buen estado y con ascensor. ,1,0,5,Calefacción individual,null,83,null,El Fort Pienc,null,null,null,259.000 ,3.120 €/m²,REAL ESTATE, Ref.: 63680 ,3,Segunda mano/para reformar,null,Piso en venta en calle de Lepant,http://idealista.com/inmueble/91440384/
1,1962, ProntoPiso pone a la venta esta vivienda de 65 m² en segunda planta con ascensor ubicada en la calle Sacedón una calle peatonal del barrio del Carmel.  El piso consta de salón-comedor balcón dos habitaciones (antes tres) baño con plato de ducha cocina independiente y galería.  Para entrar a vivir dispone de carpintería de aluminio suelo de parquet natural armarios empotrados luces empotradas y calefaccion.  Destacar que es un piso muy luminoso en calle peatonal a 300 metros (a pie plano) de la parada de metro El carmel. ,1,0,2,null,null,69,66,El Carmel,null,null,null,190.000 ,2.754 €/m²,ProntoPiso, Ref.: 0D1077AF-0 ,2,Segunda mano/buen estado,null,Piso en venta en calle de Sacedón,http://idealista.com/inmueble/85682817/
2,1974, West Side vende:  Piso con balcón reformado a estrenar en Les Corts.  La vivienda se encuentra distribuida en 3 habitaciones de las cuales 1 es doble y exterior con baño en suite completo con plato de ducha las otras 2 son individuales.  Además de disponer de otro baño completo con plato de ducha. La cocina es semi-abierta en un amplio salón-comedor con salida a balcón en la misma calle a través de esta salida tiene una gran entrada de luz natural.  Esta en un tercera planta real en finca con ascensor destacando el excelente estado de la finca reformada recientemente de obra vista y adaptada su entrada a personas con movilidad reducida.   Situado una de las calles principales del barrio de Les Corts además de tener excelentes opciones de comunicación tanto por transporte público al contar con la L3 Plaça del Centre y muy bien comunicado al estar junto a la Avenida Madrid.  No dude en llamar y pedir más información. ,1,166,3,null,null,76,69,Les Corts,null,null,null,340.000 ,4.474 €/m²,West Side Real Estate Sl, Ref.: CB_BCN_0346_V ,3,Segunda mano/buen estado,null,Piso en venta en calle de Galileu,http://idealista.com/inmueble/91385849/
2,1935,   Por fin la has encontrado  Oportunidad única de adquirir una estupenda vivienda en una de las calles mas solicitadas de la ciudad junto a Turó Parc.   El piso consta de un magnífico y espacioso salón-comedor con salida a balcón y vistas a las zonas verdes de Pau Casals y Francesc Maciá una espaciosa cocina con gran capacidad de almacenaje con zona ofice y acceso desde el pasillo y el comedor dos habitaciones dobles con acceso a una amplia galería que confieren una gran luminosidad a las estancias y donde podrá disfrutar de un tranquilo y reparador descanso 3 habitaciones individuales de las cuales una habilitada como un vestidor de gran tamaño un amplio baño principal de cuatro piezas con bañera un baño de cortesía. El piso tiene calefacción y aire acondicionado en la zona de noche la finca tiene servicio de portería y dos a... ,1,0,3,Gas natural,null,156,136,Sant Gervasi - Galvany,null,null,null,825.000 ,5.288 €/m²,Comercial Ventas, Ref.: A2177 ,5,Segunda mano/buen estado,null,Piso en venta en avenida de Pau Casals 6,http://idealista.com/inmueble/91367384/
3,1936,  Piso de 140m2 en la 4ª planta de una finca clásica del chaflán de la calle Compte d'Urgell con Londres recién reformado con materiales de primera calidad y equipado con los mejores electrodomésticos.    Consta de 3 dormitorios 2 dobles en suite (uno con armarios empotrados y el otro con vestidor) y 1 habitación pequeña/despacho con un baño de cortesía con ducha. Ent total 3 baños completos (1 con bañera).     La zona de día está bien diferenciada de la zona de noche. La cocina office semi abierta al salón-comedor es de diseño con isla central de Silestone y está completamente equipada (nevera congelador lavavajillas horno y microondas). Dispone además de un pequeño espacio destinado a lavandería con capacidad para lavadora secadora y para el doblado de ropa.    El salón-comedor consta de 32 m2 con salida directa a balcón.    El ... ,1,0,4,null,null,140,136,L'Antiga Esquerra de l'Eixample,null,null,null,750.000 ,5.357 €/m²,Helvetic Real Estate, Ref.: HELV0202C ,2,Segunda mano/buen estado,1,Piso en venta en calle Comte d'Urgell 237,http://idealista.com/inmueble/82253531/
1,1951, OPORTUNIDAD!  Piso situado en el Barrio de Sagrada Familia muy cercano a todo tipo de comercios hospital de Sant Pau colegios CC Les Glorias. Muy bien comunicado con la línea 5 (Azul) y línea 2 (Morada) parada de Sagrada Familia y con diversas líneas de autobuses.  La finca es del 1951 dispone de ascensor siendo una sexta planta de altura real.  El inmueble consta de 77m² distribuidos en cuatro habitaciones dos de ellas dobles y dos individuales salón comedor cocina independiente lavadero y un baño completo.   Muchas posibilidades de redistribución!  No pierdas la oportunidad de venir a verlo.  RESERVALO YA!  *Registro gestoría notaría no incluidos en el precio. ,1,151,6,null,null,77,null,La Sagrada Família,null,null,null,255.000 ,3.312 €/m²,Aureli Sanchez, Ref.: LepSanti ,4,Segunda mano/para reformar,null,Piso en venta en calle de Lepant,http://idealista.com/inmueble/91626574/
2,1960,  Piso reformado en Capitán Arenas con 2 habitaciones dobles 2 baños. Salón comedor exterior a calle cocina americana Reforma de alta calidad armarios empotrados sistema de aire aire acondicionado bomba frio y calor por conducto radiadores en todas las estancia de gas ciudad. Suelos de parquet madera natural carpintería de exteriores aislante del frío y calor con cristal climalit electrodomésticos de gama alta. Se ha cuidado cada detalle en la reformar haciendo de este inmueble un lugar especial para vivir. La finca en un futuro muy cercano quedará completamente rehabilitada en exteriores e interiores quedando completamente nueva en un zona de lujo de Pedrlabes. Este bonito inmueble se encuentra muy cerca de Centros médicos. ( Clínica Cima Clinica Corachan) a pocos minutos de Corte Inglés ( Maria Cristina) centro comercial Il... ,1,0,6,Gas natural,null,70,60,Pedralbes,null,null,null,440.000 ,6.286 €/m²,YRMASA INVERSIONES INMOBILIARIAS, Ref.: CAPITANARENASREFORMADO. ,2,Segunda mano/buen estado,null,Piso en venta en calle del Capità Arenas,http://idealista.com/inmueble/91614284/
2,1890, Piso esquinero con acabados de calidad en la mejor zona del Eixample Dret a 2 minutos de Plaza Cataluña. Hablamos de una vivienda de 180m2 más 35m2 de terraza interior y 6 balcones. Listo para entrar a vivir. Por su distribución el piso tiene un máximo aprovechamiento de las estancias.   A la entrada salón comedor exterior a la calle con tres ventanales y balcones independiente del resto de la casa. A la izquierda enorme cocina equipada con zona office despensa y salida a patio interior. La vivienda dispone de cuatro dormitorios uno de ellos suite con baño completo en acabados nobles y tres habitaciones más de las cuales dos son exteriores a la calle y una cuarta tiene salida a patio interior. En el pasillo encontramos otro baño completo que asiste al resto de las habitaciones. Dispone de aire acondicionado y bomba de calor por conductos toalleros eléctricos en los baños. Sin duda un piso con encanto con techos altos amplias estancias en la mejor situación de Barcelona cerca de Plaza Urquinaona Plaza de Catalunya Plaça Tetuán Passeig de Gracia Arc de Triomf Parc de la Ciutadella. con todos los servicios y comunicaciones.    LOS IMPUESTOS VIGENTES DERIVADOS DE LA COMPRAVENTA NO ESTÁN INCLUIDOS EN EL PRECIO. ,1,156,1,Gas natural,null,180,155,La Dreta de l'Eixample,null,null,null,790.000 ,4.389 €/m²,Cambra de la Propietat Urbana de Barcelona, Ref.: 583v ,4,Segunda mano/buen estado,1,Piso en venta en calle de Casp,http://idealista.com/inmueble/91569965/
1,1972, Garlasa Trade le ofrece esta autentica oportunidad en Avenida Josep Tarradellas junto a la Calle Nicaragua.   EL inmueble se encuentra en una octava planta real de una finca con ascensor.  El piso tiene 93m2 que se distribuyen en:   -Salón-comedor exterior a calle con salida al balcón.  -Cocina office semi-abierta con posibilidad de abrirla al comedor.   -Baño completo  -Balcón exterior a calle con orientación sur-este.  -Habitación doble exterior  -Habitación mediana con mucha luminosidad-  Habitación individual con mucha luminosidad.   El inmueble es todo tabique tiene una gran posibilidad de reforma.  La finca tiene parquing   No dude en llamarnos.  686408074. ,1,0,8,Gas natural,null,93,null,Sants,1,null,null,420.000 ,4.516 €/m²,Garlasa Trade, Ref.: _j.tarradellas ,3,Segunda mano/buen estado,1,Piso en venta en avenida de Josep Tarradellas,http://idealista.com/inmueble/91567658/
1,1920, HABITA BARCELONA. Propiedad de categoría en una finca regia de 1920 en la parte alta del emblemático Paseo de Gracia a pocos metros de La Pedrera. A reformar y hasta ahora utilizada como oficina consta de 228m2 construidos y tiene todos los elementos esenciales para convertirse en una vivienda de revista. La finca tiene conserje ascensor y el terrado comunitario es accesible y ofrece vistas panorámicas de la ciudad. Esta amplia vivienda es exterior al Paseo y también al interior de manzana. Existe la posibilidad de segregación lo cual puede ser de gran atractivo. Nota: Gastos de notaría e impuestos no incluídos. ,1,168,2,Gas natural,null,228,208,La Dreta de l'Eixample,null,null,null,2.200.000 ,9.649 €/m²,Habita Barcelona, Ref.: V-PASG21 ,7,Segunda mano/para reformar,null,Piso en venta en Av paseo de gracia,http://idealista.com/inmueble/91474927/
2,1975, OPORTUNIDAD PISO  Tipo de Inmueble: Piso en el barrio Camp del`Arpa para reformar son 75mt2 de piso distribuidos en 3 dormitorios consta de 2 baños 1 baño en suite con 4 piezas bien amplios. Cocina completa con salida a patio de 10 mts2. El salón comedor con salida a un gran ventanal luminoso. Cuarto de Baño también por separado con plato de ducha. Finca de 1975 con ascensor sin barreras arquitectónicas.  El barrio: Camp del Arpa cuenta con todos los servicios colegios parque comercios muy buena comunicación de transporte con 3 líneas de metro a su alrededor. Hospital de Sant Pau a solo 2 calles.  Transportes. (L5 y 1 CLOT L1 NAVAS y a 5 minutos encontramos estación Clot con Renfe y líneas de metro L2 y L1 ) también contamos cerca buses y demás medios de transporte.  No dudes en contactarnos para verlo. Contamos con nuestro propio Departamento Financiero y convenios con más de catorce entidades bancarias. Honorarios de inmobiliaria impuestos como gastos de notaria y registro no incluidos en el precio. Llámanos sin compromiso disponemos de mas inmuebles en nuestra red que no a lo mejor no se encuentran publicados. ´Tu consulta no molesta. ,1,154,null,null,null,75,null,El Camp de l'Arpa del Clot,null,null,null,250.000 ,3.333 €/m²,jean paul cherigny, Ref.: LU-VTA-RUIZDEPADRON-DIVINITY ,3,Segunda mano/buen estado,1,Piso en venta en calle de Ruiz de Padrón,http://idealista.com/inmueble/91429566/
1,1800,  HABITA BARCELONA. Un piso encantador con una mezcla perfecta de personalidad y confort que además goza de una magnífica terraza de más de 20m2 -escriturada y de uso privativo- situada en la cuarta planta. El piso está en una segunda planta de una finca rehabilitada con muy buen gusto en una calle tranquila a pocos pasos de Vía Laietana. Esta preciosa propiedad de amplias estancias se distribuye actualmente en zona de día con recibidor salón y comedor independiente ambos con salida a balcón y una zona de despacho abierto. No obstante la zona de despacho podría fácilmente cerrarse para tener una segunda habitación. La cocina está totalmente renovada; está equipada con cocina de gas horno nevera y lavavajillas. En la zona de noche hay una espaciosa habitación (que en realidad ocupa el espacio de dos habitaciones) con grandes vent... ,0,152,2,Gas natural,null,102,null,El Gòtic,null,null,null,386.000 ,3.784 €/m²,Habita Barcelona, Ref.: V-MAGD2 ,1,Segunda mano/buen estado,1,Piso en venta en magdalenas,http://idealista.com/inmueble/91421017/
1,1960, Piso super completo junto metro Llucmajor y Plaza de la República. Reformado para entrar a vivir. El piso es muy cuadrado y bien distribuido con 1 habitación doble y dos individuales.. . Exterior a patio de manzana super luminoso todo el día. La cocina y el baño estan en perfecto estado. La cocina tiene lavadero para poder tender la ropa. Todo el piso tiene parquet aire acondicionado y calefacción. Es una tercera planta real sin ascensor.  ITE pasada Situado en una zona muy comercial y con ambiente de barrio. Cerca de transporte colegios supermercados centros médicos parques y jardines Metro Llucmajor (L4) y varias lineas de bus al lado.  CONTACTAR POR WHATTSAPP CON SUSANNA AL 661 859 373   Esta propiedad se ofrece con la garantia de TÀNDEM IMMOBILIARIA. que le acompañará en todo el proceso de compra desde la primera visita para encontrar la vivenda adecuada a sus necesidades la negociación de precios y extras búsqueda de financiación y profesionales para las reformas que su nueva vivienda pueda necesitar.   AVISO LEGAL AL COMPRADOR: NO LE COBRAMOS POR LA COMPRA DEL PISO. EL PRECIO NO INCLUYE LOS IMPUESTOS NI LOS GASTOS DE COMPRA (NOTARIO REGISTRO ETC. ) TAMPOCO INCLUYE MOBILIARIO DECORACIÓN Y ENSERES. ,0,135,2,null,null,72,66,Porta,null,null,null,179.500 ,2.493 €/m²,Tàndem Immobiliària, Ref.: TANDEM-TUBAU ,3,Segunda mano/buen estado,null,Piso en venta en EDUARD TUBAU,http://idealista.com/inmueble/91292778/
1,1963, Práctico apartamento de dos dormitorios en Còrsega con Bruc cómodo e idealmente ubicado recién reformado y listo para entrar a vivir. El piso dispone de dos dormitorios uno de ellos doble y el otro individual que dan a la parte posterior del piso. El baño es exterior con plato de ducha. La cocina está equipada y lista para ser usada y la zona del salón-comedor es exterior a calle Còrsega orientada a oeste es muy agradable y con un sol de tarde precioso. Esta zona de día es muy amplia cómoda y cálida ya que se juntó con uno de los dormitorios que había antes de la reforma (anteriormente era un piso de 3 dormitorios). La finca está en perfecto estado tiene ascensor y se ubica al lado de LA CASA DE LES PUNXES Paseo de Gracia Barrio de Gracia&nbsp; Avenida Diagonal. Para ampliar información o realizar visita no dude en contactarnos. ,1,0,null,null,null,70,65,La Dreta de l'Eixample,null,null,null,320.000 ,4.571 €/m²,Proddigia, Ref.: 9723 ,2,null,1,Piso en venta en calle de Còrsega,http://idealista.com/inmueble/91115262/
3,1930,  Espectacular casa reformada en Poble Sec ¿Te imaginas vivir en una casa en pleno centro de Poble Sec? Engel &amp; Völkers pone a la venta una espectacular casa de más de doscientos metros totalmente reformada. Dividida en tres plantas la casa dispone de dos patios para repartir la luz natural en la planta baja. Dispone de dos amplias terrazas de treinta metros con luz solar todo el día. Vigas de madera y altísimos techos con los que el arquitecto crea diferentes altillos y dobles estancias. Dispone de cinco habitaciones y un despacho en altillo y tres baños. La casa se encuentra en una inmejorable ubicación el barrio de Poble Sec. Este se encuentra dentro del distrito barcelonés de Sants-Montjuic. Está situado entre la montaña de Montjuic y Paral·lel una de las avenidas que vertebran la ciudad de Barcelona y que va desde la plaza Esp... ,0,232,null,Gas natural,null,222,null,Sants-Montjuïc,null,995.000 € ,13,870.000 ,3.919 €/m²,Barcelona MMC - Les Corts- Sants - Hospitalet - S5, Ref.: W-02J5ZG ,5,null,1,Piso en venta en El Poble Sec - Parc de Montjuïc,http://idealista.com/inmueble/90918422/
1,1900, Auténtico Loft en el corazón de Gràcia En una antigua fábrica textil del siglo XIX reconvertida en viviendas en 2006 encontramos este auténtico loft de estilo neoyorquino de amplios espacios a diferentes niveles y techos altos. La vivienda consta de un espacio central diáfano con cocina abierta y en la actualidad dispone de cuatro habitaciones. Cuenta también con una segunda planta sótano con la que disfrutarán los amantes del vino pues es ideal como bodega aunque también puede utilizarse como taller espacio de trabajo o de almacenaje. Dispone de cédula de habitabilidad. No dude en contactarnos para explicarle con más detalle las numerosas posibilidades de esta propiedad. Ubicado en una calle tranquila cerca de Plaza Lesseps al límite entre Gracia y Sant Gervasi muy bien conectado con numerosos autobuses y la línea verde de metro entre Fontana y Lesseps donde llegará la futura L9 directa al aeropuerto. Rodeado de todos los comercios y servicios necesarios para una vida confortable en la ciudad. ,1,0,0,Gas natural,null,186,null,Gràcia,null,790.000 € ,11,700.000 ,3.763 €/m²,Barcelona MMC, Ref.: W-02JG2G ,4,Segunda mano/para reformar,null,Piso en venta en Vila de Gràcia,http://idealista.com/inmueble/90888107/
3,1910, Bonito piso alto en Enric Granados Piso alto y muy luminoso situado en finca original del 1910 con orientación óptima sudeste.  Su distribución es muy práctica a través de un vestíbulo de entrada que reparte las estancias a izquierda y derecha. Dispone de dos dormitorios dobles dos baños completos y un aseo de cortesía. El salón está orientado a la calle principal con salidas a balcones con magníficas vistas despejadas. Dispone además de una cocina completamente equipada. Los dos dormitorios disponen de su propio baño en suite. El apartamento dispone de aire acondicionado por conductos y radiadores de gas.  Se trata de una vivienda muy interesante para particulares que quieran un piso céntrico y luminoso o para inversores que busquen una vivienda bien situada y fácilmente alquilable. Se encuentra en la misma calle Enric Granados entre la calle Valencia y la calle Mallorca siendo una de las calles más solicitadas debido a la multitud de restaurantes tiendas zonas ajardinadas y la ausencia de tráfico por ser una calle semi peatonal. La propiedad tiene una excelente comunicación con los transportes públicos de la ciudad lo que permite estar en pocos minutos en cualquier punto de Barcelona. ,1,163,7,Calefacción individual,null,109,null,Eixample,null,625.000 € ,6,590.000 ,5.413 €/m²,Barcelona MMC - Eixample - S2, Ref.: W-02JK6T ,2,Segunda mano/buen estado,null,Ático en venta en L'Antiga Esquerra de l'Eixample,http://idealista.com/inmueble/90738410/
4,1924,  Magnífica casa plurifamiliar en Tres Torres Engel &amp; Völkers presenta un producto único en el distrito de Tres Torres. Se trata de un edificio plurifamiliar actualmente estructurado en dos unidades habitacionales y un local comercial. En la planta baja y sótano se ubica el local alquilado hasta el 2023. En la planta primera un cómodo apartamento de unos 50 m2 con salida a terraza de 25 m2. La planta segunda y el ático unidos a través de una escalera interior constituyen un piso separado de unos 125 m2 más terraza. El inmueble en excelentes condiciones de mantenimiento puede adaptarse a distintos usos en función de las exigencias de los nuevos propietarios: desde casa unifamiliar hacia mantener las distintas unidades por separado. Se trata de un edificio del 1924 con restauración integral en el año 2007 en una zona estratégica ... ,null,324,null,Gas natural,null,335,null,Sarrià-Sant Gervasi,null,1.580.000 € ,6,1.490.000 ,4.448 €/m²,Barcelona MMC - Zona Alta - S1, Ref.: W-02JHGP ,4,Segunda mano/buen estado,1,Casa o chalet independiente en venta en Les Tres Torres,http://idealista.com/inmueble/90513510/
1,1970, Piso de 70 m2 en Concepción Arenal muy práctico y agradable a 3 minutos del centro de Sant Andreu pero alejado del bullicio del Carrer Gran. &nbsp; El piso es completamente cuadrado y exterior con balcón y todas las estancias exteriores y tranquilas. Dispone de 3 dormitorios y un baño completo con una distribución ideal separando la zona de día de la zona de los dormitorios. La cocina tiene acceso a la zona de aguas y es exterior y muy agradable. La vivienda tiene puertas de madera y suelos cerámicos carpinterías de aluminio y splits para bomba frío/calor. Los techos son altos y el espacio muy compensado en cuanto a superficies de las distintas estancias en relación a una vivienda de 70m2. La puerta está blindada y tiene alarma. La ubicación es inmejorable en pleno barrio de Sant Andreu al lado de uno de los accesos más emblemáticos de la ciudad de Barcelona. Para ampliar información o concertar visita no dude en contactar. ,1,0,null,null,null,70,65,Sant Andreu,null,null,null,239.000 ,3.414 €/m²,Proddigia, Ref.: 9191 ,3,null,1,Piso en venta en calle de Concepción Arenal,http://idealista.com/inmueble/90372661/
1,null, Excelente&nbsp; piso con licencia turística en el corazón de la vila de Gràcia en la tranquila calle peatonal Doctor Rizal. &nbsp; El piso es muy luminoso ya que las ventanas dan a un patio interior y está distribuido para maximizar el espacio para uso propio o para explotación comercial. &nbsp; Cuenta con 2 habitaciones amplias baño completo cocina y salón comedor. Su ubicación es inmejorable&nbsp; a pocos metros de plaza Gal. la Placidia y a 6 minutos de FFGG de Gràcia y metro diagonal.   Se vende totalmente amueblado y listo para entrar a vivir.   No dude en contactarnos para ampliar información o concertar visita. ,0,0,null,null,null,60,55,Vila de Gràcia,null,null,null,410.000 ,6.833 €/m²,Proddigia, Ref.: 9103 ,2,null,null,Piso en venta en calle del Doctor Rizal,http://idealista.com/inmueble/90328138/
2,2010, Precioso piso de obra nueva de la constructora METRO-3 espectacularmente soleado con grandísimos ventanales. Todas las estancias son exteriores amplias y con muchísimo sol. Dispone de 3 dormitorios uno de ellos en suite y dos baños completos. La cocina es amplia y tiene salida a zona de aguas. Los materiales son de altísima gama y el diseño está pensado para ser un producto bonito pero sobretodo práctico y funcional. Incluye una plaza de parking en la finca.  La planta del inmueble es completamente cuadrada y todos los espacios están idealmente aprovechados y pensados para almacenajes y armarios empotrados. Los materiales nobles incluyen maderas macizas carpinterías Technal e instalaciones por conductos. Un conjunto ideal para una familia que busque Poblenou centro a 5 minutos de la playa y rodeado de todos los servicios y comercios. &nbsp;No dude en ampliar información o concertar visita. ,1,0,1,Calefacción individual,null,84,72,El Poblenou,1,null,null,455.000 ,5.417 €/m²,Proddigia, Ref.: 9078 ,3,Segunda mano/buen estado,null,Piso en venta en calle del Joncar,http://idealista.com/inmueble/90260166/
4,1981,  Proddigia tiene el placer de presentarle este estupendo piso que cuenta con unas características muy destacadas.&nbsp; El piso se sitúa en la última planta de un edificio de 3 plantas y ocupa toda la superficie de la finca un total de 260 m2 y donde todas las estancias son muy amplias totalmente exteriores y extremadamente luminosas con preciosas vistas a la montaña del Tibidabo y a la ciudad.&nbsp; El inmueble cuenta con una distribución muy práctica y cómoda ya que tiene diferenciadas una imponente zona de día y otra de noche. Al acceder a la vivienda nos encontramos con un amplio recibidor que nos conduce por un lado a la zona de día y por otro a la zona de noche. La primera está compuesta por un extraordinario salón de grandes dimensiones muy luminosos y con salida a la terraza del piso. Esta gran estancia cuenta con varios espa... ,1,177,2,null,null,260,240,Vallcarca i els Penitents,1,null,null,1.050.000 ,4.038 €/m²,Proddigia, Ref.: 6943 ,5,Segunda mano/buen estado,1,Piso en venta en Passatge de Cardedeu,http://idealista.com/inmueble/88216292/
1,1971, Gaudi House tiene el placer de presentar este encantador inmueble. Se trata de un piso de 70 m2 con una excelente distribución y mucha luz natural y vistas al mar y la ciudad. Ubicado en el barrio Can Baro a solo 5 minutos a pie del parque Güell y parque del Guinardo en un entorno de espacios verdes tranquilidad y las mejores vistas de la ciudad. El inmueble consta de tres habitaciones dos de ellas dobles cocina con lavadero independiente baño completo con bañera y salón comedor. Tiene además dos balcones con vistas a la ciudad y el mar con acceso desde salón y habitación principal.  Finca tranquila con pocos vecinos y con la ITE superada. Se realizó reforma de cocina baño e instalaciones de agua y eléctrica. Dispone de climatización centralizada y suelos de parquet. No dude en llamarnos para venir a visitar el que puede ser su próximo hogar o realizar un tour virtual. ,1,0,1,null,null,70,65,Can Baró,null,null,null,239.000 ,3.414 €/m²,Gaudi House Ventas house, Ref.: V-4031 ,3,Segunda mano/buen estado,null,Piso en venta en calle de Josep Serrano,http://idealista.com/inmueble/90071585/
4,1979,  En una ubicación excelente del prestigioso barrio de Pedralbes tenemos el placer de presentarles este fantástico piso que se sitúa en una finca propia de la zona donde nos encontramos donde uno de los dos conserjes que se encargan de mantener la finca absolutamente inmaculada nos recibe en la amplia y preciosa portería con un cordial saludo. El acceso al piso se hace a través de un ascensor que nos deja en un vestíbulo exclusivo para nosotros y que otorga un aire de exclusividad y privacidad.&nbsp;  Cuando entramos al piso nos invade una gran sensación de amplitud debido a los grandes espacios y la gran cantidad de luz natural que tiene. El acceso al piso se hace a través de un amplio recibidor y desde donde podemos pasar al gran salón comedor entrar directamente en la cocina en la habitación principal de la casa o ir al piso infer... ,1,0,1,Calefacción individual,null,400,240,Pedralbes,1,null,null,1.790.000 ,4.475 €/m²,Proddigia, Ref.: 5960 ,4,Segunda mano/buen estado,1,Piso en venta en calle de l'Abadessa Olzet,http://idealista.com/inmueble/84591188/
3,1900,  Piso con licencia turística en Ciutat Vella Espectacular apartamento con licencia turística y terraza en planta primera ubicado en pleno centro de la ciudad Condal. Reformado íntegramente y con una superficie de 181 m2 la vivienda se distribuye en tres apartamentos con la posibilidad de unificarlos en un solo espacio o hacerlos completamente independientes. Es en la parte exterior a calle donde se ubican los dos apartamentos totalmente equipados y con salida al balcón. En la parte interior está el otro apartamento con dos habitaciones y un gran salón comedor con cocina integrada con una terraza de 56 m2 al mismo nivel que permiten disfrutar de luz natural en el interior. En la parte exterior encontramos un trastero de 10 m2 y unos antiguos fregaderos en el subterráneo. Ravalejar es vivir la experiencia de sentirse vivo cada día absor... ,0,0,1,Gas natural,null,211,null,Ciutat Vella,null,910.000 € ,13,790.000 ,3.744 €/m²,Barcelona MMC - Ciutat Vella - Sant Martí - S7, Ref.: W-02IGER ,5,Segunda mano/buen estado,1,Piso en venta en El Raval,http://idealista.com/inmueble/89816502/
2,1878,  Nuevo apartamento esquinero tipo loft en la ubicación más atractiva del Born. Con sus 8 puertas al balcón el apartamento ofrece una inmensa cantidad de luz natural durante todo el día mientras disfruta de espectaculares vistas directas del famoso mercado.  Al entrar se encuentra la impresionante sala de estar de 63 m2 con su cocina abierta. La renovación del apartamento se ha ejecutado con gran atención al detalle y al diseño con materiales de alta calidad.  La cocina está totalmente equipada y revela elegancia con sus accesorios. En combinación con paredes de ladrillo bóvedas catalanas en los techos y vigas industriales el apartamento presenta un aspecto moderno y único.  El dormitorio de 36 m2 consta de un diseño abierto donde el baño completo está justo detrás de la cama y ofrece un diseño muy ecléctico también con el toque ind... ,1,283,1,Bomba de frío/calor,null,111,null,Sant Pere - Santa Caterina i la Ribera,null,null,null,1.150.000 ,10.360 €/m²,christoph toelle, Ref.: BCNP2970 ,1,Segunda mano/buen estado,null,Piso en venta en plaza Comercial,http://idealista.com/inmueble/89392487/
3,1886,  Exclusivo ático dúplex de diseño en venta de 149m² y dos espléndidas terrazas de 26m² y 7m² en el Eixample de Barcelona.  Dispone de un amplio y luminoso salón comedor con cocina independiente 1 espacioso recibidor 2 habitaciones dobles suite (25m² y 14m² respectivamente) 2 baños completos y 1 aseo de cortesía. Excelentes acabados. Cuenta con suelos de mármol aire acondicionado (frío - calor) calefacción a gas y carpintería exterior de aluminio. Exterior y soleado. Ubicado en una finca regia de 1886 rehabilitada que dispone de una gran terraza comunitaria un espacio de 60m² con zona “chill out” y unas preciosas vistas de Barcelona. En la rehabilitación se han utilizado los mejores materiales con un diseño muy elegante creando espacios actuales y acogedores. El proyecto de reforma ha sido realizado por Jaime Beriestain Studio que... ,1,71,6,Gas natural,null,149,null,L'Antiga Esquerra de l'Eixample,null,null,null,1.900.000 ,12.752 €/m²,ALTING Grupo Inmobiliario, Ref.: 019265 ,2,Segunda mano/buen estado,1,Piso en venta en calle de la Diputació,http://idealista.com/inmueble/89103726/
3,1886, Exclusivo piso de diseño de 149m² en el Eixample de Barcelona.  Dispone de un amplio y luminoso salón comedor con cocina independiente 1 espacioso recibidor 2 habitaciones dobles suite (25m² y 14m² respectivamente) 2 baños completos y 1 aseo de cortesía. Excelentes acabados. Cuenta con suelos de mármol aire acondicionado (frío - calor) calefacción a gas y carpintería exterior de aluminio. Exterior y soleado. Ubicado en una finca regia de 1886 rehabilitada que dispone de una gran terraza comunitaria un espacio de 60m² con zona “chill out” y unas preciosas vistas de Barcelona. En la rehabilitación se han utilizado los mejores materiales con un diseño muy elegante creando espacios actuales y acogedores. El proyecto de reforma ha sido realizado por Jaime Beriestain Studio que cuenta con reconocimiento de nivel mundial. Situado en la calle Diputació junto la calle Muntaner a pocos metros de la Plaza Universitat Plaza Catalunya y Paseo de Gràcia. Una zona comercial con todo tipo de servicios y muy bien comunicada con transporte público buses y metro (parada- Universitat). Una magnífica oportunidad para adquirir una lujosa vivienda a estrenar en el corazón de Barcelona. Fecha de entrega prevista para finales del 2020. ,1,71,null,Gas natural,null,149,null,L'Antiga Esquerra de l'Eixample,null,null,null,1.200.000 ,8.054 €/m²,ALTING Grupo Inmobiliario, Ref.: 019264 ,2,Segunda mano/buen estado,null,Piso en venta en calle de la Diputació,http://idealista.com/inmueble/89103723/
3,1886,  Exclusivo piso de diseño en venta de 149m² y una espléndida terraza de 42m² en el Eixample de Barcelona.  Dispone de un amplio y luminoso salón comedor con cocina independiente 1 espacioso recibidor 2 habitaciones dobles suite (25m² y 14m² respectivamente) 2 baños completos y 1 aseo de cortesía. Excelentes acabados. Cuenta con suelos de mármol aire acondicionado (frío - calor) calefacción a gas y carpintería exterior de aluminio. Exterior y soleado. Ubicado en una finca regia de 1886 rehabilitada que dispone de una gran terraza comunitaria un espacio de 60m² con zona “chill out” y unas preciosas vistas de Barcelona. En la rehabilitación se han utilizado los mejores materiales con un diseño muy elegante creando espacios actuales y acogedores. El proyecto de reforma ha sido realizado por Jaime Beriestain Studio que cuenta con reco... ,1,71,null,Gas natural,null,149,null,L'Antiga Esquerra de l'Eixample,null,null,null,1.325.000 ,8.893 €/m²,ALTING Grupo Inmobiliario, Ref.: 019263 ,2,Segunda mano/buen estado,1,Piso en venta en calle de la Diputació,http://idealista.com/inmueble/89103722/