bathrooms,constructed_year,description,elevator,energetic_qualification_kWhm2_año,floor,heater_system,its_new,m2_build,m2_useful,neighbourhood,parking,price_down_euro,price_down_percentage,price_euro,price_m2,real_estate,ref,rooms,status,terrace,title,link
5,1984, Gran ático dúplex con terraza cerca Turó Park En una de las zonas más demandadas de la ciudad a unos pasos del parque de Turó Park con excelentes comercios y restaurantes cerca de prestigioso colegios y muy bien comunicado encontramos esta exclusiva y única propiedad a reformar. Todas las estancias exteriores muy soleadas y luminosas con excelente orientación y una superficie construida de aprox 370 m2 y 70 m2 de terrazas. La propiedad en la planta principal tiene una distribución lógica y racional&nbsp; quedando claramente diferenciada la zona de día de la zona de noche a través del hall pasamos a un gran salón comedor en dos ambientes con grandes ventanales y salida a la terraza la cocina amplia con zona de aguas y habitación con baño de servicio la zona de noche consta de cuatro habitaciones una de ellas en suite con baño la otra habitación doble y muy amplia podrían ser dos otra habitación doble actualmente se usa como vestidor y otra habitación individual en la planta superior encontramos un agradable&nbsp; gran salón y un gran baño con jacuzzi la propiedad también dispone de un trastero 2 plazas de garaje en la misma finca y servicio de conserjería&nbsp;. ,1,100,6,Gas natural,null,435,null,Sant Gervasi - Galvany,1,null,null,1.900.000 ,4.368 €/m²,aProperties Real Estate Barcelona, Ref.: VB2002053-5 ,5,Segunda mano/para reformar,1,Piso en venta en via Augusta,http://idealista.com/inmueble/91626712/
2,1963, Piso reformado en Francesc Macià Situado en una zona Premium como es Francesc Macià tocando a la emblemática Avenida Diagonal y con vistas a Turó Park encontramos esta magnífica vivienda absolutamente reformada de 91m². &nbsp; La finca rehabilitada en el 2013 dispone de conserje y tiene todas las zonas comunes reformadas.  El piso consta de un luminoso salón comedor exterior con magníficas vistas cocina abierta totalmente equipada con electrodomésticos de alta gama frigorífico americano nevera de vinos horno grande de 90cm&nbsp; y un lavadero independiente dos dormitorios uno de ellos en suite con gran baño y vestidor y otro baño. Encontramos armarios empotrados en los dos dormitorios y en el recibidor. Está situado en un quinto real y es exterior por lo tanto goza de muchísima luz. ,1,94,3,Gas natural,null,91,null,L'Antiga Esquerra de l'Eixample,null,null,null,630.000 ,6.923 €/m²,aProperties Real Estate Barcelona, Ref.: VB1812013-5 ,2,Segunda mano/buen estado,null,Piso en venta en avenida de Josep Tarradellas,http://idealista.com/inmueble/91626674/
4,1944,  Vivienda a estrenar a un paso de Plaça Catalunya Piso totalmente reformado con acabados de excelente calidad amplio y luminoso. Se encuentra en una finca clásica con servicio de conserjería &nbsp;cerca de Passeig de Gràcia y Plaça Catalunya. Consta de 248m2 da la calle y a un tranquilo patio de manzana típico del Eixample.  Al piso se accede a través de un agradable recibidor que nos lleva a la zona de día compuesta por un salón comedor con varios ambientes &nbsp;sala de tele y salida a sala de estar tipo biblioteca con vistas a calle gracias a los amplios ventanales lo que también le permite gozar de mucha luz natural.  La&nbsp;cocina es independiente totalmente equipada &nbsp;y dispone de comedor office. Desde ésta se accede por un pasillo a la zona de noche donde se encuentran&nbsp;cuatro habitaciones dobles luminosas y c... ,1,115,4,Eléctrica,null,248,null,La Dreta de l'Eixample,null,null,null,1.250.000 ,5.040 €/m²,aProperties Real Estate Barcelona, Ref.: VB1809008-5 ,4,Segunda mano/buen estado,null,Piso en venta en Gran Via de les Corts Catalanes,http://idealista.com/inmueble/91613098/
2,1920,  Piso reformado de tres dormitorios a un paso de l’Avinguda Diagonal Fantástica propiedad en L’Esquerra del Eixample tocando a l’Avinguda Diagonal y cerca de la emblemática calle Enric Granados rodeado de servicios y comercios y muy próximo al transporte público encontramos este maravilloso piso recién reformado con un gusto exquisito y con materiales de alta calidad.  La vivienda se encuentra en la cuarta planta real de una bonita finca regia de principios de siglo pasado en buen estado de conservación y con ascensor por eso disfruta de mucha luz natural.  Actualmente la vivienda de 134m² está distribuida claramente en zona de día y zona de noche.  A un lado y con vistas al exterior encontramos un agradable y luminoso salón con acceso directo a la cocina semiabierta y con un comedor integrado.  En la otra dirección dos dormitori... ,1,23,3,Eléctrica,null,134,null,L'Antiga Esquerra de l'Eixample,null,null,null,890.000 ,6.642 €/m²,aProperties Real Estate Barcelona, Ref.: VB2010040-1 ,3,Segunda mano/buen estado,null,Piso en venta en calle de Balmes,http://idealista.com/inmueble/91612902/
2,1900,  Piso amueblado con terraza en l’Eixample Dreta Ubicado en l’eixample Dret muy cerca de Passeig de Gràcia en una finca modernista catalogada de principios de siglo; encontramos este fantástico piso reformado a estrenar de 114 m2 y 161 m2 de terraza totalmente amueblado además de un pequeño anexo que puede ser utilizada como zona para invitados.  La zona de día consta de un amplio y luminoso salón zona de comedor con grandes ventanales con salida a la amplia y tranquila terraza disfrutable y equipada. Además de cocina separada equipada con electrodomésticos de alta gama zona de lavandería y zona de despacho.  La zona de noche consta de tres habitaciones una habitación doble en suite con baño completo con ducha y zona de vestidor una habitación doble con armario una habitación individual con armario y un segundo baño completo con d... ,1,51,null,Eléctrica,null,114,null,La Dreta de l'Eixample,null,null,null,1.650.000 ,14.474 €/m²,aProperties Real Estate Barcelona, Ref.: VB2010028-2 ,3,Segunda mano/buen estado,1,Piso en venta en calle de Casp,http://idealista.com/inmueble/91612890/
3,1920, Espectacular propiedad en venta en pleno Passeig de Gràcia En una bonita finca clásica de Passeig de Gràcia encontramos esta espectacular propiedad de 213m² con una terraza de 8m² aprox está completamente reformada con exquisito gusto y todo lujo de detalles. Accedemos a la vivienda por un amplio recibidor que da paso a un gran salón-comedor dividido en tres ambientes con vistas al prestigioso Passeig de Gràcia. Completan la zona de día una espaciosa cocina semi-abierta y un aseo de cortesía. La zona de noche consta de tres habitaciones dobles en suite cada una con su cuarto de baño completo. Uno de los dormitorios tiene una zona de despacho y otra de las habitaciones dispone de un amplio vestidor. Ambas estancias tienen salida directa a una agradable terraza con vistas a un patio de manzana típico de L’Eixample. La finca dispone de conserje. ,1,138,3,Gas natural,null,217,null,La Dreta de l'Eixample,null,null,null,2.290.000 ,10.553 €/m²,aProperties Real Estate Barcelona, Ref.: VB2010008-1 ,3,Segunda mano/buen estado,1,Piso en venta en paseo de Gràcia,http://idealista.com/inmueble/91612615/
2,1957,  Cuando la familia crece pero tu piso no tienes un problema.  Cuando lo primero que ves al entrar en casa es la bici que ya no sabes dónde colocarla si estás harto o harta de hacer malabares para poder invitar a los amigos a cenar o si necesitas que tus hijos tengan su propia habitación para no tener que actuar como juez de paz cada vez que se van a dormir…es el momento de cambiar de piso.  Si ya lo tienes claro pero no encuentras un piso a tu medida te ofrecemos la solución en el piso que te presentamos podrás hacerlo a tu gusto pero nosotros te ofrecemos un proyecto presupuestado de reforma realizada por nuestros colaboradores  Pensando en reformas en el cual se detalla cuánto sería el coste de dicha reforma con unos acabados de calidad.  En este fantástico piso de 126 metros cuadrados con 4 habitaciones dobles dos de ellas ... ,1,241,2,null,null,145,126,La Sagrada Família,null,null,null,395.000 ,2.724 €/m²,homim, Ref.: FG277-21 ,5,Segunda mano/para reformar,null,Piso en venta en calle Padilla,http://idealista.com/inmueble/91612363/
3,1900, Principal con terraza en Rambla Catalunya En Rambla de Catalunya la zona más emblemática de la Barcelona Modernista encontramos este principal con techos altos y preciosos suelos &nbsp;hidráulicos. La finca con elementos característicos de principio del s. XX goza de frescos de la época en la fachada. &nbsp;La vivienda de 203m² aproximadamente está orientada a suroeste y tiene dos amplias estancias con balcones a Rambla Catalunya. En la parte trasera encontramos una galería acristalada con salida a un patio de unos 102m² situado en un tranquilo patio de manzana en el que encontramos pequeño trastero. &nbsp; En total siete estancias más un baño completo con posibilidad de hacer dos más. &nbsp;La vivienda disfruta de luz gracias a tres patios interiores. Fantásticas ventanas con carpintería original y vidrieras originales. La vivienda incluye plaza de parking en finca colindante.. ,1,100,null,Gas natural,null,237,null,La Dreta de l'Eixample,1,null,null,1.800.000 ,7.595 €/m²,aProperties Real Estate Barcelona, Ref.: VB1709026-5 ,6,Segunda mano/buen estado,1,Piso en venta en rambla de Catalunya,http://idealista.com/inmueble/91585612/
3,2011,  Dúplex de lujo en Portal de l'Àngel &nbsp;Ático dúplex de lujo &nbsp; de 143 m²&nbsp; y&nbsp; 24 m² de terrazas en &nbsp;Avinguda del Portal de l'Àngel en pleno&nbsp; barrio Gótico de Barcelona. El edificio es una histórica construcción de 1896 del arquitecto Josep Domenech &nbsp;Estapà construido como sede de la “Sociedad Catalana para el Alumbrado y Gas”. La histórica fachada exterior ha sido &nbsp;respetada en su totalidad y el interior ha sido totalmente rehabilitado. La entrada al edificio realiza a través de tranquilo pasaje. Un &nbsp;amplio recibidor nos da la bienvenida a la&nbsp; vivienda en la que encontramos &nbsp; un&nbsp; comedor que da paso a una amplia zona de estar con techos de más de cuatro metros de altura y amplios ventanales con vistas al Portal de&nbsp; l’Àngel &nbsp; una cocina totalmente equipada y &nbsp;u... ,1,141,4,Gas natural,null,198,null,El Gòtic,null,null,null,1.600.000 ,8.081 €/m²,aProperties Real Estate Barcelona, Ref.: VB1707011-5 ,3,Segunda mano/buen estado,1,Piso en venta en avenida del Portal de l'Àngel,http://idealista.com/inmueble/91585611/
3,1900,  Piso a estrenar en Rambla de Catalunya El piso se encuentra en una de las fincas más emblemáticas de la prestigiosa Rambla de Cataluña de Barcelona del año 1900. Situada en una planta alta con doble orientación este - oeste&nbsp; y una&nbsp; superficie construida de unos 180 m² &nbsp;esta vivienda es de lo más especial no solo por las características de la finca entrada para carruajes &nbsp; un ascensor de época restaurado o la escalera con balaustrada en mármol sino también por la calidad de su bonita reforma. Accedemos a la vivienda por un amplio recibidor que da paso a una zona de día con un amplio salón con balcón a Rambla de &nbsp;Catalunya comedor y cocina semi-abierta. La zona de noche consta de tres habitaciones y tres baños una de ellas en-suite con vestidor &nbsp;y las otras dos con vistas a uno de los patios de manz... ,1,206,4,Gas natural,null,180,null,La Dreta de l'Eixample,null,null,null,1.600.000 ,8.889 €/m²,aProperties Real Estate Barcelona, Ref.: VB1710056-5 ,3,Segunda mano/buen estado,null,Piso en venta en rambla de Catalunya,http://idealista.com/inmueble/91585617/
2,1992, Piso luminoso y soleado en La Vila Olímpica del Poblenou. A 200 metros de la playa. Consta de un amplio salón comedor con salida a balcón con vistas a la zona comunitaria ajardinada. Cocina office independiente con acceso a un amplio lavadero. 3 habitaciones dobles exteriores con salida a balcón y armarios empotrados. Dos cuartos de baño completos uno con ducha y otro con bañera.  Dispone de suelos de parquet calefacción a gas y armarios empotrados Todas las estancias tienen grandes ventanales que dan al piso una gran luminosidad. Finca con zona comunitaria ajardinada y servicio de conserjería 24 horas. ,1,140,4,Gas natural,null,111,null,La Vila Olímpica del Poblenou,null,null,null,586.000 ,5.279 €/m²,Jose Rodriguez, Ref.: 163 Jaume Vicens Vives (Vila Olímpica) ,3,Segunda mano/buen estado,null,Piso en venta en calle de Jaume Vicens i Vives,http://idealista.com/inmueble/91568466/
1,1970, Piso de tres habitaciones en zona Les Corts. Bien distribuido. Exterior a calle cocina independiente con patio. Armarios empotrados suelos de parque y gres. Buen estado. Situación inmejorable cerca de calle Numancia. A 10 minutos de Sant-Estació y La Illa-Diagonal. Diversas líneas de autobuses L-1 L 5 de metro. ,1,0,1,Eléctrica,null,86,78,Les Corts,null,null,null,310.000 ,3.605 €/m²,Finques Businfreu, Ref.: B00733 ,3,Segunda mano/buen estado,null,Piso en venta en Les Corts,http://idealista.com/inmueble/91330332/
2,2017, Planta baja con dos terrazas en la calle Anselm Clavé del Gòtic Barcelona En la calle Josep Anselm Clavé a escasos metros de la Basílica de la Merced y Paseo Colon encontramos esta bonita planta baja ubicada en un edificio de obra nueva del 2017.  La vivienda tiene una superficie de 115m2 construidos más dos terrazas de 38m2 cuadrados en total. La zona de día consta de un amplio salón-comedor y salida a una de las terrazas; cocina de estilo abierto totalmente equipada y zona de aguas. La zona de noche tiene una habitación doble en suite con armario ropero un baño grande con ducha y tiene salida a nivel a una de las terrazas; &nbsp;una habitación doble con pequeño recibidor armario ropero y un baño completo para su uso que dispone de la salida directa a la terraza.  La propiedad fue reformada por completo con materiales de alta calidad. Tiene&nbsp;&nbsp;instalación&nbsp;central&nbsp;de aire acondicionado por conducto con el sistema de aerotermia suelos de madera ventanas&nbsp;con doble cámara de aire que aíslan acústica y térmicamente.  Existe posibilidad de alquilar una plaza de parking en la misma finca.  Es una excelente oportunidad de compra para disfrutar del centro de la ciudad. ,1,44,0,Gas natural,null,134,null,El Gòtic,null,460.000 € ,2,449.000 ,3.351 €/m²,aProperties Real Estate Barcelona, Ref.: VB1912010-5 ,2,Segunda mano/buen estado,1,Piso en venta en calle de Josep Anselm Clavé,http://idealista.com/inmueble/91250013/
2,1970, Ubicada en una de las mejores de zonas de Barcelona les ofrecemos esta fantástica vivienda nueva a estrenar para familias o aquellas personas que deseen vivir con un espacio muy amplio.   Piso totalmente reformado con materiales de calidad en una primera planta exterior a calle tres habitaciones dos de la cuales dobles dos baños completamente equipados dos patios gran comedor salón muy luminoso con gran cocina americana con electrodomésticos integrados carpintería de aluminio con doble acristalamiento con persianas motorizadas. Bomba frio y calor por conducto en todas las estancias.  Posibilidad de plaza de parking en la misma finca por 21.000€ con acceso directo desde la vivienda.  Finca en buen estado con ascensor del año 1.970  No cobramos honorarios al comprador. Impuestos gastos de notaría y gestoría no incluidos en el precio de compra de la vivienda. ,1,311,null,Calefacción individual,null,113,null,La Nova Esquerra de l'Eixample,1,392.000 € ,1,388.000 ,3.434 €/m²,homim, Ref.: Ho20-30 ,3,Segunda mano/buen estado,null,Piso en venta en calle de París,http://idealista.com/inmueble/90883553/
2,1970, Ubicada en una de las mejores de zonas de Barcelona La Nova Esquerra del Eixample les ofrecemos esta maravillosa vivienda nueva a estrenar para familias o aquellas personas que deseen vivir con un espacio muy amplio y nos les gusten hacer reformas.  Piso totalmente reformado con materiales de calidad en una primera planta exterior a calle tres  habitaciones una de ellas suite con su baño completo equipado y dos habitaciones individuales otro baño completamente equipados gran comedor salón muy luminoso con gran cocina americana con electrodomésticos integrados lavadero estancia interior carpintería de aluminio con doble acristalamiento con persianas motorizadas. Acondicionado mediante bomba frío y calor por conductos en todas las estancias.  Patio interior grande con césped y otro patio interior para almacenamiento.  Posibilidad de plaza de parking en la misma finca por 21.000€.  No cobramos honorarios al comprador. Impuestos gastos de notaría y gestoría no incluidos en el precio de compra de la vivienda. ,1,332,null,Calefacción individual,null,108,null,La Nova Esquerra de l'Eixample,1,null,null,385.000 ,3.565 €/m²,homim, Ref.: Ho20-31 ,3,Segunda mano/buen estado,null,Piso en venta en calle Rocafort,http://idealista.com/inmueble/90883049/
1,null, Muy buen piso de 80 m2 en calle Mallorca (entre Urgell y Villarroel). dispone de salón-comedor 2 habitaciones (1 doble) 1 baño con ducha. piso alto exterior a patio de manzana (orientado a montaña sol de tarde). suelos de parquet aire acondicionado por splits calefacción por radiadores carpintería exterior de aluminio climalit. finca con ascensor. ,1,0,3,Gas natural,null,80,72,L'Antiga Esquerra de l'Eixample,null,null,null,400.000 ,5.000 €/m²,dpto. comercial, Ref.: 05531 ,2,Segunda mano/buen estado,null,Piso en venta en calle de Mallorca,http://idealista.com/inmueble/90864674/
1,null, J-SEB149 Magnífico piso reformado ubicado en La Pau. 78m2 construidos 60m2 útiles exterior 2ª de altura real Consta de 3 habitaciones (1 doble y 2 individuales) baño de 3 piezas con plato de ducha reformado a estrenar cocina office reformada a estrenar lavadero salón y carpintería de aluminio blanco recién colocado. La vivienda se encuentra cerca de todo tipo de comercios tiendas supermercados colegios polideportivos y zonas verdes.  Bien comunicado con las líneas de Metro: Besos(L4) La Pau (L2-L4) Cercano a TRAM Besós y las diferentes líneas de Bus (V29 - H10 - H12 - 60- 33 - B24 - B23 - B25). Fácil y buen acceso a rondas.  A 15 minutos de la playa y del Campus Universitario Forúm. A 10 minutos de los centros comerciales Diagonal Mar y Glorias.  No pierdas la oportunidad de conocerlo y ven a visitarlo. Contamos con nuestro propio Departamento Financiero y convenios con más de catorce entidades bancarias.  Llámanos sin compromiso!  **Impuestos gastos de notaría registro gestoría y honorarios de intermediación no incluidos en el precio**. ,1,999,2,null,null,78,null,Sant Martí,null,null,null,149.000 ,1.910 €/m²,LA CASA AGENCY, Ref.: J-SEB149 ,3,Segunda mano/buen estado,null,Piso en venta en La Verneda i la Pau,http://idealista.com/inmueble/91660296/
2,1963, REF: J-AL249.5 Precioso Duplex con vistas despejadas orientación mar y montaña. Primera planta de: Cocina office aseo salón y balcón y galería. Segunda Planta: 4 habitaciones 2 dobles y 2 medianas 1 baño completo y galería. Calefacción en todos los ambientes suelos de gres carpintería de aluminio y puertas de madera maciza. Muy bien comunicado fácil acceso a Rondas Metro L4 Besós Tranvía Besós Metro L2 y L4 La Pau. Línea de autobuses: H12 60 H10 33 B24 VN6 N8 y Bicing. A 10 minutos de los C. C. Diagonal Mar y Glorias. y de la próxima estación del Ave de Sagrera. A 15 minutos de la playa y del Campus Universitario. Zona en auge por el gran desarrollo urbanístico que le rodea. *Impuestos gastos de notaría gestoría registro y honorarios de intermediación financiera no incluidos en el precio**. . ,1,307,6,Calefacción individual,null,148,128,Sant Martí,null,null,null,249.500 ,1.686 €/m²,LA CASA AGENCY, Ref.: J-AL249.5 ,4,Segunda mano/buen estado,null,Dúplex en venta en La Verneda i la Pau,http://idealista.com/inmueble/91659669/
1,1970, Magnífica oportunidad!   Piso perfecto para invertir o reformar y convertirlo en tu hogar! El espacio que necesitas en una ubicación inmejorable y a un precio óptimo! No dejes escapar esta oportunidad refórmalo a tu gusto y adáptalo a tus necesidades conviértelo en tuyo! No lo dudes más llama YA y realiza una visita! Producto Exclusivo de Apialia! ,1,244,null,Gas natural,null,58,52,Vilapicina i la Torre Llobeta,null,null,null,165.000 ,2.845 €/m²,Lupe Fernandez, Ref.: 225011 ,3,Segunda mano/para reformar,null,Piso en venta en paseo de Fabra i Puig,http://idealista.com/inmueble/91658061/
2,2018,  Quiere estrenar su nuevo hogar? Muchos clientes desean vivir en un inmueble nuevo de obra nueva tan difícil de encontrar por la escasez de terreno en Barcelona y por estar limitada la ciudad por mar y montañas sin posibilidad de crecer. Le ofrecemos este maravilloso piso de reciente obra nueva edificado hace dos años. Impecable. Tranquilo. En donde se respira paz fuera del bullicio de la ciudad. Consta de una suite generosa con su baño completo y armarios empotrados con salida a un patio interior abierto de unos 15 metros cuadrados perfecto para colgar la ropa y tener espacio para un armario trastero. Una habitación simple que respira al patio con muchas posibilidades. La cocina está completamente equipada con electrodomésticos de última gama con ventana que nos da también al patio. Un comedor- salón de planta rectangular espa... ,1,42,1,Gas natural,null,94,77,Sant Martí,null,null,null,445.000 ,4.734 €/m²,Turrobcn, Ref.: TU0924ML ,2,null,1,Piso en venta en El Camp de l'Arpa del Clot,http://idealista.com/inmueble/91657699/
1,1966, Vivienda situada en el corazón de Sant Martí cerca del Mercado de Sant Martí. Piso de 87 metros construidos 76 metros útiles consta de amplio salón-comedor 3 habitaciones cocina baño completo. Todo exterior. 10º de altura orientado al mar. Suelos de parquet y cerramientos de aluminio con doble climalit. Bien comunicado con las líneas de Metro: (L2 Sant Martí). Cercano a TRAM Sant Martí metro ( L4 Besós) (La Pau L2-L4) y las diferentes líneas de Bus: V29 - H10 - H12 - 60- 33 - B24 - B23 - B25. Fácil y buen acceso a rondas.  A 15 minutos de la playa y del Campus Universitario Forúm. A 10 minutos de los centros comerciales Diagonal Mar y Glorias.   ``La Casa Agency´´ Está preparada para cualquier escenario. Para su tranquilidad nuestras oficinas y equipos comerciales han tomado todas las medidas de seguridad para seguir ofreciendo el mejor servicio.   *El precio de venta del inmueble no incluye los honorarios de la inmobiliaria ni los tributos que gravan Ia compraventa (ITPAJD o IVA) ni en caso de haberlos los notariales y los registrales que satisface el comprador. . . . ,1,0,10,null,null,87,null,Sant Martí,null,null,null,240.000 ,2.759 €/m²,LA CASA AGENCY, Ref.: X JES 240 ,3,Segunda mano/buen estado,null,Piso en venta en La Verneda i la Pau,http://idealista.com/inmueble/91650896/
4,1991, Font d´en Fargas Barcelona Preciosas vistas al litoral de Barcelona y al Parc del Guinardó. Casa pareada de 256 m2 orientada a sur con jardín terrazas y solarium. Esta elegante casa dispone de tres plantas más pk. En la planta noble encontramos un luminoso recibidor que nos da paso al amplio salón - comedor con chimenea aseo de cortesia y preciosa cocina office con salida a jardín. Este rodea la casa y disfruta de barbacoa. Una escalera de madera torneada nos conduce al primer piso donde encontramos habitación principal en suite con magnificas vistas a Barcelona y su litoral y dos dormitorios que comparten baño completo una de ellos tiene salida a terraza. En la buhardilla actualmente destinada a salón estudio encontramos un baño terraza y solarium con vistas tambien al litoral de Barcelona y al parc del Guinardó. Completa esta preciosa casa un parking para varios vehiculos lavadero y coqueta bodega cuenta ademas con diferentes Tresteros. Muy cercana a la calle Garriga i Roca donde encontramos parada bus. Para familias que gustan rodearse de un entorno tranquilo con vistas y cercano a un impresionante parque. ( El PVP indicado no incluye impuestos ni gastos de Escritura ). ,null,0,null,null,null,256,null,Horta Guinardó,1,null,null,690.000 ,2.695 €/m²,LV Living Barcelona, Ref.: 242741 ,4,Segunda mano/para reformar,1,Chalet adosado en venta en La Font d'En Fargues,http://idealista.com/inmueble/91630913/
3,2001, Casa pareada en el centro residencial de Sant Gervasi entre la Plaza Molina y Ronda del General Mitre.  La vivienda es del 2001 y consta de 3 plantas y un sótano:  En la planta baja está el recibidor la entrada del parking que comunica con el interior de la vivienda y una habitación doble o despacho con su propia terraza de 20m2.  En la primera planta subiendo por las escaleras accedemos al salón comedor espacioso con 2 ventanas a la fachada del edificio y la cocina muy amplia y equipada hay también un baño de cortesía.  En la segunda planta están las habitaciones la suite principal y 2 dormitorios individuales actualmente unidos y con su propio baño.  Hay una tercera planta con el lavadero y acceso al terrado solarium de la casa.  En la planta sótano hay una sala grande polivalente diáfana y con baño de 150m2.  La casa tiene suelos de paquet y mármol aire acondicionado calefacción parking terraza y solarium.  Listo para entrar a vivir. ,null,148,null,Gas natural,null,220,null,Sarrià-Sant Gervasi,1,null,null,980.000 ,4.455 €/m²,Ir-080 Real Estate, Ref.: J322 ,4,Segunda mano/buen estado,1,Casa o chalet independiente en venta en El Putxet i el Farró,http://idealista.com/inmueble/90963953/
2,1910, Gran piso de 110m2 exterior a la calle e interior a patio de manzana muy soleado 1º planta con ascensor. Consta de 6 habitaciones (2dobles - 2 medianas - 2 individuales) salón-comedor exterior a la calle amplia cocina baño completo + aseo sin muebles suministros dados de alta. Piso en muy buena zona de barcelona entre la calle Aribau y Enrique Granados a 2 calles de la Avenida Diagonal y a 10 minutos del Hospital Clinic muy bien comunicado Ferrocarriles (provença) metro Diagonal y gran variedad de autobuses. PARA REFORMAR COMPLETAMENTE! ,1,191,1,null,null,133,110,Eixample,null,null,null,530.000 ,3.985 €/m²,Fin-per, Ref.: V-CORSEGA -B ,6,Segunda mano/para reformar,null,Piso en venta en L'Antiga Esquerra de l'Eixample,http://idealista.com/inmueble/89779843/
2,1980, En el vibrante y alegre barrio de la Sagrada Família muy bien comunicado y próximo a un parque encontramos este amplio piso de 118 m2 aproximadamente. La vivienda da a la parte posterior del edificio está orientada a un tranquilo patio de manzana y dispone de cercanas vistas al templo de la Sagrada Família. Consta de 4 habitaciones y 2 baños siendo dos de los dormitorios dobles. La cocina office se encuentra totalmente equipada y cuenta con un patio interior muy útil en los momentos actuales. El salón-comedor es amplio y tiene salida directa al balcón. Además podemos disfrutar de calefacción por radiadores y aire acondicionado. ,1,207,1,Gas natural,null,118,111,La Sagrada Família,null,null,null,465.000 ,3.941 €/m²,MONTSE GARRIDO, Anuncio: 91660567 ,4,Segunda mano/buen estado,null,Piso en venta en calle de Valencia,http://idealista.com/inmueble/91660567/
1,1967, LA CASA AGENCY ofrece  Piso completamente reformado en excelente zona del barrio de San Martín a un paso del metro (L2) de San Martín y de la futura estación del AVE - Rodalies y bus. Cercano a todo tipo de comercios  La vivienda consta de 70m2 muy bien distribuidos de la de la siguiente manera 3 dormitorios amplios con balcón  Cocina completamente REFORMADA con lavadero  Caño completo y salón-comedor.  Muy buena finca con ascensor  No dudes en contactarnos para concretar una visita! ,1,165,4,null,null,70,67,Sant Martí de Provençals,null,null,null,189.900 ,2.713 €/m²,Dpto. Comercial, Ref.: MATI SANT MARTI- ,3,Segunda mano/buen estado,null,Piso en venta en menorca,http://idealista.com/inmueble/91639195/
1,null,  REF: D-FABRA210  Inmueble ubicado en Barcelona en el barrio de Turó de la Peira. Cerca de restaurantes centros médicos colegios zonas ajardinadas comercios y todo tipo de servicios. Es una zona muy tranquila y muy bien comunicada al lado del metro Virrei Amat i Vilapicina (L5) y diversas líneas de autobús. Fácil acceso a carreteras principales como Fabra i Puig y Avenida Meridiana.  El piso dispone de 75m² y se encuentra en una 5ª planta CON ASCENSOR. Distribuido en un amplio salón - comedor con salida a balcón 3 dormitorios ( 1 doble y 2 individuales ) cocina tipo office totalmente equipada y baño completo. Totalmente exterior. Además dispone de calefacción.  La vivienda se encuentra LISTA PARA ENTRAR A VIVIR.  ¡NO PIERDAS ESTA OPORTUNIDAD Y VEN A VERLO SIN COMPROMISO!  Si desea concertar una visita o una asesoría financiera d... ,1,132,5,Gas natural,null,75,null,Can Peguera - El Turó de la Peira,null,null,null,210.000 ,2.800 €/m²,LA CASA AGENCY, Ref.: D-FABRA210 ,3,Segunda mano/buen estado,null,Piso en venta en paseo de Fabra i Puig,http://idealista.com/inmueble/91638013/
1,1970, Ocasión para clientes que quieran hacerse a su gusto una preciosa vivenda tipica de la vila de gràcia. Con techos altos con volta catalana y bigas de madera muy bonito arquitectonicamente. Necesita reforma integral pero tinen muchas posibilidades deconvertirse en un inmueble espectacular.  Ubicada en lamejor zona al lado mismo de la plaça de la vila de gràcia a un paso de gran de gràcia de la avda diagonal y dels jardinets. Una finca del 1970 sin ascensor 1a planta real una segunda con tramo de escaleras de aceso a la vivienda muy corto.  Tiene una superficie de 65m2 actualmente con 3 habitaciones baño cocina salon comedor con balcon a la calle y zona que da al patio interior con galeria.  Tenemos la cedula de habitabilidad certificado energético la finca ha pasado la ite y se hicieron las obras en su día.  Si está usted interesado contacte con nosotros y organizaremos rápidamente una visita. ,0,999,1,null,Urge,65,null,Vila de Gràcia,null,null,null,218.000 ,3.354 €/m²,Ges HabitatGes, Ref.: GES-20117 ,3,Segunda mano/para reformar,null,Piso en venta en GRÀCIA,http://idealista.com/inmueble/91653603/
2,null, Llamar al 622666234 Piso 6 º de altura muy oxigenado y aireado. Finca con ascensor. La escalera es muy elegante y cómoda con doble puerta de seguridad. Confortable y cómodo dispone de 4 habitaciones ( 2 habit dobles y 2 hab medianas ) Una de las habitaciones dobles tiene balcón. Comedor-salón exterior con salida - entrada a terraza. 2 baños completos y cocina equipada.  Aire acondicionado en comedor y habitación doble. Dispone de amplia galería - lavadero con muy buena luminosidad y muy ventilada. Vistas panorámicas a la ciudad. Ideal famílias  *Muy bien comunicado y situado:  Metro metrol2 l3 l5  Tren: r2 nr2 sr4 s1 s2  Autobús: 2433 3439 67 b24 h10 h12 h8. ,1,0,6,Calefacción individual,null,93,84,La Sagrada Família,null,null,null,320.000 ,3.441 €/m²,comercial, Anuncio: 91652741 ,4,Segunda mano/buen estado,1,Piso en venta en PROVENZA,http://idealista.com/inmueble/91652741/
2,1971,  Encantador sobre ático con fantásticas vistas panorámicas está distribuido en cocina comedora con acceso directo a la primera terraza con vistas panorámicas el salón con acceso directo a la segunda terraza con vistas encantadoras sobre el Parque Turó del Carmel una habitación principal doble y dos habitaciones individuales y dos baños completos. Todas las habitaciones son exteriores y el apartamento destaca por su luz natural. Finca de 1971 bien mantenida sin ascensor. Un remanso de paz en la ciudad condal Ideal para vivir en un ambiente familiar y acogedor donde no falte de nada.  La calle Santuari está ubicada entre tres pulmones verdes Parque Güell Parque de la Creueta del Coll Parque del Guinardó. es una calle muy tranquila y a la vez muy bien comunicada. Se encuentra a la parada de los autobuses V19 y V22 también a 8 min... ,0,85,5,Gas natural,null,90,null,El Carmel,null,null,null,330.000 ,3.667 €/m²,Charles Melin, Anuncio: 91642325 ,3,Segunda mano/buen estado,1,Ático en venta en calle del Santuari,http://idealista.com/inmueble/91642325/