bathrooms,constructed_year,description,elevator,energetic_qualification_kWhm2_año,floor,heater_system,its_new,m2_build,m2_useful,neighbourhood,parking,price_down_euro,price_down_percentage,price_euro,price_m2,real_estate,ref,rooms,status,terrace,title,link
2,1992, Exclusiva casa en el corazón de Sarrià  El concepto principal de esta vivienda pretende crear un hogar que proporcione comodidad aunándolo con un entorno familiar y la máxima privacidad. La planta baja se abre al exterior dando paso a un patio de 34 m2. Es una propiedad de 200 m2 esta distribuidas en 4 plantas; entrando nos encontramos con la cocina y un amplio salón comedor con chimenea con salida directa al patio.  En la planta primera encontramos dos amplias habitaciones con un baño en la planta segunda tenemos una gran suite con vestidor y estudio con salida a pequeño balcón. En la planta semisótano encontramos la zona de aguas con zona polivalente de 40 m2 con salida a un pequeño patio que comunica con el superior. La finca dispone de ascensor.  Esta construcción moderna con estilo y pensada para el confort con espacio para toda la familia hace de esta vivienda un destino ideal. ,null,0,null,Gas natural,null,201,180,Sarrià-Sant Gervasi,null,null,null,1.590.000 ,7.910 €/m²,Fincas Cano Pujol, Ref.: v7211 ,4,Segunda mano/buen estado,1,Casa o chalet independiente en venta en Urb. sarrià Sarrià,http://idealista.com/inmueble/90413189/
1,1964, Piso con patio a reformar en Eixample En una zona tranquila del Eixample encontramos este piso con patio de distribución cuadrada a reformar. Entrando en la vivienda a mano derecha se encuentra una primera habitación con salida a un pequeño patio interior y a mano derecha un baño completo independiente. Continuando de frente se sitúa una amplio espacio ideal para la zona salón-comedor con salida a un amplio patio interior. A la derecha de esa zona principal encontramos dos habitaciones más que podrían ser utilizadas respectivamente como cocina (con ventana a patio trasero) y como dormitorio.  Aunque actualmente se encuentre un laboratorio-oficina en el piso la propiedad consta como vivienda y dispone de cédula de habitabilidad vigente. Por su buena distribución permite una fácil reforma y tiene muchas posibilidades. Además la finca se encuentra en perfecto estado dispone de ascensor y tiene una ubicación ideal a escasos metros de la Plaça Francesc Macià. Inmejorable ubicación en frente de la escuela industrial al lado del Hospital Sagrat Cor la Plaça Francesc Macià y del centro comercial la Illa en una zona dinámica y comercial muy bien comunicada. Excelente como inversión. ,0,215,0,null,null,94,null,Eixample,null,null,null,315.000 ,3.351 €/m²,Barcelona MMC - Eixample - S2, Ref.: W-02HPIH ,2,Segunda mano/para reformar,null,Piso en venta en La Nova Esquerra de l'Eixample,http://idealista.com/inmueble/88222917/
1,1925, Vivienda de 7500 m2 dos habitaciones y un baño ubicada en un segundo piso de un edificio de 1925 con ascensor en Vila de Gracia. Al ingreso un amplio espacio integra y combina distribuidor comedor y una gran cocina completamente equipada con frigorífico horno y lavavajillas. A continuación se hallan dos habitaciones orientadas a calle que pueden funcionar como tales o bien como espacio de estar zona de juegos o estudio; una de ellas tiene acceso a un pequeño balcón. Hacia el otro lado del piso se accede al baño y a la habitación principal a través de un pequeño pasillo. El baño al igual que el resto de la vivienda se encuentra totalmente reformado. El lavadero es amplio y hace a su vez de trastero permitiendo el guardado de varias cosas. El piso cuenta con buena ventilación y luz natural. En la reforma se han mantenido elementos originales como suelos hidráulicos y techos con vuelta catalana. Las puertas y ventanas son originales de madera restauradas. La calefacción es mediante radiadores eléctricos. El ascensor llega a un nivel de entreplanta para llegar a la entrada se debe salvar una tramada de escalera. El piso cuenta con licencia turística. ,1,194,2,Eléctrica,null,75,68,Vila de Gràcia,null,385.000 € ,5,365.000 ,4.867 €/m²,Monapart Barcelona (Vendes), Ref.: VVM1-2009 ,2,Segunda mano/buen estado,null,Piso en venta en Torrent de les Flors,http://idealista.com/inmueble/90898872/
3,1970,  Encantador piso de 148 m2 en El Putxet i el Farró sobre Ronda Gral Mitre muy luminoso. Segundo piso (tercero real) todo exterior. Orientación Este El edificio cuenta con 2 ascensores uno principal y el otro de servicio con dos entradas diferentes al piso.  El piso dispone de 3 habitaciones 2 dobles con armarios empotrados y una simple; 3 cuartos de baño completos uno de ellos ubicado en la suite principal.  Cocina equipada. Posee un gran salón-comedor muy luminoso exterior con salida a balcón terraza.  Los suelos son de parquet y el piso cuenta con aire acondicionado en el salón comedor y radiadores en todas las estancias. La finca dispone de plaza de parking disponible (no incluida en el precio) ascensor y servicio de conserjería por la mañana (de 9 a 13 hs)  Una vivienda encantadora en una de las zonas mas deseadas de la ciuda... ,1,84,2,null,null,148,135,El Putxet i el Farró,1,685.000 € ,7,635.000 ,4.291 €/m²,Marcela Huarriz Martín, Ref.: 3451-01801 ,3,Segunda mano/buen estado,null,Piso en venta en ronda General Mitre,http://idealista.com/inmueble/86953485/
5,1960,  Dúplex con terrazas al lado de La Pedrera Barcelona En una espectacular finca regia catalogada contigua a la obra más espectacular de Gaudí La Pedrera o Casa Milà. Rodeada además de todos los servicios trasportes y de los comercios más exclusivos de la ciudad Condal encontramos esta maravillosa propiedad en venta reformada con todo lujo de detalles en el 2010 de unos 450m2 distribuidos en dos plantas más 50m2 de terrazas. La vivienda tiene 2 puertas de acceso pues son fincas registrales independientes.  Accedemos a la vivienda por un amplísimo recibidor que da paso a un espectacular salón en 3 ambientes con 2 balcones a la calle. Completa la zona de día un maravilloso comedor y una amplia cocina independiente ambas piezas orientadas a uno de los patios de manzana más bonitos de Eixample el de La Pedrera. En esta misma planta t... ,1,141,3,Gas natural,null,475,null,La Dreta de l'Eixample,null,null,null,5.000.000 ,10.526 €/m²,aProperties Real Estate Barcelona, Ref.: VB1907037-4 ,4,Segunda mano/buen estado,1,Piso en venta en calle de Provença,http://idealista.com/inmueble/91659380/
3,1935,  Piso en venta en el centro de Barcelona Luminoso piso ubicado en una quinta planta real de una bonita finca clásica rehabilitada del año 1935 en Plaza Universidad con vistas a la montaña de Collserola.  La vivienda de 200m² consta de un hall de entrada un gran salón-comedor con amplios ventanales que permiten la entrada de luz durante todo el día y una cocina abierta al salón con barra office lo que le da un look neoyorkino a esta pieza única.  En la zona de habitaciones encontramos tres dormitorios dobles exteriores uno de ellos con armarios hechos a medida y dos baños completos con ducha. Además hay un amplio despacho con vistas a la plaza y a Collserola que podría convertirse en otra amplia habitación un espacio polivalente que actualmente se utiliza como espacio común de trabajo y un aseo. Un trastero y una zona de aguas co... ,1,143,4,Eléctrica,null,200,null,El Raval,null,null,null,1.250.000 ,6.250 €/m²,aProperties Real Estate Barcelona, Ref.: VB1907003-5 ,4,Segunda mano/buen estado,null,Piso en venta en plaza de la Universitat,http://idealista.com/inmueble/91659372/
2,1972, Sobreático reformado con terraza En la Esquerra alta de L’Eixample tocando a Josep Tarradellas y rodeado de servicios y comercios encontramos este fantástico sobreático reformado en una novena planta con una fantástica terraza muy disfrutable orientada a SE.  La vivienda de 87m² actualmente está distribuida en dos dormitorios dobles más un vestidor dos baños completos lavadero independiente y cocina abierta al salón comedor con salida a terraza de uso privativo de 8m².  La finca con conserje ha sido recientemente totalmente rehabilitada y se han hecho nuevos todos los bajantes e instalaciones de electricidad ascensores puertas de todos los pisos fachadas tanto anterior como posterior y patios interiores.  Existe la posibilidad de alquilar una plaza de parking muy grande en la misma finca. ,1,198,9,Eléctrica,null,91,70,La Nova Esquerra de l'Eixample,null,null,null,538.000 ,5.912 €/m²,aProperties Real Estate Barcelona, Ref.: VB1905010-5 ,3,Segunda mano/buen estado,1,Piso en venta en calle de Còrsega,http://idealista.com/inmueble/91659347/
2,null, Piso con vistas al mar en la Illa de la Llum Magnífica vivienda ubicada en un complejo residencial de Alto Standing construido en el 2005 la Illa de la Llum con orientación sur-este y fantásticas vistas al mar. Esta exclusiva propiedad goza de unas calidades y acabados de primer nivel y en su interior cuenta con 120m2 perfectamente distribuidos en un amplio salón-comedor de aproximadamente 30m2 con acceso directo a una terraza de 40m2 cocina totalmente equipada y tres dormitorios de los cuales uno es en suite con plato de ducha y bañera. Todas las estancias tienen preciosas vistas al mar y&nbsp; a la ciudad con salida directa a la terraza desde todas ellas. El apartamento goza de muchísima luz y dispone de persianas correderas. El complejo residencial ofrece además una gran zona comunitaria muy tranquila con piscina pista de paddle zona de juegos infantiles guardería jardines servicio de conserjería y vigilancia 24horas. Incluye una plaza de parking en el precio. ,1,138,10,Eléctrica,null,145,112,Diagonal Mar i el Front Marítim del Poblenou,1,null,null,1.300.000 ,8.966 €/m²,aProperties Real Estate Barcelona, Ref.: VB1904050-5 ,3,Segunda mano/buen estado,1,Piso en venta en paseo de Garcia Fària,http://idealista.com/inmueble/91659329/
2,2019,  Viviendas de Obra Nueva con terraza en Enric Granados Barcelona Últimas viviendas disponibles ubicadas en una de las zonas más cotizadas en el centro de Barcelona en la tercera y última planta de una elegante finca de obra nueva realizada con materiales de construcción y acabados nobles de máxima calidad.  Las viviendas de 90m2 construidos se distribuyen en amplio salón comedor&nbsp; con salida al agradable balcón cocina&nbsp; totalmente equipada integrada una habitación principal con baño en suite y salida a balcón dos habitaciones individuales y un segundo baño completo de cortesía. &nbsp; Las viviendas en la ultima planta tienen asignadas amplias terrazas de uso privativo que se encuentran ubicadas en la cubierta.  La propiedad está prevista de equipamiento de gama alta en acabados y accesorios consta de armarios empotrados m... ,1,32,3,Eléctrica,null,90,null,L'Antiga Esquerra de l'Eixample,null,null,null,760.000 ,8.444 €/m²,aProperties Real Estate Barcelona, Ref.: ONB1912005-3B ,3,Segunda mano/buen estado,1,Piso en venta en calle d'Enric Granados,http://idealista.com/inmueble/91657273/
3,2020, Casa moderna a pocos minutos de la Mar Bella Vivienda&nbsp; unifamiliar de 137m² de obra nueva. Ofrece la posibilidad de vivir en un entorno que combina la comodidad de disponer de todas las infraestructuras del barrio del Poblenou muy cerca del paseo marítimo en un espacio proyectado para el confort cotidiano y que responde a las necesidades de una familia o inversor que busca una arquitectura comprometida con la máxima calidad y sostenibilidad.  La casa de líneas sencillas y a la vez modernas se ha diseñado para garantizar la iluminación y ventilación natural a través de la comunicación interior de los espacios abiertos y diáfanos con predominio del blanco en fachada e interiores y aprovechamiento de la luz diurna. ,null,100,null,Gas natural,null,136,116,El Poblenou,null,null,null,890.000 ,6.544 €/m²,aProperties Real Estate Barcelona, Ref.: ONB1911001-6 ,3,Segunda mano/buen estado,1,Casa o chalet en venta en calle de Fernando Poo,http://idealista.com/inmueble/91657260/
2,1987,  ESPECTACULAR VIVIENDA CON 2 TERRAZAS DE MÁS DE 100 METROS CADA UNA  Les presentamos una vivienda única. Una perla al lado del parque Güell!  Ático de 90 metros muy bien distribuidos.  Salón comedor de 25 metros con salida directa a gran terraza de más de 100 m²! vistas impresionantes a la montaña a la ciudad y al mar. Toda la azotea del piso es otra amplia terraza privada de otros 100 m²! que se accede desde la terraza inferior. Ideal para niños adolescentes cenas nocturnas? €? etc. (las dos terrazas son de uso exclusivo del piso. ) 90 metros de piso y mas de 200 metros de terrazas.  Es un segundo real sin ascensor.  Todas las habitaciones exteriores. Dos habitaciones dobles y una individual de gran tamaño.  Armarios empotrados por todo el inmueble.  Cocina totalmente reformada y muy amplia. Silestone.  Este ático tiene un baño con... ,null,0,2,null,null,115,98,La Teixonera,null,460.000 € ,2,449.000 ,3.904 €/m²,BRICK2BUSINESS, Ref.: 2-VHG024 ,3,null,1,Ático en venta en calle de la Mare de Déu dels Angels,http://idealista.com/inmueble/90464338/
2,null,  Ubicado en el entorno arquitectónico del Eixample en plena calle Diputació a pocos metros de ‘Plaça Universitat’ y rodeado de todo tipo de tiendas comercios y restauración encontramos este amplio y acogedor piso de 166m2. Ofrece un gran salón-comedor con acceso a la terraza y cocina independiente a gas totalmente equipada (con horno microondas y nevera) con una pequeña zona de comedor. Alberga un total de seis dormitorios; cuatro de ellos dobles y dos individuales todos ellos totalmente exteriores. Cuenta con dos baños completos y una zona de aguas independiente. La vivienda dispone de acceso a una fantástica zona comunitaria en la azotea del edificio con zona chill-out e instalaciones para niños con unas inmejorables vistas al Tibidabo y a la ciudad. Plaza de aparcamiento opcional en la misma finca por 20.000 €.  Se entrega sin ... ,1,0,null,null,null,166,null,L'Antiga Esquerra de l'Eixample,null,null,null,675.000 ,4.066 €/m²,Atipika Lifestyle Properties, Ref.: 13549 ,6,Segunda mano/buen estado,1,Piso en venta en calle de la Diputació,http://idealista.com/inmueble/87538312/
1,1966,  Luminoso piso en Sagrada Familia    Housfy compraventa entre particulares. Sin comisiones.  Rafael vende su piso de particular a particular en Eixample Barcelona perfecto para familias o parejas que busquen un lugar cómodo para su día a día.  Sus 85 m2 están perfectamente distribuidos creando un amplio y abierto espacio con mucha luz y con un diseño muy especial.  Detalles del inmueble:  - Fantástico piso de 85 m2 en La Sagrada Família. (Los metros cuadrados están verificados con la Dirección General de Catastro) - La vivienda dispone de 3 habitaciones y 1 baño perfecto para una familia. - Cálido comedor que es un lugar perfecto para descansar tras una jornada de trabajo donde disfrutar de tu familia. - El confort está garantizado ya que dispone de aire acondicionado y calefacción. - Ascensor. - Puerta de entrada de seguridad blin... ,1,214,null,null,null,85,77,La Sagrada Família,null,279.000 € ,5,265.000 ,3.118 €/m²,Housfy Real Estate CAT, Ref.: 275126 ,3,Segunda mano/buen estado,null,Piso en venta en calle de Lepant 260,http://idealista.com/inmueble/90377248/
2,2005, Magnífico dúplex ubicado en el tranquilo barrio de Vallcarca en bonita finca del año 2005 muy cerca del mercado de Lesseps metro de Vallcarca cerca del Hospital de l´Esperança de uno de los accesos al Parc Güell y a 10 minutos andando del corazón del barrio de Gracia. La vivienda tiene 94 m2 construidos 72 m2 útiles y dispone de trastero.  DISTRIBUCIÓN:  Funcional cocina office equipada amplio salón comedor con altos ventanales al exterior baño completo con plato de ducha (dispone práctico armario aprovechando el hueco de la escalera).   Subiendo encontramos una estancia polivalente actualmente dispone de cama individual cumpliendo las necesidades de un dormitorio este espacio se puede utilizar como despacho pequeña biblioteca etc. dispone de gran armario con doble puerta baño completo con bañera y dormitorio doble exterior con gran armario empotrado y doble ventana exterior.  EXTRAS: . - Aire acondicionado. - Calefacción. - Armarios empotrados. - Parquet. - Baños de Mármol. - Persianas automáticas  OPCIONAL:  Plaza de garaje en el mismo edificio por 24.000€. ,1,95,0,Gas natural,null,94,72,La Salut,1,295.000 € ,3,285.000 ,3.032 €/m²,Jose Rodriguez, Ref.: 124 - Duplex Carrer Repartidor ,2,Segunda mano/buen estado,null,Dúplex en venta en calle del Repartidor,http://idealista.com/inmueble/88281009/
2,2002,  Ubicado justo en frente de la ‘Platja de Llevant’ en primera línea de mar y a su vez en una zona céntrica y bien comunicada rodeada de comercios y servicios diversos encontramos este espectacular piso de 144m2. Todo el piso está construido con mármol gris claro y rodeado de paredes acristaladas que llenan de luz todas las estancias. Dispone de un amplio salón-comedor de 35m2 con acceso al balcón todo ello con vistas al mar y cuenta con una cocina independiente de vitrocerámica en perfecto estado de conservación muy cómoda y equipada con horno y microondas también con un espacio de comedor. La propiedad alberga un total de tres dormitorios; uno en suite y otros dos dobles todos ellos con vistas panorámicas al mar. Cuenta con dos baños completos con bañera y zona de aguas separada reformada recientemente. El precio de compra inc... ,1,0,null,null,null,144,116,Sant Martí,1,1.120.000 € ,12,985.000 ,6.840 €/m²,Atipika Lifestyle Properties, Ref.: 13468 ,3,Segunda mano/buen estado,1,Piso en venta en Diagonal Mar i el Front Marítim del Poblenou,http://idealista.com/inmueble/87098689/
1,1939, Este piso se encuentra en Avinguda del Paral·lel 08015 Barcelona situado en el distrito de eixample en la planta segunda. Es un piso que tiene 84 m2 de los cuales 82 m2 son útiles y dispone de 4 habitaciones y 1 baños. Muy luminoso con doble orientación con un espacioso balcón a cada lado con unos suelos hidráulicos espectaculares de un autentico piso de lujo con una ubicación inmejorable y con todos los servicios a pie de finca no te pierdas de venir a ver un autentico piso de le eixample.  El equipo de La Meva Llar estará encantado de ayudarte para que puedas sentirte como en casa a la hora de realizar tu compra o tu alquiler. Encuentra más en. ,1,0,2,Gas natural,null,84,78,Sant Antoni,null,null,null,335.000 ,3.988 €/m²,La Meva Llar, Ref.: ANSA-VILA ,4,Segunda mano/buen estado,null,Piso en venta en avenida del Paral·lel,http://idealista.com/inmueble/91499346/
2,2008, Piso de 4 dormitorios dobles y gran terraza en Sant Antoni Luminoso ático en venta en una finca del 2008 ubicada en el barrio de Sant Antoni. La vivienda tiene una superficie de 131 m2 un balcón de 9 m2 y una terraza de 64 m2 de uso privativo. Todas sus estancias son exteriores. Se compone de recibidor cocina y salón-comedor ambos con salida a un grande balcón de 9 m2 muy disfrutable y con vista a un parque en un interior de patio de manzana recuperado; cuatro dormitorios dobles todos exteriores y con luz natural y con armarios empotrados; dos baños completos de los cuales uno en suite. En el terrado de la finca situado en planta superior hay una terraza de 64 m2 que le pertenece al piso para su uso exclusivo. Aire acondicionado y calefacción por conductos integrados en falso techo. Se trata de una magnífica oportunidad de vivir en un piso con todas las comodidades en una finca de obra semi-nueva en uno de los barrios más de moda en Barcelona al lado de la estación de metro Poble-Sec junto a la animada calle Parlament y a solo dos manzanas del gran Mercado modernista de Sant Antoni. ,1,155,6,Bomba de frío/calor,null,155,null,Sant Antoni,null,null,null,695.000 ,4.484 €/m²,aProperties Real Estate Barcelona, Ref.: VB2010010 ,4,Segunda mano/buen estado,1,Ático en venta en calle de Calàbria,http://idealista.com/inmueble/91312447/
1,null, Piso de 4 habitaciones en barrio muy tranquilo de Barcelona. Se trata de un inmueble bien mantenido en la zona del Guinardó. El piso consta de Comedor de 20 m/2 con salida al balcón. Balcón muy agradable que permite instalar mesa y sillas. Al lado del comedor hay una habitacion que da al balcón. Si solo necesitan 3 habitaciones la pared que separa a esta del comedor es tabique por lo que permite ampliar el comedor sin problemas. El resto del piso es decir cocina baño y las otras tres habitaciones grandes son interiores dan a patios de luces amplios y bien conservados. La cocina necesita actualización pues estamos ante una cocina de origen. Ésta dispone de acceso a lavadero. El baño ha sido actualizado instalando una ducha en lugar de bañera.  En cuanto a las habitaciones restantes debemos tener en cuenta que dos son dobles y la otra es individual. Se trata de una vivienda amplia en una buena zona y con muchas posibilidades. El importe de la reforma necesario es bajo. El piso tiene ascensor y a comunidad ha pasado la ITE.  Piso a escasos metros de todos los servicios. ,null,0,1,null,null,86,80,El Guinardó,null,270.000 € ,4,259.500 ,3.017 €/m²,Salvador, Ref.: 4-HG024 ,4,Segunda mano/para reformar,null,Piso en venta en calle de Rubió i Ors 8,http://idealista.com/inmueble/90810607/
2,1963, Fantástico piso situado en Sant Gervasi -Galvany una de las mejores zonas de ciudad en una calle tranquila y sin tránsito. Desde la entrada se compone de un distribuidor que separa la zona de día de la zona de noche.  En la zona de día encontramos un salón comedor de unos 25m2 con amplio balcón a la calle orientado a sur muy soleado. Cocina office con despensa que se entrega totalmente equipada.  La zona de noche se compone de dos habitaciones dobles una de ellas en suite y la otra con salida a pequeña terraza con vistas a agradable patio interior muy despejado y soleado. En esta zona también encontramos una habitación individual y otro baño completo.  Dispone de parquet de tarima de madera natural calefacción por radiadores en todas las estancias preinstalación de aire acondicionado carpintería de aluminio.  junto a comercios sevicios restaurantes colegios centros médicos y muy bien comunicado. ,1,0,3,Calefacción individual,null,124,null,Sant Gervasi - Galvany,null,650.000 € ,8,595.000 ,4.798 €/m²,iLIVEBARCELONA, Ref.: V02113 ,3,Segunda mano/buen estado,1,Piso en venta en calle de Ravella,http://idealista.com/inmueble/90505386/
5,1996,  Casa en el corazón de Sarriá En pleno barrio de Sarriá nos encontramos esta casa adosada construida por el arquitecto Carlos Ferreter en 1996. La vivienda se compone de cinco plantas todas ellas se comunican con una escalera y por ascensor.  Desde la calle se accede a la planta baja. Al entrar nos encontramos con un amplio y luminoso salón comedor con techos altos y grandes ventanales. Desde el salón se accede a una terraza de 24m2 muy tranquila y bien orientada. En esta misma planta también se encuentra la cocina y un aseo de cortesía.  En la primera planta encontramos una sala con un gran ventanal que tenía uso como despacho.  En la segunda planta nos encontramos con tres dormitorios de los cuales el principal es en suite con baño y una pequeña terraza y los otros dos tienen el baño fuera. Todos los dormitorios son exteriores. ... ,null,100,null,Gas natural,null,262,230,Sarrià-Sant Gervasi,1,null,null,1.350.000 ,5.153 €/m²,aProperties Real Estate Barcelona, Ref.: VB2003015-5 ,4,Segunda mano/para reformar,1,Casa o chalet en venta en Sarrià,http://idealista.com/inmueble/91364021/
2,null, Ático en venta en calle Balmes 167  Magnífico ático de 105 m2 que goza de una terraza de 46 m2 que se compone de: salón-comedor que incuye una bonita galería típica de una finca clásica cocina office equipada y tres dormitorios: amplio dormitorio principal con baño ensuite y con salida a balcón segundo dormitorio doble más uno individual que comparten un baño completo.  La vivienda que forma parte del proyecto Diagonal Residences está ubicada en la quinta planta de una espectacular finca diseñada en 1910 por el famoso arquitecto Enric Sagnier. Gracias a sus amplios espacios y una altura de techos superior a 3 metros permite respirar un verdadero espíritu del la parte más noble del Eixample barcelones y una vida urbana a tan sólo una calle de Rambla Catalunya. ,1,0,5,null,Obra nueva,105,null,L'Antiga Esquerra de l'Eixample,null,null,null,1.269.000 ,12.086 €/m²,Coldwell Banker Prestige Barcelona, Ref.: Ático 3ª ,3,Promoción de obra nueva,1,Ático en venta en calle Paris 210,http://idealista.com/inmueble/40403906/
2,null, Fabuloso piso de 105 m2 que goza de una terraza de 39 m2 que se compone de: salón-comedor que incuye una bonita galería típica de una finca clásica cocina office equipada y tres dormitorios: amplio dormitorio principal con baño ensuite y con salida a balcón segundo dormitorio doble más uno individual que comparten un baño completo.  La vivienda que forma parte del proyecto Diagonal Residences está ubicada en la primera planta de una espectacular finca diseñada en 1910 por el famoso arquitecto Enric Sagnier. Gracias a sus amplios espacios y una altura de techos superior a 3 metros permite respirar un verdadero espíritu del la parte más noble del Eixample barcelones y una vida urbana a tan sólo una calle de Rambla Catalunya. ,1,0,1,null,Obra nueva,105,null,L'Antiga Esquerra de l'Eixample,null,null,null,1.075.000 ,10.238 €/m²,Coldwell Banker Prestige Barcelona, Ref.: 1º 1ª ,3,Promoción de obra nueva,1,Piso en venta en calle Paris 210,http://idealista.com/inmueble/40403475/
3,null, Piso en venta en calle Balmes 167  Espectacular piso de 4 dormitorios ubicado en la primera planta de la preciosa finca esquinera obra de Enric Sagner. La vivienda de 210 m2 disfruta de una espectacular terraza de 30 m2. El salón-comedor presume de grandes ventanales y varios balcones que dan a la C/Paris y a la C/Balmes y con vistas a la Av. Diagonal. El suelo es de parquet natural de roble con una alfombra de mosaico hidráulico original recuperado y restaurado.  Cocina office de la casa Bulthaupt también totalmente exterior cuenta con un espacio para una mesa y una zona separada para un lavadero completo. Los 4 dormitorios de los que dispone la vivienda son dobles y exteriores. La parte más tranquila de la vivienda está destinada en su totalidad a la impresionante suite principal que cuenta con casi 50 m2 distribuidos entre el dormitorio baño y una galería. Existe una opción de configuración de la vivienda con 3 dormitorios conservando un imponente hall de entrada original; tal y como lo diseñó el maestro Sagnier. La espectacular altura de techos donde se han conservado o renovado las típicas molduras de una finca regia permite disfrutar de unos espacios amplísimos y luminosos. ,1,0,1,null,Obra nueva,210,null,L'Antiga Esquerra de l'Eixample,null,null,null,1.879.000 ,8.948 €/m²,Coldwell Banker Prestige Barcelona, Ref.: 1º 1 ª ,4,Promoción de obra nueva,1,Piso en venta en calle Paris 210,http://idealista.com/inmueble/40403402/
2,1944,  Formidable propiedad de 327m2 situada en Sant Gervasi Galvany en una finca de gran categoría en el conjunto de viviendas plurifamiliares de  El rancho Grande  que data de 1944 de estilo novecentista de posguerra construida por el arquitecto Joaquim Lloret i Homs y dotada de servicio de conserje.    Esta vivienda de grandes dimensiones tiene molduras originales de la época y techos muy altos que aumentan la sensación de espacio. En la entrada encontramos un amplio y elegante recibidor que hace a su vez de distribuidor dividiendo la propiedad en zona de noche y zona de día. Toda la zona de día goza de orientación Suroeste por lo que recibe mucho sol a través de sus grandes ventanales además desde el comedor se accede a una agradable terraza de 10m2 con vistas a la calle. Esta amplia zona de día también dispone de una chimenea y ... ,1,0,5,Calefacción individual,null,332,null,Sant Gervasi - Galvany,null,null,null,1.395.000 ,4.202 €/m²,iLIVEBARCELONA, Ref.: V01909 ,5,Segunda mano/buen estado,1,Piso en venta en calle de Muntaner Barcelona,http://idealista.com/inmueble/83729702/
2,1900, OPORTUNIDAD INVERSORES Se vende precioso piso nuevo en Calle Beates recién reformado en pleno centro de Barcelona al lado de Catedral de Barcelona en zona de paso de turistas Metro Jaume I en el corazón del Borne una zona llena de servicios cafeterías y restaurantes. A 7 min de la playa y a 5 min a Plaza Cataluña.  El piso tiene:  * 5 dormitorios 3 dobles y 2 individuales. * 2 baños. * Salón exterior que da a la calle peatonal. * Completamente amueblado. * Dispone de todos los electrodomésticos termo calefacción eléctrica. * Sistema eléctrica totalmente actualizada.  El piso es ideal para una familia o para un inversor ya que el piso siempre ha sido alquilado con una rentabilidad de 6% lo cual supone el alquiler de 1.900€/mes.  Fantástica ubicación en pleno centro de Barcelona muy cómoda para vida cotidiana. Hay todo tipo de servicios: supermercados de calidad y de gran variedad; mercado de productos frescos Santa Caterina; gran oferta gastronómica sin largos desplazamientos; sin necesidad de tener coche - gran red de transporte público. Hay mucha oferta de parkings en la zona. ,0,119,null,Calefacción individual,null,80,78,Sant Pere - Santa Caterina i la Ribera,null,319.000 € ,6,299.000 ,3.738 €/m²,eRitage Solutions SL, Ref.: B20533 ,5,Segunda mano/buen estado,null,Piso en venta en calle de les Beates,http://idealista.com/inmueble/90015289/
4,1955,  Espectacular ático esquinero en Avenida Diagonal En una de las mejores esquinas de la Diagonal se sitúa esta particular y espectacular vivienda. Se trata de un ático de casi 200 metros de piso y dos terrazas una de 119m2 y otra de 17m2 todo en la misma planta. Desde la entrada a la izquierda vamos hacia la cocina toda exterior con salida a la terraza vistas a toda la Avenida Diagonal y hacia la montaña del Tibidabo. Más hacia la izquierda un pasillo por el que también podemos salir a la terraza hay una habitación de servicio planchador lavadero y en la esquina de la finca el salón rodeado de la terraza. Hacia la derecha desde la entrada principal 4 dormitorios dobles 3 baños y otra terraza de 17m2. El sol la luz y la terraza son tres elementos que definen por completo esta propiedad.  Se trata de una finca regia con 2 asce... ,1,219,8,null,null,244,null,Les Corts,1,1.580.000 € ,10,1.420.000 ,5.820 €/m²,Barcelona MMC - Zona Alta - S1, Ref.: W-02ICP8 ,5,Segunda mano/buen estado,1,Ático en venta en Les Corts,http://idealista.com/inmueble/88853150/
2,1850,  Piso reformado en calle peatonal del Gótico En pleno centro histórico de Barcelona en una tranquila calle peatonal se encuentra este amplio piso reformado con estilo y carácter en una finca regia del año 1850. El apartamento reserva los elementos originales de la época como las vigas de madera la volta catalana y las ventanas restauradas que le da personalidad. Consta de una gran cocina americana totalmente equipada con electrodomésticos de la marca Bosch abierta al salón y el comedor. El piso consta de tres dormitorios dobles y dos baños completos. El piso destaca por la excelencia de su reforma con acabados de alta calidad y materiales la combinación de elementos modernos con elementos originales. En el Barrio Gótico de Barcelona todavía se encuentran restos de la historia romana de hace más de 2000 años incluyendo partes de la... ,0,95,1,null,null,115,null,Ciutat Vella,null,440.000 € ,14,380.000 ,3.304 €/m²,Barcelona MMC - Ciutat Vella - Sant Martí - S7, Ref.: W-02AQP2 ,3,Segunda mano/buen estado,null,Piso en venta en El Gòtic,http://idealista.com/inmueble/88713961/
2,2005,  ETHIC REAL STATE presenta esta espectacular vivienda de alto standing ubicada en edificio ILLA DE LA LLUM se trata de una 10ª planta con vistas al Mar (Orientación Suroeste) dispone de 156m2 construidos de los cuales 116m2 pertenecen a vivienda 30m2 de terraza con vistas al mar plaza de parquing incluida en el precio + amplio trastero.  El inmueble dispone de elementos que logran el máximo confort ventanas de doble cristal para mejor aislamiento acústico cortinas bandalux en salón y cocina electrodomésticos Siemens y Bosch sistema especial de lamas en la terraza suelos de parquet marmol en baños luces led de bajo consumo.  DISTRIBUCIÓN: . - Amplio salón comedor con salida exterior a terraza y vistas al mar. - Amplia cocina totalmente equipada con salida exterior. - Suite con salida exterior a terraza y baño completo con doble... ,1,138,10,null,Urge,156,100,Diagonal Mar i el Front Marítim del Poblenou,1,null,null,1.050.000 ,6.731 €/m²,Jose Rodriguez, Ref.: 127 ILLA DE LA LLUM ,3,Segunda mano/buen estado,1,Piso en venta en paseo de Garcia Fària,http://idealista.com/inmueble/88333047/
6,1995,  Espectacular chalet de 585 m² de superficie y 160 m² de parcela en la que podrás disfrutar de tus ratos de ocio sin salir de casa en Barcelona. La amplitud de esta vivienda proporciona a una familia con niños todo el espacio que necesita.   Este edificio de vivienda unifamiliar está formado por una planta baja altillo y cinco en altura comunicadas con ascensor. Se distribuye en amplio salón cinco habitaciones dos de ellas en suite y una de las tres restantes es una sala polivalente de 70 m² tres baños tres aseos cocina amueblada completamente independiente del resto de estancias y equipada con electrodomésticos y armarios empotrados. Además cuenta con balcones en toda la fachada principal y balcones terraza en todas las plantas una terraza de 60m²en la planta 1ª y una terraza con piscina y solarium en la azotea. Este edifici... ,null,0,null,null,null,585,567,La Sagrada Família,1,null,null,1.950.000 ,3.333 €/m²,Housell.com, Ref.: 107928 ,5,Segunda mano/buen estado,1,Casa o chalet en venta en calle de la Marina,http://idealista.com/inmueble/87359434/
1,1965, Piso situado en calle BAC DE RODA cercano a comercios transporte público (H10 33 B24 H12 L2 Bac de Roda y Tranvía) supermercados (Lidl Mercadona Condis Día y BonArea) Colegios centros comerciales (Diagonal Mar y Glories)  Esta cercanía a servicios básicos potencia la comodidad y aumenta la autonomía de la vivienda y el entorno.  Consta de una sexta planta real con ascensor entre pisos impares. Distribuida en 3 dormitorios (1 doble y 2 individuales) baño completo cocina independiente y salón comedor exterior con vistas.  Los gastos propios de notaria gestoría y registro no están incluidos en el precio. ,1,219,6,Gas natural,null,96,null,Sant Martí de Provençals,null,205.000 € ,2,200.000 ,2.083 €/m²,Jose Rodriguez, Ref.: 160 Piso Bac de Roda/Rambla Guipuzcoa ,3,Segunda mano/para reformar,null,Piso en venta en calle de Bac de Roda,http://idealista.com/inmueble/91378093/