bathrooms,constructed_year,description,elevator,energetic_qualification_kWhm2_año,floor,heater_system,its_new,m2_build,m2_useful,neighbourhood,parking,price_down_euro,price_down_percentage,price_euro,price_m2,real_estate,ref,rooms,status,terrace,title,link
5,1998,  Único y exclusivo ático con espectaculares vistas a Plaza Catalunya situado en la octava planta del edificio diseñado por el arquitecto Manuel Galindo.    Actualmente sus 290m2 de superficie se encuentra divididos en tres apartamentos diferenciados en varias estancias que albergan los salones comedores dormitorios cocinas y baños propios y todas destacan por las impresionantes vistas que ofrece a Plaza Catalunya.  Las 3 propiedades se venden conjuntamente y están registradas como 3 entidades: un apartamento de 140m2 uno de 100m2 y un estudio de 50m2.     La distribución puede ser completamente rediseñada acorde con las necesidades del nuevo propietario ya que las paredes son todas de tabique.   Destacar que una de las paredes que separan los apartamentos grandes originalmente independientes tiene un mecanismo para abrirse de form... ,1,285,7,Gas natural,null,290,278,El Gòtic,1,1.995.000 € ,15,1.700.000 ,5.862 €/m²,Excens Real Estate, Ref.: ADD1538 ,4,Segunda mano/buen estado,null,Ático en venta en plaza de Catalunya,http://idealista.com/inmueble/88904295/
2,1936,  HOME GROUP. - Gótico. Magnifico piso en finca regia de 132 m² en 5º planta. Dispone de 4 amplias habitaciones y 2 baños Tiene salón con salida a 2 balcones Reformado de calidad a estrenar orientación mar muy soleado Finca impecable con ascensor ¡UNICO EN LA ZONA! .  La Ciutat Vella es el centro histórico de Barcelona y por tanto el corazón de la ciudad. Barcelona fue fundada en la Ciutat Vella: &nbsp;los primeros romanos escogieron un pequeño montículo entre dos arroyos: Collserola (hoy en día La Rambla) y el de Junqueras (hoy Vía Laietana). En aquel lugar se fundó Barcino. La oferta de pisos en venta en Ciutat Vella va desde pisos del lujo hasta pisos para reformar. &nbsp;Al ser un distrito muy diverso con algunos de los barrios más caros de Barcelona como El Barrio Gótico o la zona del Born y algunos con precios mucho más bajos com... ,1,0,5,Gas natural,null,133,132,El Gòtic,null,null,null,495.000 ,3.722 €/m²,Home Group Gràcia, Ref.: G-40546 ,4,Segunda mano/buen estado,null,Piso en venta en calle de la Portaferrissa,http://idealista.com/inmueble/88508691/
1,1900,  Piso de 65 m2 construidos de planta más 19 m2 de altillo en una tercera planta de un edificio de 1900 cuyo ascensor se está actualmente instalando situado en la calle Mare de Déu del Pilar en el barrio del Born. Al entrar en el piso encontramos un pasillo largo que se utiliza como espacio de almacenaje con unas amplias estanterías de obra. Este da acceso a un espacio polivalente salón-comedor-cocina con doble altura en la cual se ha aprovechado para hacer un altillo. Este espacio se inunda de luz gracias a los cuatro ventanales orientados a un tranquilo y luminoso patio de manzana. La cocina lineal ocupa todo un lateral con muebles bajos en color blanco que se integran muy bien en el espacio. Unos armarios altos sirven de almacenaje para algunos electrodomésticos y la caldera. Una sutil escalera de peldaños de madera nos conduce a... ,1,173,3,Gas natural,null,84,72,Sant Pere - Santa Caterina i la Ribera,null,null,null,320.000 ,3.810 €/m²,Monapart Barcelona (Vendes), Ref.: VSC1-2001 ,0,Segunda mano/buen estado,null,Estudio en venta en calle de la Mare de Déu del Pilar,http://idealista.com/inmueble/88504698/
1,1860, Piso de 50m2 con un dormitorio baño balcón y terraza renovado integralmente en 2017 situado en una segunda planta real de un edificio sin ascensor ubicado en el barrio de Gracia.  Es un piso renovado por completo en el año 2017. Luminoso con fachadas a calle y a interior de manzana con buena ventilación cruzada. La cocina de buen diseño se encuentra integrada en la sala de estar posee una encimera de silestone y una barra para comer. La sala de estar-comedor es cómoda las vigas de madera a la vista le brindan calidez y estilo. El baño es completo y recibe sol y ventilación a través de una ventana al exterior. El dormitorio posee un armario doble y salida a un pequeño balcón que da a calle y a orientación noreste. Las paredes son lisas de color blanco la carpintería exterior es de aluminio y el suelo es de parquet. La terraza en cubierta de 30m2 cuenta con una vista pintoresca y abierta. Se accede a la misma mediante la escalera comunitaria. La calefacción (frío/calor) por bomba de calor y conductos. También cuenta con alarma. ,0,186,2,Bomba de frío/calor,null,55,46,Vila de Gràcia,null,null,null,250.000 ,4.545 €/m²,Monapart Barcelona (Vendes), Ref.: VAY3-1912 ,1,Segunda mano/buen estado,1,Piso en venta en calle de Martínez de la Rosa,http://idealista.com/inmueble/88080593/
2,1963, ESPAÑOL: Fantástico piso situado junto a la Ronda del General Mitre en calle tranquila y sin tránsito. Se compone de salón comedor de 25 m2 con balcón a calle dos habitaciones dobles una en suite y la otra con balcón a manzana interior una habitación individual cocina office con despensa que se entrega con todos los electrodomésticos y dos baños. Dispone de parquet de tarima de madera natural calefacción por radiadores en todas las estancias preinstalación de aire acondicionado carpintería de aluminio y puertas de madera de haya vaporizada. Junto a comercios servicios colegios y centros médicos y bien comunicado por las líneas N-8 V-13 y H-6 de autobuses y los ferrocarriles de la Generalitat. Impuestos y gastos no incluidos en el precio. ,1,115,3,Gas natural,null,124,null,Sant Gervasi - Galvany,null,null,null,593.000 ,4.782 €/m²,JOAN PAU FONT, Ref.: 000259/1 ,3,Segunda mano/buen estado,null,Piso en venta en ravella,http://idealista.com/inmueble/87391593/
2,1936, magnifico piso en el barrio del putxet de barcelona. piso reformado y transformado de una finca regia del año 1936 la ubicación de la finca dentro de la montaña del putxet nos permite una residencia muy tranquila en el corazon de barcelona.  Vivienda de 117 metros cuadrados con un bonito jardin de 58 m2. Consta de 3 habitaciones dobles y dos baños completos calefacción aire acondicionado pavimentos de Microcemento y parquet. No deje de visitarlo. ,1,0,1,Gas natural,null,117,110,El Putxet i el Farró,null,null,null,710.000 ,6.068 €/m²,Casa sc, Ref.: 1P1866 ,3,Segunda mano/buen estado,1,Piso en venta en avenida de la República Argentina,http://idealista.com/inmueble/86472559/
2,1910,  Piso reformado de 153 m2 construidos en una segunda planta de un edificio de 1910 sin ascensor. En el 2015 se realizó una exhaustiva reforma cuidando hasta el último detalle para conservar los elementos originales siempre que fuera posible o integrando nuevos materiales sin perder la autenticidad.  Accedemos a un amplio recibidor/distribuidor de techos altos. El suelo de madera enmarca un recuadro de baldosas hidráulicas recuperadas de una antigua estancia del piso. El distribuidor da acceso a la cocina a un baño completo con ducha a una habitación doble con armario empotrado con puertas de celosía en color rojo al vestidor que da acceso directo al dormitorio principal y al salón comedor. A resaltar las puertas de madera de acceso a las estancias algunas dobles y otras pintadas en un original color verde vintage.  La cocina por... ,0,16,1,Gas natural,null,153,132,El Raval,null,null,null,570.000 ,3.725 €/m²,Monapart Barcelona (Vendes), Ref.: VDM1-1906 ,3,Segunda mano/buen estado,1,Piso en venta en Guardia,http://idealista.com/inmueble/86178043/
2,1900, Piso de 100 m2 construidos en una primera planta real sin ascensor en la calle Corsega a dos pasos de paseo de Sant Joan. La vivienda orientada Norte-Sur se distribuye actualmente en 3 habitaciones dobles y una habitación individual cocina y baño salón-comedor en fachada a calle galería y lavadero.  El piso tiene dos zonas diferenciadas la zona del patio de manzana con luz todo el día está distribuida en dos habitaciones dobles unidas por la galería y en esta un lavadero y un aseo. En el pasillo se encuentra la cocina independiente y el baño completo con ducha ambos ventilan a patio de luces. En la zona de fachada a Corsega está el salón-comedor una habitación individual que ventila a patio de luces y la habitación principal con salida directa al balcón. Las carpinterías de todo el piso son puertas dobles con cuarterones las exteriores cuentan con porticones por la parte interior y mallorquinas en el exterior. La vivienda está de origen con detalles propios de su época de construcción como suelos hidráulicos de dibujos variados en buen estado en habitaciones y zonas de paso techos altos y carpinterías de madera bien conservadas. ,0,203,1,null,null,100,83,El Camp d'En Grassot i Gràcia Nova,null,null,null,360.000 ,3.600 €/m²,Monapart Barcelona (Vendes), Ref.: VTA1-1810 ,4,Segunda mano/para reformar,null,Piso en venta en calle Còrsega Barcelona,http://idealista.com/inmueble/82694350/
2,1962, Este piso se encuentra en Carrer de Córcega en un 2ª real construido en el año 1962 que tiene 93 m2 mas una soleada terraza de unos 10m2 dispone de 4 habitaciones y 2 baños. Se encuentra en una finca con ITE pasada rehabilitada y ascensor.  El equipo de La Meva Llar estará encantado de ayudarte para que puedas sentirte como en casa a la hora de realizar tu compra o tu alquiler. Valoramos tu casa Encuentra más en. ,1,0,2,null,null,93,null,El Camp d'En Grassot i Gràcia Nova,null,null,null,340.000 ,3.656 €/m²,La Meva Llar, Ref.: Còrsega ,4,Segunda mano/buen estado,null,Piso en venta en calle de Còrsega,http://idealista.com/inmueble/91556049/
2,1952, En venta este fabuloso piso a estrenar 75m2 distribuidos de una forma excelente. 3 habitaciones (dos dobles) baño completo y aseo de cortesía cocina americana suelos de parquet. Cerramientos de aluminio. Piso sin pasillo todo exterior incluidos baños y cocina. Finca con ascensor. Ubicado en Paseo Maragall al lado del metro parada (Maragall). Rodeado de todo el equipamiento y comercio necesario. Fotos render con mobiliario a escala para entender bien su espacio muebles no incluidos. Grupo Apisa. ,1,0,6,null,null,75,70,Vilapicina i la Torre Llobeta,null,null,null,289.000 ,3.853 €/m²,APISA, Ref.: 20871 ,3,Segunda mano/buen estado,null,Piso en venta en paseo de Maragall,http://idealista.com/inmueble/91442835/
2,1975, Guinardó - Mare de Deu de Montserrat. Por una vez y sin que sirva de precedente damos por buena esa frase de piso con muchas posibilidades. Y lo es porque la distribución del piso hace que no haya espacios perdidos. !  Es un entresuelo con 4 habitaciones 2 baños completos. Cocina con salida a patio-lavadero y otro patio que bien habilitado puede hacer las delicias de una familia que quiera tener un 2º comedor de verano o para cenar a la fresca.  A menos de 5 minutos de la parada de metro de Maragall (linea 5).  Incluso puede ser un buen producto de inversión una vez hecha la reforma. Por 2 motivos: por su distribución (4 habitaciones) como por los 2 patios.  Ver a verlo y te hacemos presupuesto de reforma gratuito. ,1,224,null,Calefacción individual,null,76,66,El Guinardó,null,236.000 € ,7,220.000 ,2.895 €/m²,Cesar Meana, Ref.: 3477-01150 ,4,Segunda mano/para reformar,1,Piso en venta en avenida de la Mare de Déu de Montserrat,http://idealista.com/inmueble/91315886/
1,1985, Fincas Puente anuncia este bonito piso listo para entrar a vivir en finca del año 1985.   La vivienda consta de 80 m² distribuidos en luminoso salón-comedor de 23m² con salida a balcón de 10m² (exterior a calle) tres habitaciones (dos dobles y una individual) cocina baño completo con bañera y lavadero.  El piso se encuentra en buen estado de conservación con aire acondicionado y calefacción a gas en todas las estancias. Es una segunda planta de altura real con ascensor y se vende con una plaza de aparcamiento en la misma finca por 25.000 € (opcional).  La vivienda se localiza en el acogedor barrio de Sagrada Familia a pocas calles del templo en una zona con todos los servicios colegios supermercados y el metro a un minuto andando.   *Honorarios gestoría notaría y registro no incluidos en el precio. ,1,0,2,Gas natural,null,80,76,La Sagrada Família,null,330.000 € ,11,295.000 ,3.688 €/m²,Fincas Puente, Ref.: 010238-1 ,3,Segunda mano/buen estado,null,Piso en venta en calle de Mallorca,http://idealista.com/inmueble/90354265/
2,1958, Ático reformado en l’Eixample Esquerra Fantástico ático en l’Eixample Esquerra totalmente reformado hace 5 años por un arquitecto cuidando todos los detalles y obteniendo la práctica distribución.  Entramos y nos encontramos con la luminosa zona de día con una zona de estar muy agradable y acogedora. Una amplia cocina abierta con comedor que da salida a una disfrutable terraza de unos 15m2 con fabulosas vistas. También hay otro balcón de unos 2 m2.  En la zona de noche tenemos dos habitaciones dobles exteriores que dan a un amplio patio de manzana que da mucha luminosidad a las estancias. Un gran baño con ducha y bañera otra habitación individual grande con otro baño completo. En esta zona de la casa también encontramos un práctico y amplio lavadero.  Cabe destacar la impresionante luz natural que tiene toda la vivienda debido a su exterioridad.  El piso es totalmente cuadrado dando la vuelta sobre sí mismo. Aprovechando todos los rincones de la vivienda incluso sacándole partido al amplio pasillo como zona de trabajo.  Se encuentra en una calle semi peatonal con agradables terrazas y rodeada de todos los servicios y transporte público. ,1,155,8,Gas natural,null,140,null,Eixample,null,null,null,650.000 ,4.643 €/m²,aProperties Real Estate Barcelona, Ref.: VB2010042-1 ,3,Segunda mano/buen estado,1,Piso en venta en Sant Antoni,http://idealista.com/inmueble/91612903/
2,1965,  Piso alto y con parking junto a la calle Mandri en venta Piso alto y luminoso a reformar junto a la calle Mandri en uno de los barrios más prestigiosos de Barcelona.  La vivienda con muchas posibilidades de reforma al estar construida por pilares consta actualmente de un amplio hall de entrada que da paso al salón-comedor (actualmente separado por un tabique) con chimenea y acceso a la terraza cubierta de 10m2. Junto a este tenemos la habitación principal en suite con armario empotrado acceso a otra terraza cubierta de 5m2 y a un baño completo con bañera. La cocina amplia y con office tiene lavadero exterior y despensa.  En la zona de noche actualmente hay otra cocina (ya que el piso estaba dividido en dos viviendas) pero que podría convertirse en una habitación con baño además hay dos dormitorios dobles y exteriores un dormitori... ,1,278,4,null,null,173,139,Sarrià-Sant Gervasi,1,null,null,795.000 ,4.595 €/m²,aProperties Real Estate Barcelona, Ref.: VB2010033-1 ,5,Segunda mano/para reformar,1,Piso en venta en Sant Gervasi - La Bonanova,http://idealista.com/inmueble/91612894/
4,1965,  Piso señorial con terraza en venta en Galvany En Barcelona a escasos metros de l’Avinguda Diagonal Rambla de Catalunya y Passeig de Gràcia en pleno corazón del prestigioso barrio de Galvany rodeado de todo tipo de servicios comercios y transporte público encontramos este señorial piso en venta a actualizar. La propiedad terraza incuida tiene una superficie de 225 m² aproximadamente. Accedemos a ella a través de un amplio recibidor que da paso por un lado&nbsp; a la &nbsp;zona de día en la cual encontramos una habitación a modo de despacho un &nbsp;gran salón-comedor dividido en tres ambientes con chimenea y&nbsp; acceso a una disfrutable y acogedora terraza que actualmente está cubierta parcialmente con una zona descubierta de unos 8 m2. Encontramos también una cocina office con zona de aguas y un aseo donde antiguamente había ... ,1,0,4,Gas natural,null,224,null,Sarrià-Sant Gervasi,null,null,null,890.000 ,3.973 €/m²,aProperties Real Estate Barcelona, Ref.: VB2010023-1 ,5,Segunda mano/para reformar,1,Piso en venta en Sant Gervasi - Galvany,http://idealista.com/inmueble/91612873/
4,1980, Piso único en venta en las cocheras de Sarrià En las conocidas Cocheras de Sarrià encontramos este maravilloso piso &nbsp;de 217m². Accedemos a la vivienda por un amplio distribuidor del que salen todas las estancias. Consta de una magnifico salón en dos ambientes un comedor independiente con salida a una pequeña terraza que se comunica con una amplia cocina office con zona de aguas independiente. Habitación de servicio con baño completo. En la zona de noche tenemos tres&nbsp;dormitorios uno de ellos en suite con vestidor y baño completo con ducha y bañera y salida a una terraza una suite junior con baño con ducha y una última suite que podría dividirse en dos dormitorios. La vivienda es totalmente exterior destaca su luminosidad hay gran cantidad de armarios empotrados. La finca dispone de dos ascensores y servicio de conserje. El precio incluye plaza de parking doble. ,1,76,4,Gas natural,null,222,null,Sarrià-Sant Gervasi,1,null,null,1.150.000 ,5.180 €/m²,aProperties Real Estate Barcelona, Ref.: VB2010017-2 ,4,Segunda mano/buen estado,1,Piso en venta en Sarrià,http://idealista.com/inmueble/91612627/
2,1975, Piso con vistas al mar en calle Escar La Barceloneta Bonito&nbsp;apartamento con espectaculares vistas al puerto de Barcelona.  Si quieres vivir en la playa alejado del tráfico pero a la vez muy cerca del centro histórico de Barcelona este es tu sitio.  Piso de 108m2 &nbsp; 2 dormitorios y 2 baños. Salón muy amplio con cocina abierta completamente exterior y muy luminoso.  Ubicado en la esquina sureste de un edificio residencial brinda luz natural desde el amanecer hasta el atardecer. Magníficas vistas del puerto pesquero de Barcelona. Ubicación única en uno de los barrios más populares de Barcelona.  Se encuentra a 1 minuto andando a la playa 5 minutos a pie del mercado de alimentos de la Barceloneta a 5 minutos a pie de los mejores clubes deportivos y de natación de la ciudad a 10 minutos a pie de la estación de metro Barceloneta y a 15 minutos a pie del centro histórico de la ciudad de Barcelona El Born. Y justo al lado del prestigioso puerto deportivo OneOcean Super Yacht.  Una gran oportunidad de vivir en una de las zonas con mejores vista de la ciudad. &nbsp;. ,1,122,5,Gas natural,null,108,91,Ciutat Vella,1,null,null,695.000 ,6.435 €/m²,aProperties Real Estate Barcelona, Ref.: VB2009039-4 ,2,Segunda mano/buen estado,null,Piso en venta en La Barceloneta,http://idealista.com/inmueble/91612607/
2,1853, Piso en venta en el centro de El Gòtic En pleno centro de Barcelona en el corazón del emblemático barrio de El Gótico situado en una de sus calles más conocidas encontramos este piso de 100m2 construidos aproximadamente a actualizar. &nbsp;Está ubicado en la primera planta (segundo real) de una finca clásica&nbsp; esquinera sin ascensor. Actualmente la propiedad se distribuye en un luminoso salón comedor con tres balcones cocina semi abierta tres dormitorios todos ellos exteriores un baño completo y una gran suite con baño y vestidor. La vivienda conserva los suelos originales de la época así como techos altos de 360m de altura volta catalana vigas de madera y carpintería original.  Es una buena oportunidad para obtener una propiedad en el pleno centro de Barcelona cerca de zonas de ocio y restaurantes y con excelentes comunicaciones. ,0,100,null,Gas natural,null,106,null,Ciutat Vella,null,null,null,399.000 ,3.764 €/m²,aProperties Real Estate Barcelona, Ref.: VB2009034-3 ,4,Segunda mano/buen estado,null,Piso en venta en El Gòtic,http://idealista.com/inmueble/91612523/
3,1940, Luminoso piso en venta con vistas a la Casa de les Punxes Barcelona  En pleno Eixample Dret al lado de Passeig de Gràcia y de la prestigiosa Avenida Diagonal. En una zona con muchísima vida y rodeada de todos los servicios y comercios encontramos esta espaciosa vivienda situada en una planta alta de una bonita finca clásica con conserje.  Accedemos a esta vivienda de 143m² reformada con altas calidades por un amplio recibidor que da paso al salón con vistas a uno de los principales monumentos de Barcelona la Casa de les Punxes. El piso consta de una amplia cocina semi abierta al salón y un pequeño cuarto de aguas. &nbsp; La zona de noche consta de tres dormitorios dobles dos baños y un aseo. &nbsp; La habitación principal en suite tiene salida a un agradable balcón orientado a un tranquilo patio de manzana.  Oportunidad de adquirir una bonita vivienda completamente reformada en una de las mejores zonas de Barcelona. ,1,137,5,Gas natural,null,143,null,Eixample,null,null,null,915.000 ,6.399 €/m²,aProperties Real Estate Barcelona, Ref.: VB2009029-4 ,3,Segunda mano/buen estado,1,Piso en venta en La Dreta de l'Eixample,http://idealista.com/inmueble/91612521/
2,1963,  Piso en venta en Gran Via de les Corts con terraza Al entrar en este fantástico piso alto (planta 10 real) nos sorprende muy positivamente la luz y la tranquilidad que se respira. Un amplio recibidor distribuye el espacio de la entrada a mano derecha una agradable salita de lectura (puede ser la 4ª habitación) y a mano izquierda una habitación actualmente de armarios (puede ser la 5ª habitación) &nbsp;que da a la amplia zona de aguas y un baño completo con bañera hace también las funciones de baño de cortesía.  Accedemos al gran salón-comedor todo exterior con doble acceso a la terraza y varios ventanales para dejar entrar el máximo de luminosidad y toda esta zona disfruta de una agradable vista a la verde montaña de Montjuic. Desde el salón accedemos a la cocina equipada con electrodomésticos de alta calidad y con espacio para u... ,1,0,10,Gas natural,null,139,null,Sants-Montjuïc,null,null,null,540.000 ,3.885 €/m²,aProperties Real Estate Barcelona, Ref.: VB2009017-3 ,4,Segunda mano/buen estado,1,Ático en venta en La Font de la Guatlla,http://idealista.com/inmueble/91612511/
2,null, Estrena vida en la nueva área metropolitana de Barcelona AQ URBAN FIRA  Descubre las oportunidades de tu nueva vivienda en una localización privilegiada.  AQ Urban Fira te ofrece esta vivienda de 4 dormitorios y amplia terraza en primera planta con amplios espacios abiertos para que tu nueva casa esté llena de luz. Además cuenta con zona ajardinada y zona de juegos. Piscina y pista de pádel incluidas en el precio.  AQ Urban Fira limita con la C-31 el barrio de La Marina de Sants El Prat de Llobregat y Hospitalet de Llobregat. Además se encuentra en una ubicación estratégica al estar situada entre el Puerto y el Aeropuerto de Barcelona. ,1,0,2,null,Obra nueva,67,null,La Marina del Prat Vermell,null,null,null,228.700 ,3.413 €/m²,AQ Urban Fira, Ref.: a1S1t000005mL0KEAU.ai ,2,Promoción de obra nueva,1,Piso en venta en calle del Foc 30,http://idealista.com/inmueble/91566623/
2,null, Estrena vida en la nueva área metropolitana de Barcelona AQ URBAN FIRA  Descubre las oportunidades de tu nueva vivienda en una localización privilegiada.  AQ Urban Fira te ofrece esta vivienda de 4 dormitorios y amplia terraza en primera planta con amplios espacios abiertos para que tu nueva casa esté llena de luz. Además cuenta con zona ajardinada y zona de juegos. Piscina y pista de pádel incluidas en el precio.  AQ Urban Fira limita con la C-31 el barrio de La Marina de Sants El Prat de Llobregat y Hospitalet de Llobregat. Además se encuentra en una ubicación estratégica al estar situada entre el Puerto y el Aeropuerto de Barcelona. ,1,0,2,null,Obra nueva,84,null,La Marina del Prat Vermell,null,null,null,291.700 ,3.473 €/m²,AQ Urban Fira, Ref.: a1S1t000005mL0KEAU.ah ,3,Promoción de obra nueva,1,Piso en venta en calle del Foc 30,http://idealista.com/inmueble/91566532/
1,null, Estrena vida en la nueva área metropolitana de Barcelona AQ URBAN FIRA  Descubre las oportunidades de tu nueva vivienda en una localización privilegiada.  AQ Urban Fira te ofrece esta vivienda de 4 dormitorios y amplia terraza en primera planta con amplios espacios abiertos para que tu nueva casa esté llena de luz. Además cuenta con zona ajardinada y zona de juegos. Piscina y pista de pádel incluidas en el precio.  AQ Urban Fira limita con la C-31 el barrio de La Marina de Sants El Prat de Llobregat y Hospitalet de Llobregat. Además se encuentra en una ubicación estratégica al estar situada entre el Puerto y el Aeropuerto de Barcelona. ,1,0,2,null,Obra nueva,50,null,La Marina del Prat Vermell,null,null,null,169.800 ,3.396 €/m²,AQ Urban Fira, Ref.: a1S1t000005mL0KEAU.ag ,1,Promoción de obra nueva,1,Piso en venta en calle del Foc 30,http://idealista.com/inmueble/91566531/
3,null, Piso en venta cerca de Plaça Adriano Sant Gervasi - Galvany En la zona alta de Barcelona en el&nbsp; prestigioso barrio de Sant Gervasi - Galvany en la misma Plaça Adriano rodeado de exclusivos comercios cerca de reconocidos colegios y bien comunicado encontramos esta elegante propiedad con vistas despejadas. La propiedad dispone de dos accesos uno por la puerta principal y otro por la puerta de servicio. Tiene de una distribución lógica y racional diferenciándose claramente la zona de día de la zona de noche; en la zona de día encontramos un gran salón comedor en dos ambientes con chimenea &nbsp;grandes ventanales y muy luminoso la cocina amplia con office zona de agua y zona de plancha. En la zona de noche encontramos un aseo de cortesía y cuatro&nbsp; habitaciones una de ellas en suite y las otras tres comparten otro baño dos de las habitaciones son exteriores muy luminosas y una de ellas con acceso a una agradable terraza-balcón de aprox 7 m2. El inmueble dispone de una plaza de garaje grande para dos coches y moto en la finca de enfrente opcional por 30.000€. ,1,183,3,Gas natural,null,182,null,Sarrià-Sant Gervasi,1,null,null,895.000 ,4.918 €/m²,aProperties Real Estate Barcelona, Ref.: VB2007055-5 ,4,Segunda mano/buen estado,null,Piso en venta en Sant Gervasi - Galvany,http://idealista.com/inmueble/91564860/
1,1970, Bonito piso reformado perfecto para entrar a vivir!  A tan solo a unos pasos del metro de Vilapicina (L5) autobuses supermercados farmacias parques colegios cerca del El Corte Ingles de Can Baró centro comercial SOM multiespai    La vivienda consta de 85m² distribuidos en: Dos habitaciones dobles una individual lavabo completo cocina independiente lavadero y un amplio salón-comedor.    Extras: agua ascensor calefacción luz puerta blindada autobuses árboles céntrico centros comerciales centros médicos colegios hospitales metro supermercados vigilancia 24h    Para más información no dude en llamarnos no lo dejes escapar!  *la vivienda se vende sin muebles*. ,1,241,2,null,null,85,77,Vilapicina i la Torre Llobeta,null,279.000 € ,5,264.000 ,3.106 €/m²,Finques Geimsu, Ref.: GEIMSU00313 ,3,Segunda mano/buen estado,null,Piso en venta en paseo de Fabra i Puig,http://idealista.com/inmueble/91444180/
1,1980, Luminoso piso ubicado en barrio del Carmelo en una zona tranquila y familiar junto a los Jardines de Jaume Planes i Alemany. Goza de una muy buna comunicación por transporte público a una calle de la parada de metro de Carmel  La vivienda se encuentra en muy buen estado cocina y baños de reciente reforma y bonitos acabados. Se distribuye en en tres dormitorios dos dobles y uno individual un salón comedor con salida a terraza y cocina independiente.  No deje de visitarlo gran oportunidad. ,1,0,1,Calefacción individual,null,70,null,El Carmel,null,169.000 € ,5,161.000 ,2.300 €/m²,Alejandra Trize Inmo, Anuncio: 91237208 ,3,Segunda mano/buen estado,1,Piso en venta en Agudells 87,http://idealista.com/inmueble/91237208/
1,1974,  Piso de 119 m2 consta de 4 habitaciones ( 3 dobles 1 individual). Baño y cocina reformados comedor luminoso con aire acondicionado y con un balcón amplio. Finca con ascensor.  ¡NO DUDES EN VENIR A VISITARLO!  La red Kiron del Grupo Tecnocasa te ayudará a buscar la financiación que mejor se adapte a tus necesidades. Son expertos en el sector financiero y están a tu disposición para que elijas la hipoteca que mejor se adapte a ti. Hasta un 100%. ´. ´.  Cuando pasees por la parte antigua del distrito creerás que te has teletransportado a un pueblecito encantador de la Catalunya interior. Lo vivirás en los alrededores de la plaza Mercadal en la plaça de Orfila podrás admirar la iglesia neoclásica de Sant Andreu del Palomar. Y en la iglesia de Sant Pacià podrás admirar un mosaico de Gaudí. La calle Gran de Sant Andreu es el dinámico cent... ,1,0,1,null,null,119,null,Sant Andreu,null,315.000 € ,5,299.000 ,2.513 €/m²,Desarrollo Sant Andreu S.L.U, Ref.: ED-03 ,4,Segunda mano/buen estado,null,Piso en venta en plaza de Mossèn Clapés,http://idealista.com/inmueble/88096757/
5,1979, Exclusivo ático con piscina en Tres Torres En el prestigioso barrio de Tres Torres nos encontramos éste fantástico ático dúplex de 447m² con piscina privada en la terraza. Desde el distribuidor accedemos a un amplio salón comedor a tres ambientes de más de 75m² &nbsp;con salida a la terraza parte de la cuál fue parcialmente cubierta. La zona de noche en la planta principal consta de&nbsp; una habitación en suite dos amplias habitaciones dobles que comparten baño y una amplia suite principal con vestidor y acceso a escalera interior para acceder a la planta superior. Una amplia cocina office con acceso al comedor lavadero habitación de servicio con baño. En la parte superior nos encontramos con un gran recibidor otra sala polivalente con grandes ventanales y una maravillosa suite principal con vestidor. Dicha planta dispone de una maravillosa terraza de casi 170m² con&nbsp; impresionantes vistas a Barcelona y salida a la piscina particular. La propiedad incluye tres plazas de parking zona comunitaria con piscina sala de juegos para niños y vigilancia 24 horas. ,1,100,6,Gas natural,null,500,null,Sarrià-Sant Gervasi,1,null,null,2.950.000 ,5.900 €/m²,aProperties Real Estate Barcelona, Ref.: VB2001014-5 ,7,Segunda mano/buen estado,1,Ático en venta en Les Tres Torres,http://idealista.com/inmueble/91250029/
5,1979, Piso exclusivo en Tres Torres El piso es una pieza única es ideal para una familia que les gustan los espacios amplios y luminosos todas las estancias son exteriores con una terraza muy disfrutable.  Su distribución es muy buena. Desde la &nbsp;puerta principal accedemos a un hall amplio desde el que accedemos al salón. En este se diferencian claramente &nbsp;tres zonas. Desde una de ellas se accede a una terraza&nbsp; con muy buena orientación y gran tranquilidad. &nbsp; En esta zona tenemos también un aseo de cortesía.  Desde la zona comedor se accede a una gran cocina office exterior con sol de mediodía tarde. Tiene una gran despensa así como muchos armarios. Se comunica con lavadero amplio y zona de servicio con su propio baño completo. Por el ascensor de servicio se puede acceder a la esta zona directamente.  Para acceder a la zona de noche se pasa por un amplio pasillo que nos conduce al distribuidor de habitaciones. Allí&nbsp; nos encontramos con 5 dormitorios. &nbsp;Uno de ellos está en suite con gran vestidor y baño. Los otros cuatro dormitorios son dobles y comparten dos baños completos  El piso se vende con 3 amplias plazas de parking y trastero. ,1,183,2,Gas natural,null,355,null,Sarrià-Sant Gervasi,1,null,null,2.300.000 ,6.479 €/m²,aProperties Real Estate Barcelona, Ref.: VB1912020-5 ,6,Segunda mano/buen estado,1,Piso en venta en Les Tres Torres,http://idealista.com/inmueble/91249994/
2,1965, Piso a estrenar de tres dormitorios cerca del Mercat de Sant Antoni En un edificio del 1965 con ascensor encontramos este bonito y luminoso piso totalmente reformado a estrenar de unos 76 m2 aproximadamente. Está ubicado a pocos metros del recién rehabilitado&nbsp; Mercado modernista de Sant Antoni y de una de las calle más de moda de Barcelona la calle Parlament.  La vivienda se compone de tres dormitorios dos dobles y uno individual dos baños completos y una amplia zona de día con cocina y salón comedor.  La propiedad goza de mucha luz natural gracias a su altura un quinto real &nbsp; y su orientación sur-oeste. El salón y el dormitorio principal tienen vistas despejadas a un patio de manzana.  El edificio tiene conserje.  Una óptima oportunidad para inversor que busca rentabilidad o para quien quiere vivir en una de las zonas más céntrica de Barcelona en un barrio con encanto bohemio y en plena regeneración. ,1,237,5,Gas natural,null,76,null,Ciutat Vella,null,null,null,290.000 ,3.816 €/m²,aProperties Real Estate Barcelona, Ref.: VB1911032-5 ,3,Segunda mano/buen estado,null,Piso en venta en El Raval,http://idealista.com/inmueble/91249884/