bathrooms,constructed_year,description,elevator,energetic_qualification_kWhm2_año,floor,heater_system,its_new,m2_build,m2_useful,neighbourhood,parking,price_down_euro,price_down_percentage,price_euro,price_m2,real_estate,ref,rooms,status,terrace,title,link
4,1961, BARCELONA. Piso reformado de lujo de 252m2 con ascensor de diseño actual y acabados de gran calidad. Muy bien situado cerca de todo tipo de servicios. Distribuido con gran recibidor que nos adentra a la preciosa sala de estar espacioso salón comedor con salida a terraza baño completo cocina office con acceso a lavadero tres fantásticas habitaciones suites una de ellas con vestidor y estudio. Dispone de plaza de parking grande y trastero. Además de puerta blindada aire acondicionado calefacción armarios empotrados ventanas de aluminio con cámara de aire y con vidrios de doble acristalamiento puertas de madera noble y suelos de parquet. ¡Un piso impresionante. ,1,146,4,null,null,327,252,Sarrià-Sant Gervasi,1,null,null,1.850.000 ,5.657 €/m²,Assessors Immobiliaris Setclaus, Ref.: 1144 ,4,null,null,Piso en venta en Sant Gervasi - Galvany,http://idealista.com/inmueble/90126306/
2,1979, Ático en venta con una gran terraza a nivel de salón. La vivienda se encuentra a reformar y goza&nbsp;actualmente de la siguiente distribución:   Al entrar nos encontramos con un recibidor y un pasillo que conduce primero a la cocina y posteriormente a la zona de aguas. A continuación se presentan un dormitorio individual salón-comedor un baño y un dormitorio en suite.   La terraza es ideal para disfrutar de los días de verano y de preciosas vistas a Barcelona y al mar.   La finca está en muy buen estado dispone de servicio de portería y tiene dos acensores uno de ellos con acceso directo al parking.   En el precio se incluye una plaza de parking en finca.   La propiedad está a un paso del Mercado de Galvany y está rodeada de todo tipo de comercios y transporte público.   Póngase en contacto con nosotros para recibir más información o solicitar una visita. ,1,151,null,null,null,115,null,Sarrià-Sant Gervasi,1,null,null,820.000 ,7.130 €/m²,Lucas Fox Barcelona, Ref.: BCN23939 ,2,Segunda mano/para reformar,1,Ático en venta en Sant Gervasi - Galvany,http://idealista.com/inmueble/89981249/
1,1900, Encantador apartamento recién rehabilitado en finca del 1900 recién reformada integralmente con ascensor. El piso dispone de dos dormitorios y un baño cocina abierta a la zona de día y unos grandes ventanales que permiten la entrada de muchísima luz natural todo el día una luz muy agradable y cálida. La reforma ha sido pensada para dar calidez a la vivienda consiguiendo espacios diáfanos y conservando y restaurando los elementos originales de la finca como la volta catalana. El piso se ubica en una finca regia ubicada a dos minutos de la Plaça del Centre. ,1,0,2,null,null,50,47,Sants,null,245.000 € ,4,235.000 ,4.700 €/m²,Proddigia, Ref.: 8887 ,2,Segunda mano/buen estado,null,Piso en venta en calle dels Comtes de Bell-Lloc,http://idealista.com/inmueble/89974948/
5,1964, Piso para reformar íntegramente con infinitas posibilidades junto a plaza Molina. Cabe la posibilidad de dividirlo en tres viviendas independientes ya que actualmente son 3 entidades registrales; incluso podrían llegar a hacerse 4 unidades. El piso ocupa la totalidad de la sexta planta del edificio que cuenta con conserje y con dos ascensores uno de ellos montacargas.   La vivienda dispone de un amplio salón-comedor con acceso directo a la terraza/balcón de 27 m².   En su estado actual la zona de noche se distribuye en nueve dormitorios tres de ellos con baños privados más otros dos baños independientes. Se incluye en el precio una plaza de aparcamiento grande y trastero en la misma finca que ofrece además zona de lavado. ,1,0,null,null,null,444,null,Sarrià-Sant Gervasi,1,null,null,1.750.000 ,3.941 €/m²,Lucas Fox Barcelona, Ref.: BCN17084 ,9 o más,Segunda mano/para reformar,1,Piso en venta en Sant Gervasi - Galvany,http://idealista.com/inmueble/89886927/
2,1934, Este bonito principal con licencia turística tiene todas las características necesarias tanto para vivir en él como para sacar beneficio económico en caso de querer explotarlo turísticamente.   La propiedad está situada en una de las mejores calles del Cuadrado de Oro en una finca esquinera de principios del siglo XIX.   Se distribuye en tres dormitorios dobles (uno exterior a calle y otro con medio baño privado a patio de manzana). &nbsp;   Dispone de cocina completa en forma de U y zona de aguas/almacén.   Tiene techos altos con volta catalana suelos hidráulicos de origen y puertas de madera decapada originales.   Oportunidad de adquirir una propiedad con licencia turística con mucho encanto en la parte alta del Eixample casi tocando con Diagonal y a pocos metros de Enric Granados y Turó Park. ,1,265,null,null,null,113,null,Eixample,null,null,null,770.000 ,6.814 €/m²,Lucas Fox Barcelona, Ref.: BCN23894 ,3,Segunda mano/buen estado,null,Piso en venta en L'Antiga Esquerra de l'Eixample,http://idealista.com/inmueble/89783702/
2,1975,  En una ubicación privilegiada entre las calles Madrazo Laforja y Aribau y rodeado de comercios y servicios encontramos este fantástico ático tríplex con terraza.   La vivienda fue reformada hace ya varios años pero luce como nueva gracias al mimo y dedicación de sus actuales propietarios.   En la planta de acceso encontramos una entrada que distribuye la cocina a la derecha y el gran salón a la izquierda. También en esta planta se dispone un pequeño aseo de cortesía.   Desde el salón accedemos a unas escaleras que conducen a la planta intermedia donde se encuentra un segundo salón que se podría convertir en dormitorio. En esta misma planta se ofrece un dormitorio doble un baño completo y una zona de aguas. No obstante lo más preciado de esta planta es su fantástica terraza con orientación sur donde podrá disfrutar al aire libre... ,1,0,null,null,null,144,null,Sarrià-Sant Gervasi,null,null,null,900.000 ,6.250 €/m²,Lucas Fox Barcelona, Ref.: BCN22342 ,2,Segunda mano/buen estado,1,Ático en venta en Sant Gervasi - Galvany,http://idealista.com/inmueble/89676421/
3,1964,  Este magnífico piso dúplex se ubica en una de las calles más exclusivas de Sant Gervasi-Galvany junto a Turó Park.   Esta vivienda se sitúa en una elegante finca con servicio de conserjería y que cuenta con una zona comunitaria recién reformada ideal para pequeñas celebraciones un gran trastero una plaza de aparcamiento para un coche grande y 3 plazas de aparcamiento de uso comunitario para visitas.   Se accede al dúplex por la planta superior. Desde la entrada un amplio vestíbulo nos da paso al salón-comedor en dos ambientes diferenciados que ofrece armarios y una nevera para mayor confort.   A continuación un pasillo nos conduce a los dormitorios. En primer lugar se presenta un amplio dormitorio con baño privado y después otros dos dormitorios dobles de dimensiones generosas que comparten un cuarto de baño. Los tres dormito... ,1,0,null,null,null,222,null,Sarrià-Sant Gervasi,1,null,null,1.350.000 ,6.081 €/m²,Lucas Fox Barcelona, Ref.: BCN23488 ,4,Segunda mano/buen estado,null,Piso en venta en Sant Gervasi - Galvany,http://idealista.com/inmueble/89219968/
2,1890, Este precioso piso luminoso orientado a suroeste y situado en Balmes con Rosselló se distribuye en un salón-comedor amplio con cocina americana una estancia tipo estudio 2 dormitorios dobles uno en suite y el otro con salida a un amplio balcón a calle y 2 baños: el del dormitorio ensuite y otro baño completo que da servicio al resto de estancias.   Cabe destacar que a nivel de acabados la vivienda dispone de techos altos con volta catalana suelos de paqué y carpintería de aluminio. Así mismo está equipada con aire acondicionado y calefacción ambos sistemas centralizados y por conductos.   El piso cuenta con aproximadamente 90 m² construidos de los cuales 76 m² están registrados. ,1,78,null,null,null,93,null,Eixample,null,null,null,545.000 ,5.860 €/m²,Lucas Fox Barcelona, Ref.: BCN23404 ,3,Segunda mano/buen estado,1,Piso en venta en La Dreta de l'Eixample,http://idealista.com/inmueble/89114713/
3,1950,  Este ático a tres vientos se sitúa en la zona residencial de Tres Torres en una elegante finca noble de 1950 que se ubica en una parcela de 1.264 m² y cuenta con un gran jardín comunitario de unos 700 m² y un solárium comunitario de aproximadamente 400 m² con excelentes vistas panorámicas desde donde podrá disfrutar de las mejores vistas al mar y la montaña.   Al entrar en la vivienda un amplio recibidor nos da la bienvenida y conduce al salón-comedor con increíbles vistas a la ciudad de Barcelona y al mar. A continuación encontramos un baño de cortesía la cocina office y la zona de aguas/lavandería. Tanto la cocina como la lavandería están completamente equipadas.   En la zona de noche se presentan tres dormitorios dobles: uno de ellos tiene su propio baño privado y los otros dos comparten un amplio baño. La vivienda la completa ... ,1,34,null,null,null,114,null,Sarrià-Sant Gervasi,1,1.460.000 € ,8,1.350.000 ,11.842 €/m²,Lucas Fox Barcelona, Ref.: BCN22596 ,3,Segunda mano/buen estado,1,Ático en venta en Les Tres Torres,http://idealista.com/inmueble/89101729/
2,1905, En una finca clásica y perfectamente conservada situada en el corazón del Eixample Derecho de Barcelona se encuentra en venta este magnífico piso con licencia turística. &nbsp;   El piso con una reforma íntegra que maximiza la funcionalidad de la distribución se distribuye en 3 dormitorios dobles y 2 baños completos. Además dispone de una magnífica terraza de 8 m2 perfecta para que los inquilinos disfruten del típico patio de manzana del Eixample. &nbsp;   La reforma conserva los detalles originales de la época en la que se construyó como suelos hidráulicos o techos con molduras que proporcionan a la vivienda una combinación perfecta entre lo clásico y lo moderno. &nbsp;   Una inversión&nbsp;magnífica en una vivienda.   No dude en ponerse en contacto con nosotros para visitarlo. &nbsp;. ,1,0,null,null,null,122,null,Eixample,null,null,null,1.396.000 ,11.443 €/m²,Lucas Fox Barcelona, Ref.: BCN22170 ,3,Segunda mano/buen estado,1,Piso en venta en La Dreta de l'Eixample,http://idealista.com/inmueble/89087278/
2,1900, Este piso completamente renovado dispone de licencia turística y se ubica en una preciosa finca clásica del Eixample de Barcelona.   La finca está situada en la calle Aragó de Barcelona junto al paseo Sant Joan una de las calles más emblemáticas de la ciudad. La localización es ideal para el alquiler vacacional de cualquier turista que venga a pasar unos días a la ciudad.   Se trata del tipo de edificio emblemático de Barcelona: con construcción clásica techos altos y artesonados. En resumidas cuentas lo que desea disfrutar cualquier visitante de Barcelona.   Según entramos al piso encontramos en el lado de la fachada dos dormitorios dobles con dos camas individuales cada una. En el lado de la fachada posterior se ofrece una galería preciosa el tercer dormitorio con cama doble y salida a esta misma galería y un amplio salón-comedor con cocina abierta. El piso también dispone de dos baños completos y un cuarto dormitorio doble. Por todo ello tiene un buen potencial para uso turístico.   No dude en visitar esta oportunidad de mercado. ,null,0,null,null,null,123,null,Eixample,null,null,null,995.000 ,8.089 €/m²,Lucas Fox Barcelona, Ref.: BCN22553 ,4,Segunda mano/buen estado,null,Piso en venta en La Dreta de l'Eixample,http://idealista.com/inmueble/89079788/
2,1930, Este maravilloso piso reformado en Eixample Izquierdo está situado en una de las mejores zonas del centro muy cerca de Diagonal.   La vivienda que está orientada a patio de manzana dispone de 3 dormitorios: 1 suite con baño privado 1 dormitorio doble y 1 dormitorio con vestidor y baño a compartir con el anterior.   El salón orientado a Tarragona dispone de una amplia galería/cocina de acero de estilo industrial y diseño a medida. La altura del piso y su estupenda orientación le otorgan gran luminosidad.   Cabe mencionar que en el pasillo hay una puerta a zona de aguas donde se encuentran la lavadora y la secadora.   Todo el piso ha sido diseñado con todo tipo de detalles manteniendo la volta catalana o suelos de madera maciza de roble tintados de oscuro. El piso dispone de aire acondicionado y calefacción por radiadores.   La finca una finca regia de principios de siglo pasado está en un estado excelente de conservación. &nbsp;   La propiedad mide de plano 105 metros construidos y tiene 101 metros cuadrados registrados. ,1,267,null,null,null,105,null,Eixample,null,null,null,695.000 ,6.619 €/m²,Lucas Fox Barcelona, Ref.: BCN23311 ,3,Segunda mano/buen estado,null,Piso en venta en L'Antiga Esquerra de l'Eixample,http://idealista.com/inmueble/89046714/
5,null,  Esta espaciosa casa consta de un total de cinco plantas.   La planta baja incluye un garaje privado que es lo suficientemente grande como para estacionar tres coches y cuenta con un espacio independiente de 63 m² que se podría usar para almacenamiento o también abrir para dar cabida a tres vehículos más. Todas las plantas están conectadas por un ascensor interno.   En la planta baja encontramos la entrada principal a la vivienda que se divide en dos zonas. A la izquierda están los cuartos de servicio un dormitorio con baño privado y una zona de lavandería. A la derecha encontramos una sala de 31 m² que puede utilizarse como oficina cine en casa o sala de juegos.   La primera planta considerada como el nivel principal de la vivienda consta de una cocina muy luminosa y totalmente equipada un baño para invitados y un gran salón co... ,null,0,null,null,null,474,null,Sarrià-Sant Gervasi,1,null,null,2.350.000 ,4.958 €/m²,Lucas Fox Barcelona, Ref.: BCN22658 ,6,Segunda mano/buen estado,1,Casa o chalet en venta en Sant Gervasi - La Bonanova,http://idealista.com/inmueble/88969837/
5,1973,  Elegante piso situado en la primera planta de un edificio ubicado en Pedralbes cerca del Liceo Francés Tenis Barcelona y la Ronda de Dalt. El edificio alberga tan solo 1 vivienda por planta y el acceso a este piso es directamente por ascensor.   Dispone de 2 entradas diferentes la principal y la del servicio con un ascensor aparte que lleva directamente a la cocina. La distribución consiste en un amplio salón con una magnífica terraza la cual ofrece vistas al jardín comunitario. Consta de un gran comedor independiente que comunica con la cocina con zona de desayuno lavadero y dependencias para el servicio.   El pasillo donde se encuentra el aseo de cortesía conduce al dormitorio principal con un gran vestidor 2 baños completos (1 con acabados de mármol negro y el otro con acabados de mármol blanco) y una terraza que rodea to... ,1,0,null,null,null,367,null,Les Corts,1,null,null,2.400.000 ,6.540 €/m²,Lucas Fox Barcelona, Ref.: BCN9231 ,5,Segunda mano/para reformar,1,Piso en venta en Pedralbes,http://idealista.com/inmueble/39357864/
2,2008,  Este piso de 90 m² con una terraza de 29 m² se encuentra en la primera planta de un edificio de 2008 galardonado por su arquitectura a menos de un minuto a pie de la plaza Lesseps.   Ubicada en la primera planta de este impresionante edificio la entrada es moderna limpia y con un ascensor que también lo lleva directamente al estacionamiento.   Al entrar en el piso a mano izquierda nos encontramos con una cocina nueva y luminosa equipada con electrodomésticos de alta calidad. La cocina puede abrirse orientada al salón-comedor o cerrarse mediante una gran puerta corredera. Pasamos por la cocina y entramos en un salón-comedor en forma de L rodeada de grandes puertas corredizas de vidrio. Esta estancia conduce a la terraza lo suficientemente grande como para albergar una mesa y sillas.   La terraza rodea la totalidad de la fachada ... ,1,0,null,null,null,120,null,Gràcia,1,null,null,620.000 ,5.167 €/m²,Lucas Fox Barcelona, Ref.: BCN22402 ,4,Segunda mano/buen estado,1,Piso en venta en Vallcarca i els Penitents,http://idealista.com/inmueble/88576949/
3,1967, Este piso único se sitúa en una finca clásica con la ITE pasada y la fachada renovada recientemente. Se caracteriza por su altura ya que está en un quinto piso y por ser muy luminoso gracias a su orientación sur y a sus estancias todas exteriores.   Se trata de un piso original a renovar y una buena oportunidad para aquellos que quieran decidir al detalle cómo quieren que sea su vivienda con un proyecto al que puedan aportar su propio carácter. Actualmente dispone de cuatro dormitorios y dos baños completos además del dormitorio y baño de servicio. Asimismo cuenta con un amplio salón-comedor muy tranquilo y orientado a patio de manzana hacia Reina Victoria lo que garantiza su descanso y privacidad.   Cuenta con un sistema de calefacción centralizado aire acondicionado en el salón y suelos de madera natural en las zonas nobles. También dispone de servicio de conserjería y una plaza de aparcamiento en sistema rotatorio dentro de la finca.   Es una buena oportunidad de vivir en Turó Park en una finca clásica bien conservada. ,1,0,null,null,null,140,null,Sarrià-Sant Gervasi,1,null,null,770.000 ,5.500 €/m²,Lucas Fox Barcelona, Ref.: BCN19873 ,5,Segunda mano/para reformar,null,Piso en venta en Sant Gervasi - Galvany,http://idealista.com/inmueble/88561200/
4,1978,  Espacioso apartamento situado en la cuarta planta de un edificio de 1978 cerca de Via Augusta y General Mitre en el barrio de Sant Gervasi-Galvany. El edificio cuenta con servicio de consejería hasta las 2 de la tarde y tiene 2 ascensores principal y de servicio.  con dos entradas diferentes al piso.   La propiedad es a 3 vientos y completamente exterior con lo que recibe luz natural. Las zonas de día y de noche están claramente diferenciadas. La zona de día ofrece un salón muy espacioso y un despacho de unos 20 m² que correspondía a la terraza que podría volverse a abrir si así lo desea el nuevo propietario. La cocina está conectada por un lado con el comedor lo que resulta muy práctico y por el otro lado un amplio planchador y cuarto de aguas.   En la zona de noche encontramos 4 dormitorios dobles 2 de ellos con cuartos de ba... ,1,0,null,null,null,295,null,Sarrià-Sant Gervasi,1,null,null,1.550.000 ,5.254 €/m²,Lucas Fox Barcelona, Ref.: BCN5443 ,5,Segunda mano/buen estado,1,Piso en venta en Sant Gervasi - Galvany,http://idealista.com/inmueble/36370971/
1,1974, MIREIA - AUSONA en el barrio de la Trinitat Vella ( Sant Andreu ) de Barcelona gran piso exterior a calle y patio de manzana con sol todo el día. Finca bien conservada de obra vista. Dispone de tres habitaciones amplias ( posibilidad de cuatro ) gran salón cocina office con galería baño grande y amplio balcón. Aire acondicionado calefacción a gas y cerramientos de aluminio con cristal de cámara y doble ventana. Bien ubicado con todos los servicios a mano cerca de La Maquinista y Corte Ingles Meridiana. Buenas comunicaciones con fácil acceso a Rondas y Avenida Meridiana. Metro de la linea 1 ( roja ) linea 3 ( verde ) linea 4 ( amarilla ) y diferentes lineas de autobuses que conectan con el centro de la ciudad. Centros de interés turístico como Museu de l´Agües Parc de Collserola Centros de estudios como Escola Superior de Conservació i Restauració de Bens Culturals de Catalunya Fundació Trinijove Escola Ramón i Cajal Escola publica Ramón Berenguer Institut Josep Coma i Sola Colegio Santisima Trinitat. Parque del nus de la Trinitat. Centros deportivos como Camp Municipal de La Trinitat Polideportivo con piscina e instalaciones de Can Dragó muy cerca. ( El PVP indicado no incluye impuestos ni gastos de Escritura ). ,0,158,3,null,null,104,null,Sant Andreu,null,null,null,176.000 ,1.692 €/m²,donpiso Bcn Fabra i Puig, Ref.: 234075 ,3,Segunda mano/buen estado,null,Piso en venta en La Trinitat Vella,http://idealista.com/inmueble/88407548/
3,1950, Esta fantástica casa de 3 plantas está situada en la zona de Mercè del barrio de Pedralbes una demandada zona residencial de la Zona Alta de Barcelona.   La vivienda dispone de 2 entradas desde calles diferentes y se distribuye en 3 plantas con vigas reforzadas en toda la casa.   La planta baja cuenta con el salón-comedor un aseo de cortesía y una cocina con acceso al jardín.   La planta superior alberga el dormitorio principal con su vestidor balcón y 3 dormitorios individuales 1 con la cama en altillo con techo abuhardillado.   La planta inferior ofrece un apartamento de invitados independiente con su propio salón cocina abierta dormitorio baño y pequeña terraza. Existe la posibilidad de crear un garaje en esta planta de la casa.   Una excelente oportunidad para una familia que quiera vivir en una moderna casa con jardín situada en una lujosa zona residencial de Barcelona. ,null,0,null,null,null,185,null,Les Corts,null,null,null,860.000 ,4.649 €/m²,Lucas Fox Barcelona, Ref.: BCN10815 ,4,Segunda mano/buen estado,null,Casa o chalet en venta en Pedralbes,http://idealista.com/inmueble/87904761/
4,1890,  Este piso excelente acogedor y funcional se ubica en la cuarta planta real de una maravillosa finca regia con ascensor. La vivienda se presenta con una reforma excelente con las mejores calidades en la que se han conservado características arquitectónicas como las vigas del techo que se han arreglado y pintado aportando un toque único al piso. Además dispone de mucha luminosidad gracias a su doble orientación y disfruta de una ubicación envidiable a menos de una calle de Passeig de Gràcia.   Al entrar nos recibe a mano izquierda una fantástica cocina cerrada con ventilación a patio. Esta estancia cuenta con rebosante luz natural electrodomésticos de alta gama y encimera de Silestone. A continuación pasamos al salón-comedor un espacio de dimensiones generosas con 2 grandes ventanales que proporcionan mucha luminosidad y dan a la ... ,1,0,null,null,null,149,null,Eixample,null,null,null,1.150.000 ,7.718 €/m²,Lucas Fox Barcelona, Ref.: BCN17235 ,3,Segunda mano/buen estado,1,Piso en venta en La Dreta de l'Eixample,http://idealista.com/inmueble/84957725/
2,null, Acogedor piso en venta de 80m² situado en la décima planta de una finca de obra nueva con servicio de conserjería y ascensor en La Nova Esquerra de l´Eixample. Dipone de luminoso salón comedor con salida directa al balcón 2 habitaciones dobles (1 suite) 2 baños completos y cocina semi abierta al salón totalmente equipada con electrodomésticos de alta gama. Aire acondicionado calefacción individual a gas. suelos de parquet y carpintería exterior de aluminio. Totalmente exterior alto y con espectaculares vistas a la ciudad.  Existe la posibilidad de alquilar o comprar una plaza de parking en la misma finca.  Ubicado en una zona residencial con excelentes comunicaciones con transporte público y todos los servicios a su alrededor. ,1,54,10,Gas natural,null,80,null,Eixample,null,null,null,650.000 ,8.125 €/m²,ALTING Grupo Inmobiliario, Ref.: 019132 ,2,Segunda mano/buen estado,null,Piso en venta en La Nova Esquerra de l'Eixample,http://idealista.com/inmueble/81663864/
1,1951,  FRONT MARITIM DEL POBLENOU Magnífico piso de 83 m². En un emplazamiento privilegiado a 8 minutos a pie de playa a 10 del Centro Comercial Diagonal Mar y a 5 minutos del metro Selva de Mar o Poblenou y junto a los autobuses 136 V27 V31 H16 N26 B20 N6. Rodeado de zonas ajardinadas comercios de proximidad oferta gastronómica y centros de ocio públicos y privados hacen de esta propiedad un acierto seguro. La portería está dotada con ascensor que nos sitúa en un cuarto real. La puerta da entrada al piso que se distribuye en zona de día y de noche los suelos son de gres la carpintería en blanco posee gas natural bomba de frío? calor todo exterior y muy luminoso con estancias amplias. Tras la entrada el salón comedor de 27 m² luminoso y diáfano permite relajarnos al finalizar la jornada o recibir visitas en un espacio confor... ,1,200,4,null,null,83,78,Sant Martí,null,340.000 € ,7,315.000 ,3.795 €/m²,donpiso Bcn Poblenou, Ref.: 228959 ,3,Segunda mano/buen estado,null,Piso en venta en Diagonal Mar i el Front Marítim del Poblenou,http://idealista.com/inmueble/86447604/
1,null, Piso en Carrer de Ramon Albó El Congrés i els Indians La vivienda se distribuye de la siguiente manera: 70m² de superficie con 3 dormitorios 1 Doble con vistas al exterior 1 mediana con vistas al exterior y 1 individual interior salón comedor espacioso con salida a balcón orientado al oeste cocina independiente 1 baño completo con plato de ducha un trastero-lavadero que puede transformarse en aseo Buena distribución Exterior con mucha luz natural mañana y tarde Finca con Ascensor.  Situado en una de las mejores zonas de Barcelona en la Calle Ramon Albo (Congres). Accesible a Colegios e institutos centros médicos parques comercios y todo tipo de servicios. Muy bien Comunicado con los servicios públicos metro (Congres) L5 Azul (Maragall) L5 Azul y L4 Amarilla y distintas Líneas de Autobuses.  ¡Llama ya y planifica tu visita no dejes que se te anticipen! ¡VEN A VERLO SIN COMPROMISO!  Si desea concretar una visita o una cita de asesoramiento financiero de manera totalmente gratuita no dude en ponerse en contacto con nosotros.  Le esperamos en LA CASA AGENCY. La inmobiliaria que crece contigo.  *HONORARIOS NO INCLUIDOS EN EL PRECIO*. ,1,158,2,null,null,70,null,El Congrés i els Indians,null,null,null,207.000 ,2.957 €/m²,Aureli Sanchez, Ref.: RamónAlbó.JERI ,3,Segunda mano/buen estado,null,Piso en venta en ramon albo,http://idealista.com/inmueble/91641631/
2,null, Consell de Cent - Rambla Catalunya - Balmes  Piso de 110m2 en la Dreta de l'Eixample  Consta de gran salón comedor exterior. Tres dormitorios dos indivduales amplios y un tercer dormtiorio doble con vestidor y salia a galería. Cocina office independiente. Baño completo con plato de ducha.  Finca con ascensor. Calefacción a gas en todas las estancias.  Excelente comunicación con transporte público. Rodeado de todos los servicios y junto ejes comerciales de Rambla Catalunya y Passeig de Gràcia.  Servicios dados de alta.  Disponibilidad inmediata.   Si tienes interés en realizar una visita a este piso o resolver cualquier duda nos puedes contactar a través de los siguientes canales:   Teléfono fijo: 93 455 85 35  Teléfono móvil y WhatsApp: +34 615 777 464  También puedes acercarte a nuestra oficina: Carrer de la Indústria 137 08025 Barcelona.  Por tu seguridad exige siempre la acreditación AICAT en cualquier operación que realices con un agente inmobiliario.   punto habitat immobiliaris  AICAT 5508. ,1,0,4,Calefacción individual,null,110,null,La Dreta de l'Eixample,null,null,null,445.000 ,4.045 €/m²,punto habitat immobiliaris, Ref.: v17 ,3,Segunda mano/buen estado,null,Piso en venta en calle del Consell de Cent 313,http://idealista.com/inmueble/91608326/
1,1966, Piso a en Carrer de Ramon Rocafull en la zona del Carmel. Apartamento para actualizar construido en el año 1966 que tiene 54 m2 y dispone de 2 habitaciones y 1 baños esta ubicado en la planta sótano de una finca bien conservada.  Tiene ascensor y patio de uso.  A cinco minutos de la parada de metro El Carmel ( L-5) Rodeado de todos los servicios y muy cerca de zonas verdes.  El equipo de La Meva Llar estará encantado de ayudarte para que puedas sentirte como en casa a la hora de realizar tu compra o tu alquiler. Valoramos tu casa Encuentra más en. ,1,0,null,null,null,64,54,El Carmel,null,null,null,120.000 ,1.875 €/m²,La Meva Llar, Ref.: Ramon Rocafull ,2,Segunda mano/buen estado,null,Piso en venta en calle de Ramon Rocafull,http://idealista.com/inmueble/91573828/
2,1992,  VIVIENDA DE CUATRO DORMITORIOS Y ZONA COMUNITARIA CON DOS PISCINAS    La vivienda consta de 125 m² construidos según catastro. Dispone de una distribución muy cómoda. Justo en la entrada desde el recibidor da acceso a la zona de día y la zona de noche totalmente separadas.    La zona de día se compone por un gran salón comedor de unos 40 m² con grandes ventanales que aportan luminosidad a la estancia. Cocina office independiente con galería acristalada.    La zona de noche dispone de cuatro dormitorios exteriores y con armarios. Uno es suite el segundo doble y los otros dos individuales amplios. Desde dos de los dormitorios se accede a una agradable terraza y vistas a los jardines. Un segundo baño completo y un trastero. El pasillo dispone de un altillo que se accede desde todas las habitaciones.    La vivienda está en buen estado ... ,1,169,2,Gas natural,null,125,104,La Vila Olímpica del Poblenou,1,null,null,650.000 ,5.200 €/m²,Inmo Target, Ref.: ITv3424 ,4,Segunda mano/buen estado,1,Piso en venta en calle d'Àlaba,http://idealista.com/inmueble/91416095/
1,1872, Piso completamente a reformar con encanto. Suelo de mosaico techos de vigas.  En finca clásica con ascensor.  Calle tranquila al lado de Av Paral·lel junto a diversas zonas verdes y preciosos jardines y a cinco minutos de Drassanes.  La vivienda consta de 62m distribuido en diversas estancias todo tabique por lo que se puede redistribuir. Exterior a calle con balcón y con galería cubierta exterior a tranquilo patio de manzana ajardinado.  El precio no incluye los impuestos ni los gastos (de notaría registro y gestoría). Aicat número 4236.  Realizamos las visitas cumpliendo con las recomendaciones sanitarias del Covid-19. ,1,131,1,null,null,62,53,El Poble Sec - Parc de Montjuïc,null,210.000 € ,6,198.000 ,3.194 €/m²,Elisabeth, Ref.: 014 ,3,Segunda mano/para reformar,null,Piso en venta en Salva,http://idealista.com/inmueble/91472486/
2,2019, Piso reformado en venta en Francesc Macià En una finca rehabilitada en el 2013 y&nbsp; con las zonas comunes reformadas &nbsp;situada en una zona Premium como es Francesc Macià tocando a la emblemática Avenida Diagonal y con vistas a Turó Park encontramos esta magnífica vivienda completamente reformada &nbsp;de 91m².  El piso recién reformado con materiales de calidad consta de un amplio y luminoso salón comedor con cocina abierta tipo americano y &nbsp;lavadero independiente dos dormitorios dobles &nbsp;de los cuales uno en suite y dos baños. Está situada en un tercero real y es exterior por lo tanto goza de muchísima luz.  La finca con ascensor está rehabilitada por completo y goza de conserje. ,1,94,1,Gas natural,null,91,80,L'Antiga Esquerra de l'Eixample,null,null,null,690.000 ,7.582 €/m²,aProperties Real Estate Barcelona, Ref.: VB1909008-4 ,2,Segunda mano/buen estado,null,Piso en venta en avenida de Josep Tarradellas,http://idealista.com/inmueble/91153161/
2,1950, &nbsp;Junto a Travesera de Gracia y Avenida Diagonal entre las calles Mariano Cubí y Amigó encontramos este magnífico piso completamente reformado de 160m2. Goza de salas amplias y soladas y una distribución impecable. La vivienda cuenta con un fantástico y gran salón-comedor de 30m2 con chimenea. Dispone de 4 dormitorios 2 dobles y dos individuales amplios y muy tranquilos. Cocina con zona office (equipada con electrodomésticos de diseño). 2 baños completos (principal con amplia bañera y baño de servicio con plato de ducha). Completamente amueblado.  Calefacción individual a gas y aire acondicionado en cada una de las habitaciones. Suelos de madera natural. Parking incluido en la finca de enfrente. Vistas ambos lados. Completamente exterior céntrico y bien comunicado con todos los servicios y transportes. No dude en contactar para ampliar información o realizar visita. ,1,0,4,Calefacción individual,null,180,160,Sant Gervasi - Galvany,1,null,null,860.000 ,4.778 €/m²,Proddigia, Ref.: 7533 ,4,Segunda mano/buen estado,null,Piso en venta en calle de l'Avenir,http://idealista.com/inmueble/88247712/
2,1950, Piso reformado en la Calle Aragón con Casanova. Consta de 3 dormitorios baño y aseo. Comedor amplio independiente y luminoso con ventanas de aluminio doble y persianas eléctricas.  El piso tiene muy buena distribución y se encuentra en perfecto estado. Tiene calefacción y aire acondicionado por conductos en todas las estancias. Suelos de parquet.  Finca de regia en perfecto estado con un buen vestíbulo y servicio de porteria/conseje. La vivienda se encuentra en una segunda planta de altura real.   Muy buena comunicación cerca de transporte público metro Urgell (L1) Universitat (L1 L4) Hospital Clínic (L5) y Buses. A escasos metros del Mercat del Ninot comercios colegios servicios y a 10 minutos de Paseo de Gracia y Plaza Catalunya.  En FINCAS Gp somos una empresa especializada en servicios inmobiliarios en la ciudad de Barcelona desde el año 1.993. Los precios indicados no incluyen gastos e impuestos de escrituras ni de financiación. Venta y alquiler de pisos y locales comerciales. ,1,185,2,null,null,90,79,L'Antiga Esquerra de l'Eixample,null,345.000 € ,6,325.000 ,3.611 €/m²,Fincas Gp, Ref.: S-29611 ,3,Segunda mano/buen estado,null,Piso en venta en calle d'Aragó,http://idealista.com/inmueble/90920262/