bathrooms,constructed_year,description,elevator,energetic_qualification_kWhm2_año,floor,heater_system,its_new,m2_build,m2_useful,neighbourhood,parking,price_down_euro,price_down_percentage,price_euro,price_m2,real_estate,ref,rooms,status,terrace,title,link
2,1900,  Elegante piso al lado de Plaza Universidad Este luminoso y elegante principal (segundo real) que mira a noroeste forma parte de una Gran Rehabilitación integral en una magnifica finca regia de 1900 con ascensor situada al lado de Plaza Universidad. Se ha cuidado todos los detalles en la rehabilitación incluyendo las carpinterías de los tres grandes ventanales exteriores de la galería con vidrios dobles. Esta galería aporta luz y sol de tarde al amplio salón y a dos de los dormitorios dobles. Entramos al recibidor del apartamento a mano derecha un distribuidor al lado izquierdo tiene una ventana a patio interior a mano derecha tiene una pequeña estancia para la Aerotermia que hace que el piso sea muy sostenible y obtenga el certificado energético de calificación A. A continuación a la derecha está la cocina abierta que conecta con e... ,1,27,2,Calefacción individual,null,117,null,Eixample,null,null,null,711.000 ,6.077 €/m²,Barcelona MMC, Ref.: W-02INIE ,3,Segunda mano/buen estado,null,Piso en venta en L'Antiga Esquerra de l'Eixample,http://idealista.com/inmueble/90242402/
2,2020,  Bajos con jardin de obra nueva en La Sagrera Piso bajo con jardín de obra nueva en la Calle Valles i Ribot de la Sagrera con una superficie de 75 m2 y un jardín de 43 m2. Tiene dos habitaciones una de ellas doble y dos baños uno de ellos en suite. Cocina abierta bien equipada con electrodomésticos Miele incluida nevera. Se encuentra en un edificio rehabilitado totalmente con un nivel de acabados muy alto. Suelos de parquet Haro las paredes son de placas del fabricante Knauf Diamant ventanas de aluminio de alta gama y iluminación led. Dispone de sistema de aerotermia que nos da calefaccion aire acondicionado y agua caliente de la forma mas eficiente que existe hoy en día consumiendo solamente un 30% con respecto a los sistemas convencionales.... El edificio dispone de un trastero comunitario para guardar bicicletas y cocheci... ,1,20,0,Calefacción individual,null,97,null,Sant Andreu,null,null,null,385.000 ,3.969 €/m²,Barcelona MMC, Ref.: W-02IHCJ ,2,Segunda mano/buen estado,null,Piso en venta en La Sagrera,http://idealista.com/inmueble/89439586/
1,1944,  Fantástico piso en Sant Andreu.   Housfy de particular a particular y sin comisiones de agencia.  Esther vende su piso directamente del propietario en Sant Andreu Barcelona perfecto para familias o parejas que busquen un lugar cómodo para su día a día. El piso fue construido en el año 1944 en Sant Andreu. El espléndido piso está formado por 69 m2.  Características:  - Encantador piso de 69 m2 en Navas. (Los metros cuadrados están verificados con la Dirección General de Catastro) - Esta vivienda cuenta con 3 habitaciones y 1 baño perfecto para una familia. - Confortable salón amplio y luminoso creando un precioso y único espacio. - Una puerta blindada para garantizar su seguridad en todo momento. - Jardín comunitario - Aire acondicionado con bomba de calor. - Un baño completo nuevo.  - Con una funcional cocina muy completa y renovad... ,0,202,0,null,null,69,67,Navas,1,230.000 € ,4,220.000 ,3.188 €/m²,Housfy Real Estate CAT, Ref.: 204438 ,3,Segunda mano/buen estado,1,Piso en venta en calle de Concepción Arenal 66,http://idealista.com/inmueble/88267517/
3,1970, ESPECTACULAR y lujoso Ático dúplex en Barcelona (Eixample) ubicado a escasos minutos a pié de todo tipo de comercios restaurantes estaciones de metro/bus.  Se trata de una pieza única en la capital Catalana totalmente reformado con materiales de máxima calidad y diseñado cuidando al máximo todos los detalles cuenta con 3 dormitorios dobles 3 baños completos (1 en suite) amplio salón-comedor de 40 m2 con cocina integrada con isla de vitrocerámica desde el mismo salón accedemos a una fabulosa terraza de 25 m2 desde la cual podemos disfrutar de agradables cenas veraniegas con vistas a toda la ciudad. Desde el dormitorio principal también podemos acceder a una segunda preciosa terraza de 15 m2.  Todas las estancias son exteriores y disponen de armarios empotrados la vivienda cuenta también con un cuarto de lavadero. ,1,105,9,Gas natural,null,123,115,Eixample,null,null,null,1.190.000 ,9.675 €/m²,Fincas Cano Pujol, Ref.: v7119 ,3,Segunda mano/buen estado,1,Ático en venta en Urb. eixample esquerre La Nova Esquerra de l'Eixample,http://idealista.com/inmueble/88837082/
2,null,  Luminoso piso familiar en Guinardó Luminoso piso familiar en el corazón del barrio del Guinardo en calle emblemática y tranquila a escasos metros de la Av Verge de Montserrat encontramos este piso en excelentes condiciones. Al entrar en la propiedad nos encontraremos con un recibidor que nos conduce a la parte de día donde un salón comedor de 32m2 muy luminoso será el centro donde disfrutar de toda la familia. Desde el comedor se accede a un balcón desde el que se disfruta de vistas a los árboles de los patios interiores de manzana. Desde el mismo recibidor a la derecha nos encontraremos una práctica cocina. Nos abre un pasillo que nos conduce a la zona de noche con un baño completo continuando empezamos a recorrer las habitaciones la primera es una gran habitación de matrimonio con baño completo la segunda habitación es un agradable... ,1,0,1,Gas natural,null,108,null,Horta Guinardó,1,390.000 € ,4,375.000 ,3.472 €/m²,Barcelona MMC, Ref.: W-02I7XK ,3,Segunda mano/buen estado,null,Piso en venta en El Guinardó,http://idealista.com/inmueble/88784344/
4,1956, Gran piso con terraza y garaje en Turó Parc En una elegante finca de la zona de Turó Parc junto a su conocido parque y a tan sólo un paso de la Avenida Pau Casals y la Plaza Francesc Macià localizamos esta amplia y cómoda vivienda de 250m2 caracterizada por su práctica distribución y su preciosa pieza principal: el gran y luminoso salón-comedor con salida a una terraza de 17m2.  Accedemos a la vivienda tras un amplio hall desde el cual se accede a un amplio luminoso y señorial salón-comedor claramente diferenciado en dos estancias: una gran sala de estar con salida a terraza y el comedor. La cocina la cual consta de dos accesos y puerta de servicio dispone de zona office habitación de servicio y zona de lavadero. La zona de noche cuenta con un gran distribuidor a través del cual accedemos a sus cuatro dormitorios todos ellos dobles y exteriores. El principal con baño en suite y el resto compartiendo dos baños completos.  La vivienda dispone de suelos de parquet aire acondicionado y calefacción central además de incluir una amplia plaza de garaje y un trastero en la misma finca. La zona del Turó Parc es una de las más demandas de Barcelona. Se trata de una zona muy segura llena de comercios y actividades de ocio. ,1,96,3,null,null,250,null,Sarrià-Sant Gervasi,1,1.690.000 € ,18,1.390.000 ,5.560 €/m²,Barcelona MMC - Zona Alta - S1, Ref.: W-02HD6O ,5,Segunda mano/buen estado,1,Piso en venta en Sant Gervasi - Galvany,http://idealista.com/inmueble/88493387/
1,1930,  Bonito piso turístico al lado del Park Güell En una tranquila calle residencial del barrio Can Baró encontramos a este piso de unos 70m2 de dos habitaciones en la planta baja de una finca clásica. Entramos en el vestíbulo de la finca a nivel de la calle y bajamos un tramo de escalera para llegar a la puerta del apartamento. Entramos directamente al salón-comedor con un sofá cama. A un lado conecta directamente con la cocina completamente equipada. El salón tiene salida a una agradable terraza de unos 12m2 amueblada con mesa y sillas y un sillón colgante. En el otro lado del salón salimos a la primera habitación doble que es una habitación de paso. Seguimos por un pasillo que no conduce al baño completo y con bañera. Al final de pasillo llegamos a la segunda habitación doble con ventana a la terraza. Todo el piso se reformó en 2014 con m... ,0,209,0,Eléctrica,null,72,null,Horta Guinardó,null,null,null,260.000 ,3.611 €/m²,Barcelona MMC, Ref.: W-02FFBR ,2,null,1,Piso en venta en Can Baró,http://idealista.com/inmueble/85097689/
2,null, Piso a reformar cerca de Mandri En el barrio de Sant Gervasi al lado de la calle Mandri y muy cerca de la plaza de Ferran Casablancas encontramos esta fantástica vivienda ideal para familias. Muy cerca de colegios transportes y servicios la propiedad tiene una distribución muy funcional con una clara diferenciación entre la zona de día y la de noche desde el recibidor de la entrada. La zona de día dispone de un amplio y luminoso salón-comedor y salida a un agradable terraza y cocina-office bien conectada con la entrada y el comedor. La zona de noche se compone de cinco dormitorios y dos cuartos de baño. Acogedor piso a reformar en una zona inmejorable se completa con una plaza de parking y trastero. En una de las mejores zonas de Barcelona el prestigioso barrio de Sant Gervasi cerca de servicios comercios y transportes y a la vez en un entorno residencial elegante y tranquilo encontramos esta pieza única y singular. Su proximidad a vías importantes de la ciudad como Ronda del General Mitre o la Vía Augusta facilitan la entrada y salida de la ciudad. Así mismo es un barrio bien dotado en transporte público con los Ferrocarriles Catalanes y diversas líneas de autobús. ,1,162,4,null,null,163,null,Sarrià-Sant Gervasi,1,null,null,720.000 ,4.417 €/m²,Barcelona MMC - Zona Alta - S1, Ref.: W-02D84Y ,5,Segunda mano/para reformar,1,Piso en venta en Sant Gervasi - La Bonanova,http://idealista.com/inmueble/82974501/
2,1935, Vivienda reformada en Finca Regia junto Francesc Macià de tres habitaciones.  Acogedora vivienda de 95 m2 situada en Calle Comte d´Urgell a escasos metros de la plaza Francesc Macià . Se trata de una vivienda bien orientada y luminosa exterior y compuesta por un salón comedor amplio con salida a pequeño balcón que da a fachada con buenas vistas incluso al Tibidabo. Cocina totalmente equipada e independiente. Un total de cuatro habitaciones de las cuales dos son dormitorios dobles uno de ellos en suite la tercera habitación es individual y una cuarta convertida en vestidor. En total dos cuartos de baño. Vivienda reformada en su totalidad posibilidad de entregarse amueblada. Parquet en toda la casa así como calefacción de gas natural. Servicio portería. Zonas comunes escalera y patios interiores recién pintados.  Ubicación inmejorable junto a calle Londres Francesc Maciá el Corte Ingles y zona comercial.  Muy bien comunicada por bus (6 7 33 34 63 67 59 27 V9 D40 H8) metro( L5) Y Tramvia  (T1 T2 T3). ,1,214,6,Gas natural,null,100,95,L'Antiga Esquerra de l'Eixample,null,null,null,475.000 ,4.750 €/m²,INMORASE, Ref.: Ref.339-13 ,3,Segunda mano/buen estado,null,Piso en venta en Urgel,http://idealista.com/inmueble/91616862/
1,1968, Et presentem un pis en el qual podràs entrar a viure i a més si et ve de gust podràs fer el que et sembli un pis lluminós compost d'un ampli saló amb sortida a un balcó   A més de 2 habitacions una cuina amb moltíssim espai bany i un gran distribuïdor. I tot això situat en un fantàstic barri com Gràcia Nova a 10 minuts de gairebé tot de l'emblemàtic barri de Vil·la de Gràcia per gaudir de les seves places i la seva vida del Passeig de Sant Joan la Sagrada Família o fins i tot el centre amb tots els serveis que necessitis a un pas amb línies d'autobús i metro per arribar on calgui. ,1,111,2,null,null,57,51,El Camp d'En Grassot i Gràcia Nova,null,null,null,295.000 ,5.175 €/m²,Lebiimmo, Ref.: Leb-5011 ,2,Segunda mano/buen estado,null,Piso en venta en calle de Roger de Flor,http://idealista.com/inmueble/91615736/
3,1936,  Exclusiva casa de tres plantas en Sant Gervasi totalmente reformada y con derecho de vuelo.   La vivienda se distribuye en tres plantas: en la planta principal encontramos un amplio salón de techos altos dividido en dos niveles. En el nivel inferior hay un salón-comedor con una bonita cocina abierta de diseño totalmente equipada que cuenta con todos los electrodomésticos necesarios y con barra americana; en el nivel superior encontramos una zona chill-out que también puede ser utilizado como estudio y con un aseo de cortesía.   En la segunda planta encontramos la zona de noche con tres dormitorios uno tipo suite con amplios armarios empotrados salida a balcón y baño completo con plato de ducha la otra habitación doble también con armarios empotrados y una tercera habitación individual en la que actualmente encontramos un vestido... ,null,0,null,Calefacción individual,null,170,157,Sant Gervasi - La Bonanova,null,null,null,800.000 ,4.706 €/m²,Kecondal - Real Estate, Ref.: KE-0107 ,3,Segunda mano/buen estado,1,Casa o chalet en venta en calle de Sant Màrius,http://idealista.com/inmueble/91606622/
1,1973, Si real estate presenta en exclusiva esta espectacular vivienda. Última planta todo exterior y con vistas panorámicas! Fantástico piso todo exterior luminoso alto con ascensor muy acogedor. Nos encontramos una vivienda de 79 m² dispone de 4 habitaciones un cómodo baño con ducha cocina con su galería independiente y un fabuloso balcón tipo terraza donde podrás disfrutar de unas vistas únicas a toda Barcelona.  La finca dispone de 2 entradas adaptada a personas con movilidad reducida ascensor cuenta con amplia zona ajardinada comunitaria  Comercio de cercanía colegios mercado tiendas gimnasio centros médicos parques públicos etc. Muy bien comunicado en transportes públicos bus y metro. ,1,0,15,Gas natural,null,79,66,Provençals del Poblenou,null,null,null,264.990 ,3.354 €/m²,Si real estate, Ref.: SI-0446 ,4,Segunda mano/buen estado,null,Piso en venta en calle de Josep Pla,http://idealista.com/inmueble/91600288/
1,2020, Piso perteneciente a la promoción de obra nueva de la calle serrano esquina c/ amílcar. Piso de 2 habitaciones salón comedor con cocina semiabierta (equipada con electrodomésticos de la cadena bosch) baño con plato de ducha exterior a calle y exterior a patio de manzana muy bien distribuido y tranquilo luminoso todo el día balcón a calle y solárium privado de 31m2. Acabados de calidad aa/cc por conductos con sistema de aerotermia cerramientos de aluminio con persianas motorizadas suelos de parquet puertas lacadas en blanco y armario a medida en habitacion principal.. ,1,41,2,Eléctrica,null,60,null,Vilapicina i la Torre Llobeta,null,null,null,310.000 ,5.167 €/m²,Departamento comercial, Ref.: SERRANO ATICO ,2,Segunda mano/buen estado,1,Ático en venta en calle de Serrano 18,http://idealista.com/inmueble/91572221/
2,2020, Promoción de obra nueva en zona inmejorable y tranquila del barrio de gracia nueva. Vivienda esquinera de 3 habitaciones y 2 baños ( uno en suite ) salón comedor con salida a balcón cocina amplia independiente que permite un office equipada con electrodomésticos bosch muy bien distribuido acabados de calidad con armarios a medida y acabados en su interior en todas las habitaciones aa/cc por conductos con el sistema de aerotermia luminoso y soleado todo el día balcón de 11m2 parking en la misma finca para coche grande y trastero incluido. Zona con todos los servicios. ,1,42,1,Calefacción individual,null,83,null,El Camp d'En Grassot i Gràcia Nova,1,null,null,596.000 ,7.181 €/m²,Departamento comercial, Anuncio: 91594626 ,3,Segunda mano/buen estado,null,Piso en venta en Passatge de Nogués 16,http://idealista.com/inmueble/91594626/
2,2020, Promoción de obra nueva en zona inmejorable y tranquila del barrio de gracia nueva. Vivienda exterior de 3 habitaciones y 2 baños ( uno en suite ) salón comedor con salida a balcón cocina amplia independiente que permite un office equipada con electrodomésticos bosch muy bien distribuido acabados de calidad con armarios a medida en todas las habitaciones aa/cc por conductos con el sistema de aerotermia luminoso todo el día balcón a calle y balcón a patio de manzana parking y trastero incluido. Zona con todos los servicios. ,1,42,1,Calefacción individual,null,83,null,El Camp d'En Grassot i Gràcia Nova,1,null,null,576.000 ,6.940 €/m²,Departamento comercial, Anuncio: 91594499 ,3,Segunda mano/buen estado,null,Piso en venta en Passatge de Nogués 16,http://idealista.com/inmueble/91594499/
1,1970,  Fantástico piso en Sant Martí  Compra tu piso con Housfy sin comisiones inmobiliarias.  David vende su piso directamente del propietario en Sant Martí Barcelona un espacio para disfrutar en tu día a día.  Este encantador piso está formado por 78 m2 construidos.  Características:  - Fenomenal piso de 78 m2 en El Clot. (Los metros cuadrados están verificados con la Dirección General de Catastro) - La vivienda dispone de 4 habitaciones y 1 baño para familias completas. - Acogedor salón-comedor que te proporcionará el relax diario creando un precioso y único espacio. - Ascensor. - Interior a patio de manzana soleado. - Balcón. - Con una conveniente cocina. - Posibilidad de incluir los muebles. - Muy bien comunicado muy cerca paradas de transporte público. Los gastos de la operación de compra son asumidos por el comprador.  Sobre la lo... ,1,99,null,null,null,78,68,El Clot,null,null,null,260.000 ,3.333 €/m²,Housfy Real Estate CAT, Ref.: 306501 ,4,Segunda mano/buen estado,null,Piso en venta en calle d'Aragó s/n,http://idealista.com/inmueble/91559962/
1,1850, Estupendo piso en Ciutat Vella  Housfy compraventa entre particulares. Sin comisiones.  Maria Dolores vende su piso directamente del propietario en Ciutat Vella Barcelona un espacio para disfrutar en tu día a día.  Detalles del inmueble:  - Encantador piso de 49 m2 en El Raval. (Los metros cuadrados están verificados con la Dirección General de Catastro) - En este piso encontraremos 1 habitación y 1 baño . - Agradable comedor amplio y luminoso creando un precioso y único espacio. - Aire acondicionado y calefacción para todas las estaciones del año. - Con una cocina con todo lo necesario. - Exterior. - Los gastos de la operación de compra son asumidos por el comprador.  El piso se encuentra en Barcelona con fácil acceso y servicios que facilitarán y mejorarán tu día a día.  Sobre nosotros: Housfy es una plataforma tecnológica que ofrece al propietario/a todos los servicios necesarios para que pueda vender la propiedad por su cuenta. Es por ello que la vivienda no tiene comisiones de intermediación ajustando así el valor a los precios de mercado. Para más información visítenos en housfy. com. AICAT número: 7922. ,0,420,null,null,null,49,null,El Raval,null,null,null,180.000 ,3.673 €/m²,Housfy Real Estate CAT, Ref.: 306226 ,1,Segunda mano/buen estado,null,Piso en venta en calle de la Lluna s/n,http://idealista.com/inmueble/91556755/
2,1963,  Admirable piso en Horta Guinardó  Compra tu piso con Housfy sin comisiones inmobiliarias.  Víctor vende su piso de particular a particular en Horta Guinardó Barcelona una vivienda luminosa y ubicada en un entorno idóneo para disfrutarlo.  Detalles del inmueble:  - Encantador piso de 70 m2 en El Baix Guinardó. (Los metros cuadrados están verificados con la Dirección General de Catastro) - Esta vivienda cuenta con 2 habitaciones muy bien acomodadas. - 2 baños completos 1 de ellos de 4 piezas con plato y otro de 3 piezas en suite con plato de ducha  - Cálido salón que te proporcionará el relax diario siendo además un espacio agradable estupendo para visitas de amigos y familiares. - Ascensor. - Balcón. - Puerta blindada. - Este piso cuenta también con un trastero. - Aire acondicionado y calefacción para todas las estaciones del año. ... ,1,188,3,null,null,71,60,El Baix Guinardó,null,null,null,353.000 ,4.972 €/m²,Housfy Real Estate CAT, Ref.: 300106 ,2,Segunda mano/buen estado,1,Piso en venta en ronda del Guinardó s/n,http://idealista.com/inmueble/91556760/
1,1920,  Fantástico piso en Sants-Montjuïc  Housfy la agencia inmobiliaria sin comisiones y con las mejores condiciones hipotecarias.  Ruben vende su piso directamente del propietario en Sants-Montjuïc Barcelona un espacio para disfrutar en tu día a día.  La finca fue construido en el año 1920 con la emblemática arquitectura de la época en Barcelona completamente rehabilitada recientemente con ITE favorable. Con una distribución ideal para aprovechar al máximo sus 61 m2.  Detalles del inmueble:  - Fantástico piso de 61 m2 en El Poble Sec - Parc de Montjuïc. (Los metros cuadrados están verificados con la Dirección General de Catastro) - Podemos disfrutar de 2 habitaciones y 1 baño muy bien acomodadas. - Balcón exterior con vistas a Montjuic - Práctico salón que es un lugar perfecto para descansar tras una jornada de trabajo donde disfrutar de... ,1,141,5,null,null,61,null,El Poble Sec - Parc de Montjuïc,null,null,null,249.000 ,4.082 €/m²,Housfy Real Estate CAT, Ref.: 305711 ,2,Segunda mano/buen estado,null,Piso en venta en calle de Magalhães s/n,http://idealista.com/inmueble/91555127/
2,1985,  Estupendo piso en Sant Martí    Housfy compraventa entre particulares. Sin comisiones.  Emilio vende su piso de particular a particular en Sant Martí Barcelona un espacio para disfrutar en tu día a día. Construido en el año 1985 en Sant Martí. Este fenomenal piso está formado por 93 m2 construidos.  Detalles del inmueble:  - Admirable piso de 93 m2 en Provençals del Poblenou. (Los metros cuadrados están verificados con la Dirección General de Catastro) - Esta vivienda cuenta con 3 habitaciones y 2 baños perfecto para una familia. - Acogedor comedor que te proporcionará el relax diario siendo además un espacio agradable estupendo para visitas de amigos y familiares. - Con una útil cocina muy completa. - Una puerta blindada para garantizar su seguridad en todo momento. - Terraza. - Ascensor.  - Exterior. - Calefacción eléctrica por ... ,1,171,3,null,null,93,null,Provençals del Poblenou,null,null,null,375.000 ,4.032 €/m²,Housfy Real Estate CAT, Ref.: 292856 ,3,Segunda mano/buen estado,1,Piso en venta en Gran Via de les Corts Catalanes 938,http://idealista.com/inmueble/91555111/
1,1940, Piso reformado situado en la Plaça del Centre Sants Bonita y funcional propiedad totalmente reformada y lista para entrar a vivir situada en la Plaça del centre del barrio de Sants colindante con el barrio de Les Corts. La finca data de 1940 NO TIENE ASCENSOR. Se está reformando la fachada se cambiará la puerta de entrada y se actualizarán las zonas comunitarias.  El piso situado en la primera planta con una superficie de 47m2 construidos se distribuye en salón comedor con cocina abierta un dormitorio doble baño amplio y recibidor con armarios empotrados donde se ubica la lavadora y el termo de agua caliente. Aire acondicionado y calefacción por conductos cerramientos de doble cristal y puerta de seguridad.  Es una vivienda muy luminosa funcional y acogedora en la que se han mantenido elementos clásicos como la volta catalana.  En cuanto a su ubicación está a 10 minutos caminando de la estación de trenes de Sants hay multitud de restaurantes servicios cine así como colegios y transportes públicos como la L3 que se encuentra a dos pasos de la finca y varias líneas de autobuses. ,0,204,null,Eléctrica,null,47,40,Sants,null,null,null,280.000 ,5.957 €/m²,aProperties Real Estate Barcelona, Ref.: VB2008002-3 ,1,Segunda mano/buen estado,null,Piso en venta en plaza del Centre,http://idealista.com/inmueble/91541439/
1,1850, Sensacional piso en Ciutat Vella  Housfy: la agencia inmobiliaria online. Sin comisiones.  JULIE MARIE vende su piso de particular a particular en Ciutat Vella Barcelona un loft de diseño en el Raval con altillo y balcón.  Construido en el año 1850 en Barcelona. Consta de 29 m2 muy bien distribuidos.  Características:  - Estupendo piso de 29 m2 en El Raval.  - Podemos disfrutar de 1 habitación y 1 baño. - Coqueto salón amplio y luminoso donde disfrutar del día a día - Mobiliario a negociar con el propietario. - Balcón. - Con una adecuada cocina equipada y recién reformada con lo necesario para el día a día. - Exterior. - Viene equipado con armarios cama nevera lavadora y un sofá cama. - Los gastos de la compraventa del inmueble corren a cargo del comprador.  Esta situado junto a las Ramblas al lado del mercado de la Boqueria y del MACBA en la calle peatonal de la Reira baixa.  Sobre nosotros: Housfy es una plataforma tecnológica que ofrece al propietario/a todos los servicios necesarios para que pueda vender la propiedad por su cuenta. Es por ello que la vivienda no tiene comisiones de intermediación ajustando así el valor a los precios de mercado. Para más información visítenos en housfy. com. AICAT número: 7922. ,0,271,1,null,null,29,null,El Raval,null,null,null,123.000 ,4.241 €/m²,Housfy Real Estate CAT, Ref.: 305098 ,1,Segunda mano/buen estado,null,Piso en venta en calle de la Riera Baixa s/n,http://idealista.com/inmueble/91540740/
2,1960,  Sensacional piso en Eixample  Housfy la agencia inmobiliaria sin comisiones y con las mejores condiciones hipotecarias.  Angels vende su piso directamente del propietario en Eixample Barcelona perfecto para familias o parejas que busquen un lugar cómodo para su día a día.  Características:  - Acogedor piso de 109 m2 en Sant Antoni. reformado íntegramente en 2014 - En este piso encontraremos 4 habitaciones y 2 baños para familias completas. - Acogedor comedor con amplio espacio de luz natural siendo además un espacio agradable estupendo para visitas de amigos y familiares. - El piso cuenta también con un útil trastero en finca particular para cada vecino. - Terraza y patio  - Con una práctica cocina equipada con lo necesario para el día a día. - Ascensor. - Exterior. - La fachada de la finca ha sido rehabilitada recientemente.  Resp... ,1,102,1,null,null,109,null,Sant Antoni,null,null,null,460.000 ,4.220 €/m²,Housfy Real Estate CAT, Ref.: 301425 ,4,Segunda mano/buen estado,1,Piso en venta en Gran Via de les Corts Catalanes 490,http://idealista.com/inmueble/91540672/
2,1965,  Estupendo piso en Sant Martí    Compraventa entre particulares y sin comisiones con Housfy.  José Antonio vende su piso directamente del propietario en Sant Martí Barcelona un espacio para disfrutar en tu día a día.  Este acogedor piso está formado por 71 m2 construidos.  Características:  - Maravilloso piso de 71 m2 con terraza de 6 m2 en El Camp de l'Arpa del Clot. (Los metros cuadrados están verificados con la Dirección General de Catastro) - La vivienda dispone de 3 habitaciones y 2 baños perfecto para una familia. - Agradable salón-comedor que es un lugar perfecto para descansar tras una jornada de trabajo un lugar perfecto para descansar en los ratos libres. - Ascensor. - Altillo. - Con una apropiada cocina equipada con lo necesario para el día a día. - Aire acondicionado recién puesto calefacción nueva y todo parquet.  - Una... ,1,236,3,null,null,71,66,La Sagrada Família,null,null,null,299.000 ,4.211 €/m²,Housfy Real Estate CAT, Ref.: 278057 ,3,Segunda mano/buen estado,1,Piso en venta en calle dels Enamorats 17,http://idealista.com/inmueble/91517259/
2,1950, Piso reformado en la Calle Aragón con Casanova. Consta de 3 dormitorios baño y aseo. Comedor amplio independiente y luminoso con ventanas de aluminio doble y persianas eléctricas.  El piso tiene muy buena distribución y se encuentra en perfecto estado. Tiene calefacción y aire acondicionado por conductos en todas las estancias. Suelos de parquet.  Finca de regia en perfecto estado con un buen vestíbulo y servicio de porteria/conseje. La vivienda se encuentra en una segunda planta de altura real.   Muy buena comunicación cerca de transporte público metro Urgell (L1) Universitat (L1 L4) Hospital Clínic (L5) y Buses. A escasos metros del Mercat del Ninot comercios colegios servicios y a 10 minutos de Paseo de Gracia y Plaza Catalunya.  En FINCAS Gp somos una empresa especializada en servicios inmobiliarios en la ciudad de Barcelona desde el año 1.993. Los precios indicados no incluyen gastos e impuestos de escrituras ni de financiación. Venta y alquiler de pisos y locales comerciales. ,1,185,2,null,null,90,79,La Dreta de l'Eixample,null,345.000 € ,6,325.000 ,3.611 €/m²,Fincas Gp, Ref.: S-29611C ,3,Segunda mano/buen estado,null,Piso en venta en calle d'Aragó,http://idealista.com/inmueble/91500258/
2,2003,  Admirable casa en el Poble Sec Sants-Montjuïc  Compraventa entre particulares y sin comisiones con Housfy.  Emilio vende su casa directamente del propietario en el Poble Sec / Sants-Montjuïc Barcelona una vivienda luminosa y ubicada en un entorno idóneo para disfrutarlo.  Construida en 1930 y remodelada por completo a nivel estructural en 2003 en Barcelona. Consta de 159 m2 muy bien distribuidos.  Consta de dos plantas más terraza. La planta baja de 50m2 útiles. La planta superior de 43m2 útiles. Terraza de 50m2.  La casa está situada en el barrio del Poble Sec a escasos 100 metros del Paral·lel a la altura de la sala de fiestas de El Molino. Tiene la parada de metro de Paral·lel (Linea 3) así como varias líneas de autobús a 120 metros. En el barrio se encuentran tanto comercios de proximidad como grandes superficies.  La entrada... ,null,291,null,null,null,159,93,El Poble Sec - Parc de Montjuïc,null,null,null,450.000 ,2.830 €/m²,Housfy Real Estate CAT, Ref.: 305957 ,3,Segunda mano/buen estado,1,Casa o chalet en venta en calle d'En Fontrodona s/n,http://idealista.com/inmueble/91498435/
1,1967,  Fenomenal piso en Sant Andreu  Housfy las comisiones son del jurásico.  Manuela vende su piso directamente del propietario en Sant Andreu Barcelona un espacio para disfrutar en tu día a día.  Este piso fue construido en el año 1967 en Barcelona. Con una distribución ideal para aprovechar al máximo sus 75 m2.  Características:  - Genial piso de 75 m2 en Sant Andreu. (Los metros cuadrados están verificados con la Dirección General de Catastro) - Esta vivienda cuenta con 3 habitaciones y 1 baño muy bien acomodadas. - Acogedor comedor que es un lugar perfecto para descansar tras una jornada de trabajo siendo además un espacio agradable estupendo para visitas de amigos y familiares. - Parquet. - Balcón. - Calefacción en toda la vivienda. - Ascensor. - Con una cómoda cocina. - Los gastos de la operación de compra son asumidos por el comp... ,1,161,null,null,null,75,null,Sant Andreu,null,215.000 € ,5,205.000 ,2.733 €/m²,Housfy Real Estate CAT, Ref.: 303836 ,3,Segunda mano/buen estado,null,Piso en venta en calle Mossèn Quintí Mallofré 37,http://idealista.com/inmueble/91491225/
2,1970,  Espléndido piso en Eixample  Housfy las comisiones son del jurásico.  Jaume vende su piso de particular a particular en Eixample Barcelona una vivienda luminosa y ubicada en un entorno idóneo para disfrutarlo. Construido en 1970 en La Sagrada Família. Consta de 123 m2.  Características:  - Acogedor piso de 123 m2 en La Sagrada Família. (Los metros cuadrados están verificados con la Dirección General de Catastro) - Podemos disfrutar de 6 habitaciones y 2 baños . - Funcional comedor que es un lugar perfecto para descansar tras una jornada de trabajo donde disfrutar de tu familia. - Exterior. - Sistema de calefacción y aire acondicionado. - Terraza. - Puerta de entrada de seguridad blindada. - Ascensor. - Conserje durante 9 horas diarias. - Con una ventajosa cocina en buen estado. con todo lo necesario. - Los gastos de la compraventa ... ,1,123,7,null,null,123,null,La Sagrada Família,null,null,null,495.000 ,4.024 €/m²,Housfy Real Estate CAT, Ref.: 296740 ,4,Segunda mano/buen estado,1,Piso en venta en calle de Lepant 323,http://idealista.com/inmueble/91478190/
1,1910,  Housfy la agencia inmobiliaria sin comisiones y con las mejores condiciones hipotecarias.  Mireia vende su piso de particular a particular en Sant Martí Barcelona una vivienda luminosa y ubicada en un entorno idóneo para disfrutarlo.  Características: - Fantástico piso de 73 m2 en El Poblenou. (Los metros cuadrados están verificados con la Dirección General de Catastro) - Se ha reformado completamente instalación eléctrica fontanería paredes se han mantenido los elementos clásicos de la finca como el techo de volta catalana pared de obra vista y rehabilitación de las ventanas de madera. - La vivienda dispone de 2 habitaciones y 1 baño muy bien acomodadas. - Confortable salón con cocina abierta de 30 m² totalmente exterior. - Dispone de aire acondicionado y calefacción por conducto en todo el piso suelos de parquet reforma co... ,1,98,2,null,null,73,null,El Poblenou,null,null,null,370.000 ,5.068 €/m²,Housfy Real Estate CAT, Ref.: 292841 ,2,Segunda mano/buen estado,null,Piso en venta en calle del Taulat 3,http://idealista.com/inmueble/91472554/
4,2020,  Impresionante rehabilitación de lujo en L'Eixample de Barcelona Maravillosa rehabilitación de cuatro viviendas ubicadas en una finca clásica del Eixample de Barcelona. El edificio de cinco plantas ha sido completamente reformado ultimando cada pequeño detalle hasta convertirlo en un oasis de lujo.  El proyecto de reforma ha sido realizado por Jaime Beriestain Studio reconocido a nivel mundial y con varios premios en su haber diseñando cada rincón al milímetro y cuidando todos los detalles.  La finca de estilo clásico ha sido completamente rehabilitada tiene ascensor y una terraza comunitaria en la azotea de 6105m².  El principal situado en el primer piso y ocupando toda la planta consta de 14865m² de superficie construida más una preciosa terraza de 4172m².  El primero situado en el segundo piso y&nbsp; ocupa toda la planta ... ,1,100,4,Gas natural,null,156,null,L'Antiga Esquerra de l'Eixample,null,null,null,1.900.000 ,12.179 €/m²,aProperties Real Estate Barcelona, Ref.: ONB1909050-3 ,2,Segunda mano/buen estado,null,Dúplex en venta en calle de la Diputació,http://idealista.com/inmueble/91470444/