bathrooms,constructed_year,description,elevator,energetic_qualification_kWhm2_año,floor,heater_system,its_new,m2_build,m2_useful,neighbourhood,parking,price_down_euro,price_down_percentage,price_euro,price_m2,real_estate,ref,rooms,status,terrace,title,link
3,1988, Fantástico piso con zona comunitaria con piscina en Pedralbes En la exclusiva zona de Pedralbes entre el Consulado Americano y el Real Club de Tenis de Barcelona muy cerca de la zona de comercios de Sarriá se encuentra está bonita y tranquila finca de obra vista con zona ajardinada con piscina.  La vivienda completamente exterior consta de 146m2 distribuidos de forma racional. &nbsp;  En la zona de día encontramos el salón-comedor que goza de mucha luz y grandes ventanales con salida a una agradable y disfrutable terraza de 10m2. En frente del comedor se encuentra la cocina que dispone de aseo y puerta de servicio.  La zona de noche consta de tres dormitorios exteriores uno de ellos en suite y los otros dos que comparten un baño completo. Todas las estancias son exteriores.  La propiedad incluye dos plazas de parking grandes y un trastero. Dispone de servicio de conserjería y vigilancia 24 horas. ,1,0,null,Gas natural,null,151,null,Sarrià-Sant Gervasi,1,null,null,1.450.000 ,9.603 €/m²,aProperties Real Estate Barcelona, Ref.: VB2007009-4 ,3,Segunda mano/buen estado,1,Piso en venta en Sarrià,http://idealista.com/inmueble/91426059/
2,2018,  Impresionante Ático a Estrenar con Dos Terrazas  En el emergente barrio de El Poble Sec próximo a la vibrante calle peatonal Blai famosa por sus bares de tapas y terrazas les presentamos este maravilloso ‘’Ático a estrenar de obra semi-nueva’’.  Al entrar encontramos un diáfano salón comedor con salida al balcón terraza y cocina abierta totalmente equipada con todos los electrodomésticos.  La organización de la planta es rectangular y muy funcional tiene dos dormitorios dobles con salida al balcón terraza; uno de ellos con armario empotrado y baño en suite y el otro con baño completo  Tiene muy buena orientación y todos sus ambientes son exteriores y con mucha luz. Posee 80m2 cubiertos muy bien distribuidos y consta además de un Balcón Terraza a nivel de 12m2 y una amplia Terraza de 48m2 de uso exclusivo a la que se accede directa... ,1,42,2,Calefacción individual,null,100,null,Sants-Montjuïc,null,null,null,649.000 ,6.490 €/m²,aProperties Real Estate Barcelona, Ref.: VB2007013-4 ,2,Segunda mano/buen estado,1,Ático en venta en El Poble Sec - Parc de Montjuïc,http://idealista.com/inmueble/91426058/
5,2004,  Casa en venta en Torre Vilana con piscina privada Espectacular propiedad de 475 m² y 220 m2 de terrazas y jardín con piscina privada &nbsp; ubicada en el complejo residencial más exclusivo de la ciudad Torre Vilana.  La propiedad se desarrolla en cinco &nbsp;plantas conectadas todas entre sí mediante ascensor. &nbsp;&nbsp;  En la planta baja encontramos un recibidor que nos da acceso a una amplia sala de juego o despacho habitación &nbsp;y baño de servicio y zona de agua. &nbsp;  La primera planta consta de &nbsp;un gran salón comedor cocina-office y un aseo de cortesía. Tanto el salón que la cocina tienen salida directa a una terraza de 39 m2 &nbsp;desde la cual se accede al jardín de 122 m2&nbsp; con piscina privada.  En la segunda planta encontramos un elegante distribuidor desde el cual se accede a la master suite y dos habitac... ,null,181,null,Gas natural,null,585,null,Sarrià-Sant Gervasi,1,null,null,2.350.000 ,4.017 €/m²,aProperties Real Estate Barcelona, Ref.: VB2006040-4 ,5,Segunda mano/buen estado,1,Casa o chalet en venta en Sant Gervasi - La Bonanova,http://idealista.com/inmueble/91425939/
2,2000,  Pieza única en un palacete gótico de Barcelona En el emblemático barrio Gótico de Barcelona a pocos metros de la Plaza Sant Jaume y de la Catedral se encuentra este histórico palacete gótico rehabilitado con materiales de primera calidad y convertido en pisos que son auténtica obra de arte. &nbsp;  Este inmueble de gran valor arquitectónico fue rehabilitado en el año 2000 respetando íntegramente su estructura original y mantiene arcos columnas y artesonados del siglo XV. Consta de un espacio abierto de 210m² y&nbsp;18m²&nbsp;de patio privado. Dispone de 6 balcones a calle. &nbsp;  Con techos de 6 metros de altura la vivienda se compone de dos dormitorios en suite con vestidor y baño ambos exteriores. &nbsp;El eje central de la vivienda es un bonito y luminoso patio privado de 18m²&nbsp;con arquería gótica única. El salón comedo... ,1,100,1,Gas natural,null,219,null,Ciutat Vella,null,null,null,1.280.000 ,5.845 €/m²,aProperties Real Estate Barcelona, Ref.: VB1711054-5 ,2,Segunda mano/buen estado,1,Piso en venta en El Gòtic,http://idealista.com/inmueble/91416221/
6,1976,  Encontramos este ático en una de las mejores zonas de Barcelona con vistas espectaculares a Sarrià y Pedralbles.   El piso se divide en dos plantas. La planta principal tiene dos entradas: la de servicio y la principal con ascensor propio. El piso está compuesto por un recibidor que da al salón-comedor. Se divide en dos estancias un salón amplio con acceso a una de las terrazas y un pequeño salón o sala de estar. Aparte cruzando una puerta corredera llegaríamos al comedor que también tiene acceso directo a la misma terraza. Dentro de este espacio encontramos también un pequeño despacho.   Siguiendo por el pasillo está la zona de servicio compuesta por una cocina totalmente equipada y reformada con acceso directo desde la escalera de servicio. Esta misma zona dispone de una sala de planchar y galería. Además presenta un dormitorio... ,1,0,null,null,null,454,null,Les Corts,1,null,null,2.800.000 ,6.167 €/m²,Lucas Fox Barcelona, Ref.: BCN25436 ,5,Segunda mano/buen estado,1,Ático en venta en Pedralbes,http://idealista.com/inmueble/91406299/
2,null, Al entrar a la vivienda encontramos un pasillo que distribuye los dormitorios. A un lado se presenta el primer gran dormitorio individual y hacia el otro encontramos un segundo dormitorio doble con salida a un patio interior de luces y en frente un baño completo con plato de ducha. Continuando a la derecha en el mismo pasillo está el dormitorio principal de gran tamaño y con baño completo con bañera en suite y salida a otro patio interior de luces.   En la parte posterior encontramos un amplio salón. A continuación cruzamos unas puertas de madera correderas que conducen a un estudio muy completo con salida a la terraza. Antes de salir al exterior a la derecha contiguo al salón se sitúan el comedor y la cocina totalmente equipada.   Asimismo esta parte del piso se beneficia de salida directa a una maravillosa terraza de 102 m² con muchísima luz durante todo el día. Al final de la terraza hay un trastero con una nevera y zona de aguas.   Ideal para personas que buscan un piso reformado con la gran ventaja de disfrutar del sol durante todo el año en una bonita terraza. ,null,0,null,null,null,125,null,Gràcia,null,null,null,785.000 ,6.280 €/m²,Lucas Fox Barcelona, Ref.: BCN25747 ,3,Segunda mano/buen estado,1,Piso en venta en El Camp d'En Grassot i Gràcia Nova,http://idealista.com/inmueble/91406284/
4,1966,  Ático con piscina privada en Les Tres Torres Espectacular ático dúplex con piscina particular y vistas al mar y Tibidabo. Situado en el barrio de Tres Torres/Bonanova consta de 278 m2 de vivienda y 190 m2&nbsp; de terraza. Reformado íntegramente en el 2015 con acabados de alta gama&nbsp; y control por domótica de todos los mecanismos.  Al acceder al piso tenemos un gran salón comedor con orientación Sur-Este y acceso directo a la cocina. Esta tiene dos islas una para cocinar y otra que integra fregadero y área de reciclado así como una zona de comedor independiente. Comunica con una habitación donde se encuentra la zona de lavado y plancha. Toda la cocina es exterior a dos vientos lo que la dota de gran luminosidad.  En la zona de noche hay dos habitaciones dobles en suite una master suite con dos vestidores y baño con bañera y d... ,1,0,5,Gas natural,null,555,null,Sarrià-Sant Gervasi,1,null,null,2.150.000 ,3.874 €/m²,aProperties Real Estate Barcelona, Ref.: VB2006030-4 ,4,Segunda mano/buen estado,1,Ático en venta en Les Tres Torres,http://idealista.com/inmueble/91394048/
2,1820, Espectacular vivienda tipo loft en venta de diseño Esta impresionante vivienda de 300m2 se encuentra en un pasaje peatonal privativo y se caracteriza por sus amplios espacios abiertos. Dispone de dos grandes salones siendo uno de ellos tipo chill-out y moderna cocina abierta junto a salón-comedor. Las dos habitaciones son tipo suite con espectaculares baños y gozan de amplios vestidores. La propiedad tiene un auténtico estilo neoyorkino conservando detalles de la estructura original de la finca así como techos altos y abovedados vigas de hierro y paredes de obra vista. Piso de diseño ubicado en finca con servicio de conserjería. ,1,195,4,Gas natural,null,318,null,Ciutat Vella,null,null,null,2.500.000 ,7.862 €/m²,aProperties Real Estate Barcelona, Ref.: VB1607015-5 ,2,Segunda mano/buen estado,1,Piso en venta en Sant Pere - Santa Caterina i la Ribera,http://idealista.com/inmueble/91342117/
3,1930, Casa en el corazón de Les Tres Torres En pleno barrio de Tres Torres &nbsp; con una ubicación privilegiada a pocos&nbsp; metros de la zona de Gran Sarrià se encuentra esta magnífica casa que por su construcción modernista y totalmente reformada se convierten en una pieza singular y única en la zona. Está compuesta de tres plantas y tiene una superficie aproximada de 265m2. La planta baja cuenta con un amplio recibidor un gran salón-comedor en dos ambientes una cocina office totalmente reformada con calidades de alta gama y con salida a un patio y un aseo de cortesía. La orientación es muy buena por lo que tiene sol durante todo el día. La segunda planta consta actualmente de dos habitaciones en suite con vestidor y una habitación polivalente donde se pueden hacer dos dormitorios más. La tercera planta es una espectacular azotea &nbsp;a tres vientos con unas vistas increíbles de Barcelona. ,null,295,null,Eléctrica,null,265,null,Sarrià-Sant Gervasi,1,null,null,2.750.000 ,10.377 €/m²,aProperties Real Estate Barcelona, Ref.: VB1604042-5 ,3,Segunda mano/buen estado,1,Casa o chalet en venta en Les Tres Torres,http://idealista.com/inmueble/91341968/
6,1958,  Exclusiva casa en venta en Collserola En un enclave privilegiado de Vallvidrera a pocos minutos de los ferrocarriles y apartado del bullicioso centro de Barcelona nos encontramos con una exclusiva casa unifamiliar realizada por el prestigioso arquitecto D. Francisco Barba Corsini de 380m² distribuida en tres plantas y con una parcela ajardinada con piscina de 550m². En la planta inferior nos encontramos con un amplio salón-comedor con salida a una agradable terraza que da acceso directo a la piscina y a la zona ajardinada. Desde el salón accedemos a la cocina-office que ofrece todo tipo de comodidades y prestaciones para el disfrute de la misma. En dicha planta también disponemos de dos dormitorios en suite con vestidor un estudio (el rincón más íntimo y peculiar de la casa) cuatro baños dos zonas de aguas y una estancia destin... ,null,100,null,Gas natural,null,380,null,Sarrià-Sant Gervasi,1,null,null,1.850.000 ,4.868 €/m²,aProperties Real Estate Barcelona, Ref.: VB1603022-5 ,6,Segunda mano/buen estado,1,Casa o chalet en venta en Vallvidrera - El Tibidabo i les Planes,http://idealista.com/inmueble/91341967/
7,1989, Casa en venta en Pedralbes Junto a la Avenida Pedralbes encontramos esta espectacular casa de 750m3 sobre una parcela de 1.900m² con un agradable jardín con piscina e impresionantes vistas a la ciudad de Barcelona. El exclusivo interiorismo de vanguardia aporta gran calidez y confort. En la planta principal encontramos un gran salón con comedor independiente con grandes ventanales y salida al jardín baño de cortesía y cocina office. La primera planta está compuesta por cuatro suites con baño completo la principal tiene terraza privada. La segunda planta es diáfana y polivalente con terraza con vistas a la ciudad. En la planta inferior está el garaje para cuatro coches de gran tamaño la habitación de servicio con baño y tres habitaciones para juegos zona de aguas y almacenamiento. La casa dispone de ascensor piscina y jardín privado. También goza de una zona comunitaria con piscina dos pistas de pádel y servicio de vigilancia 24 horas. ,null,100,null,Gas natural,null,750,null,Les Corts,1,null,null,5.800.000 ,7.733 €/m²,aProperties Real Estate Barcelona, Ref.: VB1505042-5 ,8,Segunda mano/buen estado,1,Casa o chalet en venta en Pedralbes,http://idealista.com/inmueble/91341978/
2,1935,  Piso reformado en Gran Vía de les Corts Catalanes Eixample Esquerra Piso totalmente reformado alto y luminoso  Propiedad ubicada en una sexta planta real de un edificio clásico de 1935 en el Eixample Esquerra. La finca dispone de servicio de conserjería y de ascensor. El piso tiene adjudicado un trastero de 3m2 en la azotea del edificio. En 2018 se hizo una reforma integral de toda la vivienda.  Un amplio recibidor distribuye la propiedad en dos zonas de día y de noche. Hacia el ala este de la casa encontramos 2 dormitorios dobles que dan al amplio patio de manzana y tienen acceso a un pequeño balcón de 3m2. La habitación principal en suite con un gran baño es interior y da al patio de la finca. Un baño completo da servicio a los otros dos dormitorios. Hay entrada de servicio donde se ha ubicado la lavandería.  En la zona de día en... ,1,108,4,Gas natural,null,136,null,Eixample,null,null,null,820.000 ,6.029 €/m²,aProperties Real Estate Barcelona, Ref.: VB2005013-4 ,4,Segunda mano/buen estado,null,Piso en venta en Sant Antoni,http://idealista.com/inmueble/91341890/
7,1982,  Exclusivo ático dúplex con piscina privada en Pedralbes En el privilegiado barrio de Pedralbes rodeado de zonas verdes y cercano a los mejores colegios internacionales encontramos este exclusivo ático dúplex con dos terrazas y piscina privada.  Gracias a su orientación sur-oeste y su altura el piso goza muchísima luz natural.  En la primera planta accedemos al hall de entrada que nos lleva a un gran salón en tres ambientes: salón comedor y zona de estar con chimenea. Desde el salón se accede a una soleada terraza de 30m² que bordea todo la planta. Cocina-office dormitorio y baño de servicio y &nbsp;amplia zona de aguas. La zona de noche consta de cuatro dormitorios: una junior suite con baño una master suite con baño con ducha y bañera y vestidor y dos dormitorios con acceso a la terraza que comparten un baño. Todas las estancias... ,1,177,6,Gas natural,null,439,299,Les Corts,1,null,null,3.950.000 ,8.998 €/m²,aProperties Real Estate Barcelona, Ref.: VB1910039-4 ,6,Segunda mano/para reformar,1,Piso en venta en Pedralbes,http://idealista.com/inmueble/91341724/
5,1928,  Magnífica casa en venta en Vallvidrera Situada en Vallvidrera a escasos minutos de Barcelona cerca de transportes públicos y rodeados de naturaleza encontramos esta casa única&nbsp; por su estilo arquitectura orientación vistas &nbsp;calidad&nbsp;&nbsp; y&nbsp; nobleza de sus materiales. &nbsp;&nbsp;  La vivienda &nbsp;está ubicada en una parcela de 751 m² con una situación inmejorable a un paso de todo tipo de servicios y con unas vistas espectaculares. Es una casa elegante con techos altos y grandes espacios todo ello con una gran luminosidad.  Se divide en tres plantas más una inferior&nbsp; donde se halla una estupenda bodega. En la&nbsp; primera &nbsp;encontramos un gran recibidor dos amplios salones con chimenea &nbsp;un comedor &nbsp;cocina-office con zona de aguas y aseo de cortesía. Dispone además de una zona indepe... ,null,255,null,Gas natural,null,412,null,Sarrià-Sant Gervasi,1,null,null,2.100.000 ,5.097 €/m²,aProperties Real Estate Barcelona, Ref.: VB1804042-4 ,5,Segunda mano/buen estado,1,Casa o chalet en venta en Vallvidrera - El Tibidabo i les Planes,http://idealista.com/inmueble/91341629/
1,1962, Actualmente no dispone de ascensor pero el proyecto ha sido aprobado por la comunidad.  El piso dispone de 55m² y se encuentra en una 2ª planta. Distribuido en un amplio salón - comedor con cocina americana integrada dos dormitorios (una doble y otro mediano) y un baño completo con paredes de mármol y plato de ducha.  Dispone también de A/A y calefacción.  Inmueble ubicado en Barcelona en el barrio de Porta.  Cerca de restaurantes centros médicos colegios zonas ajardinadas comercios y todo tipo de servicios. Es una zona muy tranquila y muy bien comunicada al lado del metro Virrei Amat (L5) Fabra i Puig (L1) RENFE y diversas líneas de autobús. Fácil acceso a carreteras principales como Fabra i Puig y Avenida Meridiana.  Si tienes dudas en algún producto financiero o deseas valorar tu piso contacta con nosotros.  *El precio de venta del inmueble no incluye los honorarios de la inmobiliaria ni los tributos que gravan Ia compraventa (ITPAJD o IVA) ni en caso de haberlos los notariales y los registrales que satisface el comprador. ,0,132,2,Gas natural,null,55,null,Porta,null,190.000 € ,5,180.000 ,3.273 €/m²,La Casa Agency - Pont Del Treball, Ref.: INT-VIRR-ALELLA ,2,Segunda mano/buen estado,null,Piso en venta en calle d'Alella,http://idealista.com/inmueble/91335919/
3,2006,  Encontramos esta magnífica casa adosada disponible en venta sin amueblar pero con electrodomésticos incluidos en un tranquilo pasaje peatonal a tan solo 500 metros de la playa de la Mar Bella en la zona de Poblenou. La vivienda es muy luminosa con tres espacios exteriores tres dormitorios dos baños un aseo y un garaje para dos coches.   La vivienda mide un total de 175 m² aproximadamente y presenta un diseño único que juega ingeniosamente con los espacios interiores y exteriores y con la fantástica luz natural que fluye por todas las estancias de la vivienda. La vivienda se distribuye en tres plantas más el garaje con capacidad para 2 coches en la planta semisótano. Hay poca distancia entre cada una de las plantas pero grandes espacios en todas ellas.   En la planta baja encontramos una agradable terraza de unos 20 m² que sirv... ,null,0,null,null,null,175,null,Sant Martí,1,null,null,1.130.000 ,6.457 €/m²,Lucas Fox Barcelona, Ref.: BCN25439 ,3,Segunda mano/buen estado,1,Casa o chalet en venta en Diagonal Mar i el Front Marítim del Poblenou,http://idealista.com/inmueble/91307234/
1,1960,  Acogedor piso en Sants-Montjuïc  Housfy sin comisiones de inmobiliaria.  Anna vende su piso de particular a particular en Sants-Montjuïc Barcelona perfecto para familias o parejas que busquen un lugar cómodo para su día a día.  Detalles del inmueble:  - Fantástico piso de 46 m2 en El Poble Sec - Parc de Montjuïc. (Los metros cuadrados están verificados con la Dirección General de Catastro) - 2 habitaciones: una doble y una individual. - 1 baño amplio con ducha lavadora y espacio de almacenaje. - Salón-comedor con cocina equipada. - Balcón a patio de manzana tranquilo. - Una puerta blindada para garantizar su seguridad en todo momento. - Con una apropiada cocina equipada con lo necesario para el día a día. - Los gastos de la operación de compra son asumidos por el comprador.  Sobre la ubicación se encuentra en Barcelona una viviend... ,0,205,3,null,null,51,46,El Poble Sec - Parc de Montjuïc,null,null,null,195.000 ,3.824 €/m²,Housfy Real Estate CAT, Ref.: 263225 ,2,Segunda mano/buen estado,null,Piso en venta en calle del Roser s/n,http://idealista.com/inmueble/91628199/
1,null, ¡AMPLIO Y CON ASCENSOR EN LES CORTS! - - - - - - - - - - - - - - - - - - - - - - - - - - - - - -  En inmejorable zona en el barrio de Les Corts - La Maternitat próximo a todo tipo de comercios y servicios como colegios parques restaurantes y centro médico. Excelente comunicación con metro distintas lineas de autobús y bicing. A tan solo 3 minutos de la misma Carretera de Sants que comunica con zona Montjuic Plaza de España y su centro comercial Las Arenas.   Vivienda en 1ª planta en finca que dispone de ascensor que consta de 85 metros de superficie distribuida en salón comedor muy amplio con salida a balcón con cerramiento cocina independiente con salida a lavadero 3 dormitorios (anteriormente disponía de 4 pero ampliaron el salón) y baño completo. Destaca de esta propiedad su estado de conservación luminosidad y zona.   ¡NO SE PUEDE ESCRITURAR HASTA AGOSTO!  ¡Llama para agendar tu visita! ,1,205,1,null,null,85,null,La Maternitat i Sant Ramon,null,285.000 € ,7,265.000 ,3.118 €/m²,LA CASA AGENCY, Ref.: REGENTE 285K ,3,Segunda mano/buen estado,null,Piso en venta en calle del Regent Mendieta s/n,http://idealista.com/inmueble/91623221/
3,null,  Bienvenido a este fantástico casa adosada en el corazón del barrio de Poblenou. Un ubicación tranquila del barrio en crecimiento parte del proyecto Super Illa que genera menos tráfico en la ciudad de Barcelona. Bien comunicado con metro y autobuses al centro de la ciudad y no muy lejos de la playa. La casa es una antigua casa adosada que ha sido completamente reformado desde el suelo y convertida en una casa familiar moderna con un toque estilo escandinavo. Ofrece de 3 a 4 dormitorios 3 baños 2 terrazas lavadero y un garaje.  Entrando desde de la calle pasamos por el garaje donde también encontramos una zona de lavadero. Al pisar la puerta entramos en otro mundo. Una hermosa luz del sol desde el patio interior nos recibe en la entrada que se abre a una amplia sala de estar con una cocina abierta con acceso a la terraza. Una zona soc... ,null,0,null,null,null,211,null,El Poblenou,null,null,null,1.175.000 ,5.569 €/m²,Kerstin Johansson, Ref.: KJA01101 ,3,Segunda mano/buen estado,1,Casa o chalet en venta en calle de Pallars 175,http://idealista.com/inmueble/91619895/
2,null, Marina - Rosselló - Còrsega  Piso reformado de 75m2 en Sagrada Familia  Consta de salón comedor exterior con salida a balcón con vistas al Templo de la Sagrada Familia. Tres dormitorios dobles. Cocina independiente con salida a galería. Dos baños completos uno con bañera y otro con plato de ducha.  Aire acondicionado. Calefacción a gas en todas las estancias. Suelos de parquet.  Carpintería exterior de alumninio.  Puerta de entrada blindada.  Segunda planta en finca con ascensor.  Excelente comunicación con transporte público: Metro L2-L5 Sagrada Familia y múltiples líneas de autobús; a una calle de Bicing Gaudí-Rosselló.   Junto eje comercial de Avinguda Gaudí.  Servicios dados de alta.  Disponibilidad inmediata.   Si tienes interés en realizar una visita a este piso o resolver cualquier duda nos puedes contactar a través de los siguientes canales:   Teléfono fijo: 93 455 85 35  Teléfono móvil y WhatsApp: +34 615 777 464  También puedes acercarte a nuestra oficina: Carrer de la Indústria 137 08025 Barcelona.  Por tu seguridad exige siempre la acreditación AICAT en cualquier operación que realices con un agente inmobiliario.   punto habitat immobiliaris  AICAT 5508. ,1,0,2,Calefacción individual,null,75,null,La Sagrada Família,null,null,null,350.000 ,4.667 €/m²,punto habitat immobiliaris, Ref.: v19 ,3,Segunda mano/buen estado,null,Piso en venta en calle de la Marina 310,http://idealista.com/inmueble/91616794/
1,null,  Vivienda con una superficie construida&nbsp;de 34&nbsp;m2 aproximados en segunda&nbsp;planta exterior en un edificio histórico de 1850 sin&nbsp;ascensor. Se distribuye en salón cocina 2&nbsp;dormitorios 1&nbsp;baño&nbsp;y balcón. La vivienda necesita una reforma completa. Consultar documentación e información adicional y detallada en el apartado legal. Esta propiedad tiene un precio condicionado. La oferta ganadora estará sujeta a aprobación por parte del Vendedor quien dispone de un plazo máximo de 2 días hábiles para emitir una respuesta siendo vinculante en caso de aceptación. Encontrará más información en nuestros Términos y Condiciones.  Barcelona a orillas del Mediterráneo es la capital de Cataluña y segunda ciudad de España. Tiene una población de unos 55 millones de habitantes que disponen de todo tipo de servicios. El d... ,0,210,2,null,null,34,null,El Raval,null,null,null,75.000 ,2.206 €/m²,BidX1, Ref.: 0107205161 ,2,Segunda mano/para reformar,1,Piso en venta en calle de Picalquers,http://idealista.com/inmueble/91607513/
1,2021, Piso de 47m2 construidos en primera planta en edificio de obra nueva con ascensor. El edificio tiene fecha de entrega en febrero de 2021 es un edificio de un diseño muy actual con fachada a la Ronda Guinardó y a patio de manzana. El piso es un espacio diáfano luminoso y soleado por su orientación este. La cocina es abierta de líneas rectas amueblada y con electrodomésticos panelados (nevera y lavavajillas) encimera de Silestone Zeus/white y placa de inducción horno y microondas. El salón tiene salida al balcón de 340m2. La habitación es amplia con armario empotrado y baño completo en su interior (sanitarios Roca). Las carpinterías exteriores son de aluminio color oscuro rotura de puente térmico doble vidrio con cámara y persianas motorizadas. Las puertas interiores practicables o correderas son de madera lacada en color blanco. Pavimento de gres porcelánico en todo el piso. Sistema de climatización por aerotermia para ACS calefacción y refrigeración mediante conducto. ,1,49,2,Bomba de frío/calor,null,47,41,El Guinardó,null,null,null,224.500 ,4.777 €/m²,Monapart Barcelona (Vendes), Ref.: VFP1-2010 ,1,Segunda mano/buen estado,1,Piso en venta en ronda del Guinardó,http://idealista.com/inmueble/91539171/
2,null, Muy luminoso en medio de l´eixample con terraza 15 m2  comedor 35 m2  piso 5 dormitorios (2 dobles + 3 individuales grandes)  2 baños completos (1 con pie de ducha)  cocina  parquet  calefaccion  aire acondicionado  recien pintado  ascensor  c. E. D  c. H. 2034  ibi 73 €/mes  comunidad 143 €/mes  suministros luz agua y gas. ,1,110,5,Gas natural,null,140,120,La Dreta de l'Eixample,null,null,null,625.000 ,4.464 €/m²,FINQUES TEBE, Ref.: CCENT ,5,Segunda mano/buen estado,1,Ático en venta en CONSELL DE CENT,http://idealista.com/inmueble/91622239/
2,null, Viviendas de obra nueva cerca del Parque de Joan Miró Pisos de 74 a 95 m2 de 2 o 3 habitaciones con 2 baños a estrenar. Proyecto de 20 viviendas en la primera fase y 43 viviendas en la segunda fase. Propiedades espaciosas con una distribución funcional con balcones. Suelos de gres porcelánico con acabado de madera de color gris. Balcones en las plantas superiores. Jardines en patio de manzana en las plantas bajas. Terrazas privativas con piscina en la cubierta para las propiedades en las plantas superiores. Platos de ducha o bañeras en los baños con griferías marca Imex.  La finca dispone de plazas de parking y trasteros no incluidos en el precio. Fecha de Entrega: 1r Trimestre 2021. ,1,0,3,null,Obra nueva,89,null,Sant Antoni,null,null,null,540.000 ,6.067 €/m²,Nicaragua 75 ., Ref.: ONB2003007 ,3,Promoción de obra nueva,1,Piso en venta en calle Rocafort 40,http://idealista.com/inmueble/91624701/
2,null, Viviendas de obra nueva cerca del Parque de Joan Miró Pisos de 74 a 95 m2 de 2 o 3 habitaciones con 2 baños a estrenar. Proyecto de 20 viviendas en la primera fase y 43 viviendas en la segunda fase. Propiedades espaciosas con una distribución funcional con balcones. Suelos de gres porcelánico con acabado de madera de color gris. Balcones en las plantas superiores. Jardines en patio de manzana en las plantas bajas. Terrazas privativas con piscina en la cubierta para las propiedades en las plantas superiores. Platos de ducha o bañeras en los baños con griferías marca Imex.  La finca dispone de plazas de parking y trasteros no incluidos en el precio. Fecha de Entrega: 1r Trimestre 2021. ,1,0,2,null,Obra nueva,89,null,Sant Antoni,null,null,null,530.000 ,5.955 €/m²,Nicaragua 75 ., Ref.: ONB2003007 ,3,Promoción de obra nueva,1,Piso en venta en calle Rocafort 40,http://idealista.com/inmueble/91624638/
1,1900,  Piso con reforma integral junto a Sant Antoni Fantástica reforma integral de vivienda de 50 metros. Ideal apartamento en una tercera planta de un edificio que a su vez se está actualizando. La vivienda consta de un espacio de día que integra cocina salón y comedor. La parte izquierda de la vivienda contiene la habitación doble y de gran tamaño. La vivienda se entrega con cocina completamente equipada. Un bonito balcón en la habitación que mira a calle Ferlandina. Se rescatan los elementos originales como las vigas de madera a lo largo de toda la vivienda y también el ladrillo original de los paramentos verticales. Ven a visitar este estupendo piso. Ubicado a unos pocos metros del Macba Plaza Universitat y la Plaza Catalunya con instituciones como la Universidad de Barcelona o la Escola Massana de Arts el piso está perfectamente comu... ,0,164,3,null,null,50,null,Ciutat Vella,null,null,null,221.000 ,4.420 €/m²,Barcelona MMC - Ciutat Vella - Sant Martí - S7, Ref.: W-02H8QB ,1,null,null,Piso en venta en El Raval,http://idealista.com/inmueble/91006334/
1,1971, Excelente oportunidad de compra.  Exclusivo loft en Sant Antoni. En perfecto estado para entrar a vivir.  Claridad tranquilidad excelente comunicación confort y practicidad son algunos de los adjetivos que podrían describir perfectamente a esta vivienda. Situada a escasa distancia de los diferentes puntos neurálgicos de la ciudad condal. La vivienda dispone de calefacción de frío y calor por bomba tiene muy poco ruido al ser interior también dispone de un lavadero independiente. armarios empotrados y ascensor. Actualmente está totalmente abierto (a excepción del baño obviamente) pero el dormitorio se puede independizar al disponer de ventana propia.  Sin lugar a dudas una oportunidad única. No dude en contactar para concertar una visita. ,1,0,null,Bomba de frío/calor,null,93,80,Eixample,null,null,null,339.000 ,3.645 €/m²,Fincas Cano Pujol, Ref.: v7238 ,0,Segunda mano/buen estado,null,Estudio en venta en Sant Antoni,http://idealista.com/inmueble/90985155/
4,1987,  Impresionante vivienda renovada en el Guinardó En una de las mejores localizaciones del distrito del Guinardó con muy buenas comunicaciones servicios colegios y hospitales encontramos esta preciosa propiedad. Es una casa de autor totalmente renovada en 2004 por un gran arquitecto siguiendo las pautas y el exquisito gusto de sus dueños. Es una casa adosada con una apariencia discreta pero una vez dentro impresionante por los espacios la luz la tranquilidad y la gran privacidad. Lista para entrar en ella. Accedemos desde la calle al mismo nivel encontramos la entrada al aparcamiento un distribuidor que da acceso a la entrada a la zona de día y también una bodega en una planta inferior. La zona de día consta de un baño de cortesía una cocina y el gran salón con acceso a la terraza-jardín. En la primera planta se encuentran las... ,null,110,null,Gas natural,null,280,null,Horta Guinardó,1,null,null,890.000 ,3.179 €/m²,Barcelona MMC, Ref.: W-02C1P9 ,5,Segunda mano/buen estado,1,Chalet adosado en venta en El Guinardó,http://idealista.com/inmueble/90927974/
2,1930,  Exclusivo y elegante piso en Eixample Dret Exclusivo apartamento ubicado en finca clásica del 1930 con ascensor. El lujoso apartamento de 68m² construidos cuenta con todas las comodidades y ventajas que cualquiera puede desear en pleno centro de la ciudad Comtal. La distribución discurre a través de un corredor distribuidor de las diferentes estancias compuestas por un amplio dormitorio en suite una segunda habitación dos baños completos y un increíble espacio abierto de salón comedor con cocina. Cabe destacar la preciosa tribuna que preside la fachada posterior y llena de luz y buena energía el interior de la vivienda. La cocina americana está totalmente equipada con electrodomésticos integrados y panelados mobiliario a medida y muy bien pensado para un uso práctico y funcional.  Reformado íntegramente en el 2018 por los actuales pr... ,1,134,3,Calefacción individual,null,68,null,Eixample,null,null,null,465.000 ,6.838 €/m²,Barcelona MMC - Eixample - S2, Ref.: W-02J9BD ,2,Segunda mano/buen estado,null,Piso en venta en La Dreta de l'Eixample,http://idealista.com/inmueble/90901640/
2,1980,  Piso familiar para entrar a vivir en Gràcia Situado en Travessera de Gràcia- Sicilia y reformado en el 2007 en excelente estado de conservación. La propiedad es muy adaptable a nuevas necesidades es muy cuadrada y todas las particiones son tabiques. Dispone de dos habitaciones dobles (una en suite) y dos individuales amplias. Dos baños completos. Tiene muy bien definida la zona de día y la de noche nada más acceder al piso hay un recibidor que comunica con la cocina que es independiente amplia y muy funcional con capacidad para una mesa y sillas.  A la izquierda del recibidor nos encontramos una habitación individual que da acceso a un patio interior comunitario de 11 m2 y de uso exclusivo. A continuación accedemos a una amplia sala de estar y comedor con dos grandes ventanales que la iluminan y tiene vistas a la calle. Junto al s... ,1,160,1,Gas natural,null,98,null,Gràcia,null,null,null,435.000 ,4.439 €/m²,Barcelona MMC, Ref.: W-02JBE8 ,4,Segunda mano/buen estado,null,Piso en venta en El Camp d'En Grassot i Gràcia Nova,http://idealista.com/inmueble/90826272/