bathrooms,constructed_year,description,elevator,energetic_qualification_kWhm2_año,floor,heater_system,its_new,m2_build,m2_useful,neighbourhood,parking,price_down_euro,price_down_percentage,price_euro,price_m2,real_estate,ref,rooms,status,terrace,title,link
2,1969, Vivienda de 110m² en séptima planta del edificio por lo que cuenta con gran luminosidad en todas sus estancias la vivienda se encuentra de origen dispone de salón comedor con salida a terraza de 10m² con despejas vistas a la ciudad cocina con salida a un lavadero 1 aseo con ducha y 1 baño con amplia ducha adaptado a personas de movilidad reducida y cuatro dormitorios (todos muy amplios y luminosos) dispone también de un altillo a lo largo del pasillo. Finca con ascensor.  En el vestíbulo de entrada existe una rampa con fácil acceso para personas de movilidad reducida. Inmejorable ubicación junto a Plaça Francesc Macià Todos los servicios y comunicaciones en la zona. ,1,176,7,null,null,110,null,L'Antiga Esquerra de l'Eixample,null,null,null,550.000 ,5.000 €/m²,Hand & Seal Barcelona, Anuncio: 91336307 ,4,Segunda mano/para reformar,1,Piso en venta en calle de Villarroel,http://idealista.com/inmueble/91336307/
3,1960, PISO EN AVENIDA GAUDÍ EXTERIOR Y CON VISTAS al Templo de la SAGRADA FAMILIA- 120m2 de superficie con reforma completa distribuidos entre un salón- comedor de 51m2 con cocina integrada (con isla) 3 dormitorios dobles 2 cuartos de baño completos y 1 aseo de cortesía. Cuenta con un espacio adicional para uso de trastero o despensa. Disfruta de sistema de calefacción por radiadores y aire acondicionado por bomba de calor (splits de pared). Todo exterior. Balcón de 14m2 corrido y esquinero sobre calle con acceso desde 2 de los dormitorios y el salón. Muy luminoso. Ubicado en finca con ascensor frente a la Plaza Gaudí y con vistas al Templo. Posibilidad de parking en la zona. A 300m. del Mercado de la Sagrada Familia. Metro L(5)- L(2)- La Sagrada Familia y diversas lineas de bus con conexión a toda el área metropolitana. ,1,181,1,Eléctrica,null,121,108,La Sagrada Família,null,null,null,995.000 ,8.223 €/m²,Singular Properties, Ref.: SP120FM ,3,Segunda mano/buen estado,null,Piso en venta en GAUDI,http://idealista.com/inmueble/91237931/
3,1967, Piso alto exterior en venta en el barrio de Galvany a pocos metros del parque de Piscinas y Deportes y el Turó Parc. La vivienda se encuentra a reformar íntegramente con múltiples posibilidades de redistribución para adaptarlo a las necesidades de la familia más exigente.  Cuenta con una superficie de 270 m2 que actualmente se distribuyen en 4 dormitorios dobles ( todos exteriores sobre calle ) salón principal de 55m2 con comedor de 25 m2 cocina office lavadero y zona de servicio completa con habitación y baño.  Todas las estancias de la viviendas son muy amplias y luminosas. La zona del salón comedor da acceso a un balcón de 10m2 con vistas sobre la plaza Wagner.  Finca con servicio de conserjería.  El precio incluye una plaza de parking y trastero en el mismo edificio. ,1,123,5,null,null,270,230,Sant Gervasi - Galvany,1,null,null,1.300.000 ,4.815 €/m²,Singular Properties, Ref.: SP327KA ,5,Segunda mano/para reformar,null,Piso en venta en avenida Diagonal,http://idealista.com/inmueble/91130614/
2,null, Garlasa Trade les ofrece esta auténtica oportunidad en Passeig de Manuel Girona en Pedralbes. Excelente zona.  Piso de 105 mts en el cual encontramos un salón-comedor a dos ambientes con chimenea cocina office 4 habitaciones y 2 baños( 1 con plato de ducha y 1 con bañera).  El inmueble dispone de terraza y aire acondicionado.  Plaza de parking por 10.000€.  Finca con ascensor servicio de consejería y cámaras de seguridad.  Cualquier consulta no dude en contactarnos. 616793910. ,1,0,5,Gas natural,null,105,null,Pedralbes,1,null,null,550.000 ,5.238 €/m²,Garlasa Trade, Ref.: _Manuelgirona ,4,Segunda mano/buen estado,1,Piso en venta en paseo de Manuel Girona,http://idealista.com/inmueble/90921398/
1,1936, Bonito piso totalmente reformado próximo a la estación de metro Badal. Este piso es como tener tu propia casita en el centro.  Entrando a la propieda hay una bonita terraza de 25m2 aproximadamente que lleva a la entrada principal. En sus 47m2 tiene una bonita cocina office con electrodomésticos empotrados y vistas a la terraza frontal un cómodo salón y un comedor muy luminoso. Dispone de 2 dormitorios uno doble y uno individual y un baño completo con bañera.  Es un piso muy cómodo que tiene calefacción de gas y aire acondicionado suelos de gres y ventanas de aluminio.  Lo que más te gustará es su amplia terraza de aproximadamente 40m2 ubicada en la azotea.  Todo el mobiliario está incluido en el precio.  Ven y disfruta de una vivienda para entrar a vivir cerca del transporte público y con todos los servicios a tu disposición.  Llámanos y organizamos una visita. ,0,243,0,Gas natural,null,62,42,Sants - Badal,null,null,null,244.000 ,3.935 €/m²,comercial, Ref.: 11186 ,2,Segunda mano/buen estado,1,Piso en venta en calle de Ventura Plaja,http://idealista.com/inmueble/90751405/
2,null, Precioso piso en la lujosa zona de Diagonal Mar a escasos metros de la playa. Dispone de muchísima luz gracias a los ventanales que proporcionan vistas a mar montaña y ciudad. &nbsp; Compuesto de 4 habitaciones 2 de ellas dobles muy espaciosas y luminosas 2 individuales con opción a convertir a doble 2 baños. &nbsp;   Se encuentra justo al lado del Parque de Diagonal Mar una zona tranquila y muy verde. &nbsp; Se incluye 2 plazas de parking y trasteros. &nbsp; Además el edificio dispone de piscina pistas de padel y gimnasio. &nbsp; Seguridad 24h. &nbsp; Dispone de comunicación privilegiada al estar entre Ronda Litoral y Av. Diagonal además de tener la parada de metro Selva de Mar al lado. &nbsp; Para ampliar información o concretar visita no dude en contactarnos. &nbsp;. ,1,0,null,null,null,175,null,Diagonal Mar i el Front Marítim del Poblenou,1,null,null,1.375.000 ,7.857 €/m²,Proddigia, Ref.: 9102 ,4,null,null,Piso en venta en paseo del Taulat,http://idealista.com/inmueble/90478336/
2,1978, Piso de 87 m2 construidos de 3 dormitorios y 2 baños completos. En edificio de 1978 sin barreras arquitectónicas con 2 ascensores y servicio de portería.  Dispone de un amplio salón comedor de 22 m2 piso muy tranquilo sin ruidos pues orienta a agradable patio de manzana y con un balcón 5 m2 y una terraza de 10 m2 donde se puede hacer vida exterior chimenea en salón amplia cocina con zona de aguas diferenciada suelos de parquet calefacción a gas vivienda que esta impecable de estado pero debe de actualizarse.. . Plaza de parquing en el mismo edificio con acceso directo desde el ascensor no incluida en precio. Finca Nuñez y Navarro. ,1,0,1,Gas natural,null,90,75,La Nova Esquerra de l'Eixample,null,360.000 € ,6,340.000 ,3.778 €/m²,comercial, Ref.: 11082 ,3,Segunda mano/para reformar,1,Piso en venta en calle Rocafort,http://idealista.com/inmueble/89358105/
1,1908,  Ático impecable y muy acogedor con gran terraza en el distrito de Sarriá Sant Gervasi.  La vivienda tiene una superficie útil de 45m² más el privilegio y desahogo de una estupenda terraza de 90m² en con vistas al Tibidabo.  El espacio interior cuenta con un salón principal que integra la cocina y desde el que se accede al cuarto de baño y a un amplio dormitorio. Disfruta de mucha luz natural sol y alta privacidad.  Reciente y exquisitamente reformado está equipado con discretos radiadores de gas estufa de leña split aire acondicionado cocina totalmente amueblada y equipada armarios empotrados parquet de madera anti-agua y persianas eléctricas.  Desde el salón y desde el dormitorio se accede a una terraza de 90m² en L con orientación SO y NO. Un espacio acondicionado con tarima de madera ducha y zona para barbacoa donde disfr... ,1,0,4,Gas natural,null,138,137,El Putxet i el Farró,1,null,null,495.000 ,3.587 €/m²,Singular Properties, Ref.: SP101TV ,1,Segunda mano/buen estado,1,Ático en venta en calle de la gleva,http://idealista.com/inmueble/88903546/
2,null, Luminoso ático ubicado en Jaume I a 5 minutos de la Catedral.  El piso está ubicado en una bonita finca reformada con ascensor.  El ático ofrece 2 habitaciones dobles con baño en suite un salón comedor muy luminoso con 3 balcones y un precioso techo con vigas de madera así como una cocina semi-abierta y una terraza solárium de 85 m2.  A la terraza se accede mediante el ascensor y tiene un cuarto trastero y mucho espacio para disfrutar del sol.  El ático tiene calefacción por gas 3 aires acondicionados suelos de madera dos entradas (una directa desde el ascensor y otra por las escaleras) y pre instalación de alarma. ,1,0,4,Gas natural,null,95,85,El Gòtic,null,null,null,495.000 ,5.211 €/m²,comercial, Ref.: 11063 ,2,Segunda mano/buen estado,1,Ático en venta en Jaume I,http://idealista.com/inmueble/88797872/
3,null,  Piso en finca regia en venta en Av. Diagonal Eixample Barcelona Espectacular piso de 240 m2 en una finca regia con dos ascensores cerca de Plaza Francesc Macià. La vivienda tiene doble orientación por un lado a calle y por el otro a un patio de manzana muy abierto. Eso le permite la entrada de mucha luz natural en las principales estancias. Tiene un amplio y diáfano salón comedor con forma de L creando varios ambientes. Rodeado de ventanales y salida a un acogedor balcón. La cocina es independiente y muy espaciosa con zona office. La zona de noche consta de 4 habitaciones 2 dormitorios dobles y 2 individuales. La principal tiene sala de estar vestidor y salida a balcón. 2 baños muy grandes y 1 aseo de cortesía para las visitas. Suelos de parqué. Techos altos con molduras. Aire acondicionado y calefacción. El piso está muy bien situ... ,1,0,4,null,null,240,null,L'Antiga Esquerra de l'Eixample,null,null,null,1.250.000 ,5.208 €/m²,Walter Haus, Ref.: 2717V(1) ,4,Segunda mano/buen estado,null,Piso en venta en avenida DIAGONAL,http://idealista.com/inmueble/88791280/
3,1986, ESPECTACULAR PROPIEDAD DE ALTO STANDING EN LA BONANOVA Próxima al Parque Joan Reventós C/Dalmases y al Colegio Oficial de Médicos. Excelentes comunicaciones de Transporte público y privado (acceso rondas túneles de vallvidrera).  Se trata de una primera planta de 320m² con grandes espacios y muy luminosos al ser totalmente exterior.  La zona noble está compuesta por un enorme salón comedor con zona de biblioteca de 80m².  Gran cocina independiente de 30m² con zona office despensa lavadero y habitación de servicio.  La zona de noche de la vivienda la componen 3 dormitorios dobles (una suitte con vestidor y baño) y otros dos dormitorios comparten otro baño.  La vivienda dispone de dos terrazas una a nivel de salón con vistas a la zona comunitaria con piscina y la otra perimetral donde respiran los dormitorios.  En el precio se incluyen 3 plazas de aparcamiento grandes y un trastero de 20m².  Excelente Oportunidad como Inversión!  Contacte con Inforyatrica Consultoría de Confianza del Colectivo médico y estaremos encantados de enseñarle la vivienda! ,1,0,1,Gas natural,null,350,322,Sant Gervasi - La Bonanova,1,null,null,1.595.000 ,4.557 €/m²,Inforyatrica, Ref.: pseo bonanova - vda ,5,Segunda mano/buen estado,1,Piso en venta en paseo de la Bonanova,http://idealista.com/inmueble/88639740/
2,1970, Piso de 3 habitaciones (2 dobles grandes y una doble mediana) y dos baños.  Desde el hall de entrada se accede a un amplio y luminoso salón / comedor con salida a terraza con capacidad para poner una mesa y 4 sillas. Separada por otra puerta encontramos una habitación doble con salida a otra terraza y un baño completo con ducha.  Desde el pasillo accedemos a una amplia cocina office con lavadero un distribuidor un baño completo con bañera y dos habitaciones dobles (una grande y otra mediana) que dan a patio interior.  El piso ofrece 2 entradas con dos ascensores (principal y montacargas).  La vivienda se ubica en un bonito edificio en la calle Muntaner.  Magnífica ubicación al lado de todos los servicios y transporte público. ,1,0,3,Gas natural,null,148,130,Sant Gervasi - Galvany,null,720.000 € ,3,700.000 ,4.730 €/m²,comercial, Ref.: 11052 ,3,Segunda mano/buen estado,null,Piso en venta en Muntaner,http://idealista.com/inmueble/88639444/
2,1870,  En pleno centro de Barcelona junto a la Plaça Urquinaona y la Vía Laietana presentamos este oasis de paz y tranquilidad en forma de loft con una fabulosa suite en doble altura que hará las delicias de sus visitantes.  La vivienda se encuentra en la tercera planta de un edificio que data de 1870 y que fue actualizado con un carácter muy especial dándole un toque señorial y moderno. La finca cuenta con una zona comunitaria muy amplia tranquila y soleada que permite disfrutar del sol y clima de la ciudad en un entorno aislado del ajetreo de la ciudad o disfrutar con los niños realizando actividades diversas.  El loft fue diseñado en el año 1997 por un conocido arquitecto premiado con el Premio Nacional del FAD lo diseñó dándole un aire neoyorquino muy rompedor en la época. La vivienda se distribuye en dos plantas la planta baja es un... ,1,141,null,null,null,110,106,Sant Pere - Santa Caterina i la Ribera,null,null,null,599.000 ,5.445 €/m²,Proddigia, Ref.: 8058 ,2,null,null,Piso en venta en calle de les Jonqueres,http://idealista.com/inmueble/88572544/
2,1989, Vivienda alta y luminosa con reforma reciente en L' Esquerra de l'Eixample.  Distribución práctica y funcional en una superficie útil de 110m² que ofrece 2 dormitorios dobles 2 amplios dormitorios individuales 2 cuartos de baño salón- comedor con salida a balcón sobre calle cocina americana de diseño y lavadero.  Impecable luminoso bien distribuido y muy acogedor disfruta de suelos de parquet carpintería interior lacada en blanco y exterior de aluminio calefacción por radiadores y aire acondicionado (splits de pared).  Ubicado en planta alta de finca joven con ascensor y servicio de conserjería. Una oportunidad excelente en el Eixample de Barcelona a un paso de Plaza Universidad con todos los servicios en la zona y accesibles a pie. Posibilidad de parquing en el mismo edificio (Opcional en venta). ,1,163,4,null,null,113,110,L'Antiga Esquerra de l'Eixample,1,null,null,535.000 ,4.735 €/m²,Singular Properties, Ref.: SP316JO ,4,Segunda mano/buen estado,null,Piso en venta en Consell de cent,http://idealista.com/inmueble/87854724/
2,1936, Piso de lujo junto a Jardinets de Gracia con acabados de alta calidad y vistas a Paseo de Gracia y Diagonal.  La vivienda se encuentra en la cuarta planta de una elegante finca regia orientada a mar que le permite disfrutar de mucho sol y luminosidad en todas las estancias. Dispone una superficie de 190 m2 distribuidos en zona de día y de noche; la zona de día se compone de amplio salón- comedor con acceso a una tribuna acristalada ideal para zona de lectura y de estar con vistas a diagonal con paseo de gracia y a un pequeño balcón. Espacio abierto destinado a cocina (con isla) completamente amueblada y equipada.    La zona de descanso ofrece 3 dormitorios dobles y dos cuartos de baños (1 de ellos en suite). Los tres dormitorios disfrutan de un espacio a modo de tocador estudio despacho vestidor.. .    Finca esquinera con ascensor y servicio de conserjería. ,1,86,4,Calefacción individual,null,189,165,Vila de Gràcia,null,null,null,1.625.000 ,8.598 €/m²,Singular Properties, Ref.: SP280KA ,3,Segunda mano/buen estado,null,Piso en venta en calle Córcega Barcelona,http://idealista.com/inmueble/85039876/
1,1996, BARCELONA. ZONA BADAL. ¡Piso de 2 habitaciones con terraza privada y balcón! Piso de dos habitaciones Salón comedor con salida a un balcón con vistas patio de manzana muy amplio &nbsp; lo que le aporta mucha luz con 1 baño completo con ducha. Dispone de una terraza privada de 25m2 en la parte superior de la finca. &nbsp; Dispone de un trastero ascensor cerramientos de PVC suelos de gres y calefacción eléctrica. &nbsp; Muy bien ubicado en una&nbsp; buena zona cerca de varios transportes públicos colegios comercios escuelas ambulatorio y cerca de la Ciudad judicial. &nbsp; Gran Oportunidad. ¡Listo para entrar a vivir! ,1,0,3,Eléctrica,null,68,55,Sants-Montjuïc,null,null,null,219.000 ,3.221 €/m²,Assessors Immobiliaris Setclaus, Ref.: 8178 ,2,Segunda mano/buen estado,1,Piso en venta en La Bordeta,http://idealista.com/inmueble/91560039/
2,null,  Ático de carácter único y de 220m2 de superficie con una gran terraza de 87m2 ubicado en un antiguo palacio del siglo XVIII en su época propiedad de Eusebi Güell el mecenas de Gaudí. Destaca por su imponente entrada sus detalles modernistas y sus zonas comunitarias ajardinadas. Se trata de una vivienda única que además disfruta de una inmejorable ubicación en el corazón de la ciudad de Barcelona muy céntrica rodeada de servicios y junto a lugares emblemáticos como La Rambla y Plaza Catalunya.  En finca antigua completamente rehabilitada y con ascensor. Amplia propiedad con estancias luminosas y acogedoras distribuida en: amplio salón-comedor de 65m2 con salida a la terraza cocina independiente y equipada con lavadero un despacho y 4 dormitorios; una suite exterior con su propia sala de estar vestidor y baño privado dos dormit... ,1,0,null,null,null,265,192,Ciutat Vella,null,null,null,1.450.000 ,5.472 €/m²,Atipika Lifestyle Properties, Ref.: 12823 ,4,Segunda mano/buen estado,1,Ático en venta en El Gòtic,http://idealista.com/inmueble/91459421/
2,1936,  Este espectacular piso tipo loft ha sido reformado por un prestigioso estudio de arquitectura de Barcelona y se entrega a estrenar. Está dividido en dos&nbsp; plantas. La planta superior es un altillo mientras que la planta baja y principal tiene salida a una terraza que convierte esta vivienda en un oasis en medio del barrio de Gràcia. Los grandes ventanales crean un espacio luminoso y diáfano además de aportarle un toque elegante y moderno. A pesar del estilo contemporáneo general el piso conserva elementos originales como las paredes de ladrillo y los techos abovedados que se combinan con acabados de madera y metal haciendo que el inmueble resulte incluso más elegante.   La vivienda ofrece un dormitorio con baño privado completo con ducha y alberga además un aseo de cortesía para invitados con lo que es ideal para jóvenes como... ,null,0,null,null,null,110,null,Gràcia,null,null,null,575.000 ,5.227 €/m²,Lucas Fox Barcelona, Ref.: BCN24701 ,1,Segunda mano/buen estado,1,Piso en venta en Vila de Gràcia,http://idealista.com/inmueble/91390351/
3,1977,  Espectacular Ático dúplex. Cuenta con 240 metros cuadrados con una ubicación privilegiada e imponentes vistas al Palau.     Completamente exterior muy tranquilo seguro y muy luminoso.     Además cuenta también con una impecable reforma integral de altas calidades.    Consta de un amplio hall salón de 50 metros de concepto abierto y acceso directo a terraza de 40 metros cuadros con maravillosas vistas despejadas. El salón está repartido en 3 ambientes: zona de relax lectura y TV. Zona muy amplia de comedor y gran cocina de diseño totalmente equipada con electrodomésticos de alta gama. Desde el salón se accede directamente a una terraza y la suite principal también tiene acceso directo a la terraza vestidor y amplio baño. Además en esta misma planta encontramos un baño completo para invitados y una segunda habitación.     Acce... ,1,0,6,Gas natural,null,240,210,La Nova Esquerra de l'Eixample,null,995.000 € ,15,850.000 ,3.542 €/m²,Properties Investment, Ref.: 1199 ,4,Segunda mano/buen estado,1,Dúplex en venta en avenida de Roma,http://idealista.com/inmueble/90896347/
1,1975,  Espectacular Ático con reforma integral acabados de 1era calidad y orientación mar (este). con vistas al mar y toda Barcelona. Superficie construida 91m² 4 habitaciones amplia cocina con isleta pasaplatos 1 baño doble ¡todo exterior! Los acabados: lana de roca. micro cerámica micro cemento cristal parqué calefacción por radiadores en todas las estancias controlado por google nest dos aire acondicionado LG Artcool Gallery luces de led sensor de movimiento mando a distancia para gestionar campana Siemens instalación eléctrica y cuadro nuevo electrodomésticos Siemens y Samsung caldera Ferroli puertas de casa Albed carpintería ventanas aluminio Technal amplio plato de ducha con efecto lluvia dos lavamanos de roca pulida puerta de seguridad mirilla digital mobiliario cocina con efecto freno. etc. Todo ello ubicado en ... ,1,241,12,null,null,91,90,La Guineueta,null,365.000 € ,1,359.900 ,3.955 €/m²,Expofinques Fabra i Puig, Ref.: 008-5897 ,4,Segunda mano/buen estado,null,Ático en venta en paseo Urrutia,http://idealista.com/inmueble/90741606/
2,null, Agradable propiedad con terraza y magnífica zona comunitaria con piscina.     En la exclusiva zona de Pedralbes esta propiedad consta de 140m2 situada en una tercera planta del edificio construido por el arquitecto Josep Lluís Sert.     La zona de día se compone de un amplio salón comedor que goza de mucha luz natural y con salida directa a una terraza de unos 25 m2 con orientación Sureste.    Dispone de tres habitaciones dobles una de ellas en suite con salida a la terraza y las otras dobles exteriores con baño compartido y orientadas a una zona ajardinada.    Cocina independiente con pequeño office y zona de lavadero.    La finca dispone de plaza de aparcamiento doble trastero servicio de conserjería y vigilancia 24 horas. ,1,0,3,null,null,141,130,Les Corts,1,null,null,890.000 ,6.312 €/m²,Premium Houses, Ref.: P-014070 ,3,Segunda mano/para reformar,1,Piso en venta en Pedralbes,http://idealista.com/inmueble/90576186/
1,null, POSIBILIDAD DE TRAMITAR LA VENTA ONLINE  ¡LLÁMENOS Y LE INFORMAREMOS!      Piso EXTERIOR con REFORMA actual y fantástica UBICACIÓN a tan solo unos minutos del Palau de la Música y de la parada de Metro de Urquinaona.     El piso cuenta con un salón comedor EXTERIOR con BALCÓN cocina abierta EQUIPADA 1 habitación doble ACRISTALADA y 1 baño completo con PLATO DE DUCHA.    Además el piso cuenta con extras como: Carpintería de ALUMINIO suelo de PARQUET separación plegable de cristal y orientación ESTE.     Se trata de una finca del año 1900. Los gastos de comunidad son de 43€/mes.     El piso se encuentra en una perfecta ubicación ya que la zona se rodea de comercios supermercados centros de salud y deportivos. Se comunica perfectamente con buses y Metro: Urquinaona (L1 y L4) y Jaume I (L4).    ¡Llámenos para concertar una visita! ,0,243,1,null,null,47,41,Ciutat Vella,null,null,null,220.000 ,4.681 €/m²,Properties Investment, Ref.: 1132 ,1,Segunda mano/buen estado,null,Piso en venta en Sant Pere - Santa Caterina i la Ribera,http://idealista.com/inmueble/86209315/
3,null, MARAVILLOSO PISO PARA REFORMAR  Piso para reformar en el distrito de Sarrià – Sant Gervasi en el barrio de Sant Gervasi - Galvany.  En la zona encontramos una gran variedad de supermercados colegios parques comercios restaurantes y lugares de ocio.   Muy cerca se encuentra el Corte Inglés la Plaza de Francesc Macià y el Turó Park.  Está rodeado por principales vías de acceso: La Av. Diagonal la Av. de Sarrià y la Av. de Josep Tarradellas.  Muy bien comunicado con líneas de autobús tranvía metro y estaciones de Bicing.  Disponemos de un apartamento exterior para reformar de 304 m2 con un amplio balcón que da a la calle.  Consta de: Amplio y luminoso salón independiente comedor cocina cuatro habitaciones tres dobles y una individual tres baños gas y calefacción.  Dispone también de lavadero ascensor y portero permanente.  El precio incluye una plaza de parking.  POSIBILIDAD DE SEGREGACIÓN.  Los amplios espacios te permitirán realizar una cómoda y moderna reforma.   Para reformar. ,1,0,5,Calefacción individual,null,304,null,Sant Gervasi - Galvany,1,1.250.000 € ,5,1.190.000 ,3.914 €/m²,Letsgocasa, Ref.: LG00604 ,4,Segunda mano/para reformar,null,Piso en venta en avenida Diagonal,http://idealista.com/inmueble/91205284/
3,1969, Vivienda a reformar junto al casco antiguo de Sarriá. Esta propiedad tiene muchas opciones de reforma debido a sus 319 m² construidos la ausencia de paredes de carga y la posibilidad de segregar en dos viviendas. La superficie útil es de 287 m². Con la distribución actual este apartamento tiene: una amplio salón comedor de 60 m² 6 dormitorios dobles y 1 dormitorio de servicio 3 baños 1 aseo cocina lavadero y 1 trastero. Este piso se beneficia también de una tranquila terraza de 2450 m². Es muy soleada gracias a su orientación sur. Patio interior de 12 m². En esta vivienda también destacamos su luminosidad por ser esquinera y a tres vientos.  Dos plazas de parking incluidas en el precio con acceso directo desde la propiedad. Conserje. Ascensor. Portería renovada recientemente y escalera en buen estado.  En las proximidades tiene todos los servicios cercanos mercado comercios transportes públicos y colegios. ,1,85,1,Gas natural,null,339,319,Sarrià-Sant Gervasi,1,null,null,1.350.000 ,3.982 €/m²,BARNES, Ref.: OCO0468 ,6,Segunda mano/para reformar,1,Piso en venta en Sarrià,http://idealista.com/inmueble/91125787/
1,1951, Piso situado en el Barrio de Sagrada Familia muy cercano a todo tipo de comercios hospital de Sant Pau colegios CC Les Glorias. Muy bien comunicado con la línea 5 (Azul) y línea 2 (Morada) parada de Sagrada Familia y con diversas líneas de autobuses.  La finca es del 1951 dispone de ascensor siendo unasexta planta de altura real.  El piso tiene 70 m²construidos y 67m ²útiles distribuidos en cuatro habitaciones dos de ellas dobles y dos individuales salón comedor cocina independiente y lavadero un baño completo.  No pierdas la oportunidad de venir a verlo.  RESERVALO YA!  *Honorarios registro gestoría notaría no incluidos en el precio. ,1,127,6,null,null,70,67,La Sagrada Família,null,269.000 € ,5,255.000 ,3.643 €/m²,La casa agency, Ref.: santi299lepanto ,4,Segunda mano/para reformar,null,Piso en venta en calle de Lepant,http://idealista.com/inmueble/90886444/
2,1940, En el encantador Paseo de Sant Joan encontramos esta magnifica propiedad con terraza. Está situada en una finca de corte modernista del 1940 que sigue los motivos típicos de l'Eixample barcelonés. Al tratarse de una planta principal cuenta con altos techos y con un amplio patio de 30m2 en su zona de día.  La propiedad de 96m2 cuenta con 3 habitaciones 2 de ellas exteriores a Paseo de Sant Joan mediante balcones de forja típica de la época y una tercera que da a patio de luces. Cuenta con dos baños completos. Su zona de día cuenta con cocina abierta y su patio de 30m2 se encuentra a pie de salón.  Dispone de instalación de aire acondicionado por conductos a través de un falso techo así como con calefacción de gas natural. La propiedad se encuentra en buen estado pero necesita de una actualización.  Una oportunidad inigualable para adquirir una propiedad modernista con terraza en una de las zonas de mayor encanto de Barcelona. ,1,0,1,Calefacción individual,null,111,null,Eixample,null,750.000 € ,11,670.000 ,6.036 €/m²,Bcn Advisors, Ref.: BCN06417 ,3,Segunda mano/buen estado,1,Piso en venta en La Dreta de l'Eixample,http://idealista.com/inmueble/90596000/
3,1977, Magnífico piso esquinero exterior de 215m2 con 17m2 de terraza y vistas a la zona comunitaria.    Ubicado en Pedralbes cerca del Liceu y Real Club de Tenis además de los colegios internacionales de prestigio. Comunicación fantástica con transporte público acceso a rondas a 10 minutos del aeropuerto.. .    Piso con zona de día: salón-comedor a dos ambientes con salida a terraza. Cocina office con isla lavadero y despensa. Zona de noche con 5 dormitorios uno de ellos una suite con vestidor 3 dobles y una de servicio todos exteriores.     Suelos de parquet. Aire acondicionado por conductos y calefacción independiente con radiadores.    Zona comunitaria de 1.000m2 con zona ajardinada 2 piscinas gimnasio de 500m2 pista de baloncesto squash y sala de reuniones.   Finca con servicio de portería y vigilancia 24h.     Una plaza de parking doble con capacidad para dos coches grandes o 3 pequeños. Trastero. ,1,120,2,Gas natural,null,232,215,Les Corts,null,null,null,1.660.000 ,7.155 €/m²,Coldwell Banker Prestige Barcelona, Ref.: B07332BA ,5,Segunda mano/buen estado,1,Piso en venta en Pedralbes,http://idealista.com/inmueble/90517159/
1,null, Este hermoso piso de 85 m2 a estrenar esta ubicado en la Plaza Universitat cerca de teatro Goya Plaza Catalunya y a un paseo de la Ciutat Vella. Esta zona goza de inmejorable oferta cultural y gastronómica y los mejores comercios de la ciudad. Además tiene excelente comunicación con transporte público cerca de varias paradas de autobús FCG y la estación de metro L1 y L2 Universitat.  El piso se compone de un amplio salon comedor con preciosa cocina americana integrada en la estancia a través de una isleta. El comedor tiene salida a un pequeño balcón con vistas a la Plaza Universitat. La zona de noche consta de 3 dormitorios 1 doble con vestidor y 2 individuales con armarios empotrados y un baño.  La vivienda está reformada a estrenar decorada por un prestigioso estudio de diseño conservando los detalles de origen como los techos de volta catalana y paredes de ladrillo visto. Todos los materiales y acabados son de alta calidad incluyendo suelos de parquet a/c calefacción luces indirectas hilo musical y electrodomésticos de primeras marcas.  La preciosa finca de 1900 está totalmente rehabilitada y tiene un ascensor. El piso está en una 3ª planta real. ,1,0,3,Calefacción individual,null,85,null,Eixample,null,null,null,485.000 ,5.706 €/m²,Bcn Advisors, Ref.: BCN06161 ,3,Segunda mano/buen estado,null,Piso en venta en L'Antiga Esquerra de l'Eixample,http://idealista.com/inmueble/90399168/
1,1935, Piso reformado en la Nova Esquerra del Eixample Situado en una clásica finca regia del Eixample encontramos este piso reformado y amueblado con gusto listo para entrar a vivir. Está compuesto de 2 habitaciones dobles 1 baño con ducha un espacio abierto de cocina completamente equipada más el salón y un amplio distribuidor que bien podría utilizarse como zona de trabajo o despacho. El piso dispone además de aire acondicionado y calefacción por splits. La Nova Esquerra del Eixample es una zona residencial y una de las más valoradas para residir en la ciudad Condal ya que dispone de comercios restaurantes colegios zonas infantiles supermercados y transporte público (metro L1 Urgell y L1 Rocafort L5 Entença y autobuses TMB ). Muy cercana a la estación de Sants trenes (RENFE) y a la salida al aeropuerto (AEROBÚS). La propiedad se encuentra ubicada a 10 escasos minutos de la Plaça Catalunya Plaça Espanya así como muy cercana al parque Joan Miró la Av. Diagonal y Francesc Macià. ,1,264,0,Eléctrica,null,62,null,Eixample,null,null,null,238.000 ,3.839 €/m²,Barcelona MMC - Eixample - S2, Ref.: W-02J9H9 ,2,Segunda mano/buen estado,null,Piso en venta en La Dreta de l'Eixample,http://idealista.com/inmueble/90309428/
3,1976,  Preciosa vivienda de diseño de 194 m² construidos según catastro. Se sitúa en un edificio de 1976 en muy buen estado con un elegante acceso servicio de conserjería entrada para el servicio y dos ascensores. Se encuentra en el barrio residencial de Sant Gervasi-Bonanova muy bien comunicado mediante transporte público con toda la ciudad y cerca de todos los servicios.  Accedemos a un amplio recibidor que da paso a un distribuidor dónde podremos encontrar un gran salón-comedor muy soleado y tranquilo con salida a la terraza con orientación sur-este con vistas a los jardines de Doctor Roig i Raventòs. El salón se divide en dos ambientes principales: la gran sala de estar junto a la terraza y la gran mesa de comedor.  A continuación veremos la amplia cocina con zona office totalmente equipada con electrodomesticos de alta gama (BOSH).... ,1,183,3,null,null,196,156,Sant Gervasi - La Bonanova,1,1.150.000 € ,3,1.120.000 ,5.714 €/m²,INDEX BARCELONA, Ref.: MABCN698 ,4,Segunda mano/buen estado,1,Piso en venta en paseo de Sant Gervasi,http://idealista.com/inmueble/89940529/