bathrooms,constructed_year,description,elevator,energetic_qualification_kWhm2_año,floor,heater_system,its_new,m2_build,m2_useful,neighbourhood,parking,price_down_euro,price_down_percentage,price_euro,price_m2,real_estate,ref,rooms,status,terrace,title,link
2,null,  Amplio piso recién reformado en Drassanes Emplazado en una zona en auge y crecimiento urbano de Ciutat Vella con todos los servicios próximos encontramos este amplio apartamento recién reformado con acabados que lo hacen único.  El piso tiene una superficie construida útil de aproximadamente 65 m2 con máximo aprovechamiento del espacio sin inútiles áreas de circulación. Cuenta con dos dormitorios y dos baños: uno en suite y otro separado (ambos cuentan con buena ventilación) zona de estar y cocina americana integrada completa con electrodomésticos de última generación. Además tiene una cómoda terraza que se puede dejar abierta o cerrada según conveniencia y galería para la lavadora secadora y el calentador.  Las vistas desde la zona de estar son hacia espacios abiertos lo que favorece la luminosidad y la sensación de amplitud. Dest... ,0,245,1,Eléctrica,null,80,null,Ciutat Vella,null,null,null,269.000 ,3.362 €/m²,Barcelona MMC - Ciutat Vella - Sant Martí - S7, Ref.: W-02IH6B ,2,Segunda mano/buen estado,1,Piso en venta en El Raval,http://idealista.com/inmueble/89102540/
2,null, Nueva promoción de viviendas en Barcelona situada en Poblenou a pocos metros de la playa de la Mar Bella y con los espacios verdes y equipamientos que conforman el urbanismo de este barrio tan cosmopolita en constante renovación. Esta nueva promoción te ofrece un hogar moderno con la posibilidad de elegir la vivienda que más se adecue a tus necesidades con una cuidada distribución y excelentes acabados.  Contacte con nosotros para consultar la oferta completa de viviendas en esta promoción. ,1,0,2,null,Obra nueva,81,null,El Poblenou,null,null,null,411.000 ,5.074 €/m²,Dpto. Comercial ., Ref.: 2ºA-A ,2,Promoción de obra nueva,null,Piso en venta en paseo de Taulat 179,http://idealista.com/inmueble/85110552/
1,1910, PISO EN SARRIÀ – SANT GERVASI  Situado en la deseada y prestigiosa zona de Sarrià – Sant Gervasi resurge este singular loft con carácter y totalmente reformado diseñado con espacios diáfanos completamente integrados en ambientes diferenciados muy bien situado junto a parques servicios y comercios.  Distinguido por su luminosidad y excelentes acabados este piso aprovecha al máximo cada rincón. En su origen contaba con 3 habitaciones pequeñas actualmente dispone de un dormitorio abierto salón comedor de paso cocina office independiente y baño completo con ducha.   Materiales de alta gama mobiliario ligero y sutil calefacción de gas y el pequeño balcón hacen de esta pieza un hogar realmente acogedor.   Creamos espacios de vida…  Porque tú eres especial tu hogar también debe serlo.  * El precio de la oferta puede ser modificado o darse de baja sin previo aviso. Todos los datos expuestos son meramente orientativos. El precio no incluye impuestos ni gastos. Se debe añadir a la compra en viviendas de segunda mano el ITP en viviendas de Obra Nueva el IVA y AJD y en ambos casos los honorarios de notaria y registro. ,0,0,1,Calefacción individual,null,58,55,Sarrià-Sant Gervasi,null,298.000 € ,13,260.000 ,4.483 €/m²,Lunallar ., Ref.: 0850 ,1,Segunda mano/buen estado,null,Piso en venta en Sant Gervasi - La Bonanova,http://idealista.com/inmueble/89003105/
2,1969, Luminoso piso a reformar en Bonanova En una de las zonas más demandadas de Barcelona se sitúa este bonito piso. La característica principal es la buena orientación la altura y la luminosidad. Actualmente el piso tiene 3 habitaciones 1 baño y una habitación de servicio con baño. Con la reforma adecuada podemos conseguir una gran suite con gran baño y vestidor y dos habitaciones dobles exteriores que comparten un baño. El salón es muy grande y mantiene una forma redondeada haciéndolo muy especial. La cocina es grande con espacio para una moderna barra para comer y tiene un práctico lavadero. Desde el salón y todas las habitaciones vemos el cielo. Tanto el salón como las habitaciones tienen salida a la terraza que rodea el piso. Es un bonito piso en una escalera de lujo. El barrio de Sant Gervasi es una de las zonas más privilegiadas de Barcelona. Encontramos los mejores colegios y hospitales de la ciudad numerosos comercios cines restaurantes agradables terrazas y espacios verdes para practicar deporte o pasear. Metro (línea 7 FGC) autobuses y fácil acceso de entrada y salida de la ciudad. ,1,193,6,Gas natural,null,135,null,Sarrià-Sant Gervasi,null,null,null,595.000 ,4.407 €/m²,Barcelona MMC - Zona Alta - S1, Ref.: W-02HR9G ,4,Segunda mano/para reformar,null,Piso en venta en Sant Gervasi - La Bonanova,http://idealista.com/inmueble/88964198/
2,1936,  Bonita casa cerca de la plaza Sanllehy Bonita casa con mucho encanto en un tranquilo barrio residencial cerca de la plaza Sanllehy. Sus acogedores espacios distribuidos en 2 plantas con todas las estancias exteriores disfrutan de magnífica luz durante todo el día gracias a la doble orientación Este y Oeste. Muy bien conservada esta propiedad está situada en una de las calles más tranquilas y valoradas de la zona. Al entrar nos encontramos en un acogedor recibidor desde el cual accedemos a un amplio salón comedor con salida a un fabuloso patio de unos 20 m2. Conjuntamente al salón encontramos una cómoda cocina y al lado del recibidor un precioso aseo. Subiendo a la segunda planta vemos una luminosa habitación doble exterior. A la derecha encontramos otra habitación doble y cruzando el pasillo una tercera habitación doble ambas... ,null,0,null,Gas natural,null,111,null,Gràcia,null,null,null,430.000 ,3.874 €/m²,Barcelona MMC, Ref.: W-02I61B ,3,Segunda mano/buen estado,1,Chalet adosado en venta en La Salut,http://idealista.com/inmueble/88781360/
2,2006,  Excelente piso con vistas en Poblenou En una de las zonas más exclusivas de Barcelona rodeada de preciosos jardines y parques y a escasos metros del mar en una preciosa torre nos encontramos con esta espectacular propiedad con unas extraordinarias vistas al parque al mar a la montaña y a toda la ciudad de Barcelona. De aproximadamente 90 m2 mas terraza consta de 3 habitaciones una en suite 2 baños completos con bañera y ducha un amplio salón comedor cocina independiente. La distribución es excelente: al entrar nos encontramos con un amplio distribuidor que separa la zona de día y la de noche. En la zona de día encontramos un amplio y soleado salón-comedor con amplias puertas de cristal de pared a pared que otorgan luminosidad y calor a todas las estancias y dan salida directa a la magnífica terraza con vistas espectaculares... ,1,146,15,Gas natural,null,90,null,Sant Martí,1,null,null,595.000 ,6.611 €/m²,Barcelona MMC - Ciutat Vella - Sant Martí - S7, Ref.: W-02GX7X ,3,Segunda mano/buen estado,1,Piso en venta en Provençals del Poblenou,http://idealista.com/inmueble/88781350/
1,1893,  Piso con carácter en Eixample Dret Se trata de una vivienda con mucho encanto ubicada en una finca regia con pocos vecinos y muy bien ubicada en plena Dreta de l’Eixample.  La vivienda tiene una distribución muy cómoda quedando bien separadas las zonas de día y de noche. Según entramos nos encontramos a la izquierda con la parte de habitaciones compuesta por dos estancias ambas de buen tamaño y con balcón a la calle Consell de Cent. A la derecha del recibidor tenemos un gran baño que originariamente estaba dividido en dos con ventana a patio de luces. A continuación ya llegamos al gran espacio de cocina-salón-comedor con salida a una agradable terraza orientada a mar y con vistas al precioso patio de la Torre de les Aigües. En el salón se ha dejado a la vista una parte de la pared original de ladrillo dándole así un especial cará... ,0,102,4,Gas natural,null,116,null,Eixample,null,null,null,465.000 ,4.009 €/m²,Barcelona MMC - Eixample - S2, Ref.: W-02HODC ,2,Segunda mano/buen estado,1,Piso en venta en La Dreta de l'Eixample,http://idealista.com/inmueble/88674791/
2,1969,  Acogedor piso con vistas en Muntaner Situada en una zona céntrica al límite entre Sant Gervasi – La Bonanova y Galvany encontramos esta acogedora vivienda en una finca en perfecto estado con amplia entrada conserje y dos ascensores. Se trata de una octava planta orientada a patio de manzana extraordinariamente tranquila y con unas excepcionales vistas hacia el Putget. Al entrar en el piso nos encontramos con un elegante recibidor con ventana comunicado con el pasillo que funciona como eje vertebrador. Accedemos desde él por un lado a un dormitorio individual con armario empotrado. Por otro lado desde el pasillo podemos entrar a la moderna y completa cocina office comunicada con una práctica zona de lavadero exterior. A continuación el baño de día con ducha otro dormitorio individual y finalmente las dos estancias principales... ,1,162,8,Gas natural,null,100,null,Sarrià-Sant Gervasi,null,null,null,495.000 ,4.950 €/m²,Barcelona MMC - Zona Alta - S1, Ref.: W-02I4UW ,3,Segunda mano/buen estado,null,Piso en venta en Sant Gervasi - La Bonanova,http://idealista.com/inmueble/88668606/
1,1940, Encantador piso en la Barceloneta Encantador piso de 60m² en el corazón de la Barceloneta junto a la plaza del Mercado todo exterior.   Desde el pequeño recibidor entramos directo al baño reformado y a la cocina tipo office. A continuación llegamos al salón que cuenta con un balcón largo y desde el cual podemos acceder a la zona de noche donde encontramos 2 habitaciones dobles -1 con balcón otra muy amplia- y una habitación individual.  El piso se entrega completamente amueblado listo para entrar con cocina equipada. Reformado en 2018 dispone de parqué. El piso se encuentra en el corazón de la Barceloneta junto a la plaza del Mercado zona de restaurantes bares y supermercados. La playa está a 3 minutos a pie y el metro muy cercano. Está muy bien comunicado. ,1,214,1,null,null,60,null,Ciutat Vella,null,null,null,269.000 ,4.483 €/m²,Barcelona MMC - Ciutat Vella - Sant Martí - S7, Ref.: W-02HS5K ,3,Segunda mano/buen estado,null,Piso en venta en La Barceloneta,http://idealista.com/inmueble/88206501/
2,null, Bonito piso con techos altos y terraza Interesante propiedad con suelos de Nolla altisimos techos de 4.5 y pequeña terraza interior de 13 m2. El piso destaca por su total tranquilidad y buena ubicación en pleno centro de Barcelona. El edificio no dispone del ascensor pero la escalera es amplia y con pocos escalones.  Entrando encontramos un recibidor grande que desemboca en un pequeño salón o sala con ventana a la escalera. Al tener techos muy altos los propietarios los aprovecharon para añadir un altillo donde ubicaron una habitación y baño completo. Siguiendo el pasillo pasamos por otro dormitorio con baño completo y con ventana al patio sureste donde también hay altillo con cama.  Al fondo de la propiedad encontramos la cocina grande con salida a la terraza con orientación sur. El piso tiene buenos cerramientos por lo general está en buen estado. Para más información contacte con su asesor de Engel and Völkers. Excelente ubicación para los que busquen propiedad en el centro de Barcelona. No hay necesidad de tener coche gran facilidad de compras para día a día y transporte público para moverse por Barcelona. ,0,0,null,Gas natural,null,103,null,Ciutat Vella,null,null,null,345.000 ,3.350 €/m²,Barcelona MMC - Ciutat Vella - Sant Martí - S7, Ref.: W-02ERDO ,2,Segunda mano/buen estado,1,Piso en venta en Sant Pere - Santa Caterina i la Ribera,http://idealista.com/inmueble/87810852/
2,2019, Dúplex con dos terrazas a estrenar en Horta Fantástico piso dúplex nuevo a estrenar en planta baja y planta primera formado por dos apartamentos uno en cada planta en la Calle Lisboa del barrio de Horta. Con una superficie total de 190m2 formado por 85 m2 y una terraza de 30 m2 en planta baja y 42 m2 y 34 m2 de terraza en la planta primera. Al entrar a la vivienda nos encontramos con un distribuidor con escaleras para acceder a las dos plantas. En la planta baja tenemos un gran salón con cocina abierta un baño completo y una habitación en el exterior una terraza de 30 m2. Si subimos al primer piso encontramos una pequeña cocina por si queremos estar independientes de la planta baja también hay dos habitaciones y un baño completo en el exterior una estupenda terraza de 34m2 con orientación nordeste. Ideal para una familia que quiera estar juntos pero separados a la vez. Se encuentra en la calle Lisboa la cual es el centro comercial de Horta con su impresionante mercado y todo tipo de tiendas de barrio. Con la línea 5 del Metro y diversas líneas de autobús. Es un barrio muy tranquilo recordando a la vida en los pueblos pero con todas las ventajas de estar en una gran ciudad como Barcelona. ,0,0,0,Eléctrica,null,158,null,Horta Guinardó,null,null,null,425.000 ,2.690 €/m²,Barcelona MMC, Ref.: W-02HAW6 ,3,Segunda mano/buen estado,1,Piso en venta en Horta,http://idealista.com/inmueble/87451659/
1,1900, Piso acogedor en la mejor zona de Vila de Gràcia Segundo piso real sin ascensor en finca clásica. Se distribuye de forma muy racional. Entramos en la propiedad a través de un recibidor a la derecha encontramos el salón luminoso con un balcón muy agradable. volviendo al recibidor al frente encontramos un baño completo y a la izquierda se completa con dos habitaciones una doble y una individual. Al fondo y con vista a agradables jardines la luminosa cocina en dos ambientes. Techos altos con volta catalana recuperada. Situada en una de las mejores zonas de Vila de Gràcia muy cerca del mercado de l'abaceria y entre torrent de l'olla y Passeig de Sant Joan. Todo tipo de servicios alrededor biblioteca escuelas y comercios. ,0,114,2,null,null,66,null,Gràcia,null,null,null,295.000 ,4.470 €/m²,Barcelona MMC, Ref.: W-02GCKE ,2,Segunda mano/buen estado,null,Piso en venta en Vila de Gràcia,http://idealista.com/inmueble/86572391/
4,1991,  Exclusiva casa con amplias vistas en Putxet En una exclusiva zona y a pocos metros de los Jardines del Putxet se sitúa esta exclusiva y soleada casa con plaza de parking y con vistas abiertas a la montaña y la ciudad. En el nivel de acceso de la propiedad se encuentra una recepción que conecta con una amplia zona de comedor y una cocina integrada totalmente equipada con electrodomésticos de alta gama. Desde el hall de acceso también se puede acceder a la zona de garaje. Bajando un nivel se encuentra la zona de estar con salida a una luminosa terraza y también en el otro lado la antigua habitación de servicio con un baño completo tipo suite que puede ser utilizada o como dormitorio o sala polivalente. En la zona de noche ubicada en el nivel superior hay dos dormitorios dobles que comparten un baño y un dormitorio en suite con v... ,null,177,null,Gas natural,null,311,null,Sarrià-Sant Gervasi,1,null,null,990.000 ,3.183 €/m²,Barcelona MMC - Zona Alta - S1, Ref.: W-02F8QV ,5,Segunda mano/buen estado,1,Chalet pareado en venta en El Putxet i el Farró,http://idealista.com/inmueble/85977236/
2,1969, Espectacular casa unifamiliar en Nou Barris La propiedad es una casa que consta de tres plantas. Accedemos a ella por un recibidor ideal para dejar abrigos o chaquetas paraguas gorros y otros accesorios. A continuación entramos a un amplio salón-comedor desde el cual hay un pasillo que incluye un pequeño trastero y un baño completo y nos conduce en la misma planta a una amplia cocina totalmente equipada. Continuamos y subimos a la primera planta por una escalera de madera donde nos encontramos tres habitaciones amplias y un cuarto de baño completo. Subimos a la segunda planta y tenemos una habitación amplia con salida a la terraza planchador zona de aguas y un despacho que da acceso a un gimnasio por unas escaleras. El barrio de Verdún está muy bien comunicado con distintos medios de transporte como por ejemplo la línea L3 y L4 de Metro y autobuses tales como 32 34 47 entre otros. Disponemos también a escasos 400 metros entrada y salida de Barcelona a través de la Ronda de Dalt. Es un barrio muy tranquilo. La casa se encuentra justo delante de una pequeña plaza. Hay una gran variedad de comercios con un sinfín de tiendas de barrio y el Centro Comercial de Herón City y El Corte Inglés entre otros a escasos minutos. ,null,0,null,Gas natural,null,180,null,Nou Barris,null,null,null,400.000 ,2.222 €/m²,Barcelona MMC, Ref.: W-02A78J ,6,Segunda mano/buen estado,null,Casa o chalet independiente en venta en Verdun,http://idealista.com/inmueble/38480818/
1,1936, Els Quinze/Jardines Can Xiringoi. Obra nueva de 3 habitaciones salon exterior a balcon cocina equipada con electrodomesticos baño completo pavimentos de madera aire acondicionado con bomba de calor carpinteria de aluminio balcon exterior a Jardines todo reformado con excelentes acabados magnifica zona enfrente de jardines y junto a L-5 Maragall. ( El PVP indicado no incluye impuestos ni gastos de Escritura ). ,1,235,1,null,null,73,null,Nou Barris,null,null,null,299.000 ,4.096 €/m²,donpiso Bcn Maragall, Ref.: 242373 ,3,Segunda mano/buen estado,null,Piso en venta en Vilapicina i la Torre Llobeta,http://idealista.com/inmueble/91563393/
1,null, VENDEMOS SU PISO POR TAN SOLO 3.000€.  Garlasa Trade le ofrece esta oportunidad en la calle Moianès en Hostafrancs en el barrio de Sants-Montjuic.  EL piso se encuentra en una primera planta de una finca con ascensor.  El inmueble tiene 70m2 que se distribuyen en:  - 3 habitaciones.  - 1 baño completo. - Salón comedor muy agradable con luminosidad.  - Cocina independiente reforma.  También dispone de armarios empotrados aire acondicionado y terraza.  GARLASA TRADE. Inmobiliaria de confianza con trato personalizado. Ofrecemos soluciones no promesas.  Empresa familiar con más de 20 años en el mercado inmobiliario le ofreceremos la profesionalidad que se merece.  Amplia cartera de pisos de venta y alquiler en Barcelona. Tasaciones sin compromiso.  No dude en llamarnos; 935180820 616793910. ,1,0,1,null,null,70,null,Hostafrancs,null,220.000 € ,0,219.000 ,3.129 €/m²,Garlasa Trade, Ref.: _Moianes ,3,Segunda mano/buen estado,1,Piso en venta en calle del Moianès,http://idealista.com/inmueble/91481345/
2,1944,  Espectacular ático situado en el barrio de sants.  Espacioso ático en venta con una distribución excepcional y mucha luz natural por todo el piso. La propiedad se encuentra en Sants y cuenta con ascensor para satisfacer las necesidades de hoy en día.  Con solo cuatro vecinos por planta y al ser un ático es muy tranquilo.  La combinación de la luz el espacio la distribución y la ubicación hace de esta propiedad un lugar ideal para vivir.  ¡NO DEJE ESCAPAR ESTA OPORTUNIDAD!     Distribución:  En la primera planta tiene una amplia sala de estar de 25m2 con una terraza de 30m2 orientación Mar una cocina/sala de desayunos un lavadero 2 amplios dormitorios y dos baños.  La cocina muy amplia tiene electrodomésticos bien conservados y los cuartos de baño se conservan en buen estado.  A la segunda planta se accede por una escalera de car... ,1,0,5,null,null,150,140,Sants - Badal,null,null,null,345.000 ,2.300 €/m²,Fincas Gp, Ref.: S-29605 ,6,Segunda mano/buen estado,1,Ático en venta en calle de Bonsoms,http://idealista.com/inmueble/91478914/
1,1932, Bonito y luminoso piso reformado en finca construida de 1932 en Sant Gervasi con muy buena distribución interior y elementos arquitectónicos como la bóveda catalana y rosetones en los altos techos. Zona de día tranquila con un gran ventanal y vistas al patio interior. Reciente tasación bancaria por valor 400.000 €. Dispone de una cocina abierta al espacioso salón comedor ideal para recibir compartir y disfrutar con un aseo de cortesía. La zona de noche dispone de 1 suite exterior con baño y un espacioso vestidor y otra habitación también exterior. Excelente ubicación muy bien comunicada por los FGC y autobuses muy cerca de Gala Placidia a 5 minutos de Gracia Diagonal Rambla Cataluña y Paseo de Gracia. ,0,132,1,Calefacción individual,null,90,null,Sarrià-Sant Gervasi,null,398.000 € ,2,389.000 ,4.322 €/m²,BARNES, Ref.: GCA0413 ,2,Segunda mano/buen estado,null,Piso en venta en Sant Gervasi - Galvany,http://idealista.com/inmueble/90237195/
1,1969, Piso pasante situado en calle Bóbila junto a Plaza de las Navas muy próximo a Avinguda Paral·lel muy bien comunicado y con todos los servicios alrededor. Dispone de 90m² de vivienda más elementos comunes según catastro. Inmueble en muy buen estado con mucha luz natural. Es una primera planta real en una finca del 1969 con ascensor. Está distribuida de la siguiente manera: fantástico salón-comedor de unos 15m² exterior a calle bonito patio interior de 15m² cocina independiente actualizada y equipada con salida a amplia galería 3 habitaciones de las cuales 1 es doble con vestidor y exterior patio interior 1 de tamaño mediano exterior a patio de luces y 1 habitación individual exterior a patio interior y un cuarto de baño completo con plato de ducha. La vivienda dispone de aire acondicionado. No dude en pedirnos cita para hacer una visita y poder verlo sin compromiso. FORCADELL le ofrece asesoramiento y le ayuda en las gestiones para la obtención de la hipoteca. FINCAS FORCADELL SLU AICAT 163 Pl. Universitat 3 Baixos. Barcelona. ,1,214,1,null,null,90,null,El Poble Sec - Parc de Montjuïc,null,null,null,284.900 ,3.166 €/m²,Dakota Hamilton, Ref.: V30696 ,3,Segunda mano/buen estado,null,Piso en venta en calle de la Bòbila,http://idealista.com/inmueble/91263636/
1,1956, Paseo Maragall junto Plaza Maragall. Vivienda de 62m 3 habitaciones salon cocina y baño completo todo en buen estado carpinteria de aluminio finca bien conservado segundo de altura con ascensor magnifica zona con todos los servicios y comunicaciones L-5 y autobuses. ( El PVP indicado no incluye impuestos ni gastos de Escritura ). ,1,183,2,null,null,62,null,Sant Andreu,null,null,null,220.000 ,3.548 €/m²,donpiso Bcn Maragall, Ref.: 242582 ,3,Segunda mano/buen estado,null,Piso en venta en El Congrés i els Indians,http://idealista.com/inmueble/91232313/
2,1936,  Es una 2ª planta real en una finca preciosa y con muy buena ubicación. Venta directa de promotor sin intermediarios.   Sus 78 m2 se distribuyen en 2 habitaciones un estudio abierto 2 baños completos y una cocina fabulosa abierta a un salón-comedor con acceso a los dos balcones.  Al acceder a la vivienda encontramos la primera de las habitaciones. Se trata de una habitación individual con puerta de doble hoja y a la que se accede desde el pasillo principal de la vivienda. Este se ha utilizado para incorporar armarios empotrados que esconden contadores zona de lavadora secadora y almacenamiento.  El primer baño completo da servicio a las zonas comunes de la vivienda con sanitarios y griferías de altas prestaciones y con acabados cuidados hasta el último detalle.  Pasados los armarios empotrados encontramos la suite principal. Est... ,1,170,2,null,null,78,null,La Nova Esquerra de l'Eixample,null,null,null,399.000 ,5.115 €/m²,ma+partners, Ref.: VBCN_07057 ,2,Segunda mano/buen estado,null,Piso en venta en calle de la Diputació 50,http://idealista.com/inmueble/90928473/
2,1961,  VIVIENDA DE DISEÑO TOTALMENTE REFORMADA EN LA MEJOR ZONA DE LES CORTS; Exclusiva vivienda de diseño de 85m² útiles con terraza orientada a mar.  Alto y muy luminoso se encuentra ubicado en una 7ª planta real de altura en la mejor zona de las Corts. La vivienda está totalmente reformada a estrenar con acabados de máxima calidad y diseño a medida así como totalmente equipada con electrodomésticos panelados de primeras marcas. Perfectamente redistribuida sin metros perdidos y aprovechando al máximo todo el espacio cuenta con 3 habitaciones dobles siendo dos exteriores y otra en suite con zona de trabajo/tocador amplio armario vestidor y baño con ducha. 2 baños completos. Cocina integrada al salón con zona de servicio/aguas independiente y galería así como un luminoso salón comedor también exterior a calle y con salida a terraza orient... ,1,297,6,Gas natural,null,94,null,Les Corts,null,null,null,479.000 ,5.096 €/m²,EXES, Ref.: 210-2127 ,3,Segunda mano/buen estado,1,Piso en venta en travesía de les Corts,http://idealista.com/inmueble/89414003/
2,1950, VIVIENDA DE 130M² APROX. A ESTRENAR JTO. LA PZA. JOAQUIM FOLGUERA Y EL MERCADO DEL PUTXET; Vivienda de 100m² útiles más 2 patios interiores de unos 15 m² cada uno totalmente reformada a estrenar con acabados de calidad. Ubicada en planta baja con acceso directo independiente desde la calle por lo que es ideal tanto para vivienda como para vivienda + negocio. Se compone de 2 habitaciones dobles la principal en suite y exterior a patio de manzana 2 baños completos cocina abierta a un amplio salón comedor de 60m² que permite una 3ª habitación o zona de despacho/trabajo/negocio independiente del resto de la vivienda y con acceso también directo desde la calle. Toda las instalaciones nuevas suelos de parquet carpintería exterior climalit carpintería interior madera lacada blanca etc. Excelente ubicación junto a todos los servicios comercios supermercados y transportes públicos así como de amplias zonas verdes y de ocio (cines restauración etc). EXES le ofrece los servicios de asesoramiento y gestión para la obtención de la hipoteca. No dude en solicitar su visita! ,0,134,0,Bomba de frío/calor,null,130,100,Sant Gervasi - La Bonanova,null,null,null,349.000 ,2.685 €/m²,EXES, Ref.: 210-3131 ,2,Segunda mano/buen estado,null,Piso en venta en calle de Teodora Lamadrid,http://idealista.com/inmueble/89413855/
2,1920, POSIBILIDAD DE TRAMITAR LA VENTA ONLINE  ¡LLÁMENOS Y LE INFORMAREMOS!      Espectacular piso EXTERIOR y MUY LUMINOSO ubicado en la CATALOGADA Casa Ferran Guardiola.       Piso a reformar ubicado cerca de la Plaza del Doctor Letamendi. Dispone de un AMPLIO salón comedor con salida a un BALCÓN cocina tipo independiente 5 habitaciones (4 doble 2 de las cuales con salida a balcón y 1 individuales amplias) 1 baño COMPLETO y 1 aseo.      Como extras cuenta con: carpintería interior de MADERA suelo DE PARQUET carpintería exterior de ALUMINIO/CLIMALIT AIRE ACONDICIONADO BOMBA FRÍO Y CALOR y TRASTERO.    Finca regia del año 1920 con ASCENSOR Y ACCESIBILIDAD para personas con movilidad reducida. Gastos de comunidad: 41 €/mes. (Con el gasto de agua incluido)      La zona se encuentra en el corazón de l’Eixample rodeado de un sinfín de comercios supermercados centros deportivos y de salud entre otros. Además se comunica perfectamente con buses y Metro: Urgell (L1) y Universidad (L1 y L2)      ¡Llámenos para concertar una visita! ,1,0,1,null,null,121,110,L'Antiga Esquerra de l'Eixample,null,null,null,550.000 ,4.545 €/m²,Properties Investment, Ref.: 1164 ,5,null,null,Piso en venta en calle del Consell de Cent,http://idealista.com/inmueble/88466376/
1,1900, Fantástico Ático con LICENCIA TURÍSTICA a unos metros de la SAGRADA FAMILIA uno de los barrios más demandados a nivel turístico.  Ideal para ser explotado y sacar una alta rentabilidad.  Actualmente dando un ROI del 7.5% con una ocupación del 97% anual  Las futuras reservas del inmueble se transferirían directamente al comprador/inversor.  El Ático de dos terrazas privadas una de ellas a la altura del salón de 18m2 la otra se accede por escaleras a través de la primera de 51m2 con un útil trastero.  El piso consta de 58m2 útiles que se dividen en 3hab dobles 1baño realizándose una reforma integra en 2018 un salón muy luminoso con acceso a la terraza principal y una cocina individual.  La vivienda se entregará totalmente amueblada y equipada con todos los electrodomésticos.  Zona con excelentes comunicaciones y con todo tipo de comercios y servicios.  En HOMEnFUN somos expertos en gestión y venta de apartamentos turísticos.  A diferencia de otras inmobiliarias al uso nosotros ofrecemos un forecast (estimación de la facturación anual del inmueble) al futuro propietario. ,1,184,3,Gas natural,null,89,58,La Sagrada Família,null,null,null,490.000 ,5.506 €/m²,HOMENFUN Venta de apartamentos, Anuncio: 88811737 ,3,Segunda mano/buen estado,1,Ático en venta en calle de Sardenya,http://idealista.com/inmueble/88811737/
6,1973,  POSIBILIDAD DE TRAMITAR LA VENTA ONLINE.  ¡LLÁMENOS Y LE INFORMAREMOS!    Maravilloso ÁTICO DÚPLEX en venta A REFORMAR completamente y convertir en la vivienda de tus sueños.      Oportunidad única e inigualable debido a su EXCELENTE UBICACIÓN y a sus GRANDES espacios.      Amplia y luminosa vivienda con bonitas y DESPEJADAS VISTAS A BARCELONA situada en el privilegiado barrio de Pedralbes.      La vivienda dispone de numerosas oportunidades para hacer la obra a su gusto y convertirla en una VIVIENDA EXCLUSIVA Y ÚNICA.       Espacioso hall de entrada comunicado directamente con un salón que se divide en tres ambientes salón con salida a terraza salón comedor y despacho. Las tres piezas tienen grandes ventanales creando un lugar muy luminoso y soleado.      En la misma planta encontramos una cocina totalmente independiente.       La ... ,1,0,5,Gas natural,null,447,331,Pedralbes,null,null,null,2.500.000 ,5.593 €/m²,Properties Investment, Ref.: 1149 ,8,Segunda mano/para reformar,1,Ático en venta en avenida de Pedralbes,http://idealista.com/inmueble/87348282/
1,1966,  POSIBILIDAD DE TRAMITAR LA VENTA ONLINE  ¡LLÁMENOS Y LE INFORMAREMOS!    Espectacular ÁTICO MUY LUMINOSO con varias terrazas. Tiene una fantástica ubicación en el Guinardó ya que se encuentra cerca del metro Maragall (L4 y L5). Es una oportunidad inmejorable para aquellos que prioricen el espacio de uso exterior gracias a sus 3 TERRAZAS.         El piso es totalmente EXTERIOR y se distribuye en un amplio salón-comedor cocina independiente 2 habitaciones dobles muy amplias 1 baño grande con ducha y bañera y 3 TERRAZAS (2 de unos 10 m2 cada una y otra de 40 m2 con LAVADERO)        Sin duda es un piso para disfrutar tanto por sus espacios interiores como exteriores ya que aportan mucha sensación de amplitud y luminosidad        Dispone de suelos de baldosa y PARQUET AIRE ACONDICIONADO y CALEFACCIÓN        Se trata de un segundo piso ... ,0,0,2,Calefacción individual,null,93,87,El Guinardó,null,null,null,368.000 ,3.957 €/m²,Properties Investment, Ref.: 1089 ,2,Segunda mano/buen estado,1,Ático en venta en calle de l'Agregació,http://idealista.com/inmueble/85026624/
1,1975, Excelente ubicación en calle Pujades (entre María Aguiló y Bilbao).  Piso alto todo exterior y muy soleado de 90 m² con vistas despejadas a la ciudad.  La vivienda está distribuida en 4 habitaciones (2 dobles) 1 baño amplio con plato de ducha destaca por ser un piso muy luminoso con espacios acogedores y confortables y excelentes vistas de toda la ciudad. Salón comedor con acceso a balcón cocina reformada y totalmente equipada.  Todos los ambientes gozan de luz natural carpintería de aluminio con mosquiteras calefacción por radiadores aire acondicionado en habitaciones y salón. Ubicado en finca con ascensor del año 1975 dispone de video-portero cuenta con muy buena comunicación con tiendas comerciales lugares de ocio transportes públicos autobuses bicing.  Para realizar una visita envíanos una solicitud por el portal y te llamaremos o bien ponte en contacto con nosotr@s.  -Lunes a viernes: de 09:30 a 14:00hs y 16:30 a 20:00hs -Sábados: de 10:00 a 14:00hs. ,1,0,6,Gas natural,null,90,84,El Poblenou,null,null,null,380.000 ,4.222 €/m²,Agencia IMMOBARCELO, Ref.: 2628 ,4,Segunda mano/buen estado,null,Piso en venta en calle de Pujades,http://idealista.com/inmueble/91614344/
2,1968, Piso situado en el Barrio de Sagrada Familia muy cercano a todo tipo de comercios hospital de Sant Pau colegios CC Les Glorias. Muy bien comunicado con la línea 5 (Azul) y línea 2 (Morada) parada de Sagrada Familia y con diversas líneas de autobuses.   La vivienda consta de 75 m² distribuidos en 3 habitaciones una de ellas dispone de baño en suit y vestido un salón comedor muy luminoso con salida al balcón dos baños completos y una cocina en muy buen estado   Orientación Este. Parking comunitario incluido. La finca es del 1968 con dos ascensores siendo un piso con una altura real de una segunda planta. Dispone de Portero   *Consultar gastos de la compraventa*. ,1,126,2,Calefacción individual,null,85,75,La Sagrada Família,1,null,null,348.000 ,4.094 €/m²,Fabiola Sampol, Ref.: Sagrada Familia ,3,Segunda mano/buen estado,null,Piso en venta en calle de Sardenya,http://idealista.com/inmueble/91605745/
3,1979,  Ubicada entre Tres torres y Sant gervasi Galvany una de las mejores zonas de Barcelona en una tranquila calle de una sola dirección nos encontramos esta espectacular finca moderna en perfecto estado donde está ubicado este hermoso piso completamente exterior con dos plazas amplias de parking y un trastero de buen metraje incluido en el precio. La vivienda está ubicada en una segunda planta real de altura con 325 m² y una inmejorable orientación sur-norte-este-oeste (sol de mañana y tarde) aportando luz todo el día a la vivienda.  La pieza se compone de un amplísimo salón de 45 m² completamente exterior que da salida a una agradable terraza de unos 16 m² con orientación mar.  En la actualidad dispone de 7 habitaciones todas ellas exteriores de las cuales 4 son dobles 2 medianas amplias y una individual además dispone de 3 baños... ,1,91,2,null,null,325,290,Sant Gervasi - Galvany,1,null,null,1.500.000 ,4.615 €/m²,AgenciaBCN Real Estate, Ref.: abcn13 ,6,Segunda mano/buen estado,1,Piso en venta en Raset,http://idealista.com/inmueble/90848708/