bathrooms,constructed_year,description,elevator,energetic_qualification_kWhm2_año,floor,heater_system,its_new,m2_build,m2_useful,neighbourhood,parking,price_down_euro,price_down_percentage,price_euro,price_m2,real_estate,ref,rooms,status,terrace,title,link
2,1850, Espacioso piso de 117 m² en Barcelona. La vivienda por espacio y distribución es ideal para una familia con hijos.   Se encuentra en entreplanta y dispone de amplio salón de concepto abierto unido a la cocina americana que se queda amueblada tres dormitorios y dos cuartos de baño completos. Además el piso cuenta con balcón por lo que podrás disfrutar de luz natural en toda la estancia. El inmueble es todo exterior.   Con orientación sur es una casa muy soleada en las horas centrales del día. La vivienda se vende sin amueblar y en buen estado lista para entrar a vivir. En cuanto a las calidades este piso cuenta con calefacción de gas carpintería exterior de aluminio e interior de madera suelos de parquet que da mucha calidez a la vivienda y de cerámica muy resistente y fácil de limpiar.   Esta casa está situada en una buena zona bien comunicada y tranquila a un minuto de la Iglesia de Santa María del Mar y de la parada de metro Jaume I de autobús y la estación de tren. Para mayor comodidad la vivienda se encuentra muy cerca de un centro médico un colegio supermercados y todo lo necesario para la vida diaria.   De particular a particular. Sin comisiones. Llámanos y visita esta vivienda. h1o1u3s6e6l8l. ,0,0,null,null,null,117,null,Sant Pere - Santa Caterina i la Ribera,null,645.000 € ,3,625.000 ,5.342 €/m²,Housell.com, Ref.: 113668 ,3,Segunda mano/buen estado,null,Piso en venta en calle del Brosolí,http://idealista.com/inmueble/90905649/
1,1975,  Ático dúplex con terraza en Vila de Gràcia A dos minutos de las populares plazas de la Virreina y Rovira i Trias se encuentra esta fantástica propiedad. Se trata de ático dúplex con terraza! Al entrar nos encontramos con un pequeño distribuidor que da paso a una cocina a la derecha seguida de un baño completo y un dormitorio. El comedor se amplía con un gran salón de 18 metros antigua terraza cubierta que proporcionan amplitud y sol a esta primera planta. Existe la posibilidad de volver a abrirla en su totalidad o en parte. Por una escalera interior accedemos al segundo piso un encantador espacio polivalente que actualmente funciona como dormitorio despacho y sala de estar de 26 m2 con salida a una terraza de 18 m2 aprox. muy soleada orientada al Este y totalmente privada para disfrutar del sol de un buen libro o del cuidado de tu... ,1,0,4,Gas natural,null,92,null,Gràcia,1,460.000 € ,4,440.000 ,4.783 €/m²,Barcelona MMC, Ref.: W-02JF2O ,2,Segunda mano/buen estado,1,Ático en venta en Vila de Gràcia,http://idealista.com/inmueble/90868213/
1,1961, Piso de 83m² en Barcelona. Por el espacio que te ofrece este piso es ideal para una familia con hijos.   Se encuentra en un segundo piso con ascensor y se distribuye en un amplio y acogedor salón tres dormitorios un cuarto de baño completo y cocina completamente independiente del resto de estancias. El inmueble es todo exterior con vistas a la Sagrada Familia.   La vivienda se vende sin amueblar y en buen estado lista para comenzar la mudanza. En cuanto a las calidades este piso dispone de calefacción de gas las ventanas son de aluminio las puertas son de madera y el suelo es de gres de fácil mantenimiento y gran resistencia.   Esta casa está situada en una zona tranquila bien comunicada con todos los servicios a tu alcance muy cerca de la parada de metro la parada de autobús la estación de tren. Para mayor comodidad la vivienda se encuentra muy cerca de un hospital y de un colegio.   De particular a particular. Sin comisiones. Llámanos y visita esta vivienda. h1o1u3s4e7l3l. ,1,0,2,null,null,83,79,La Sagrada Família,null,null,null,330.000 ,3.976 €/m²,Housell.com, Ref.: 113473 ,3,Segunda mano/buen estado,null,Piso en venta en calle de Provença,http://idealista.com/inmueble/90679774/
2,1970,  Piso de 92 m² en Barcelona. La amplitud de esta vivienda proporciona a una familia con niños todo el espacio que necesita.   Se encuentra en un 3º piso con ascensor y se distribuye en amplio y luminoso salón cocina amueblada completamente independiente del resto de estancias y equipada con electrodomésticos tres dormitorios y dos cuartos de baño completos. Además el piso cuenta con balcón de 4 m² que aporta gran luminosidad a toda la estancia y armarios empotrados para optimizar tu espacio. El inmueble es todo exterior y está situado en una vía de fácil acceso tiene 1 plaza de garaje así que no tendrás que preocuparte por el aparcamiento. El piso da únicamente al Parc del Putxet que aún estando ubicado en Barcelona ciudad no se ve ni una sola casa desde el comedor ni desde la habitación principal si no que todas las vistas dan a... ,1,0,3,null,null,92,78,El Putxet i el Farró,1,null,null,399.000 ,4.337 €/m²,Housell.com, Ref.: 113401 ,3,Segunda mano/buen estado,null,Piso en venta en calle de Ferran Puig,http://idealista.com/inmueble/90601408/
1,1965, ESPECTACULAR PISO REFORMADO  Vivienda ubicada en finca del año 1965. Dispone de ascensor. Se encuentra en una entreplanta.   Su superfície de 64m² útiles se distribuye en 3 dormitorios salón con cocina americana y un lavabo de 3 piezas con plato de ducha. Es muy luminoso.   Está totalmente reformado y cuenta con suelos de parquet.   Cercano a diversos transportes públicos y comercios en la zona de El Clot su parada de metro más cercana es Bac de Roda (L2) y también dispone cerca la parada de Tranvía Espronceda. Varias lineas de autobuses. Dispone gimnasios y colegios a su alrededor.  No dude en contactarnos para más información.  Solicita asesoramiento financiero para tramitar tu hipoteca sin compromiso disponemos de los mejores especialistas para ayudarte en todo el proceso.  Por otro lado si está pensando en vender su vivienda contacte con nosotros para una valoración profesional y gratuita.  Llámenos!  ────────────────────────────────────────────────────── ``La Casa Agency´´ Está preparada para cualquier escenario. Para su tranquilidad nuestras oficinas y equipos comerciales han tomado todas las medidas de seguridad para seguir ofreciendo el mejor servicio. Solicita nuestra nueva utilidad *Visitas virtuales*. ´. ,1,227,null,null,null,73,64,Sant Martí de Provençals,null,219.000 € ,2,214.000 ,2.932 €/m²,La Casa Agency, Ref.: SOLDEMAYO ,3,Segunda mano/buen estado,null,Piso en venta en calle de Fluvià s/n,http://idealista.com/inmueble/90384223/
1,1960, Piso de 75m² en Barcelona. Esta vivienda por su amplitud satisface las necesidades de una familia con niños.   Se encuentra en una planta baja con ascensor y se distribuye en un amplio y acogedor salón dos dormitorios un cuarto de baño completo y cocina amueblada. Además el piso cuenta con terraza de 20m² para que disfrutes del buen tiempo. El inmueble es todo exterior.   La vivienda se vende sin amueblar y reformada lista para entrar a vivir. En cuanto a las calidades este piso dispone de calefacción por bomba de calor y aire acondicionado las ventanas son de aluminio las puertas son de madera y el suelo es de parquet que da mucha calidez a la vivienda.   Esta casa está situada en una zona tranquila bien comunicada con todos los servicios a tu alcance muy cerca de la parada de autobús. Para mayor comodidad la vivienda se encuentra muy cerca de un hospital y de un colegio.   De particular a particular. Sin comisiones. Llámanos y visita esta vivienda. h1o1u3s0e6l9l. ,1,0,0,null,null,75,63,El Guinardó,null,null,null,215.000 ,2.867 €/m²,Housell.com, Ref.: 113069 ,2,Segunda mano/buen estado,1,Piso en venta en calle de Gènova,http://idealista.com/inmueble/90254072/
2,null, Preciosa propiedad en finca regia en Born Esta vivienda de 107 m2 se sitúa en la cuarta planta de un edificio recién rehabilitado integralmente en Vía Laietana. A pesar de que el edificio mantiene su esencia clásica los interiores se han rediseñados incorporando la más alta calidad en materiales confort perdurabilidad y estética. Consta de 2 dormitorios dobles y 2 baños completos de los cuales uno de ellos es en suite. Un amplio salón y cocina americana completamente equipada. La finca cuenta con plazas de parking en el mismo edificio al que se puede acceder a través de su doble ascensor de madera. La calidad del inmueble el espacio comunitario en la terraza del edificio con sus vistas hacen de esta propiedad un lugar muy exclusivo para vivir. Esta propiedad está situada en el corazón de la ciudad frente a la catedral. Una ubicación irrepetible que le permitirá disfrutar de una de las zonas más deseadas de Barcelona. Via Laietana es una gran arteria de la ciudad que da paso a espacios tan representativos como la Catedral de Barcelona el Palau de la Música o el Barrio Gotico a su vez une L'Eixample con el mar. ,1,0,4,Calefacción individual,null,107,null,Ciutat Vella,null,550.000 € ,10,495.000 ,4.626 €/m²,Barcelona MMC - Eixample - S2, Ref.: W-02IB4O ,2,Segunda mano/buen estado,null,Piso en venta en Sant Pere - Santa Caterina i la Ribera,http://idealista.com/inmueble/90244204/
2,1924, Preciosa vivienda cerca de Sagrada Familia Estamos ante una vivienda y finca rehabilitada hace pocos años. Consta de tres dormitorios espaciosos uno de ellos cuenta con vestidor propio y baño completo en suite. Sala - comedor y cocina todo en un espacio de aproximadamente unos 35 m2 a parte del baño en suite cuenta con otro baño completo. Hay dos balcones en la parte posterior en la vivienda hay mucha luz todo el día ya que en la parte principal de calle como posterior entra luz natural. Dispone de climatizador frío y calor por conductos cocina equipada. Resaltamos las vigas de madera que hay en la sala-comedor carpintería metálica de calidad parquet en todo el piso y baldosas de calidad en los baños. Excelente oportunidad. Vivienda muy cerca de la parada de metro de Encants Clot (L2) y Camp de l’Arpa (L5). Muy bien comunicada a través de varias líneas de buses y de la parada de tren y metro El Clot – Aragón y cercano al centro comercial de Glòries. Muy cerca de las joyas modernistas del Hospital Sant Pau y Sagrada familia. Todos los servicios como bibliotecas escuelas mercados y restaurantes. Cerca también queda la bonita calle Rogent llena de vida restaurantes tiendas supermercados etc. ,1,184,2,Calefacción individual,null,121,null,Sant Martí,null,560.000 € ,2,550.000 ,4.545 €/m²,Barcelona MMC - Ciutat Vella - Sant Martí - S7, Ref.: W-02J1XE ,3,Segunda mano/buen estado,null,Piso en venta en El Camp de l'Arpa del Clot,http://idealista.com/inmueble/90134335/
2,1979,  Excelente y acogedor piso en la calle Sicilia Excelente y funcional piso apto para entrar a vivir con estancias principales exteriores muy cerca de Passeig Sant Joan y Plaça de Les Glòries Catalanes en una de las mejores zonas por ubicación de la ciudad. Esta propiedad destaca por su funcionalidad como vivienda familiar o primera vivienda lo que la convierte en una propiedad versátil de 91m2 con balcón. Situados desde de la puerta principal del piso hallamos un recibidor situándose a la parte derecha dos habitaciones individuales grandes que comparten un baño completo en la misma estancia. Saliendo al recibidor y siguiendo por el pasillo a la derecha se sitúa una tercera habitación doble habilitada como zona de despacho y trabajo con opción a almacenaje extra del piso. Seguido de esta habitación se sitúa la cocina office independient... ,1,283,2,Gas natural,null,91,null,Eixample,null,475.000 € ,4,455.000 ,5.000 €/m²,Barcelona MMC - Eixample - S2, Ref.: W-02J2TO ,4,Segunda mano/buen estado,null,Piso en venta en El Fort Pienc,http://idealista.com/inmueble/90051973/
1,1980, Presentamos esta hermosa propiedad en una finca del año 1980. Dispone de 67 m2 4 dormitorios ( 2 dobles y 2 individuales) 1 baño amplio salón con cocina americana 1 real exterior patio interior.   Se encuentra muy bien ubicado en el barrio de Sagrada Familia en una zona céntrica junto a Calle Valencia y a una calle de Av. Diagonal. Cuenta con toda clase de servicios (CAP colegios supermercados metro autobuses…). Permite acceder rápidamente a cualquier punto de Barcelona ya que se encuentra a tan sólo 1 minuto andando de la parada de metro de Sagrada familia también al autobús H10 H7 entre otros.  El piso se encuentra alquilado actualmente por 10 meses se puede hacer visitas bajo previa cita. ¡Llámenos! ,1,293,2,Calefacción individual,null,70,67,La Sagrada Família,null,265.000 € ,2,259.000 ,3.700 €/m²,eRitage Solutions SL, Ref.: B20534 ,4,Segunda mano/buen estado,null,Piso en venta en calle de Valencia,http://idealista.com/inmueble/90016046/
2,1950, Espectacular piso en Carrer de Sant Quintin una de las zonas más significativas e importantes en Barcelona cerca de la Sagrada Familia   Zona en la cual encuentra este magnífico y luminoso piso. El cual dispone de 80 metros cuadrados distribuidos en un espacio funcional compuesto por un comedor totalmente amueblado. También dispone de 5 habitaciones individuales todas ubicadas al exterior cuenta con dos aseos completos con plato de ducha.  Tal y como se aprecia en las imágenes podrás disfrutar de una cocina moderna funcional y equipada.  La personalidad de este piso es sin duda ubicación y distribución. Sus suelos de parquet le da un toque de originalidad y color. Cabe comentar que el techo es alto proporcionando más amplitud en la estructura.  Está ubicado cerca de la estación del Metro de Sant Pau hospital colegios supermercados y estaciones de autobuses. ,1,131,2,Calefacción individual,null,75,70,El Guinardó,null,null,null,199.000 ,2.653 €/m²,eRitage Solutions SL, Ref.: B20531 ,5,Segunda mano/buen estado,null,Piso en venta en calle de Sant Quintí,http://idealista.com/inmueble/91555216/
2,2005,  Piso de 100 m² en Barcelona. La amplitud de esta vivienda proporciona a una familia con niños todo el espacio que necesita.   Se encuentra en un 3º piso con ascensor y dispone de amplio y luminoso salón cocina amueblada totalmente independiente del resto de estancias y equipada con electrodomésticos dos dormitorios y dos cuartos de baño completos. Además el piso cuenta con dos terrazas de 12 m² y 8 m² para que disfrutes del buen tiempo armarios empotrados y trastero para aumentar la capacidad de almacenaje de tu hogar. El inmueble es todo exterior y cuenta con una piscina comunitaria que hará el calor veraniego mucho más llevadero. Este piso situado en una vía de fácil acceso tiene 1 plaza de garaje para mayor seguridad.   Con orientación sur es una casa muy soleada en las horas centrales del día. La vivienda se vende sin amu... ,1,0,3,null,null,100,90,Provençals del Poblenou,1,null,null,499.900 ,4.999 €/m²,Housell.com, Ref.: 112801 ,2,Segunda mano/buen estado,1,Piso en venta en calle de Veneçuela,http://idealista.com/inmueble/89919113/
2,null, Amplio piso de 120 m² en Barcelona. Esta vivienda por su amplitud satisface las necesidades de una familia con niños.  Se encuentra en un 4º piso con ascensor y cuenta con amplio y luminoso salón cocina amueblada cuatro dormitorios y dos cuartos de baño completos. Además el piso cuenta con balcón que aporta espectacular luminosidad a toda la estancia y armarios empotrados para aumentar la capacidad de almacenaje de tu hogar. El inmueble es todo exterior.  Con orientación este en esta casa disfrutarás del sol por las mañanas. La vivienda se vende sin amueblar y en perfecto estado lista para entrar a vivir. En cuanto a las calidades este piso cuenta con aire acondicionado y suelo de mármol de fácil mantenimiento y gran resistencia.  Situado en una zona céntrica y bien comunicada muy cerca de la parada de metro y de autobús con todos los servicios cerca.  De particular a particular. Sin comisiones. Llámanos y visita esta vivienda. h1o1u2s7e8l1l. ,1,0,4,null,null,120,110,La Nova Esquerra de l'Eixample,null,null,null,545.000 ,4.542 €/m²,Housell.com, Ref.: 112781 ,4,Segunda mano/buen estado,null,Piso en venta en calle de Rocafort,http://idealista.com/inmueble/89911486/
1,1960, Piso de 62m² en Barcelona. Ideal para una familia con niños.   Se encuentra en un primer piso sin ascensor y se distribuye en un acogedor salón tres dormitorios un cuarto de baño completo y cocina amueblada y totalmente independiente del resto de estancias. El inmueble es todo exterior. Tiene una plaza de garaje en alquiler si te interesa puedes mantener ese alquiler.  La vivienda se vende sin amueblar y en perfecto estado lista para entrar a vivir. En cuanto a las calidades este piso dispone de ventanas de aluminio las puertas son de madera y el suelo es de cerámica resistente y fácil de limpiar. Para que te sientas más seguro en tu hogar la puerta principal es blindada.   Esta casa está situada en una zona tranquila bien comunicada con todos los servicios a tu alcance muy cerca de la parada de metro la parada de autobús. Para mayor comodidad la vivienda se encuentra muy cerca de un hospital y de un colegio. Con acceso directo a la C-33 y a 10 minutos del centro de Barcelona.  De particular a particular. Sin comisiones. Llámanos y visita esta vivienda. h1o1u2s4e9l2l. ,0,0,1,null,null,62,60,La Prosperitat,null,null,null,153.000 ,2.468 €/m²,Housell.com, Ref.: 112492 ,3,Segunda mano/buen estado,null,Piso en venta en calle de la Florida,http://idealista.com/inmueble/89905655/
2,1974, Encantador ático en Eixample Dret Precioso ático recientemente reformado y amueblado de 60m² con una estupenda terraza de 26m². Se accede a través de un recibidor con espacio para armarios a la derecha encontramos una habitación individual con aseo de cortesía y a una funcional cocina de tipo americana. Antes de llegar a la zona del salón hay un baño completo con plato de ducha. El salón es muy luminoso y tiene salida a una gran terraza equipada con un comedor exterior y hamaca ideal para aprovechar las vistas y el sol de 26m² que se extiende a todo lo largo del salón y de la habitación doble que se encuentra a continuación del salón. Muebles incluidos en el precio. Opcional por precio adicional: Amplia plaza de parking en el subsuelo de la misma finca. Excelente ubicación cercana a las principales avenidas con estación de metro y varias líneas de autobuses. Cuenta con una variedad de supermercados así como el típico comercio de barrio y restaurantes. ,1,439,7,Gas natural,null,73,null,Eixample,1,450.000 € ,3,435.000 ,5.959 €/m²,Barcelona MMC - Eixample - S2, Ref.: W-02IPIQ ,2,Segunda mano/buen estado,1,Ático en venta en La Dreta de l'Eixample,http://idealista.com/inmueble/89881246/
4,1964,  Fantástico principal con jardín en Galvany Esta preciosa planta baja se encuentra en un edificio señorial construido en los años 60 y actualizado. Uno de los puntos fuertes de este piso radica en la apertura de todas las estancias al exterior. Se trata de un piso dos referencias catastrales a cuatro vientos con un jardín orientado a sur sudoeste y norte muy soleado y con buenas vistas.  El jardín tiene varios porches zona de césped-solárium zona de básquet acceso privado por la callejuela colindante todo cuidado y ajardinado por lo que la sensación es la de estar en tu casa de veraneo. Por la entrada principal del piso accedemos a varios espacios diáfanos o distribuidores que separan muy bien la zona de día y la de noche. Tiene el salón principal de 55m2 con cristaleras que hacen que la estancia sea super alegre justo al lado ... ,1,0,1,Gas natural,null,390,null,Sarrià-Sant Gervasi,1,1.700.000 € ,6,1.600.000 ,4.103 €/m²,Barcelona MMC - Zona Alta - S1, Ref.: W-02IQLC ,6,Segunda mano/para reformar,1,Piso en venta en Sant Gervasi - Galvany,http://idealista.com/inmueble/89456641/
1,1965,  Acogedor piso de 78 m² en Barcelona.  Por el espacio que te ofrece este piso es ideal para una familia con hijos. Cuenta con un salón tres habitaciones un cuarto de baño y cocina amueblada completamente independiente del resto de estancias y equipada con electrodomésticos. Además el piso cuenta con balcón y que aporta gran luminosidad a toda la estancia.  El inmueble es todo exterior. Este piso situado en una vía de fácil acceso tiene una plaza de párking para que puedas aparcar con comodidad. Además por su orientación sur es una casa muy soleada en las horas centrales del día.   La vivienda está amueblada y reformada hace año y medio lista para entrar a vivir. En cuanto a las calidades este piso cuenta con calefacción de gas ventanas de doble cristal carpintería de aluminio luces LED y suelo de parquet que da mucha calid... ,0,0,2,null,null,78,75,El Bon Pastor,1,null,null,178.000 ,2.282 €/m²,Housell.com, Ref.: 112353 ,3,Segunda mano/buen estado,null,Piso en venta en calle de Sant Adrià,http://idealista.com/inmueble/89451010/
1,1950,  Piso de 53 m² de superficie en el barrio de Horta Barcelona capital. Ideal como primera vivienda o para inversores.  Se encuentra en un primer piso con ascensor y dispone de un salón tres habitaciones un cuarto de baño y la cocina equipada amueblada y equipada con electrodomésticos. Además el piso cuenta con una práctica galería para aumentar el espacio. El inmueble es todo exterior y por su orientación norte es una casa que recibe el sol por las mañanas pero no es calurosa en los meses de verano.   La vivienda se vende sin amueblar y en buen estado para que puedas instalarte cuanto antes. En cuanto a las calidades este piso cuenta con calefacción de gas carpintería exterior de pvc y suelos de parquet que aportan mucha calidez a la vivienda.   Esta casa está situada en una zona bien comunicada muy cerca de la parada de metro ... ,1,0,1,null,null,53,null,Horta,null,199.000 € ,7,185.000 ,3.491 €/m²,Housell.com, Ref.: 111937 ,3,Segunda mano/buen estado,null,Piso en venta en calle del Congrés,http://idealista.com/inmueble/89194046/
4,1955,  Espectacular ático esquinero en Avenida Diagonal En una de las mejores esquinas de la Diagonal se sitúa esta particular y espectacular vivienda. Se trata de un ático de casi 200 metros de piso y dos terrazas una de 119m2 y otra de 17m2 todo en la misma planta. Desde la entrada a la izquierda vamos hacia la cocina toda exterior con salida a la terraza vistas a toda la Avenida Diagonal y hacia la montaña del Tibidabo. Más hacia la izquierda un pasillo por el que también podemos salir a la terraza hay una habitación de servicio planchador lavadero y en la esquina de la finca el salón rodeado de la terraza. Hacia la derecha desde la entrada principal 4 dormitorios dobles 3 baños y otra terraza de 17m2. El sol la luz y la terraza son tres elementos que definen por completo esta propiedad.  Se trata de una finca regia con 2 asce... ,1,219,8,null,null,240,null,Sarrià-Sant Gervasi,1,1.580.000 € ,10,1.420.000 ,5.917 €/m²,Barcelona MMC - Zona Alta - S1, Ref.: W-02ICP3 ,5,Segunda mano/buen estado,1,Ático en venta en Sant Gervasi - Galvany,http://idealista.com/inmueble/89138806/
1,null, Referencia: 141VE962NEDRAS22 Piso en venta enpleno corazón de Barcelona a dos calles de Sagrada Familia. Este piso luminoso de 60m2 consta de amplio salón comedor con salida a balcón y vistas a la Sagrada Familia dos habitaciones una doble una individual y un cuarto de baño cocina independiente con galería. Cuenta con gran cantidad de comercios y servicios cercanos. Se encuentra muy bien comunicado mediante línea de metro y autobús. Fantástica oportunidad para clientes particulares o inversores. Para más información o concertar una visita no dude en contactar con ShBarcelona. '. ,1,0,2,null,null,63,52,La Sagrada Família,null,270.000 € ,2,265.000 ,4.206 €/m²,ShBarcelona, Ref.: 141VE962NEDRAS22 ,2,Segunda mano/para reformar,null,Piso en venta en calle de Sardenya,http://idealista.com/inmueble/88879105/
3,1958,  Gran casa de 420m² en Barcelona. La amplitud de esta vivienda proporciona a una familia con niños todo el espacio que necesita.   Esta casa tiene cuatro plantas de altura con ascensor y se distribuye en un amplio y acogedor salón cuatro dormitorios tres cuartos de baño completos y cocina totalmente independiente del resto de estancias y equipada con electrodomésticos. Además la casa cuenta con una gran terraza de más de 100 m² en la cuarta planta para que disfrutes del buen tiempo. El inmueble es todo exterior. También tiene trastero exterior para que guardes todo aquello que necesites.   La vivienda se vende sin amueblar y en buen estado para que puedas instalarte cuanto antes. En cuanto a las calidades la casa dispone de calefacción de gas y aire acondicionado las ventanas son de aluminio y de madera y suelo es de parquet en ... ,null,0,null,null,null,420,350,Sants,null,null,null,1.450.000 ,3.452 €/m²,Housell.com, Ref.: 111304 ,4,Segunda mano/buen estado,1,Casa o chalet en venta en calle d'Alcolea,http://idealista.com/inmueble/88834975/
3,1958, Amplio piso de 123 m² en Barcelona. Por el espacio que te ofrece este piso es ideal para una familia con hijos o enfocarlo a oficina con despachos.  Se encuentra en un primer piso con ascensor y dispone de amplio y luminoso salón cocina totalmente independiente del resto de estancias cinco dormitorios dos cuartos de baño completos y un funcional aseo. Además el piso cuenta con un patio con muchas posibilidades. El inmueble es todo exterior.   Con orientación este en esta casa disfrutarás del sol por las mañanas. La vivienda se vende amueblada y necesita reforma. En cuanto a las calidades este piso cuenta con calefacción de gas carpintería de madera y suelos de parquet que da mucha calidez a la vivienda.   Esta casa está situada en una zona bien comunicada muy cerca de la parada de metro de autobús y la estación de tren. Para mayor comodidad la vivienda se encuentra muy cerca de un hospital colegios supermercados y todos los servicios necesarios.   De particular a particular. Sin comisiones. Llámanos y visita esta vivienda. h1o1u1s2e8l6l. ,1,115,1,null,null,123,114,El Putxet i el Farró,null,null,null,450.000 ,3.659 €/m²,Housell.com, Ref.: 111286 ,5,Segunda mano/para reformar,null,Piso en venta en calle d'Homer,http://idealista.com/inmueble/88827915/
2,1930,  Piso reformado en finca regia en Fort Pienc La propiedad listada está en la esquina de Sicilia con la calle Gran Vía al lado de la Passeig de Sant Joan a estrenar. El apartamento que consta de un tamaño de construcción de aproximadamente 79 m2. Entre de apartamento verá una hermosa área de recepción justo a su lado hay un dormitorio que cabe una cama doble con ventana que abre al patio de luz del edificio el pasillo continúa con 2 baños espaciosos en el lado izquierdo ambos son baño completo con ducha al final del pasillo hay una cocina abierta totalmente equipada con ventilación al patio de luz; los electrodomésticos son de una marca de cama alta SMEG y la encimera la cocina es de marble natural de India con un color mate verde. En el otro lado está el comedor que se puede convertir en un tercer dormitorio si es necesario al ... ,1,166,2,null,null,78,null,Eixample,null,520.000 € ,4,499.000 ,6.397 €/m²,Barcelona MMC - Eixample - S2, Ref.: W-02H4KX ,2,Segunda mano/buen estado,null,Piso en venta en El Fort Pienc,http://idealista.com/inmueble/88797713/
2,1999,  Ático de 100 m² en Barcelona. Esta vivienda por su amplitud satisface las necesidades de una familia con niños.   Se encuentra en un 5º piso con ascensor y se distribuye en amplio y luminoso salón cocina amueblada con office absolutamente independiente del resto de las estancias cuatro dormitorios y dos cuartos de baño completos. Además el ático cuenta con armarios empotrados para optimizar tu espacio de almacenaje. El inmueble es todo exterior y cuenta con jardín comunitario en el que aprovecharás el buen tiempo y una piscina comunitaria para refrescarte en verano. Este ático está situado en una vía de fácil acceso y dispone de amplia plaza de parking en el edificio en alquiler.  Con orientación este en esta casa disfrutarás del sol por las mañanas. La vivienda se vende amueblada y en buen estado lista para entrar a vivir. En... ,1,0,5,null,null,100,91,La Marina del Port,null,null,null,429.000 ,4.290 €/m²,Housell.com, Ref.: 111121 ,4,Segunda mano/buen estado,null,Ático en venta en calle de la Mineria,http://idealista.com/inmueble/88781345/
2,1973,  Excelente piso en el corazón de Barcelona lado parque ciudadela y arco triunfo con muy buena distribución de 72 m² en Barcelona. Por el espacio que te ofrece este piso es ideal para una familia con hijos.  Se encuentra en un primer piso con ascensor y se distribuye en amplio salón cocina amueblada absolutamente independiente del resto de estancias y equipada con electrodomésticos tres dormitorios un cuarto de baño completo y un funcional aseo. Además el piso cuenta con una práctica galería para aumentar el espacio. El inmueble es todo exterior.  Con orientación oeste disfrutarás del sol por las tardes el momento en el que la casa resulta especialmente acogedora. La vivienda se vende amueblada y en perfecto estado lista para entrar a vivir. En cuanto a las calidades este piso cuenta con calefacción de gas aire acondicionad... ,1,0,1,null,null,72,64,Sant Pere - Santa Caterina i la Ribera,null,null,null,335.000 ,4.653 €/m²,Housell.com, Ref.: 111029 ,3,Segunda mano/buen estado,null,Piso en venta en paseo de Lluís Companys,http://idealista.com/inmueble/88754183/
2,2000,  Piso de 103 m² en Hospitalet de Llobregat (L') provincia de Barcelona. Por el espacio que te ofrece este piso es ideal para una familia con hijos.   Se encuentra en un 5º piso con ascensor y se distribuye en amplio y luminoso salón cocina amueblada completamente independiente del resto de estancias y equipada con electrodomésticos cuatro dormitorios y dos cuartos de baño completos. Además el piso cuenta con terraza para que disfrutes del buen tiempo y armarios empotrados para que puedas guardar tus cosas. El inmueble es todo exterior con jardín comunitario en el que aprovecharás el buen tiempo y está situado en una vía de fácil acceso.  Con orientación oeste disfrutarás del sol por las tardes el momento en el que la casa resulta especialmente acogedora. La vivienda se vende amueblada y en perfecto estado lista para entrar a ... ,1,0,5,null,null,103,97,La Bordeta,null,null,null,422.000 ,4.097 €/m²,Housell.com, Ref.: 110542 ,4,Segunda mano/buen estado,1,Piso en venta en avenida del Carrilet,http://idealista.com/inmueble/88653625/
2,1980,  Piso de 107 m² en Barcelona. Esta vivienda por su amplitud satisface las necesidades de una familia con niños.   Se encuentra en entreplanta el edificio cuenta con ascensor y se distribuye en amplio salón cocina absolutamente independiente del resto de estancias tres dormitorios el principal en suite y dos cuartos de baño completos. Además el piso cuenta con una práctica galería para aumentar el espacio y armarios empotrados no tendrás que preocuparte por el espacio de almacenaje. El inmueble es todo exterior y está situado en una vía de fácil acceso tiene 1 plaza de garaje así que no tendrás que preocuparte por el aparcamiento.   Con orientación oeste disfrutarás del sol por las tardes el momento en el que la casa resulta especialmente acogedora. La vivienda se vende sin amueblar y en buen estado lista para entrar a vivir. ... ,1,0,null,null,null,107,97,Sants,1,null,null,399.000 ,3.729 €/m²,Housell.com, Ref.: 110118 ,3,Segunda mano/buen estado,null,Piso en venta en calle de Joan Güell,http://idealista.com/inmueble/88535886/
3,1900,  Elegante piso a actualizar en Eixample Dret Excelente piso con elementos originales como techos altos vidrieras chimenea y baldosas hidráulicas en una finca regia de 1900 con ascensor en el Eixample. La vivienda muy luminosa se entrega a reformar/actualizar y alberga un gran potencial para ello. Además sus espacios disfrutan de una gran amplitud pudiéndose realizar infinitas posibilidades de reforma según las preferencias de cada uno. Actualmente la vivienda se distribuye en cinco espaciosas estancias independientes tres baños completos salón comedor y cocina office con despensa. El piso también dispone de una galería orientada a patio de manzana típico del barrio que aporta mucha ventilación y luz natural. Además cuenta con dos balcones típicos de los edificios del Eixample con vistas a la calle Diputació. Accedemos a la viv... ,1,136,3,Gas natural,null,221,null,Eixample,null,1.100.000 € ,5,1.050.000 ,4.751 €/m²,Barcelona MMC - Eixample - S2, Ref.: W-027023 ,5,Segunda mano/buen estado,null,Piso en venta en La Dreta de l'Eixample,http://idealista.com/inmueble/88148777/
1,null,  Loft Style de 63 m² en Barcelona. Ideal para parejas o inversión para alquilar.  Se encuentra en un primer piso sin ascensor y dispone de amplio y luminoso salón cocina amueblada independiente un dormitorio y un cuarto de baño completo con ducha. Además el piso cuenta con terraza comunitaria de uso exclusivo para que disfrutes del buen tiempo una práctica galería para aumentar el espacio y armarios empotrados para optimizar tu espacio de almacenaje. El inmueble es todo exterior.   Con orientación sur es una casa muy soleada en las horas centrales del día. La vivienda se vende sin amueblar y en buen estado reformada íntegramente tanto el interior del piso con acabados de alta calidad como el edificio en 2017 lista para entrar a vivir. En cuanto a las calidades este piso cuenta con ventanas de madera con porticones y cristal ... ,0,0,1,null,null,63,null,Sant Pere - Santa Caterina i la Ribera,null,null,null,285.000 ,4.524 €/m²,Housell.com, Ref.: 109121 ,1,Segunda mano/buen estado,1,Piso en venta en calle dels Mirallers,http://idealista.com/inmueble/87923349/