bathrooms,constructed_year,description,elevator,energetic_qualification_kWhm2_año,floor,heater_system,its_new,m2_build,m2_useful,neighbourhood,parking,price_down_euro,price_down_percentage,price_euro,price_m2,real_estate,ref,rooms,status,terrace,title,link
2,1966, Situado en una quinta planta a pocos minutos del Mercat de Sant Antoni y muy próximo a la parada de metro de Rocafort. Es una zona con infinidad de servicios que nos facilitarán el día a día. Al entrar a la vivienda tenemos un amplio recibidor con espacio para poner un armario empotrado. A continuación tenemos un amplio salón orientado a calle con salida a balcón (posibilidad de ampliar balcón hasta 5 m2). Una cocina funcional parcialmente integrada al salón y con un amplio cristal para dar amplitud y permitir la entrada de luz natural.  Dispone de 4 habitaciones (2 dobles con capacidad para cama de matrimonio 1 individual amplia y 1 individual pequeña). También dispone de 1 baño completo con bañera y 1 aseo con plato de ducha. Cada uno cerca de los dormitorios.  La reforma se hizo para aprovechar al máximo todos los espacios y con tendencias modernas. Equipado con aire acondicionado y calefacción por conductos en todas las estancias parqué tipo roble puertas y zócalos blancos y cierres de aluminio de alta calidad en todas las ventanas. ,1,124,5,null,null,98,90,Eixample,null,375.000 € ,2,369.000 ,3.765 €/m²,AMAT IMMOBILIARIS, Ref.: 27477 ,4,Segunda mano/buen estado,null,Piso en venta en Urb. Sant Antoni Sant Antoni,http://idealista.com/inmueble/89878956/
2,1964,  Esta propiedad en perfecto estado se encuentra en el Eixample zona con todos los servicios y equipamientos necesarios a pocos pasos. Además está a 15 minutos andando de Plaça Catalunya y Plaça Espanya muy cerca de la parada de metro Urgell y de todas las conexiones de autobús de la Gran Via.  La vivienda es muy luminosa con terraza de 18 m2 y balcón y se encuentra en una 8ª planta. El gran recibidor tiene armarios empotrados. El salón es muy amplio y cuenta con zona separada para el comedor. La cocina está equipada con electrodomésticos.  La zona de noche se distribuye en 4 dormitorios dobles 2 exteriores y 2 interiores a patio de luces. El dormitorio principal tiene armarios empotrados vestidor y cuarto de baño con plato de ducha. Además hay un segundo cuarto de baño y es posible reformar una de las habitaciones para incluir otr... ,1,0,8,Gas natural,null,180,null,Eixample,1,null,null,795.000 ,4.417 €/m²,Bcn Advisors, Ref.: BCN06381 ,4,Segunda mano/buen estado,1,Piso en venta en La Nova Esquerra de l'Eixample,http://idealista.com/inmueble/89824417/
1,1980, Local-estudio a estrenar en Sarriá Presentamos un excelente inmueble tipo loft en una de las calles residenciales del distrito de Sarriá en Clos de Sant Francesc.  La propiedad está situada en la primera planta y consta de un espacio diáfano de 62 metros. Ideal como pied-à-terre para aquellas personas que buscan residir o trabajar en un enclave de la ciudad con gran prestigio.  Una oportunidad para inversores en una de las zonas más demandadas de la ciudad: 6% de rentabilidad. Por la zona en la que está situado nos encontramos con un público muy variado desde familias con niños que acuden diariamente a los colegios próximos a trabajadores de oficinas de personal y pacientes que acuden a los centros médicos a clientes que acuden atraídos por los atractivos locales de la zona. No dispone de cédula de habitabilidad. Situada en la zona más prestigiosa del barrio de Sarriá en un entorno residencial y exclusivo próxima a todos los comercios y restaurantes con excelente comunicación por transporte público y próxima a los colegios internacionales y las mejores universidades. ,0,125,1,null,null,62,null,Sarrià-Sant Gervasi,null,null,null,145.000 ,2.339 €/m²,Barcelona MMC - Zona Alta - S1, Ref.: W-02HWPT ,1,Segunda mano/buen estado,null,Piso en venta en Sarrià,http://idealista.com/inmueble/89050729/
3,1998,  Casa en venta de 189m2 con 4 habitaciones 3 baños y parking en Navas Barcelona.    Inmueble de 189m2 construidos según Catastro Superficie de la vivienda de 100m2 más 73m2 pertenecientes a la zona garaje-parking y trastero. 3 plantas de altura. Exterior a calle.    La vivienda se encuentra distribuida en 1 salón comedor con balcón cocina independiente con patio interior 4 habitaciones (2 de tamaño doble y 2 de tamaño individual) 3 baños (1 de ellos presentado en la suite) y garaje con 1 aseo y trastero.    Equipada con aire acondicionado calefacción central iluminación por ojos de buey y carpinteria interior y exterior de aluminio.    En cuanto a su ubicación se encuentra situada en Navas Barcelona; junto a l'Avinguda Meridiana Sant Antoni Maria Claret y próximo a La Sagrera El Clot y Camp de l'Arpa.    Bien conectada con tr... ,null,171,null,null,null,189,100,Sant Martí,1,null,null,495.000 ,2.619 €/m²,Immoaugusta Serveis Immobiliaris, Ref.: IAUcoll ,4,Segunda mano/buen estado,null,Chalet adosado en venta en El Camp de l'Arpa del Clot,http://idealista.com/inmueble/88959723/
2,1955, Piso de 126 m² reformado íntegramente en el barrio de Sant Gervasi en un edificio muy bonito de la década de 1950.  Apartamento muy bien distribuido entre las calles Balmes y Maria Cubí. Amplia entrada con armarios empotrados. Salón muy luminoso de 38m² cocina abierta equipada y lavadero independiente.   La zona de noche se compone de 3 habitaciones dobles incluyendo una suite de 19 m² con armarios empotrados. Bodega en el sótano.   El edificio posee una preciosa entrada un conserje y una entrada de servicio independiente. Ascensor nuevo y áreas comunes recientemente renovadas. ,1,161,1,Gas natural,null,126,null,Sarrià-Sant Gervasi,null,null,null,735.000 ,5.833 €/m²,BARNES, Ref.: AKE0365 ,3,Segunda mano/buen estado,null,Piso en venta en Sant Gervasi - Galvany,http://idealista.com/inmueble/89046444/
1,null, Ático con terraza a estrenar en Via Júlia Ático reformado a estrenar de 51 m2 y una terraza 20 m2 también disponemos de Sobre Ático de 60 m2 con dos terrazas que suman 58 m2 por 270.900€ con ascensor situado a una calle de Via Júlia en Nou Barris.  Tiene dos habitaciones y un baño tiene una estupenda cocina cerrada y muy bien equipada. El ático tiene splits con aire acondicionado bomba de calor suelo de parqué e iluminación LED. Es un piso con muy buenos acabados a un precio excelente. Esta previsto que este acabada la reforma en otoño. Es un barrio residencial formado por edificios de poca altura lo que es parecido a vivir en un pueblo con todo tipo de tiendas y servicios. Al lado de la Via Júlia con parada de metro y diversas líneas de autobús. A poca distancia de la Ronda de Dalt. Es la zona ideal para vivir en Barcelona a precios razonables. ,1,136,5,Calefacción individual,null,61,null,Nou Barris,null,null,null,215.000 ,3.525 €/m²,Barcelona MMC, Ref.: W-02IEPZ ,2,Segunda mano/buen estado,1,Ático en venta en Verdun,http://idealista.com/inmueble/89035250/
1,1903, Apartamento a estrenar junto a Lesseps En bonita finca regia bien conservada encontramos este acogedor apartamento recién reformado con gusto y materiales de buena calidad. Se trata de un apartamento de dos habitaciones baño completo que incorpora la zona de aguas salón-comedor con acceso a balcón y cocina abierta equipada con electrodomésticos. En la reforma se han combinado a la perfección modernidad y elementos originales que mantienen el encanto propio de la finca. Junto a plaza Lesseps al límite entre Gràcia y Sant Gervasi muy bien conectado con numerosos autobuses y la línea verde de metro Lesseps donde llegará la futura L9 directa al aeropuerto. Rodeado de todos los comercios y servicios necesarios para una vida confortable en la ciudad. ,1,120,1,Calefacción individual,null,59,null,Gràcia,null,null,null,425.000 ,7.203 €/m²,Barcelona MMC, Ref.: W-02HMNO ,2,Segunda mano/buen estado,null,Piso en venta en Vila de Gràcia,http://idealista.com/inmueble/88936799/
1,1966, PISO EN LES CORTS – BACELONA  Te presentamos en exclusiva esta encantadora propiedad ubicada en una de las zonas más demandadas de Barcelona Les Corts. La vivienda se encuentra en una finca con ascensor. Gracias a su buena ubicación te permite conectar con cualquier punto de la ciudad con mucha facilidad y disfrutar de todo tipo de servicios como comercios transportes y restauración.  La vivienda presenta un salón comedor muy luminoso con salida a terraza y bonitas vistas cocina office independiente 4 habitaciones exteriores y un baño completo. Todas las estancias están climatizadas por radiadores de gas natural y bien aisladas con carpintería exterior de aluminio lacada en blanco.   Una propiedad con gran potencial para proyectar desde cero ese hogar tan soñado.  Porque tú eres especial tu hogar también debe serlo…  Creamos espacios de vida.   * El precio de la oferta puede ser modificado o darse de baja sin previo aviso. Todos los datos expuestos son meramente orientativos. El precio no incluye impuestos ni gastos. Se debe añadir a la compra en viviendas de segunda mano el ITP en viviendas de Obra Nueva el IVA y AJD y en ambos casos los honorarios de notaria y registro. ,1,0,7,Gas natural,null,81,75,Les Corts,null,null,null,325.000 ,4.012 €/m²,Lunallar ., Ref.: 0808 ,4,Segunda mano/buen estado,1,Piso en venta en La Maternitat i Sant Ramon,http://idealista.com/inmueble/88906743/
4,1969,  Exclusividad en Pedrables   Elegancia lujo y bienestar se unen a esta impresionante propiedad ubicada junto al parque Cervantes en una de las zonas más valoradas y con clase de Barcelona Pedralbes. La calidad y simplicidad de los materiales los amplios ventanales las estratégicas entradas de luz y sus generosas y diáfanas estancias son los principales rasgos de este piso con carácter y personalidad.  Presenta una superficie construida de 371 m2 repartida en una cómoda distribución que además disfruta de unas increíbles vistas panorámicas a toda la ciudad desde el mar hasta la montaña.  El salón comedor es independiente y se compone por grandes ventanales y una cálida chimenea la cocina office lleva consigo una amplia despensa. Dispone de 4 habitaciones (dos de ellas son suite) cuatro baños y un aseo de cortesía. Ofrece un gr... ,1,0,7,null,null,371,null,Les Corts,null,null,null,2.000.000 ,5.391 €/m²,Lunallar ., Ref.: 0793 ,5,Segunda mano/buen estado,null,Ático en venta en Pedralbes,http://idealista.com/inmueble/88600432/
2,1850, CIUTAT VELLA – BARCELONA  Ubicado en el corazón de Barcelona junto al Arco de Triunfo y al parque de la Ciudadela encontramos esta pieza única y exclusiva que llenará de vida y color todos tus días. Un hogar muy bien comunicado situado en una finca con ascensor y en un entorno donde encontrarás comercios zonas de ocio y transporte público.  Una propiedad completamente reformada decorada con estilo y personalidad que presenta estancias realmente cálidas y acogedoras integrando piedra natural y vigas de madera. Disfruta de un amplio salón comedor con cocina americana. Dispone de 3 habitaciones dobles grandes dos de ellas tienen salida a balcón un baño completo y un aseo de cortesía. Además cuenta con terraza comunitaria y zona de barbacoa situada en la cubierta.  Creamos espacios de vida…   * El precio de la oferta puede ser modificado o darse de baja sin previo aviso. Todos los datos expuestos son meramente orientativos. El precio no incluye impuestos ni gastos. Se debe añadir a la compra en viviendas de segunda mano el ITP en viviendas de Obra Nueva el IVA y AJD y en ambos casos los honorarios de notaria y registro. ,1,0,1,null,null,72,null,Ciutat Vella,null,null,null,415.000 ,5.764 €/m²,Lunallar ., Ref.: 0740 ,3,Segunda mano/buen estado,null,Piso en venta en Sant Pere - Santa Caterina i la Ribera,http://idealista.com/inmueble/88478937/
4,1981,  Junto a los Jardines de Can Castelló en una cotizada área de Barcelona encontramos este fabuloso piso que cuenta con una agradable terraza. La ubicación es inmejorable situándose a dos pasos de la Via Augusta y cerca de la estación de FGC de Muntaner y caracterizándose por tener todo tipo de equipamientos cerca como supermercados gimnasios zonas de ocio y transporte público con el que plantarse en el centro de la ciudad en menos de 15 minutos.  Destacamos los amplios espacios y la luminosidad de esta vivienda que suma un total de 236m2 más 28m2 de terraza cubierta con porche enfatizando el enorme salón con chimenea de 42m2 con salida a la mencionada terraza comedor independiente y conectado a la sala de estar de 15m2. La cocina es independiente en isleta en perfecto estado y una superficie de 26m2. Asimismo está completamente ... ,1,0,2,null,null,250,null,Sarrià-Sant Gervasi,null,null,null,1.150.000 ,4.600 €/m²,Bcn Advisors, Ref.: BCN05984 ,5,Segunda mano/buen estado,1,Piso en venta en Sant Gervasi - La Bonanova,http://idealista.com/inmueble/87956403/
2,null,  En este amplio piso podrás despertarte cada mañana con unas fantásticas vistas al mar Mediterráneo desde su décima planta. Una amplia terraza recorre el exterior de la propiedad haciendo que la luz natural entre en todas las estancias.  Su salón comedor hará que quieras pasar todo el tiempo que puedas en él ya que es muy amplio y sus ventanales le dan una sensación exterior muy agradable. Se comunica directamente con la cocina independiente que también tiene otra entrada desde el pasillo.  Los 4 dormitorios de este piso tienen acceso a la terraza por lo que también reciben mucha luz exterior. La fantástica suite tiene vestidor para una perfecta organización de la ropa y baño propio. El resto de habitaciones que son dobles comparten el segundo baño.  La oferta de confort de este piso se completa con suelo de parquet natural aire a... ,1,0,10,Calefacción individual,null,169,null,Sant Martí,1,null,null,2.250.000 ,13.314 €/m²,Bcn Advisors, Ref.: BCN06253 ,4,Segunda mano/buen estado,1,Piso en venta en Diagonal Mar i el Front Marítim del Poblenou,http://idealista.com/inmueble/87704538/
1,1985,  Piso reformado en Gràcia-Camp d'en Grassot Un piso en proceso de reforma en una excelente ubicación en Gràcia - Camp d'en Grassot entre la Travessera de Gracia y Sant Antoni Maria Claret. Se trata de un piso de 99m2 (5º de altura real) ubicado en un edificio de 1.985 con 2 ascensores. Una vez reformado el piso tendrá 2 habitaciones 2 baños y un amplio salón comedor con cocina abierta más un espacio de estudio/despacho de 30 m2 con opción de entrada independiente. En el pasado se utilizaba como oficina pero ya tiene licencia y proyecto de arquitectura para realizar el cambio de uso. Es una vivienda ideal para solteros parejas y familias que deseen una vivienda personalizada. Excelente producto para profesionales independientes por la posibilidad de mantener un espacio separado de despacho e inversores. El edificio se encuentra ubic... ,1,361,4,null,null,100,null,Gràcia,null,null,null,335.000 ,3.350 €/m²,Barcelona MMC - Eixample - S2, Ref.: W-02HBXN ,2,Segunda mano/buen estado,null,Piso en venta en El Camp d'En Grassot i Gràcia Nova,http://idealista.com/inmueble/87554156/
3,1800,  Este piso a reformar de 450m² con 30m² de terraza se presenta como una vivienda única ubicada en la última planta de una espectacular finca regia del año 1800 con ascensor en una de las calles más emblemáticas y comerciales de Barcelona Portal de l’Àngel. Actualmente el inmueble está formado por una entidad registral con uso residencial. La distribución es la siguiente: gran sala de 60m2 con tres balcones a la calle un gran vestíbulo 5 salas grandes cuatro despachos medianos dos baños y cocina. Además tres de las salas grandes tienes salida a una terraza de 30 metros con orientación Este. El piso que alberga un gran potencial de reforma gracias a sus espacios amplios y luminosos y a su salida por ambos lados del inmueble nos permitiría darle el uso que se quiera; como vivienda despacho profesional o ambos usos. Techos altos... ,1,73,4,null,null,453,430,Ciutat Vella,null,null,null,1.900.000 ,4.194 €/m²,Amat Luxury, Ref.: 26913 ,8,Segunda mano/buen estado,1,Piso en venta en Urb. El Gótic El Gòtic,http://idealista.com/inmueble/87549880/
2,null, Magnífico y señorial piso en Gótico Espectacular propiedad en Plaça de la Mercè a una calle del Port Vell y a pasos de Plaça Duc Medinacelli. Espectacular propiedad de 190 metros construidos conservando todos los elementos originales imaginables así como una maravillosa entrada del edificio.  La propiedad tiene cuatro dormitorios sala polivalente a mitad de pasillo un comedor un gran baño completo un baño francés cocina muy amplia y cuatro balcones. En toda la casa que se han conservado los elementos originales tales como hidráulicos techos y puertas. Ubicación excepcional al lado del Soho House Plaza Duc Medinacelli y Plaza de la Mercè. Su particular ubicación hace de este piso una inmejorable opción de inversión en la mejor localización del Gótico. Excelentes comunicaciones con transporte público con el resto de la ciudad. ,0,0,2,null,null,190,null,Ciutat Vella,null,null,null,730.000 ,3.842 €/m²,Barcelona MMC - Ciutat Vella - Sant Martí - S7, Ref.: W-02GBCF ,4,Segunda mano/buen estado,null,Piso en venta en El Gòtic,http://idealista.com/inmueble/87334547/
1,1900, Este hermoso piso de 85 m2 a estrenar esta ubicado en la Plaza Universitat cerca de teatro Goya Plaza Catalunya y a un paseo de la Ciutat Vella. Esta zona goza de inmejorable oferta cultural y gastronómica y los mejores comercios de la ciudad. Además tiene excelente comunicación con transporte público cerca de varias paradas de autobús FCG y la estación de metro L1 y L2 Universitat.  El piso se compone de un amplio salon comedor con preciosa cocina americana integrada en la estancia a través de una isleta. El comedor tiene salida a un pequeño balcón con vistas a la Plaza Universitat. La zona de noche consta de 3 dormitorios 1 doble con vestidor y 2 individuales con armarios empotrados y un baño.  La vivienda está reformada a estrenar decorada por un prestigioso estudio de diseño conservando los detalles de origen como los techos de volta catalana y paredes de ladrillo visto. Todos los materiales y acabados son de alta calidad incluyendo suelos de parquet a/c calefacción luces indirectas hilo musical y electrodomésticos de primeras marcas.  La preciosa finca de 1900 esta totalmente rehabilitada y tiene un ascensor. El piso está en una 3ª planta real. ,1,0,3,Calefacción individual,null,85,null,Ciutat Vella,null,null,null,485.000 ,5.706 €/m²,Bcn Advisors, Ref.: BCN06161 ,3,Segunda mano/buen estado,null,Piso en venta en El Raval,http://idealista.com/inmueble/86937862/
6,null,  En uno de los mejores enclaves de Pedralbes se encuentra esta fantástica casa que goza de máxima tranquilidad y muy buenas vistas. La casa fue construida en 1953 y aunque hace unos años fue rehabilitada por completo mantiene la categoría y el sabor del inicio. Su distribución es muy buena. Entrando un amplio recibidor con closed para abrigos da paso al salón con chimenea el salón tiene tres ambientes diferenciados compuesto de biblioteca salón con chimenea y comedor desde el que salimos al jardín con piscina perfectamente orientado a sur y con vistas a jardines permitiendo así no ver otras casas próximas y aportando privacidad. Volviendo al interior junto al comedor amplia cocina office con su correspondiente zona de servicio y entrada independiente desde el jardín. Junto a la cocina un segundo salón también con chimenea con... ,null,0,null,Calefacción individual,null,520,null,Sarrià-Sant Gervasi,null,null,null,3.900.000 ,7.500 €/m²,MG Grupo Inmobiliario, Ref.: VA882 ,8,Segunda mano/buen estado,1,Casa o chalet independiente en venta en Sarrià,http://idealista.com/inmueble/85693689/
2,2018,  Encantador piso de 90 m2 a estrenar ubicado en Sagrada Familia.    Comprende un salón-comedor con salida a un balcón de 10 m2 una cocina americana equipada con los electrodomésticos nuevos un dormitorio doble con su sala de vestidor un dormitorio doble dos dormitorios individuales y dos baños con plato de ducha.    Tiene suelo de parquet y aire acondicionado por conductos.    Se ofrece totalmente amueblado.  Se puede incluir plaza de parking en la misma finca.      Este barrio lleva el nombre del monumento más prestigioso de Gaudí y de los más visitados en España conocido en todo el mundo. Es una zona residencial bastante tranquila con una estructura típica del Eixample pero con un constante ir y venir de turistas. Tiene otros monumentos modernistas como el Hospital Sant Pau y parques preciosos para relajarse.    Las calles resi... ,1,171,2,Calefacción individual,null,95,90,Eixample,null,null,null,485.000 ,5.105 €/m²,Coldwell Banker Prestige Barcelona, Ref.: B05270BA ,4,null,1,Piso en venta en La Sagrada Família,http://idealista.com/inmueble/84354671/
1,1810, TROMPETAS / AGULLERS  Loft exterior totalmente actualizado de 60m². Espacios amplios diferenciados entre zona de día y zona de noche. Recibidor con armario empotrado cocina integrada a salón comedor habitación abierta con zona de vestidor con armario empotrado lavabo reformado en buen estado con plato de ducha. Calefacción por conductos techos altos con vigas vistas de madera (bóveda catalana) y suelos de parquet. Finca bicentenaria rehabilitada con ascensor (1ª planta). En pleno barrio Gótico junto a Plá del Palau y Vía Laietana carrer Trompetas con Agullers. Excelente comunicación por trasporte público tanto de metro L4 Jaume I como de varias líneas de autobuses. &nbsp;. ,1,130,null,Eléctrica,null,60,58,Sant Pere - Santa Caterina i la Ribera,null,null,null,290.000 ,4.833 €/m²,Gema, Ref.: 4158 ,1,Segunda mano/buen estado,null,Piso en venta en calle de les Trompetes,http://idealista.com/inmueble/91554828/
2,null, ¡ASCENSOR 4 DORMITORIOS 2 BAÑOS! - - - - - - - - - - - - - - - - - - - - - - - - - - - - - - - - - - -  En inmejorable zona en la misma Rambla Badal próximo a todo tipo de comercios y servicios como colegios parques restaurantes y centro médico. Excelente comunicación con parada de metro linea L1 Mercat Nou distintas lineas de autobús y bicing. A tan solo 6 minutos de la misma Carretera de Sants donde podrás encontrar multitud de tiendas comerciales y conexión con Plaza de España y zona de Montjuic.  Vivienda en 7ª planta en muy buena finca que dispone de 3 ascensores servicio de portería y acceso habilitado para personas con movilidad reducida. Consta de 80 metros distribuidos en 4 dormitorios (3 dobles y 1 individual) cocina independiente salón comedor con salida a balcón con vistas despejadas baño completo y aseo de cortesía. EL estado de la vivienda es listo para entrar a vivir y destaca su luminosidad altura y ubicación. ,1,258,7,Gas natural,null,80,null,Sants,null,null,null,245.000 ,3.062 €/m²,LA CASA AGENCY, Ref.: RAMBLA BADAL 245K ,4,Segunda mano/buen estado,null,Piso en venta en rambla de Badal s/n,http://idealista.com/inmueble/91523632/
1,1964, ¡OPORTUNIDAD POR ZONA!  Vivienda reformada de 3 dormitorios con baño salón-comedor cocina con lavadero y una pequeña despensa. Finca con ascensor.  Emplazada en el barrio de San Martín a un paso del metro (L2) de San Martín y de la futura estación del AVE - Rodalies y bus.  Si tienes dudas en algún producto financiero o deseas valorar tu piso contacta con nosotros. Si estás buscando un nuevo hogar en una de las zonas más exclusivas de San Martí ésta es sin duda una gran oportunidad. No dude en contactarnos para más información.  ¿TE LO VAS A PERDER?  *Los gastos propios de notaria gestoría registro y honorarios de agencia están no incluidos en el precio. Consúltenos. ,1,153,4,Gas natural,null,77,null,Sant Martí de Provençals,null,null,null,219.000 ,2.844 €/m²,"LA CASA AGENCY - LLEFIÀ REAL ESTATE, S.L.", Ref.: VTA-PONT-GUIP ,3,Segunda mano/buen estado,null,Piso en venta en rambla de Guipúscoa,http://idealista.com/inmueble/91464630/
2,null, Vivienda en planta baja exterior a reformar.  Con un total de 70m2 construidos se compone de gran salón-comedor exterior con cocina americana dos dormitorios dobles (uno con baño en suite) en total dos baños completos zona de lavandería y dos patios.  Dispone de acceso directo desde la calle. Si se desea se puede aprovechar parte del inmueble como local comercial y el restante como vivienda. Dispone de cédula de habitabilidad y la finca a aprobado la inspección técnica de edificios.  Junto a Plaça Espanya metro L1 y L3 y Ferrocarrils Catalans; y metro Hostafrancs L1. Junto al carrer Creu Coberta y el mercat d’Hostafrans.  En FINCAS Gp somos una empresa especializada en servicios inmobiliarios en la ciudad de Barcelona desde el año 1.993. Los precios indicados no incluyen gastos e impuestos de escrituras ni de financiación. Venta y alquiler de pisos y locales comerciales Encuentra más en. ,1,188,0,null,null,70,53,Hostafrancs,null,null,null,162.000 ,2.314 €/m²,Fincas Gp, Ref.: S-29389 ,2,Segunda mano/para reformar,null,Piso en venta en calle de Sant Roc,http://idealista.com/inmueble/91300840/
1,null, Piso céntrico quinto de altura real en finca regia con ascensor.  Con un total de 72m2 se compone de gran salón-comedor muy luminoso y soleado con salida a balcón con magnificas vistas de Montjuic cocina americana totalmente equipada tres dormitorios (uno doble) y baño completo.  El piso esta totalmente reformado y dispone de cerramientos de aluminio con doble cristal aire acondicionado frío/calor integrado por conductos suelos de tarima instalación de agua y luz nuevas armarios empotrados y mucho mas.  Muy bien comunicado por metro (esta en la puerta) y autobuses a cinco minutos andando de Plaza Catalunya y de Paseo de Gracia. la zona cuenta con todo tipo de tiendas restaurantes y servicios.  En FINCAS Gp somos una empresa especializada en servicios inmobiliarios en la ciudad de Barcelona desde el año 1.993. Gastos y impuestos no incluidos. Venta y alquiler de pisos y locales comerciales Encuentra más en. ,1,0,5,Eléctrica,null,72,null,Sant Antoni,null,null,null,360.000 ,5.000 €/m²,Fincas Gp, Ref.: S-29607 ,3,Segunda mano/buen estado,null,Piso en venta en calle del Comte Borrell,http://idealista.com/inmueble/91295923/
1,1936, Excelente inmueble listo para entrar a vivir ubicado en calle Tigre junto a calle del Lleó a pocos metros de Ronda Sant Antoni en el distrito de Ciutat Vella. Ubicado en una 2ª planta real de una finca de 1.936 con ascensor. La propiedad dispone de un total de 52m² de superficie más elementos comunes según catastro. Se distribuye en un luminoso y espacioso salón comedor de 20m² con salida a balcón (actualmente con habitación integrada tipo loft) cocina abierta tipo office una habitación individual y baño completo con plato de ducha. Dispone de aire acondicionado.  No pierda la oportunidad de venir a verlo. FORCADELL le ofrece asesoramiento y le ayuda en las gestiones para la obtención de la hipoteca. FINCAS FORCADELL SLU AICAT 163 Pl. Universitat 3 Baixos. BARCELONA. ,1,128,2,null,null,52,44,El Raval,null,null,null,200.000 ,3.846 €/m²,Dakota Hamilton, Ref.: V36041 ,1,null,null,Piso en venta en calle del Tigre,http://idealista.com/inmueble/91263615/
2,1976, JUNTO SAGRADA FAMILIA; Precioso piso de 80m² totalmente amueblado y equipado exterior y muy soleado. Inmejorable Orientación a Sur. Está situado en una 2º altura real de un edificio del año 1976. Consta de 3 habitaciones dos dobles siendo una de ellas en suite. 2 baños completos ambos con  calefacción radial. Salón comedor con salida a una agradable terraza y cocina independiente totalmente equipada con electrodomésticos (Horno vitrocerámica microondas frigorífico lavavajillas y lavadora) y salida a un lavadero.  Dispone además de aire acondicionado calefacción individual de gas altillos y suelos de parquet. Posibilidad de parking en la misma finca. Excelente ubicación muy cerca de la Sagrada Familia supermercados comercios de barrio transporte público y todos los servicios necesarios para el día a día. EXES le ofrece los servicios de asesoramiento y gestión para la obtención de la hipoteca. ¡No dude en visitarlo! ,1,262,1,Gas natural,null,80,null,La Sagrada Família,null,null,null,350.000 ,4.375 €/m²,EXES, Ref.: 037-5177 ,3,Segunda mano/buen estado,1,Piso en venta en calle de la Marina,http://idealista.com/inmueble/90739551/
2,1968, CLOT Excelente ático con acogedora terraza.  El inmueble se compone de salón con salida a terraza a nivel con agradables vistas y muy disfrutable todo el año cocina office baño completo y aseo y 3 habitaciones con lavadero adicional. La distribución es cuadrada y funcional con múltiples posibilidades según sus necesidades. Alto soleado y tranquilo.  Está situado en finca de categoría totalmente rehabilitada con ascensor en una ubicación estratégica con todos los transportes (metro bus ferrocarriles) y servicios y comercios necesarios para el día a día.  Buena oportunidad de adquirir un buen ático por precio y zona. Digno de ver! ,1,163,8,null,null,78,null,Navas,null,null,null,249.900 ,3.204 €/m²,Expofinques Meridiana, Ref.: 148-5925 ,3,Segunda mano/buen estado,1,Ático en venta en calle de Biscaia,http://idealista.com/inmueble/90572577/
2,null,  Nogal Partners presenta esta exclusiva vivienda completamente reformada en la zona exclusiva de la Sagrada Familia.   La vivienda consta de 2 habitaciones. La cocina destaca por su innovador diseño y su gran capacidad de almacenaje. Además vienen integrados e incluidos en el precio de venta toda la gama de electrodomésticos. Consta además de 2 baños completos también de diseño.  En una combinación perfecta entre historia y modernidad se han escogido los mejores materiales para disfrutar de una experiencia única: suelos de cerámica hidráulica y parquet de roble natural encimeras de Silestone pulido electrodomésticos Siemens griferías de Icónico … La carpintería exterior es de madera en acabado color verde-negro con cuarterones de cristal con doble vidrio y cámara de aire. Dispone de aire acondicionado y bomba de calor de la marca... ,1,116,6,Bomba de frío/calor,null,60,null,La Sagrada Família,null,null,null,399.900 ,6.665 €/m²,Nogal Partners, Anuncio: 81948805 ,2,Segunda mano/buen estado,1,Piso en venta en Marina 247,http://idealista.com/inmueble/81948805/
2,1965,  Vivienda amplia exterior y acogedora situada en la cuarta planta de un edificio en la Bonanova con orientación este. Consta de 181m2 lo que permite una redistribución de la misma según necesidades o se puede utilizar la distribución actual que es muy práctica al aprovechar todos espacios y la luz natural. En primer lugar encontramos un amplio recibidor que da paso a un gran salón con chimenea que tiene un agradable sol de mañana. Desde esta zona de día se tiene acceso a una terraza disfrutable todo el año y a dos dormitorios dobles (antes estos espacios pertenecían al salón) conectados entre si amplios y luminosos. Estas dos habitaciones comparten un baño completo vestidor y salida a la terraza. A continuación llegamos a la cocina office con zona de despensa armarios y zona de aguas que completa un recorrido circular desde el recibi... ,1,287,4,null,null,181,180,Sarrià-Sant Gervasi,1,825.000 € ,4,795.000 ,4.392 €/m²,Bribarcelona ., Ref.: VPI1-0460 ,5,Segunda mano/buen estado,1,Piso en venta en Sant Gervasi - La Bonanova,http://idealista.com/inmueble/84284635/
1,1962, SANT GENÍS DELS AGUDELLS-Lado Hospital Universitari Vall d’ Hebrón se vende piso con trastero en perfecto estado de conservación para entrar a vivir. Tiene una superficie construida de 83m². tres habitaciones (dos dobles y una sencilla) todas ellas exteriores un baño completo con plato de ducha amplio salón comedor con salida a balcón cubierto. Tiene una acogedora cocina equipada con nevera y microondas cuarto de lavado con lavadora el piso es todo exterior muy luminoso y con orientación sur. Los acabados son: carpintería de ventanas de aluminio con doble acristalamiento y persianas eléctricas suelo mosaico gres parqué calefacción por radiadores y baño actualizado. Se puede entregar amueblado y equipado tal y como se ve en las fotos. Ideal parejas familias e inversores.  HOSPITAL VALL D’HEBRÓN.  ¡Gran oportunidad por precio y zona. ,0,0,1,null,null,83,76,Sant Genís Dels Agudells - Montbau,null,null,null,149.900 ,1.806 €/m²,Expofinques Fabra i Puig, Ref.: 008-6000 ,3,Segunda mano/buen estado,null,Piso en venta en ELIES PAGES,http://idealista.com/inmueble/91419907/
2,null, ENCANTADOR PISO EN EL CAMP D’EN GRASSOT  Luminoso apartamento exterior ubicado en el distrito de Gràcia en el barrio del Camp d’En Grassot.   Está rodeado por principales vías de acceso como la Travessera de Gràcia el Passeig de Sant Joan y la Av. Diagonal.  Muy cerca encontramos la Sagrada Familia la Pedrera la Casa Batlló y el Paseo de Gràcia famoso por la gran variedad de tiendas de reconocidos diseñadores.   Esta zona cuenta con diversos supermercados colegios restaurantes lugares de ocio comercios y centros turísticos.   Muy bien comunicado con líneas de metro tren autobús y estaciones de Bicing.  Disponemos de un apartamento exterior de 75 m2 con terraza de 5 m2.  Consta de: Luminoso salón-comedor cocina dos habitaciones una doble en suite y una individual dos baños gas calefacción y ascensor.  Dispone de parquet natural.  El apartamento fue construido en el año 2000. La finca es de obra vista.  La maravillosa zona donde está ubicado la magnífica iluminación y los excelentes acabados te permitirán vivir en un lugar cómodo y sobre todo encantador.   Listo para entrar a vivir. ,1,0,1,Calefacción individual,null,75,null,El Camp d'En Grassot i Gràcia Nova,null,355.000 € ,3,345.000 ,4.600 €/m²,Letsgocasa, Ref.: LG00566 ,2,Segunda mano/buen estado,1,Piso en venta en calle de Roger de Flor,http://idealista.com/inmueble/91221010/