bathrooms,constructed_year,description,elevator,energetic_qualification_kWhm2_año,floor,heater_system,its_new,m2_build,m2_useful,neighbourhood,parking,price_down_euro,price_down_percentage,price_euro,price_m2,real_estate,ref,rooms,status,terrace,title,link
1,1915, GRAN OPORTUNIDAD!  Piso ubicado en la zona de Camp de l'Arpa cerca del metro L2 (lila) Encants próximo a todo tipo de comercios y servicios como colegios parques restaurantes y centros médicos.  Consta de 61m² construidos distribuidos en un salón comedor con salida a balcón cocina abierta una habitación y un baño completo con plato de ducha.  No dudes en preguntar y venir a visitarlo!  Impuestos gastos y honorarios de la agencia no incluidos en el precio. Tenemos el departamento de hipotecas por si necesita asesoramiento financiero. ,1,127,4,null,null,61,null,La Sagrada Família,null,235.000 € ,3,229.000 ,3.754 €/m²,Aureli Sanchez, Ref.: ValMarcSPSanti ,1,Segunda mano/buen estado,null,Piso en venta en calle de València,http://idealista.com/inmueble/90972228/
2,1900, Maravilloso piso a tres vientos ubicado en Gran Via de les Corts Catalanes.    Situado en una 7ª planta real en una finca de principios del Siglo XX y con ascensor consta de 140m2 distribuidos en 4 habitaciones dobles 3 de ellas totalmente exteriores y 1 tipo suite.     Salón comedor muy luminoso con vistas despejadas a la montaña y al Tibidabo con acceso directo a un agradable despacho. Amplia cocina independiente y semi abierta a un espacio tipo office.     Esta propiedad dispone de tres orientaciones por lo que le permite disfrutar de muchas horas de sol directo.     Calefacción de gas aire acondicionado por conductos ventanas con doble acristalamiento y con maneta de seguirdad. ,1,0,6,Gas natural,null,140,null,Eixample,null,null,null,630.000 ,4.500 €/m²,Premium Houses, Ref.: P-013980 ,4,Segunda mano/buen estado,1,Piso en venta en La Nova Esquerra de l'Eixample,http://idealista.com/inmueble/90235598/
1,1972,  Luminoso piso en Sants Montjuic - La Marina de Port.  Piso completamente Reformado. Tiene 65 m2. Consta de un recibidor salón comedor dos dormitorios (uno doble con un cambiador-vestidor anexo y otro individual) baño completo (equipado con ducha) cocina independiente (equipada con electrodomésticos de alta gama) un estudio o despacho y una terraza de 8 m2 (con vistas a Montjuic).  Cerramientos exteriores de aluminio Aire acondicionado con Bomba de calor suelos de parquet.   Es un piso todo exterior (el comedor los dos dormitorios y hasta la cocina tienen luz natural) por lo que es muy luminoso y tiene muy buena ventilación.     ENTORNO: Cerca de la vivienda hay varias plazas y parques (Montjuïc Can Sabaté i Parc de la Font Florida). También hay un completísimo equipamiento deportivo (el Institut Nacional de Educació Fisica de ... ,1,204,1,Bomba de frío/calor,null,64,59,Sants-Montjuïc,null,null,null,220.000 ,3.438 €/m²,Dux Grupo Inmobiliario, Ref.: ZF2002 ,3,Segunda mano/buen estado,1,Piso en venta en La Marina del Port,http://idealista.com/inmueble/86253473/
1,1800, . En el emblemático Barrio Gótico de Barcelona a escasos metros de Portal del Angel y Plaza Catalunya. Se encuentra este precioso ático de 58m2 + 50m2 de terraza privada. Es un edificio emblemático de la Barcelona mas histórica construido en el año 1800 pero con las comodidades de los tiempos actuales ya que recientemente se ha instalado un ascensor.  Disfrutaremos de muchísima luz natural durante todo el día en un espacio diáfano de casi 30 m2 donde tenemos el salón con cocina integrada. También disponemos de un amplio ventanal con salida al balcón con vistas a una bonita calle del Gótico. El baño es de grandes dimensiones 545m2 equipado con ducha y ventana al exterior. Desde el salón accedemos a una habitación de 7m2. Esta vivienda tiene muchos privilegios difíciles de conseguir en un barrio tan emblemático de la ciudad. Claridad todo el día finca con ascensor y una espectacular terraza privada de 50 m2 con vistas a la ciudad. Además listo para entrar a vivir  Está para entrar a vivir sin hacer reforma y vigas de madera restauradas. ,1,346,3,null,null,58,null,Ciutat Vella,null,null,null,370.000 ,6.379 €/m²,AMAT IMMOBILIARIS, Ref.: 26252 ,1,Segunda mano/buen estado,1,Ático en venta en Urb. El Gótic El Gòtic,http://idealista.com/inmueble/85893997/
1,null, ProntoPiso pone a la venta loft situado en zona céntrica de Barcelona junto a la Avenida Diagonal. A pocos minutos de la Sagrada Familia y de la parada de Metro de Verdaguer. Un solo ambiente ideal para una persona sola o incluso para despacho Dispone de todo tipo de servicios centro de salud educativos y deportivos. Ideal como inversión. ,1,0,6,null,null,45,null,La Dreta de l'Eixample,null,null,null,195.000 ,4.333 €/m²,ProntoPiso, Ref.: E353F4CA ,1,Segunda mano/buen estado,null,Piso en venta en calle de València,http://idealista.com/inmueble/90621527/
5,1976, Situado en una de las mejores zonas de bcn. Finca de nivel. Gran piso de 309 m2 aprox con terraza disfrutable a nivel de salón. Vistas despejadas totalmente exterior. Bien distribuido grandes espacios. Gran zona comunitaria con piscina. Conserje. 3 plazas de aparcamiento. Único en su zona. ,1,0,4,null,null,309,null,Pedralbes,1,null,null,2.000.000 ,6.472 €/m²,MG Grupo Inmobiliario, Ref.: VA1328 ,5,Segunda mano/buen estado,1,Piso en venta en calle de Bosch i Gimpera,http://idealista.com/inmueble/87722414/
2,null, Loft en Barcelona zona Sants 103 m. de superficie 8 m2 de terraza 2 habitaciones dobles un baño un aseo carpintería exterior de aluminio / climalit.  Extras: acceso pmr agua aire acondicionado bomba frío y calor buhardilla galería luminoso luz patio puerta blindada autobuses céntrico centros comerciales centros médicos cerca de universidad colegios hospitales metro supermercados    Venta: 240.000 €. ,0,0,0,null,null,103,93,Sants-Montjuïc,null,null,null,240.000 ,2.330 €/m²,Coldwell Banker Avenir Real Estate, Ref.: SALOU ,2,null,1,Piso en venta en Sants,http://idealista.com/inmueble/91527166/
2,1968,null,1,0,3,null,null,98,91,Eixample,null,null,null,430.000 ,4.388 €/m²,Properties Investment, Ref.: 1195 ,4,Segunda mano/para reformar,1,Piso en venta en El Fort Pienc,http://idealista.com/inmueble/90599662/
2,2019, Piso de obra nueva en la Barceloneta el emblemático barrio marinero de Barcelona.  Planta baja con acceso directo consta de 2 habitaciones dobles con 2 baños y un amplio salón-comedor con cocina integrada y equipada. Dispone de aire acondicionado y calefacción. Materiales de primera calidad. Entrega a finales del 2019. Ideal para realizar una buena inversión. ,1,0,0,Bomba de frío/calor,null,83,70,Ciutat Vella,null,null,null,390.000 ,4.699 €/m²,AMAT IMMOBILIARIS, Ref.: 26286 ,2,Segunda mano/buen estado,null,Piso en venta en Urb. La Barceloneta La Barceloneta,http://idealista.com/inmueble/85775386/
2,1900,  El ambiente modernista la exclusividad y el alto standing son algunas de las características más deseadas de la zona del ‘Quadrat d’Or’ donde se encuentra este magnífico piso de 169m2. Una joya única que destaca por la combinación de sus acabados de primera calidad cuidadosamente seleccionados junto con algunos de sus elementos originales que han sido restaurados para aportar elegancia y distinción. Además la vivienda es completamente exterior y dispone de una amplia galería desde donde disfrutar de unas impresionantes vistas a una de las obras más significativas del arquitecto catalán Antoni Gaudí ‘La Pedrera’.   Accedemos a la propiedad a través del recibidor que nos abre paso al amplio salón comedor con chimenea y salida a la galería cocina americana completamente equipada con electrodomésticos ‘Miele’ a estrenar zona de lavad... ,null,0,null,null,null,169,null,Eixample,null,null,null,1.600.000 ,9.467 €/m²,Atipika Lifestyle Properties, Ref.: 14725 ,3,null,1,Piso en venta en La Dreta de l'Eixample,http://idealista.com/inmueble/91637762/
1,1970, Situado en el distrito de Sants Montjuic  Piso exterior a calle con orientación este que tiene 68 m2 dispone de 3 habitaciones  2 dobles y una mediana. Cuenta con un baño y cocina independiente ubicado en la quinta planta de una finca bien conservada con balcón.   El inmueble se encuentra en buen estado es bastante luminoso y cuenta con salida a un amplio balcón.   La finca es del año 1970 y cuenta con ascensor.   El equipo de La Meva Llar estará encantado de ayudarte para que puedas sentirte como en casa a la hora de realizar tu compra o tu alquiler. Encuentra más en. ,1,0,5,null,null,68,null,El Poble Sec - Parc de Montjuïc,null,null,null,230.000 ,3.382 €/m²,La Meva Llar, Ref.: PiquerJM ,3,Segunda mano/buen estado,null,Piso en venta en calle de Piquer,http://idealista.com/inmueble/91440055/
2,null, Referencia: 141A19JSP15 FANTÁSTICO PISO EN VENTA EN PASEO SAN JUAN JUNTO AVDA. DIAGONALPrecioso piso de 87 metros cuadrados útiles de ubicación inmejorable distribuido en salón-comedor con acceso a balcón de orientación oeste abierto a amplio patio de manzana característico del Eixample. Dispone de amplia cocina independiente con electrodomésticos integrados y acceso a galería de zona de aguas. Dispone de 3 habitaciones de las cuáles dos son dobles y una individual. La habitación doble principal es exterior y tipo suite de baño anexo con bañera. Encontramos parquet a lo laro de todo el piso a excepción de cocina y cuartos de baño donde el suelo es cerámico. La vivienda dispone de aire acondicionado y calefacción mediante radiadores de gas. La finca dispone de una fantástica terraza comunitaria con zona de hamacas y ducha donde poder disfrutar de maravillosas vistas de la ciudad. El año de construcción de la finca es 1970 y se encuentra totalmente actualizada técnicamente con ITE superada. Dispone de dos ascensores uno de los cuáles doble ideal para trasladar carritos o bicicletas. En la puerta de la finca encontramos para de autobus de las líneas'. ,1,0,5,Calefacción individual,null,105,90,La Dreta de l'Eixample,null,445.000 € ,2,435.000 ,4.143 €/m²,ShBarcelona, Ref.: 141A19JSP15 ,3,Segunda mano/buen estado,null,Piso en venta en paseo de Sant Joan,http://idealista.com/inmueble/91232235/
2,1980, Ático con impresionantes vistas En una ubicación inmejorable en Eixample &nbsp;Esquerra encontramos este fantástico ático totalmente reformado hace 2 años con excelentes calidades.  Tiene una distribución muy buena ya que es totalmente cuadrado a la entrada tenemos un amplio recibidor con armarios empotrados a un lado encontramos el salón comedor con cocina abierta y una estupenda terraza a pie de salón de unos 32m2 con el suelo de Teca recién pulido y tratado. Esta misma terraza tiene acceso por una escalera a una terraza superior de unos 65m2 con el suelo renovado recientemente con impresionantes vistas a toda Barcelona ya que es a 4 vientos.  Al otro lado del recibidor&nbsp; tenemos dos habitaciones &nbsp;dobles &nbsp;exteriores y dos baños &nbsp;completos uno de ellos en suite la suite tiene un gran armario hecho a medida.  Cabe mencionar que se ha hecho una reforma integral de toda la vivienda con excelentes calidades&nbsp; y cuidando hasta el último detalle la cocina dispone de todos los electrodomésticos de alta gama.  El piso destaca por la exterioridad de todas las estancias y disfruta de magnífica luz natural. ,1,154,8,Eléctrica,null,110,null,Eixample,null,760.000 € ,9,695.000 ,6.318 €/m²,aProperties Real Estate Barcelona, Ref.: VB2003021-1 ,2,Segunda mano/buen estado,1,Ático en venta en L'Antiga Esquerra de l'Eixample,http://idealista.com/inmueble/90123341/
2,1997,  Literalmente... un piso de Revista de Decoración minimalista atemporal con un jardín oriental que lo convierte en un oasis en medio de la ciudad un remanso de paz muy tranquilo y sin ruidos. Un espacio que no deja ningún detalle librado al azar una obra de gran belleza es la que ha creado el arquitecto y diseñador neoyorkino autor de este nuevo concepto de Loft con espacios abiertos pero versátiles que permiten integrarse visualmente o respetar la intimidad según las necesidades sin perder la estética de líneas puras que ha merecido varias publicaciones en revistas de prestigio.  Este maravilloso piso de 140 m2 construidos cuenta con un gran salón y ventanales en todo su frente a la calle con vistas ajardinadas por donde entra el sol de mañana. Tiene 3 habitaciones dos de ellas dobles de las cuales 1 es en suite con su baño cor... ,1,0,1,Gas natural,null,180,null,El Putxet i el Farró,1,null,null,984.000 ,5.467 €/m²,Paula Aharonian, Ref.: 3451-02030 ,3,Segunda mano/buen estado,1,Piso en venta en calle de Bertran,http://idealista.com/inmueble/91076383/
1,1979,  ETHIC REAL STATE presenta esta casa adosada ubicada en El Besòs i el Maresme a tan solo 1km de la playa se trata de vivienda distribuida en 3 plantas dispone de 81m2 construidos (63m2 de vivienda) + 25m2 de terraza (Orientación Sureste)  La vivienda dispone de elementos que logran el máximo confort ventanas de doble cristal para mejor aislamiento acústico cocina reformada y equipada suelos de parquet luces led de bajo consumo split de aire acondicionado frío/calor y caldera eléctrica.  DISTRIBUCIÓN:  En la planta principal (zona día) disponemos de un amplio salón comedor con salida directa a terraza de 25m2 cocina reformada con salida exterior y aseo de cortesía.  En planta 1(zona noche) 2 amplios dormitorios exteriores y 1 baño completo con plato ducha por último en la planta sótano disponemos de un espacio diáfano de 18m2 ... ,null,0,null,Calefacción individual,null,81,null,El Besòs,null,null,null,225.000 ,2.778 €/m²,Jose Rodriguez, Ref.: 155 CASA PERE BLAI ,2,Segunda mano/buen estado,1,Chalet adosado en venta en calle de Pere Blai,http://idealista.com/inmueble/90984353/
2,1979,  ESPECTACULAR PISO ALTO Y SOLEADO EN BONANOVA En el exclusivo barrio de Sarrià en una de las zonas más premium de La Bonanova encontramos esta fabulosa vivienda orientada a tres vientos. Al entrar en el piso nos encontramos con un amplio vestíbulo por el que se accede a un luminoso salón comedor con vistas despejadas gracias a sus enormes ventanales orientados a sur. A continuación a su izquierda tenemos una luminosa cocina que dispone de espacio office y junto a ésta una práctica zona de aguas también exterior. La zona de noche la componen cuatro habitaciones de las cuales tres son dobles y una suite con unas vistas espectaculares que incorpora un enorme vestidor y baño. Al ser un piso alto y tener distribución cuadrada goza de una orientación privilegiada que garantiza luz todo el día. La propiedad tiene 1 plaza de aparcamiento ... ,1,166,5,Gas natural,null,160,null,Sarrià-Sant Gervasi,1,1.190.000 € ,4,1.138.000 ,7.112 €/m²,Barcelona MMC - Zona Alta - S1, Ref.: W-02HIV3 ,4,Segunda mano/buen estado,null,Piso en venta en Sant Gervasi - La Bonanova,http://idealista.com/inmueble/90258819/
3,1976,  Magnifico piso alto con vistas en Bonanova Finca 100% adaptada con 2 ascensores. Vivienda con dos entradas principal y servicio. En la entrada principal tenemos un amplio recibidor de uso privativo al que llega el ascensor. Accedemos al salón comedor a la zona de noche zona de servicio y la cocina. Parking amplio grande en la misma finca con acceso cómodo y directo desde el ascensor se vende aparte y cuyo precio es de 30.000€.  El salón-comedor amplio y 1 habitación grande en suite tiene una orientación NO. 3 habitaciones y 2 baños más completan la zona de descanso.  Toda la zona comunitaria es muy tranquila muy amplia y ajardinada. Dos piscinas pista de tenis zona infantil y sala de reuniones. El proyecto de reforma de la firma italiana Fabrizio Leoni Architettura ha enfocado la activación del eje longitudinal del apartament... ,1,183,3,Gas natural,null,156,null,Sarrià-Sant Gervasi,1,1.120.000 € ,3,1.090.000 ,6.987 €/m²,Barcelona MMC - Zona Alta - S1, Ref.: W-02J4JQ ,4,Segunda mano/buen estado,1,Piso en venta en Sant Gervasi - La Bonanova,http://idealista.com/inmueble/90133936/
2,1910,  Excelente piso en finca modernista en Eixample Entrando en la propiedad nos encontramos en un bonito distribuidor que da acceso cómodamente a todas las estancias de la vivienda.   Avanzando a mano derecha encontramos el dormitorio principal con armarios empotrados y un baño en suite este espacio cuenta también con un balcón que da a patio interior.  Siguiendo por el pasillo a mano derecha tenemos un pequeño cuarto donde está instalada la caldera y que puede ser utilizado como espacio de almacenaje.  El pasillo termina en una bonita cocina semi abierta totalmente equipada con electrodomésticos de alta gama y una bonita isla que permite aprovechar el espacio como un práctico comedor.  Desde la cocina tenemos acceso al majestuoso salón. Un espacio muy amplio y luminoso con dos balcones hacia calle París y una espectacular tribuna con cris... ,1,159,1,Calefacción individual,null,122,null,Eixample,null,780.000 € ,4,750.000 ,6.148 €/m²,Barcelona MMC - Eixample - S2, Ref.: W-02DRXE ,3,Segunda mano/buen estado,null,Piso en venta en L'Antiga Esquerra de l'Eixample,http://idealista.com/inmueble/89835259/
2,1974,  Precioso piso reformado en Eixample Piso reformado de 85m2 con 2 habitaciones 2 baños y terraza en el Eixample Esquerra. Destaca por su atractivo diseño en el que se ha aprovechado al máximo la luz de la que dispone creando espacios semiabiertos. La vivienda se encuentra en la quinta planta de una finca señorial con dos ascensores servicio de conserjería y da a un patio de manzana de gran amplitud y muy tranquilo. El piso de 88 m2 construidos se distribuye empezando por una habitación y el baño de cortesía en la entrada de la vivienda. Nos adentramos más en el piso y encontramos una cocina de diseño totalmente equipada. Dispone de una gran capacidad de almacenaje fogones profesionales campana de gran calidad horno y microondas Siemens de diseño y una barra americana con la pica y un extraordinario espacio para cocinar.  Seguidamen... ,1,82,5,null,null,88,null,Eixample,1,490.000 € ,2,479.000 ,5.443 €/m²,Barcelona MMC - Eixample - S2, Ref.: W-02IN1S ,2,Segunda mano/buen estado,null,Piso en venta en La Nova Esquerra de l'Eixample,http://idealista.com/inmueble/89620029/
3,1976,  Fenomenal piso en República Argentina Se trata de un precioso tercer piso en la calle República Argentina de 133 m2 a actualizar. Consta de 5 habitaciones y 3 baños. Entramos en el piso donde nos encontramos un amplio recibidor donde girando a la derecha encontramos una habitación doble interior y girando a la izquierda encontramos una amplia cocina con acceso a una habitación de servicio interior con un baño completo la entrada de servicio al piso y una zona de aguas. Desde el recibidor encontramos un amplio salón con dos ambientes que da a una terraza de unos 6 m2. Ésta espaciosa sala dispone de aire acondicionado y vistas. A la izquierda del comedor tenemos el dormitorio principal exterior con su baño y vestidor y a la derecha del comedor pasamos a una habitación doble exterior un baño y otra habitación individual interior. Tod... ,1,0,3,Gas natural,null,132,null,Sarrià-Sant Gervasi,1,530.000 € ,4,510.000 ,3.864 €/m²,Barcelona MMC - Zona Alta - S1, Ref.: W-02HRGY ,5,Segunda mano/para reformar,1,Piso en venta en El Putxet i el Farró,http://idealista.com/inmueble/89010544/
2,1930, Piso grande y muy luminoso en Gràcia Espectacular piso alto en finca regia con ascensor. Se distribuye como los típicos picos de Eixample a dos vientos. Se accede a través de un amplio distribuidor; a la izquierda encontramos un amplio salón dividido en dos zonas con dos balcones a la calle enfrente bonito despacho. A la derecha encontramos la cocina baño cuarto de maquinas y una habitación doble. Siguiendo el pasillo encontramos una gran suite con amplio vestidor (fácilmente convertible en otra habitación) y una galería cerrado a patio de manzana. elementos originales techos altos y un magnifico estado de conservación. Situado en el límite entre los barrios de Gràcia y Eixample. A pocos metros del Passeig de Sant Joan. Parada de Bus en la puerta y a dos pasos de la línea 5 de metro. Todo tipo de servicios alrededor. ,1,0,4,Gas natural,null,186,null,Gràcia,null,975.000 € ,2,955.000 ,5.134 €/m²,Barcelona MMC, Ref.: W-02HNTF ,3,Segunda mano/buen estado,null,Piso en venta en El Camp d'En Grassot i Gràcia Nova,http://idealista.com/inmueble/88177774/
2,null,  Piso en venta en el Gótico En las pequeñas calles del barrio Gótico rodeado de múltiple oferta gastronómica y a sólo tres calles del Soho House encontramos este encantador piso reformado con mucho gusto y diseño funcional en una finca clásica de sólo 7 vecinos.  Al entrar a la vivienda encontramos un bonito hall de bienvenida con una ventana que da a un patio interior y a pocos pasos una cocina totalmente equipada tipo office junto con una amplia zona de comedor y un baño completo totalmente equipado.  La vivienda consta de dos habitaciones muy amplias y muy cómodas cada una de ellas decoradas con mucho gusto y encanto. La que encontramos a continuación de la cocina es una habitación con baño completo y con terraza que da a un patio interior muy tranquilo y con&nbsp; techo que le da privacidad. A su vez esta habitación cuenta con... ,0,112,null,null,null,92,null,Ciutat Vella,null,null,null,392.000 ,4.261 €/m²,aProperties Real Estate Barcelona, Ref.: VB2009012-1 ,2,Segunda mano/buen estado,1,Piso en venta en El Gòtic,http://idealista.com/inmueble/91296689/
2,1968, Oportunidad de compra en el Sants.  El piso de 92m2 construidos consta de 3 dormitorios de los cuales 2 son dobles (1 con armario empotrado) cocina office de grandes dimensiones con salida a terraza lavadero a patio interior. Dos cuartos de baño recibidor y amplio salon-comedor. Si bien la finca es de 1968 y el piso ha sufrido reformas a posteriori es necesario hacer algunas actualizaciones en los acabados del mismo.  Cuenta con ventanas de pvc con doble acristalamiento y persianas automatizadas en toda la casa(salvo 1 habitacion interior) calefacción por gas natural aire acondicionado por conducto en todas las estancias ascensor y suelos de gres. Respecto a su ubicación cabe destacar que se encuentra en una de las vías principales del barrio de Sants rodeada de comercios y a escasos 30 metros de la boca de metro de Plaça de Sants.  Ya sea para vivir o bien como inversión para rentabilizar alquilando esta vivienda es una excelente oportunidad de adquirir un bien inmueble en una de las zonas con más proyección de futuro y crecimiento de Barcelona. ,1,0,3,Gas natural,null,92,85,Sants-Montjuïc,null,null,null,275.000 ,2.989 €/m²,Fincas Cano Pujol, Ref.: v7170 ,3,Segunda mano/buen estado,null,Piso en venta en Urb. Sants Sants,http://idealista.com/inmueble/89755399/
2,2020,  Bajos con jardin de obra nueva en Sagrera Piso bajo con jardín de obra nueva en la Sagrera con una superficie de 60 m2 y un jardín de 66 m2. Tiene dos habitaciones una doble con baño y otra individual y un segundo baño. Cocina abierta totalmente equipada con electrodomésticos Miele horno inducción nevera lavadora-secadora lavaplatos todo panelado. Se encuentra en un edificio rehabilitado totalmente con un nivel de acabados de máxima calidad. Suelos de parquet Haro aislamiento acústico térmico e inífugo de las paredes con las placas Knauf Diamant ventanas de aluminio de alta gama e iluminación led. La climatización es por aerotermia que produce calefaccion aire acondicionado y agua caliente de la forma mas eficiente que existe hoy en día consumiendo solamente un 30% con respecto a los sistemas convencionales. El edific... ,1,20,0,Calefacción individual,null,93,null,Sant Andreu,null,null,null,375.000 ,4.032 €/m²,Barcelona MMC, Ref.: W-02GX2G ,2,Segunda mano/buen estado,null,Piso en venta en La Sagrera,http://idealista.com/inmueble/89439569/
2,1975,  Maravilloso ático en Gràcia con vistas Presentamos este sensacional sobre ático ubicado justo por encima de Travessera de Dalt entre el Park Güell y la plaça de Lesseps. El constructor del edificio lo diseñó para su propia familia disponiendo el ascensor hasta el interior de la vivienda sin vecinos a ningún lado y orientado a Sur al Este y al Oeste. Dispone de tres dormitorios en planta dos baños completos (uno en suite) y una buhardilla de 32 metros con ventana Velux desde la que se ve al mar. La máster suite con salida directa a la terraza de 60 metros cuadrados (aproximadamente) mide 37 m2 con el baño también exterior. La zona de día también con salida a la terraza mide 55m2 y goza de una entrada de luz exuberante. La cocina con una zona de office exterior también da a la terraza desde la que se disfruta de una vista incom... ,1,0,5,null,null,213,null,Gràcia,1,null,null,799.000 ,3.751 €/m²,Barcelona MMC, Ref.: W-02DWM0 ,4,Segunda mano/buen estado,1,Ático en venta en La Salut,http://idealista.com/inmueble/87904230/
2,null,  Esta preciosa vivienda goza de una ubicación excelente en una finca de época en el corazón de Eixample Derecho con todos los servicios y las comodidades a la vuelta de la esquina. El edificio dispone de un ascensor nuevo con capacidad para 6 personas.   El piso con una reforma de alta gama combina acabados modernos con detalles decorativos originales llenos de encanto como los coloridos suelos hidráulicos y techos altos maravillosos.   La distribución es muy práctica: al entrar encontramos la zona de día muy espaciosa a mano izquierda. Esta parte de la vivienda se compone de una cocina abierta totalmente equipada y de un amplio salón-comedor con 2 balcones orientados al sureste que dan a la calle Valencia.   Un pasillo separa el salón de los dormitorios y ofrece un baño completo con una ducha grande. El primer dormitorio que enco... ,1,0,null,null,null,169,null,Eixample,null,null,null,950.000 ,5.621 €/m²,Lucas Fox Barcelona, Ref.: BCN7672 ,3,Segunda mano/buen estado,1,Piso en venta en La Dreta de l'Eixample,http://idealista.com/inmueble/85119461/
4,1998, Este único y espectacular ático dúplex de 250 m² se sitúa en la calle más cotizada de Barcelona el paseo de Gràcia y dispone de una terraza de 57 m² con unas increíbles vistas.   Actualmente el salón-comedor y la cocina se encuentran en la primera planta junto con la zona de servicio y un dormitorio principal con vestidor y baño privado.   La segunda planta alberga dos grandes dormitorios con baño privado y un espacio central abierto que está actualmente destinado a oficina.   Si se deseara el futuro propietario podría revertir fácilmente la distribución de los espacios y ubicar la zona de día en la segunda planta con salida directa a la terraza. La redistribución de los espacios podría ser bastante sencilla gracias a la estructura del edificio por pilares.   Cabe destacar la gran luminosidad de todas las estancias con grandes ventanales en la primera planta y con salida directa a la terraza directa en la segunda planta.   El piso se localiza en un edificio que dispone de conserje y que se restauró íntegramente de la mano del arquitecto Carles Ferrater en 1996.   Si se desea existe la posibilidad también de adquirir en el mismo edificio varías plazas de aparcamiento así como un box cerrado para dos coches y trastero. ,1,0,null,null,null,279,null,Eixample,1,null,null,2.950.000 ,10.573 €/m²,Lucas Fox Barcelona, Ref.: BCN24493 ,4,Segunda mano/buen estado,1,Ático en venta en La Dreta de l'Eixample,http://idealista.com/inmueble/90926217/
2,1967, Encantador piso alto de cuatro-dormitorios y dos baños completos ubicado en el conveniente distrito de l’Eixample Zona La Nova Esquerra de l’Eixample. El inmueble tiene un ambiente muy acogedor con la habitación principal exterior en-suite y comprende un recibidor salón-comedor práctica cocina tres habitaciones dobles una individual y dos baños completos. El estado de la vivienda es a actualizar.  La Nova Esquerra de l’Eixample es una zona muy bien comunicada con una gran variedad de Buses locales para todas las direcciones de la ciudad y a sólo 7 minutos caminando a la Estación de Trenes Barcelona-Sants con conexiones nacionales e internacionales líneas de Metro L3 – Estaciones Sants y Tarragona (Verde) y L5 - Entença (Azul) y L1 – Rocafort (Roja) rápido y fácil acceso a la Av. de Roma Gran Vía Av. Josep Tarradellas y Ronda Litoral. Proximidad a diversos Comercios Locales Universidades Colegios Tiendas Servicios y Restaurantes.  Extraordinaria oportunidad para adquirir una propiedad funcional en l’Eixample de Barcelona.  Visitas a la brevedad posible son altamente recomendadas.  Precio: 359.300€. -  ¡Llámeme o escríbame ahora para concertar una visita! ,1,103,4,null,null,99,null,Eixample,null,null,null,359.300 ,3.629 €/m²,Javier Méndez, Ref.: 3451-01957 ,4,Segunda mano/para reformar,null,Piso en venta en La Nova Esquerra de l'Eixample,http://idealista.com/inmueble/89661167/
3,1902, Fantástico piso de lujo distribuido en tres dormitorios dobles más dos despachos que podrían habilitarse como dormitorios adicionales tres baños completos cocina y un impresionante salón–comedor inundado de luz.   La reforma de este singular piso ha conservado maravillosos detalles modernistas característicos de este tipo de arquitectura en especial suelos y techos. Estos detalles se han mezclado con un gusto exquisito con elementos arquitectónicos y decorativos modernos para así poder ofrecer una vivienda de lujo que responde a las necesidades actuales de los clientes más exigentes. Además el piso se vende totalmente equipado con mobiliario e iluminación de alta gama.   Como se trata de una finca esquinera dispone de una gran cantidad de luz que entra por sus cuatro balcones y por la impresionante tribuna acristalada ubicada en el salón principal.   El piso se sitúa en la planta principal de un edificio de 1902 diseñado por Enric Sagnier. Además cuenta con techos de cuatro metros de altura y dispone de una pequeña terraza privada tipo chill-out de 14 m² en el interior de isla. Por otro lado un luminoso patio de luces interior y accesible hace que la sensación de amplitud de este piso sea excepcional. ,1,0,null,null,null,246,null,Eixample,null,null,null,1.950.000 ,7.927 €/m²,Lucas Fox Barcelona, Ref.: BCN22545 ,5,Segunda mano/buen estado,1,Piso en venta en La Dreta de l'Eixample,http://idealista.com/inmueble/89026243/
3,null,  Lucas Fox presenta en exclusiva este fantástico piso ubicado en una bonita finca esquinera de Rambla Catalunya.   El piso que mide 192 m² es el resultado de la unión de dos unidades registrales. Es decir si lo desea podrá volver a dividir estas dos propiedades y conseguir dos viviendas de aproximadamente 107 m²&nbsp;y 84 m².   La vivienda se encuentra de origen y procede de una remonta en una finca de 1901 conocida como Casa Verdú. Gracias a que se sitúa en la penúltima planta del edificio dispone de una gran cantidad de luz tanto en las estancias exteriores como en los espacios comunicados con los patios.   Actualmente dispone de cinco dormitorios y tres baños. No obstante la nueva configuración permitiría redistribuir los espacios y adecuarlos a las necesidades del nuevo propietario. El piso también tiene un agradable balcón/ter... ,1,0,null,null,null,207,null,Eixample,null,null,null,1.395.000 ,6.739 €/m²,Lucas Fox Barcelona, Ref.: BCN21499 ,5,Segunda mano/para reformar,1,Piso en venta en La Dreta de l'Eixample,http://idealista.com/inmueble/88471656/