bathrooms,constructed_year,description,elevator,energetic_qualification_kWhm2_año,floor,heater_system,its_new,m2_build,m2_useful,neighbourhood,parking,price_down_euro,price_down_percentage,price_euro,price_m2,real_estate,ref,rooms,status,terrace,title,link
3,1769, Promoción de obra nueva en finca de 1769 completamente rehabilitada con exquisito gusto ubicada en el corazón histórico de Barcelona junto a la plaza de George Orwell.  Estas viviendas gozan de acabados de última generación y disponen de encantadores techos de volta catalana obra vista en sus paredes y aire acondicionado frío/calor.  Este ático consta de 138 m2 + 124 m2 de terraza compuesto por 3 habitaciones 2 baños y 1 aseo.  Se entrega amueblado y equipado con electrodomésticos. ,1,0,4,Calefacción individual,null,200,null,Ciutat Vella,null,null,null,2.500.000 ,12.500 €/m²,Bcn Advisors, Ref.: BCN04761 ,3,Segunda mano/buen estado,1,Ático en venta en El Gòtic,http://idealista.com/inmueble/90618470/
5,1973,  En el pleno corazón del barrio residencial de Pedralbes junto al Real Club de Tenis Barcelona y próximo a la mayoría de los colegios internacionales de la ciudad encontramos esta exclusiva vivienda a reformar de aproximadamente 360 m² situada en una finca a cuatro vientos de tan solo seis vecinos. La vivienda ocupa toda la planta del edificio siendo todas sus estancias exteriores y muy luminosas al estar ubicada en una cuarta planta de altura. Accedemos a la vivienda directamente desde el ascensor principal disfrutando así de una mayor privacidad. Desde el hall de entrada accedemos a un amplio y acogedor salón comedor con vistas a las zonas verdes del entorno debido a los grandes ventanales que recorren estas dos estancias. En la zona de día también encontramos un aseo de cortesía y una amplia cocina office muy disfrutable. Dispon... ,1,156,4,Bomba de frío/calor,null,360,310,Pedralbes,1,null,null,1.800.000 ,5.000 €/m²,Fincas Carbonell - Cimmo Carbonell Immobiliària, Ref.: V-2061 ,6,Segunda mano/para reformar,1,Piso en venta en calle de Tòquio,http://idealista.com/inmueble/89747920/
1,1973, Piso orientado a Girona para reformar ubicado en la zona de San Martí. Año de la finca 1973.  79 m2 construidos 72 m2 útiles semi exterior 4º de altura real. Consta de cuatro habitaciones (Una doble y mediana exteriores dos individuales orientados al patio de luces). Dispone de un baño diseñado con 3 piezas y bañera. Cocina con acceso a área de lavadero y salón con balcón al exterior.  No pierdas la oportunidad de conocerlo y ven a visitarlo. Contamos con nuestro propio Departamento Financiero y convenios con más de catorce entidades bancarias.  Llámanos sin compromiso!  *Impuestos gastos de notaría registro gestoría y honorarios de intermediación no incluidos en el precio*. . ,1,999,4,null,null,79,72,Sant Martí,null,null,null,195.000 ,2.468 €/m²,ESTUDI SOL DE MAYO S.L., Ref.: CA-7 ,4,Segunda mano/para reformar,null,Piso en venta en Provençals del Poblenou,http://idealista.com/inmueble/91452284/
5,1943,  Esta especial y única propiedad de lujo en venta en Sant Gervasi cuenta con todas las comodidades imaginables en una de las mejores zonas de Barcelona. En plena ciudad disfrutarás de un fácil acceso en coche para moverte con total libertad gracias también a las 3 plazas de parking incluidas (una grande en la misma finca y 2 en un edificio cercano).  Es un fantástico ático dúplex de 551 m2 construidos y un total de 229 m2 en 2 increíbles terrazas en ambas plantas (según plano). Su orientación sureste aprovecha al máximo la luz natural mientras que las terrazas ofrecen espectaculares vistas panorámicas de toda la ciudad desde el mar a la montaña.  La planta principal nos recibe con un elegante pasillo que nos dirige al enorme salón y comedor con capacidad para 14 personas. La cocina en isla tiene elctrodomésticos de última generación... ,1,0,6,Calefacción individual,null,665,null,Sarrià-Sant Gervasi,1,null,null,6.250.000 ,9.398 €/m²,Bcn Advisors, Ref.: BCN06431 ,5,Segunda mano/buen estado,1,Ático en venta en Sant Gervasi - Galvany,http://idealista.com/inmueble/91509924/
2,2000, PRONTOPISO pone a la venta espectacular piso en Poblenou todo exterior mirando a segunda línea de playa. La vivienda totalmente exterior con orientación sudeste consta de 109m2 construidos en los cuales se distribuyen en 3 habitaciones de las cuales 2 són dobles y 1 individual 2 baños completos ( 1 en suit ) cocina grande independiente con amplia galería. También tiene un largo balcón a pié de salón orientado y con vistas a la playa. El piso se encuentra en muy buen estado reformado parcialmente y para entrar a vivir. La FINCA es del AÑO 2000 y dispone de 2 ascensores. El piso tiene escriturado 1 PLAZA DE PARQUING Y 1 TRASTERO INCLUIDOS EN EL PRECIO. ,1,0,7,null,null,109,null,Diagonal Mar i el Front Marítim del Poblenou,1,null,null,510.000 ,4.679 €/m²,Prontopiso Barcelona, Ref.: DB2F3A35-0 ,3,Segunda mano/buen estado,null,Piso en venta en paseo del Taulat,http://idealista.com/inmueble/91473282/
4,1940,  DISEÑO Y ENCANTO EN SANT GERVASI - EL PUTXET I EL FARRÓ  Vive la vida en un hogar elegante y con clase en la mejor zona de Barcelona en Sant Gervasi–Bonanova. Esta propiedad se encuentra en una finca clásica y señorial construida en el año 1940 ubicada a escasos metros del Club de Tenis Barcino.   Su interior completamente reformado te enamorará desde el primer instante y su óptima distribución te cautivará por completo. Presenta un amplio recibidor que nos conduce al salón comedor con chimenea distinguido en tres ambientes y con despacho. La cocina office es independiente muy funcional está equipada con electrodomésticos de alta gama y tiene acceso a zona de lavandería. La zona de noche se compone por cuatro habitaciones dobles tres de ellas en suite y un baño adicional. La master suite cuenta con balcón privado vestidor y baño ... ,1,0,3,null,null,267,null,Sarrià-Sant Gervasi,1,null,null,1.490.000 ,5.581 €/m²,Lunallar ., Ref.: 5496 ,4,Segunda mano/buen estado,null,Piso en venta en El Putxet i el Farró,http://idealista.com/inmueble/91302926/
1,1969, La Casa Agency vende piso situado en calle BAC DE RODA cercano a comercios transporte público (H10 33 B24 H12 L2 Bac de Roda y Tranvía) supermercados (Lidl Mercadona Condis Día y BonArea) Colegios y centro comerciales (Diagonal Mar y Glories) y Poblenou.  Vivienda distribuida en 4 dormitorios dobles baño completo cocina office independiente salón comedor exterior y balcon.  Si desea asesoramiento financiero disponemos de un departamento hipotecario como también le ofrecemos una valoración profesional y gratuita. Si está buscando un nuevo hogar en una de las zonas más exclusivas de San Martí ésta es sin duda una gran oportunidad. No dude en contactarnos para más información.  *Los gastos propios de notaria gestoría registro y honorarios de agencia están no incluidos en el precio. Consúltenos. . ,1,0,2,null,null,100,null,Sant Martí de Provençals,null,279.000 € ,7,259.000 ,2.590 €/m²,La casa agency, Ref.: elena279sol ,4,Segunda mano/para reformar,null,Piso en venta en calle de Bac de Roda,http://idealista.com/inmueble/91284688/
2,2004,  Espectacular ático dúplex de lujo con terraza y piscina privadas y sensacionales vistas al mar.    Esta increíble vivienda-ATICO DUPLEX tiene una superficie de 160m2 de vivienda además de una terraza de 41m2 con piscina privada. Se encuentra ubicado en la última planta de una de los edificios más exclusivos de Diagonal Mar desde donde disfrutará de una impresionantes vistas de Barcelona y del mar.    En la planta baja la vivienda dispone de hall un gran salón de 5 mts. de altura con acceso a terraza de 41m2 y espectaculares vistas al mar. En esta planta se encuentra también la cocina independiente totalmente equipada además de un cómodo dormitorio doble 1 baño completo y el cuarto de lavandería. En el nivel superior encontramos el sensacional dormitorio principal tipo suitte de diseño de concepto abierto espacioso asomad... ,1,82,25,Calefacción individual,null,160,120,Sant Martí,1,null,null,2.521.000 ,15.756 €/m²,Kasapisos, Ref.: 9898-K ,2,Segunda mano/buen estado,1,Dúplex en venta en Diagonal Mar i el Front Marítim del Poblenou,http://idealista.com/inmueble/91245164/
1,null, LOCAL convertido en vivienda consta como local pero es una vivienda totalmente nueva de 99 80 m2 3 habitaciones 1 baño cocina acabados modernos minimalistas frente Jardines de la Rambla de Sants esta cerca de la plaza de Sants plaza España…por la rambla badal…llegas a la zona del campo del Barça y corte ingles diagonal siempre paseando por un paseo ajardinado. la vivienda no se alquila solo se hace el ALQUILER CON OPCIÓN DE COMPRA CONSULTE LAS CONDICIONES VISITA VIRTUAL DISPONIBLE.  Los datos expuestos son informativos y recabados de terceros y que suponemos correctos. Esta oferta se sujeta a errores cambios de precio omisión y o retirada del mercado sin aviso previo. ,1,0,0,Calefacción individual,null,99,89,Sants,null,189.000 € ,5,179.900 ,1.817 €/m²,Real Estate El PortalV Barcelona & Palma, Ref.: BP2030 - VIVIENDA LOCAL ,3,Segunda mano/buen estado,null,Piso en venta en calle d'Antoni de Capmany,http://idealista.com/inmueble/89077670/
2,1900,  Presentamos esta sensacional vivienda reformada a estrenar a 5 min del Teatre Liceu de Pza. Real y del Palau Guell uno de los referentes de la arquitectura modernista y del arquitecto Antoni Gaudi.  Este piso de 95m2 está situada en un 4º real con ascensor distribuidos en un gran salón-comedor de 28m2 con salida a balcón amplia cocina de diseño independiente y totalmente equipada.  Dispone de 3 dormitorios: 2 dormitorios dobles uno de ellos con baño privado con armario empotrado y otro dormitorio individual. Le sigue otro baño completo y dos balcones con vistas a calle. La reforma está realizada con un gusto impecable y con materiales de primera calidad incluyendo aire acondicionado frío/calor suelos de parquet de roble y ventanas de climalit con doble cristal Finca fué rehabilitada en su totalidad en el 2010 consiguiendo el ... ,1,52,4,Calefacción individual,null,95,85,Ciutat Vella,null,null,null,375.000 ,3.947 €/m²,Kasapisos, Ref.: 9015-F ,3,Segunda mano/buen estado,null,Piso en venta en El Gòtic,http://idealista.com/inmueble/88173952/
1,1959, MARAGALL. Excelente inmueble alto exterior soleado tranquilo y muy acogedor. Se compone de amplio salón cocina office baño completo 3 habitaciones y lavadero adicional. La distribución es óptima con buen aprovechamiento del espacio.  Se encuentra en perfecto estado de conservación para entrar a vivir con calefacción y aire acondicionado. El edificio es de categoría con ascensor. La situación es estratégica en una zona inmejorable con todos los transportes servicios y comercios necesarios para el día a día. Buena relación precio-producto-zona. Digno de ver. ,1,201,6,Gas natural,null,65,null,Navas,null,null,null,239.500 ,3.685 €/m²,Expofinques Meridiana, Anuncio: 91460914 ,3,Segunda mano/buen estado,null,Piso en venta en calle de Concepción Arenal,http://idealista.com/inmueble/91460914/
1,1961,  EL COLL - GRÀCIA Apartamento luminoso tipo loft en el Coll de Gràcia con cédula de habitabilidad en finca de 1961 y restaurada integralmente en 2001 con ascensor y trastero. Este luminoso apartamento tipo loft en el barrio del Coll de Gràcia es ideal para inversores dado que su rentabilidad en alquiler es muy alta. Este luminoso apartamento en el Coll de Gràcia también es muy atractivo para gente joven que se quiera independizar dado su precio asequible situado en un barrio en plena expansión entre el parque Güell y el parque de la Crehueta del Coll y muy cerca de la plaza Lesseps y el barrio de Gràica vila. Este luminoso apartamento en el barrio del Coll de Gràcia consta de un pequeño vestíbulo de entrada junto al que encontraremos un baño completo con bañera entera siguiendo un pequeño pasillo llegaremos a una cocina abierta j... ,1,130,2,null,null,34,26,Gràcia,null,149.000 € ,10,134.000 ,3.941 €/m²,donpiso Bcn Sant Gervasi, Ref.: 243007 ,1,Segunda mano/buen estado,null,Piso en venta en El Coll,http://idealista.com/inmueble/91248237/
1,2020, West Side vende:  Finca del 1900 con ascensor en el distrito de San Martí Poble Nou con vistas a la Torre Agbar. Estudio muy amplio y luminoso de 70 metros útiles distribución funcional y materiales de calidad. Suelo de parquet AC5 puertas lacadas blancas vigas de madera baño alicatado en gres con mampara Novelli y calidades Roca.  Restauración de muros y paredes muebles de cocina a medida y equipada con horno placa de inducción extractor y microondas encimera de Silestone gris calentador con placas solares y conexión TV Interfono entre otros.   Terraza privativa de 25 metros con vistas 360º en el terrado de la finca (opcional 20.000€)  Toda la finca esta siendo rehabilitada íntegramente con materiales de gran calidad.  Excelente localización cerca de todos los servicios y comunicaciones parada de metro L4 Llacuna y a 6 calles del paseo marítimo.  Restauración de muros y paredes muebles de cocina a medida y equipada con horno placa de inducción extractor y microondas encimera de Silestone gris calentador con placas solares y conexión TV Interfono entre otros.  No dude en llamar y pedir mas información por mas pisos y locales en la misma finca. ,1,204,null,null,null,71,70,El Parc i la Llacuna del Poblenou,null,null,null,292.000 ,4.113 €/m²,West Side Real Estate Sl, Ref.: CB_BCN_0319_V ,2,Segunda mano/buen estado,null,Piso en venta en calle de Pere IV,http://idealista.com/inmueble/90588035/
1,2020, West Side vende:  Finca del 1900 con ascensor en el distrito de San Martí Poble Nou con vistas a la Torre Agbar. Estudio muy amplio y luminoso de 45 metros útiles distribución funcional y materiales de calidad. Suelo de parquet AC5 puertas lacadas blancas vigas de madera baño alicatado en gres con mampara Novelli y calidades Roca. Restauración de muros y paredes muebles de cocina a medida y equipada con horno placa de inducción extractor y microondas encimera de Silestone gris calentador con placas solares y conexión TV Interfono entre otros.   Terraza privativa de 25 metros con vistas 360º en el terrado de la finca (opcional 20.000€)  Toda la finca esta siendo rehabilitada íntegramente con materiales de gran calidad.  Excelente localización cerca de todos los servicios y comunicaciones parada de metro L4 Llacuna y a 6 calles del paseo marítimo.  Restauración de muros y paredes muebles de cocina a medida y equipada con horno placa de inducción extractor y microondas encimera de Silestone gris calentador con placas solares y conexión TV Interfono entre otros.  No dude en llamar y pedir mas información por mas pisos y locales en la misma finca. . ,1,204,null,null,null,50,45,El Parc i la Llacuna del Poblenou,null,null,null,229.000 ,4.580 €/m²,West Side Real Estate Sl, Ref.: CB_BCN_0311_V ,2,Segunda mano/buen estado,1,Piso en venta en calle de Pere IV,http://idealista.com/inmueble/90584569/
1,2020, West Side vende:  Finca del 1900 con ascensor en el distrito de San Martí Poble Nou con vistas a la Torre Agbar. Estudio muy amplio y luminoso de 45 metros útiles distribución funcional y materiales de calidad. Suelo de parquet AC5 puertas lacadas blancas vigas de madera baño alicatado en gres con mampara Novelli y calidades Roca. Restauración de muros y paredes muebles de cocina a medida y equipada con horno placa de inducción extractor y microondas encimera de Silestone gris calentador con placas solares y conexión TV Interfono entre otros.   Terraza privativa de 25 metros con vistas 360º en el terrado de la finca.  Toda la finca esta siendo rehabilitada íntegramente con materiales de gran calidad.   Excelente localización cerca de todos los servicios y comunicaciones parada de metro L4 Llacuna y a 6 calles del paseo marítimo.  Restauración de muros y paredes muebles de cocina a medida y equipada con horno placa de inducción extractor y microondas encimera de Silestone gris calentador con placas solares y conexión TV Interfono entre otros.  No dude en llamar y pedir mas información por mas pisos y locales en la misma finca. ,1,204,1,null,null,51,45,El Parc i la Llacuna del Poblenou,null,null,null,269.000 ,5.275 €/m²,West Side Real Estate Sl, Ref.: CB_BCN_0312_V ,1,Segunda mano/buen estado,1,Piso en venta en calle de Pere IV,http://idealista.com/inmueble/90584471/
1,2020, West Side vende:  Finca del 1900 con ascensor en el distrito de San Martí Poble Nou con vistas a la Torre Agbar. Estudio muy amplio y luminoso + altillo de 10m² distribución funcional y materiales de calidad. Suelo de parquet AC5 puertas lacadas blancas vigas de madera baño alicatado en gres con mampara Novelli y calidades Roca. Restauración de muros y paredes muebles de cocina a medida y equipada con horno placa de inducción extractor y microondas encimera de Silestone gris calentador con placas solares y conexión TV Interfono entre otros.   Terraza privativa de 25 metros con vistas 360º en el terrado de la finca.  Toda la finca esta siendo rehabilitada íntegramente con materiales de gran calidad.   Excelente localización cerca de todos los servicios y comunicaciones parada de metro L4 Llacuna y a 6 calles del paseo marítimo.  Restauración de muros y paredes muebles de cocina a medida y equipada con horno placa de inducción extractor y microondas encimera de Silestone gris calentador con placas solares y conexión TV Interfono entre otros.  No dude en llamar y pedir mas información por mas pisos y locales en la misma finca. ,1,204,2,Calefacción individual,null,51,50,El Parc i la Llacuna del Poblenou,null,null,null,295.000 ,5.784 €/m²,West Side Real Estate Sl, Ref.: CB_BCN_0313_V ,1,Segunda mano/buen estado,1,Piso en venta en calle de Pere IV,http://idealista.com/inmueble/90583574/
1,1912,  Bonito piso de 64 m2 con una pequeña terraza de 13 m2 ubicado en una primera planta en la zona de Poblenou. Se compone de: luminoso salón-comedor cocina americana equipada un dormitorio doble una segunda habitación como estudio o vestidor y un baño. Incluye trastero.  A tan sólo 10 minutos andando de las playas de Somorrostro o Nova Icaria y al lado del Parque de la Ciutadella tendrá una oportunidad única de adquirir una de las 20 viviendas concebidas para un estilo de vida moderno cómodo y para disfrutar de lo mejor que le puede ofrecer Barcelona: Vivir cerca de la playa y en pleno distrito de nuevas tecnologías donde surgen infinitas oportunidades laborales en pequeñas start-ups o en grandes y reconocidas empresas de nuevas tecnologías del mundo o incluso bufetes de abogados de reconocido prestigio. Firmas como Booking Mediapr... ,1,0,1,null,null,64,49,El Parc i la Llacuna del Poblenou,null,null,null,400.000 ,6.250 €/m²,Coldwell Banker Prestige Barcelona, Ref.: B04598BA ,1,Segunda mano/buen estado,1,Piso en venta en calle de Sardenya 98,http://idealista.com/inmueble/88880094/
2,1980,  Coldwell Banker Llebrenc les presenta en exclusiva este maravilloso piso situado en el centro de   Vallvidrera.  Se encuentra ubicado en una calle tranquila y a 2 minutos andando de todos los servicios y del Funicular que conecta con el centro de la ciudad en tan solo 20 minutos.   Ubicado en una finca joven con ascensor cuenta con párquing y un amplio trastero.   El piso tiene una superficie construida de 128 m2. Consta de 4 habitaciones una de ellas en suite y un total de 2 baños completos uno con ducha y otro con bañera. Todas las estancias son exteriores y con muchísima luz. Desde la habitación principal podemos disfrutar de unas excelentes vistas a Barcelona.  El salón-comedor a doble altura proporciona una excelente distribución del espacio. Dispone de acceso directo a una maravillosa terraza donde disfrutar del sol durant... ,1,0,3,Gas natural,null,128,null,Sarrià-Sant Gervasi,1,660.000 € ,2,649.000 ,5.070 €/m²,Coldwell Banker Llebrenc Coldwell Banker Llebrenc, Ref.: 3166 ,4,Segunda mano/buen estado,1,Piso en venta en Vallvidrera - El Tibidabo i les Planes,http://idealista.com/inmueble/88762065/
2,2017, Fantástico piso con encanto de 135m2 situado en pleno centro de Barcelona.     El inmueble es muy amplio y espacioso dispone de tres dormitorios y dos cuartos de baño. Cuenta con un salón comedor con dos balcones que permiten la entrada de mucha luz durante todo el día dando al Este de la calle Muntaner.     La suite principal cuenta con un baño con acceso directo a una terraza en el patio de manzana del edificio. Dispone de dos habitaciones más cada una de ellas con acceso a diferentes patios de uso privado. Estas dos habitaciones comparten cuarto de baño.    El piso cuenta con parquet de alta calidad electrodomésticos de cocina de alta gama y sistemas de control climático.    Gran Via 576 se ubica en una de las zonas más deseadas del Eixample la zona dispone de las tiendas de lujo más prestigiosas restaurantes y transporte público. La propiedad está cerca de los lugares más animados de la ciudad como el Paseo de Gracia Plaça Catalunya y las Ramblas.    Para más información ponte en contacto con nosotros. ,1,156,1,null,null,135,130,Sant Antoni,null,null,null,745.000 ,5.519 €/m²,oficina, Ref.: GRAN VIA GRANDE ,3,Segunda mano/buen estado,1,Piso en venta en Gran Via de les Corts Catalanes 576,http://idealista.com/inmueble/39209881/
2,null, Maravillosa propiedad ubicada en finca señorial con servicio de conserjería. Finca del año 1973. La vivienda destaca por su altura siendo esta un cuarto real por su luz sol de tardes y amplia terraza. Se distribuye en un amplio salón-comedor con salida a gran terraza de 12 m2 cocina independiente office equipada con zona de aguas cuatro dormitorios dos dobles y dos individuales uno de estos últimos superior y dos baños completos uno con plato de ducha y otro con bañera.  La vivienda cuenta con calefacción de gas natural aire acondicionado por splits armarios empotrados carpintería de aluminio y suelos de parquet. Inmejorable ubicación una de las zonas más céntricas de la ciudad considerada por muchos el corazón de Barcelona. A pocos metros de la Avda. Josep Tarradellas la Avda. Diagonal Paseo de Gracia y Rambla Catalunya. Excelentemente enlazado con el transporte público y con una amplia oferta de comercios y servicios en los alrededores.  El producto está comercializado por MAS I FILL PATRIMONIA que gestiona inmuebles desde 1932. ,1,166,null,null,null,115,107,La Nova Esquerra de l'Eixample,null,null,null,560.000 ,4.870 €/m²,mas i fill, Ref.: 4479 ,4,null,1,Piso en venta en calle de París,http://idealista.com/inmueble/91496051/
1,null, Webhouse presenta este coqueto piso muy bien ubicado en calle tranquila semipeatonal. Entre la Rbla Carmel / llobregos y CAlle DAnte rodeado de comercios mercado y colegios a 2 minutos andando del metro L5 y líneas de autobuses.  1º real de altura 46 m² útiles muy bien distribuido sin espacios perdidos se compone de salón-comedor con acceso a habitación doble totalmente exterior a calle baño completo habitación individual cocina con acceso a galería.  Totalmente reformado y listo para entrar a vivir. Toda la carpintería es de aluminio suelo parquet aire acondicionado y calefacción individual de gas natural en todas las estancias. Caldera nueva y cocina a estrenar.  WEBHOUSE REAL ESTATE S. L. es una consultoria inmobiliaria y financiera ubicada en Barcelona con varias oficinas en el Distrito de Gracia y Sant Gervasi.  Nos encargamos de todo para que tú no te preocupes de nada. ,0,0,1,Gas natural,null,46,null,El Carmel,null,null,null,130.000 ,2.826 €/m²,WEBHOUSE SANTGERVASI2, Ref.: R-GRANOLLERS ,2,Segunda mano/buen estado,null,Piso en venta en Granollers,http://idealista.com/inmueble/91421326/
2,1964, En una bonita finca clásica se encuentra esta vivienda de cuatro dormitorios (tres dobles y uno individual) un amplio salón-comedor exterior a calle muy luminoso y tranquilo cocina equipada con galería dos baños completos techos altos.  La finca dispone de servicio de conserjería.  La vivienda está situada en La Nova Esquerra de l'Eixample barrio en auge de Barcelona. Se trata de una zona no lejos del centro de la ciudad y muy cercana a la Estació de Sants la Plaça d'Espanya la Fira de Barcelona…Se trata de un barrio muy bien comunicado mediante transporte público tanto con el centro como con las salidas de la ciudad y a pocos minutos del aeropuerto. La Nova Esquerra del Eixample es un barrio consolidado con todos los servicios básicos.   Aincasa Un sueño una realidad. ,1,201,4,Calefacción individual,null,94,null,La Nova Esquerra de l'Eixample,null,null,null,389.000 ,4.138 €/m²,aincasa aicat 2677, Ref.: 4288 ,4,Segunda mano/buen estado,null,Piso en venta en calle de Calàbria,http://idealista.com/inmueble/91389032/
1,null, Situado en la calle Congost en una de las zonas más tranquilas de la Vila de Gracia cerca de la plaça Rovira y Virreina. Reforma del año 2018. Con 58 m2 perfectamente distribuidos. Dispone de tres habitaciones todas ellas con buena ventilación cocina con lavadero y abierta al comedor con salida a balcón orientado a patios y jardines de las casas colindantes y baño completo. Un espacio acogedor y muy luminoso en pleno centro de Barcelona. Edificio con ascensor y una magnífica terraza. ITE con obtención del certificado de aptitud. Gastos de la compraventa no incluidos en el precio (notaría registro e impuestos). ,1,162,2,null,null,58,54,Vila de Gràcia,null,null,null,270.000 ,4.655 €/m²,fincas anzizu, Ref.: 6471 ,3,null,null,Piso en venta en calle del Congost,http://idealista.com/inmueble/91268699/
2,1992,  Sabemos que estás cansad@ de pandemias de confinamientos de gente tóxica y de una avalancha de malas noticias que te quita el sueño.. .  Por eso creemos que es el momento exacto de darle una vuelta todo esto de cambiar de vida y sobretodo cambiar el modo de ver la vida para hacerlo de una manera más positiva y constructiva. Y en eso estamos en BDI Barcelona!  Por eso te proponemos que disfrutes el proceso mudándote a este piso situado en uno de los mejores espacios de Barcelona donde podrás disfrutar del olor a mar y los mejores servicios y comunicaciones de la ciudad.   Hablamos de la Vila Olímpica un enclave mágico que nos transporta a la Barcelona del 92 a aquel .. . a la ville de Barcelona que pronunció José Antonio Samaranch para anunciar el gran cambio que se avecinaba en la ciudad y que la puso en el candelero a nivel i... ,1,125,3,Gas natural,null,156,139,La Vila Olímpica del Poblenou,1,null,null,698.000 ,4.474 €/m²,BDI Barcelona, Ref.: D33 ,4,Segunda mano/buen estado,null,Piso en venta en calle Doctor Trueta 33,http://idealista.com/inmueble/91139559/
1,2020, OBRA NUEVA EN BARCELONA - CALLE JOSEP SANGENIS JUNTO NUEVA ESTACIÓN DE METRO EL COLL - TEIXONERA. Edificio de 9 viviendas. Pisos con acabados alto standing: gres porcelánico climatización carpintería exterior con doble vidrio puerta seguridad videoportero. Cocina totalmente equipada. Totalmente exteriores vistas a la calle y/o Vall Hebrón - Tibidabo. Superficies 60 m2 2 habitaciones incluyen trastero privado para cada vivienda de 4 m2. GRAN OPORTUNIDAD PRECIOS INMEJORABLEsS. Desde 240.000€. ,1,31,2,Bomba de frío/calor,null,68,60,La Teixonera,null,250.000 € ,4,240.000 ,3.529 €/m²,MONTSE GARRIDO, Anuncio: 90546979 ,2,Segunda mano/buen estado,null,Piso en venta en calle de Josep Sangenís,http://idealista.com/inmueble/90546979/
5,null,  ¡Exclusiva Torre a cuatro vientos en el corazón del prestigioso barrio Barcelonés de Les Tres Torres…! Con fachada principal orientada a Sur con luz natural todo el día.   La casa construida en una parcela de 340m2 consta de 320 m2 construidos con un jardín privado y 45 m2 en dos terrazas. Un total de 5 dormitorios todos ellos dobles tipo suite exteriores y con zona de vestidor.  En la planta baja encontramos un amplio recibidor con acceso al salón principal de 40 m2 orientado al jardín delantero de la casa. A continuación la zonal de comedor también exterior con dos grandes ventanales y comunicado con la cocina independiente con acceso al jardín de la parte trasera. En la misma planta encontramos un cuarto de baño completo con plato de ducha y una habitación de plancha o dormitorio “servicio”. En la primera planta accedemos a ... ,null,94,null,Gas natural,null,340,320,Les Tres Torres,null,null,null,2.650.000 ,7.794 €/m²,Alejo Aguilá, Ref.: ANG01 ,5,Segunda mano/buen estado,1,Casa o chalet independiente en venta en Angel Guimera,http://idealista.com/inmueble/91497953/
1,1970,  Ofrecemos este piso ubicado en el centro de Fabra i Puig a 20 segundos del Metro L9 Onze de Setembre. Esta vivienda dispone de 82m² de los cuales 77m² útiles distiribuidos en 3 habitaciones (antes 4) una de ellas con balcón salón comedor con salida a balcón baño y cocina con galería. El inmueble DISPONE de Aire Acondicionado y Calefacción de Gas Natural.  Si estas pensando en reformar... En la oficina disponemos de Render 3D y presupuesto de reforma para que tengas toda la información y juntos hagamos el piso ideal para tí.  FINANCIACIÓN DE HASTA EL 100% CUOTA APROX: 708 €/MES  Cuando pasees por la parte antigua del distrito creerás que te has teletransportado a un pueblecito encantador de la Catalunya interior. Lo vivirás en los alrededores de la plaza Mercadal en la plaça de Orfila podrás admirar la iglesia neoclásica de Sant An... ,1,132,4,Gas natural,null,82,77,Sant Andreu,null,null,null,275.000 ,3.354 €/m²,Tecnocasa Estudi Sant Andreu, Ref.: PA-SC ,3,Segunda mano/buen estado,null,Piso en venta en santa coloma,http://idealista.com/inmueble/91464798/
1,1950, Piso en Carrer del Clot El Clot  Piso reformado de 66 m2. altura real 5ª planta en finca con ascensor. Consta de: Salón-Comedor con cocina americana 3 habitaciones una doble y dos pequeñas baño completo con plato de ducha y mampara.  Suelo de parquet y carpintería de aluminio. Dispone de calefacción gas natural. Ubicado en excelente zona todo tipo de servicios y equipamientos buenas comunicaciones. metro Clot LINEAS 1-2 y Renfe. varias lineas de bus Mallorca y Valencia.   PRODUCTO EXCLUSIVO DE APIALIA  CONTACTAR CON SUSANNA POR WHATTSAPP AL 661859373  Esta propiedad se ofrece con la garantia de TÀNDEM IMMOBILIARIA. que le acompañará en todo el proceso de compra desde la primera visita para encontrar la vivenda adecuada a sus necesidades la negociación de precios y extras búsqueda de financiación y profesionales para las reformas que su nueva vivienda pueda necesitar.   AVISO LEGAL AL COMPRADOR: NO LE COBRAMOS POR LA COMPRA DEL PISO. EL PRECIO NO INCLUYE LOS IMPUESTOS NI LOS GASTOS DE COMPRA (NOTARIO REGISTRO ETC. ) TAMPOCO INCLUYE MOBILIARIO DECORACIÓN Y ENSERES. ,1,128,3,null,null,58,52,El Clot,null,null,null,255.000 ,4.397 €/m²,Tàndem Immobiliària, Ref.: TANDEM-CLOT-V ,3,Segunda mano/buen estado,null,Piso en venta en calle del Clot,http://idealista.com/inmueble/91460139/
1,1965, Esta planta baja está situada en la avenida meridiana en el barrio de la Sagrera una zona tranquila y bien comunicada repleta de servicios en los alrededores: colegios de calidad supermercados comercios centros médicos y lugares de ocio.     La vivienda se distribuye de la siguiente forma:     -2 habitaciones una doble con vistas a la calle provista de un gran armario para almacenaje y una individual. Lugares para un perfecto descanso.     -Un salón-comedor amplio con cocina integrada. Esta cuenta con gran capacidad de almacenaje doble seno electrodomésticos y una barra para sentarse y degustar las recetas gastronómicas que hagas en ella. Una estancia moderna y bien equipada.     -También dispone de galería y un recibidor que da la bienvenida a la casa.     -El baño es amplio con alicatados muy cuidados y dispone de una gran bañera similar a un jacuzzi para relajarte tras un duro día de trabajo.     Esta planta baja está lista para entrar a vivir y se encuentra a tan solo un minuto andando del metro de la línea L1-L5 y Renfe.     Una vivienda compacta sin escalones accesible y muy bien situada. No pierdas esta oportunidad. ,1,0,0,null,null,65,60,La Sagrera,null,null,null,169.000 ,2.600 €/m²,Ibercasa, Ref.: 100144 ,2,Segunda mano/buen estado,null,Piso en venta en avenida Meridiana,http://idealista.com/inmueble/91442509/
1,1957,  Ofrecemos este piso en el centro de Fabra i Puig a 1 minuto de la L1 Roja Fabra i Puig. Es una vivienda de 75m² totalmente exterior distribuida con 3 habitaciones salón comedor cocina con galería y baño. Actualmente la vivienda está para reformar integralmente. La finca dispone de dos ascensores y terrado comunitario accesible.  PUEDES HACER LA VISITA EN 360º O VISUALIZAR EL INMUEBLE CON EL APARTADO DE VIDEO EN EL CUAL PODRÁS HACERTE UNA MEJOR IDEA DE LA DISTRIBUCIÓN.  NO DUDES EN VENIR A VISITARLO!   FINANCIACIÓN DE HASTA EL 100% CUOTA APROX: 455 €/MES  Cuando pasees por la parte antigua del distrito creerás que te has teletransportado a un pueblecito encantador de la Catalunya interior. Lo vivirás en los alrededores de la plaza Mercadal en la plaça de Orfila podrás admirar la iglesia neoclásica de Sant Andreu del Palomar. Y en ... ,1,0,3,null,null,75,null,Sant Andreu,null,null,null,179.000 ,2.387 €/m²,Tecnocasa Estudi Sant Andreu, Ref.: PM-CA ,3,Segunda mano/para reformar,null,Piso en venta en calle de Concepción Arenal,http://idealista.com/inmueble/91430243/