bathrooms,constructed_year,description,elevator,energetic_qualification_kWhm2_año,floor,heater_system,its_new,m2_build,m2_useful,neighbourhood,parking,price_down_euro,price_down_percentage,price_euro,price_m2,real_estate,ref,rooms,status,terrace,title,link
3,null,  Casa en venta con espectaculares vistas a Barcelona Casa en una parcela única de 1.400m²&nbsp; aprox.  en el barrio de Sarriá-Sant Gervasi. La parcela se encuentra en un entorno natural privilegiado en la zona alta de la ciudad con una excelente orientación sur-este. Este precio corresponde exclusivamente&nbsp; a la&nbsp; parcela&nbsp; con la vivienda actual que habría que reformar y&nbsp; no está incluido en el precio el proyecto existente. En la actualidad hay una edificación existe el proyecto (no incluido en el precio) de hacer una vivienda nueva con un moderno&nbsp; proyecto. La casa de 500m² en cuatro plantas está proyectada como sigue; En la planta sótano además del ascensor encontraríamos un patio de acceso parking y gimnasio. En la planta baja tres habitaciones dobles un vestidor dos baños y el vestíbulo. En la primera pl... ,null,100,null,Gas natural,null,376,null,Sarrià-Sant Gervasi,1,null,null,1.150.000 ,3.059 €/m²,aProperties Real Estate Barcelona, Ref.: VB1602021-5 ,5,Segunda mano/buen estado,1,Casa o chalet en venta en Sarrià,http://idealista.com/inmueble/91521108/
1,2020,  Obra nueva de alto standing en Poblenou Última unidad ya finalizada en edificio de obra nueva de solamente seis vecinos en el corazón de Poblenou barrio emblemático y actualmente más de moda en Barcelona.  El piso de 56 metros cuadrados más una bonita terraza privativa de 14 metros cuadrados en cubierta con ascensor a nivel acabado con las mejores calidades y atención a los detalles con un estilismo industrial en que predominan los materiales nobles (hierro macizo madera de roble acabados en piedra y hormigón a la vista en techos) dispone de una zona de día orientada a sur con un gran ventanal y cocina abierta equipada con electrodomésticos de gama alta baño completo con griferia porcelánico y mobiliario de marca Roca y habitación con armario empotrado. Para mayor eficiencia energética (el edificio cuenta con la calificación ene... ,1,0,2,Gas natural,null,56,null,Sant Martí,null,null,null,432.000 ,7.714 €/m²,aProperties Real Estate Barcelona, Ref.: ONB2009004-1A ,1,Segunda mano/buen estado,1,Piso en venta en El Poblenou,http://idealista.com/inmueble/91510124/
1,1963, RIERA DE TENA BURGOS PISO EN VENTA EN EL BARRIO DE SANTS DE DOS HABITACIONES MÁS VESTIDOR. Vivienda de dos habitaciones más un vestidor amplio salón con cocina americana baño con plato de ducha exterior a un patio de manzana amplio y muy tranquilo. Suelo de parket ventanas de aluminio con doble acristalamiento calefacción individual bomba de aire frío y caliente. Piso cuadrado sin espacios perdidos muy agradable. Finca bien conservada con acceso al ascensor sin barreras arquitectónicas. La finca tiene vigente el Certificado de Aptitud de la Inspección Técnica de Edificios(ITE). Muy buena ubicación junto al metro de la línea 1 Mercat Nou. ( El PVP indicado no incluye impuestos ni gastos de Escritura ). ,1,134,2,null,null,71,null,Sants-Montjuïc,null,null,null,235.000 ,3.310 €/m²,donpiso Bcn Sants, Ref.: 229996 ,3,Segunda mano/buen estado,null,Piso en venta en Sants,http://idealista.com/inmueble/91466787/
4,1940,  Esta vivienda ubicada en una de las mejores zonas de nuestra ciudad ha sido reformada con un gusto exquisito escogiendo los mejores materiales del mercado.   El piso queda diferenciado claramente en dos zonas. La de día orientada a la calle Balmes dispone de un luminoso salón-comedor de más de 60 m² unido a un despacho de 10 m² que eventualmente podría convertirse en un dormitorio adicional. La cocina office con mobiliario de la marca Santos y electrodomésticos de alta gama Siemens dispone de doble entrada y acceso a una funcional zona de lavandería.   La zona de noche orientada hacia el Passatge Forasté ofrece cuatro dormitorios dobles tres de ellos con baño privado. Cabe destacar que todos los dormitorios disponen de espaciosos armarios empotrados. Uno de los baños completos de esta parte de la vivienda actúa también como ba... ,1,0,null,null,null,265,null,Sarrià-Sant Gervasi,1,null,null,1.490.000 ,5.623 €/m²,Lucas Fox Barcelona, Ref.: BCN25800 ,4,Segunda mano/buen estado,1,Piso en venta en El Putxet i el Farró,http://idealista.com/inmueble/91450957/
2,1972, Luminoso con dos plazas de parking en venta Ubicado en la zona alta de Barcelona junto a la plaza Kennedy encontramos esta luminosa vivienda en un tercero real de altura.  El piso con una distribución muy cuadrada consta de hall de entrada salón comedor con salida a la terraza de 3m2 y una cocina. La zona de descanso consta de cuatro dormitorios dos de ellos dobles y exteriores y dos individuales e interiores a patio. Hay dos baños completos uno con ducha y otro con bañera.  La posible reforma tiene muchas posibilidades ya que al ser un piso cuadrado se puede aprovechar el espacio al máximo.  Dispone de calefacción de gas y tiene orientación Noreste.  Además la vivienda ofrece la posibilidad de venta dedos plazas de parking en el edifico de enfrente y la finca dispone de servicio de conserjería. ,1,218,2,null,null,97,86,Sarrià-Sant Gervasi,null,null,null,425.000 ,4.381 €/m²,aProperties Real Estate Barcelona, Ref.: VB2007025-4 ,4,Segunda mano/para reformar,1,Piso en venta en El Putxet i el Farró,http://idealista.com/inmueble/91426086/
2,2016, Ático de obra semi-nueva en Sagrada Familia En el barrio de la Sagrada Familia nos encontramos este estupendo ático en una finca moderna de 2016.  El piso tiene una buena distribución ya que es cuadrado y se aprovechan todos los espacios a la perfección. Consta de un gran salón comedor con cocina abierta equipada con todos los electrodomésticos de alta gama en este mismo lado de la vivienda encontramos la suite principal con una pequeña zona de vestidor que da entrada al cuarto de baño.  Al otro lado del piso encontramos dos habitaciones una doble y la otra individual grande con el segundo cuarto de baño y un armario para la zona de lavadero. Todas las habitaciones son exteriores y gozan de fantástica luz natural ya que nos encontramos en un sexto de altura real y la última planta del edificio. Cabe resaltar el balcón que tiene salida desde el salón con orientación sur.  Por último indicar que la vivienda dispone de un trastero con ventana y luz natural que podría convertirse en un pequeño despacho.  Plaza de garaje grande opcional en el propio edificio. ,1,22,5,Calefacción individual,null,87,null,Horta Guinardó,null,null,null,625.000 ,7.184 €/m²,aProperties Real Estate Barcelona, Ref.: VB2007016-4 ,3,Segunda mano/buen estado,null,Piso en venta en El Baix Guinardó,http://idealista.com/inmueble/91426061/
2,2008, Piso de obra semi-nueva con terraza y plaza de parking Piso nuevo a estrenar de 105m2 más 29m2 de terraza ubicado en un edificio moderno de obra semi nueva del 2008 con premio de arquitectura a un minuto a pie de Plaça Lesseps. La vivienda es un segundo piso real de altura muy luminosa ya que todas las estancias son exteriores a 3 vientos y con terraza continua a lo largo de toda la fachada y vistas despejadas. Gracias a su distribución cuadrada se aprovechan al máximo todos los metros de la vivienda. Consta de un gran salón comedor cocina equipada con electrodomésticos de alta gama una habitación con baño en suite y otras tres habitaciones individuales que comparten otro baño completo. Aire acondicionado y calefacción por conducto. Persianas eléctricas en todas las estancias y sistema de alarma. Plaza de parking opcional en la misma finca por 15.000 euros. ,1,100,1,Eléctrica,null,120,null,Gràcia,1,null,null,620.000 ,5.167 €/m²,aProperties Real Estate Barcelona, Ref.: VB2006041-4 ,4,Segunda mano/buen estado,1,Piso en venta en Vallcarca i els Penitents,http://idealista.com/inmueble/91426051/
2,1956, Junto Plaza Virrey Amat. Vivienda de 92m gran salon comedor exterior a balcon 4 habitaciones 3 dobles y exteriores cocina con armarios a 2/niveles reformada baño completo con ducha reformado aseo de cortesia parquet carpinteria de aluminio 2 balcones vistas panoramicas y sol toda la mañana aire acondicionado quinto de altura real con ascensor zona muy bien comunicada y dotada de todos lo servicios. ( El PVP indicado no incluye impuestos ni gastos de Escritura ). ,1,173,5,null,null,92,null,Nou Barris,null,null,null,295.000 ,3.207 €/m²,donpiso Bcn Fabra i Puig, Ref.: 239610 ,4,Segunda mano/buen estado,null,Piso en venta en Vilapicina i la Torre Llobeta,http://idealista.com/inmueble/91405643/
1,1946, Amilcar/Plaza Catalana. Acogedora vivienda de 3 dormitorios 2 dobles salon independiente increible cocina comedor baño completo calefaccion pavimentos de gres carpinteria interior de embero y exterior de aluminio toda la vivienda reformada exterior a calle y patio de manzana a traves de galeria con vistas a terrazas ajardinadas. Zona bien comunicada dotada de todos los servicios. Visitelo. ( El PVP indicado no incluye impuestos ni gastos de Escritura ). ,0,151,1,null,null,85,null,Horta Guinardó,null,null,null,285.000 ,3.353 €/m²,donpiso Bcn Maragall, Ref.: 242862 ,3,Segunda mano/buen estado,null,Piso en venta en El Guinardó,http://idealista.com/inmueble/91405658/
1,1926, Último piso en Finca Regia con muchísima luz En una bonita Finca Regia en l’Esquerra del Eixample al lado del Parque de Joan Miró y muy cerca de la Plaça Espanya encontramos este magnífico piso con mucha luz. Rodeado de servicios y comercios y junto al transporte público la vivienda se encuentra a dos pasos del Aerobús el Ave y Rodalies por lo que está muy bien comunicada.  En un último piso la propiedad está reformada del año 2013 y actualmente sus 72m2 están distribuidos en un salón comedor en dos ambientes cocina independiente 3 dormitorios de los cuales 1 es doble exterior y dos individuales amplios y un baño completo.  Todas las estancias gozan de muchísima luz debido a que se trata de una séptima planta con ascensor.  Las zonas comunes de la finca han sido actualizadas recientemente portería y rellanos tienen muy buena presencia.  Encontramos en la misma portería un patio para dejar las bicicletas de la comunidad y en el terrado una terraza comunitaria para todos los vecinos. ,1,283,6,Eléctrica,null,72,null,Eixample,null,null,null,390.000 ,5.417 €/m²,aProperties Real Estate Barcelona, Ref.: VB2006027-4 ,3,Segunda mano/buen estado,null,Piso en venta en La Nova Esquerra de l'Eixample,http://idealista.com/inmueble/91401167/
6,2009,  Impresionante casa en venta en Collserola A diez minutos del centro de Barcelona en plena sierra de Collserola &nbsp; rodeada de árboles y a escasos metros de la parada del transporte público encontramos esta espectacular casa independiente de 546m2 construidos en una parcela de 900m2. La vivienda se divide en varias plantas en la planta principal accedemos a un amplio y cómodo salón con&nbsp; espectaculares vistas aseo de cortesía comedor y una gran cocina office con electrodomésticos de última generación todo ello con acceso a la terraza y&nbsp; vistas a Collserola. En la planta superior&nbsp; encontramos una gran suite y dos habitaciones dobles que comparten un baño. Todas ellas con armarios empotrados y vistas &nbsp;despejadas al bosque. En la última planta hay un gran espacio para juegos dos habitaciones dobles&nbsp; con sa... ,null,198,null,Gas natural,null,546,null,Sarrià-Sant Gervasi,1,null,null,1.750.000 ,3.205 €/m²,aProperties Real Estate Barcelona, Ref.: VB1611044-5 ,6,Segunda mano/buen estado,1,Casa o chalet en venta en Vallvidrera - El Tibidabo i les Planes,http://idealista.com/inmueble/91342120/
4,1961, Excelente piso en el prestigioso barrio de Galvany Perfectamente comunicado y cercano a todos los comercios en pleno barrio de Galvany encontramos este fabuloso piso de 261m² con una terraza de aprox 10 m² muy soleada y tranquila. La distribución del piso es excelente consta de un salón-comedor a tres piezas con salida a la luminosa terraza una cocina office con una zona de servicio completa. La zona noche consta del dormitorio principal tipo suite con vestidor y baño otro dormitorio en suite&nbsp; con baño y dos&nbsp; dormitorios dobles que comparten un baño. El piso cuenta con calefacción central cerramientos con aislamiento acústico y térmico y puertas blindadas. También dispone de una plaza de parking en la misma finca y servicio de conserjería. &nbsp;. ,1,110,2,Gas natural,null,261,null,Sarrià-Sant Gervasi,1,null,null,1.495.000 ,5.728 €/m²,aProperties Real Estate Barcelona, Ref.: VB2005039-4 ,5,Segunda mano/buen estado,1,Piso en venta en Sant Gervasi - Galvany,http://idealista.com/inmueble/91341969/
2,1922, Piso en venta cerca de Plaça Adriano Sant Gervasi En una calle tranquila rodeado de servicios y comercios cerca del transporte público y con muy buenas comunicaciones encontramos esta excelente propiedad en una finca modernista muy bien conservada y totalmente rehabilitada. La propiedad tiene unos 117 m2 aprox. y consta de un salón comedor con salida a la terraza jardín de unos 61 m2 con una edificación al fondo que se puede utilizar como despacho o sala polivalente. Cocina dos habitaciones y dos baños. Conserva los techos altos bonitas puertas de madera de época así como otros detalles. Tiene todos los elementos para convertirse en una elegante exquisita acogedora y cálida vivienda; en especial para quien valora los edificios modernistas que son tan exclusivos y singulares. ,1,100,null,Gas natural,null,198,null,Sarrià-Sant Gervasi,null,null,null,1.280.000 ,6.465 €/m²,aProperties Real Estate Barcelona, Ref.: VB2005012-4 ,2,Segunda mano/buen estado,1,Piso en venta en Sant Gervasi - Galvany,http://idealista.com/inmueble/91341902/
4,1980,  Piso con terraza y parking en Sant Gervasi en venta Piso en la zona alta de Barcelona en una calle muy tranquila ubicado en una sexta planta.  La vivienda consta de un hall de entrada con armarios empotrados desde el que accedemos a la zona de día. En ella encontramos un salón comedor con chimenea y salida directa a una “disfrutable” terraza de 10m² aproximadamente con vistas al Tibidabo y una cocina office muy grande y luminosa con cuarto-despensa y acceso directo a un lavadero cubierto. Además hay una zona de servicio con habitación exterior y baño.  En la zona de noche claramente diferenciada del resto de la casa encontramos cuatro dormitorios divididos por un amplio distribuidor con armarios empotrados.  La habitación principal muy grande dispone de vestidor con armarios empotrados un baño completo con ducha y la propia... ,1,108,6,Gas natural,null,200,170,Sarrià-Sant Gervasi,1,null,null,895.000 ,4.475 €/m²,aProperties Real Estate Barcelona, Ref.: VB2003026-4 ,5,Segunda mano/para reformar,1,Piso en venta en Sant Gervasi - La Bonanova,http://idealista.com/inmueble/91341731/
2,1970, JOAN GÜELL PLAÇA CAN MANTEGA PISO EN VENTA DE CUATRO HABITACIONES EN EL BARRIO DE SANTS-LES CORTS. Vivienda de cuatro habitaciones (dos de ellas son dobles y una con armarios empotrados) baño con ducha y aseo de cortesía cocina en excelente estado con armarios a dos niveles y salón. Suelo de terrazo ventanas de aluminio puertas de embero. Ideal dejar en tres habitaciones ( quedaría un salón de 24 metros cuadrados aproximadamente). Exterior a calle el salón y una habitación doble muy luminoso ubicado en una zona muy tranquila y agradable. Finca bien conservada con acceso a los dos ascensores en planta sin barreras arquitectónicas video portero. El entorno de la vivienda es ideal tenemos colegios Biblioteca del Vapor Vell un CAP ( Ambulatorio) el Mercat de Sants y la Plaça Can Mantega. Muy buenas comunicaciones con metro ¨( línea 1 y 5 parada de Sants) autobuses Renfe y servicio de BIcing. ( El PVP indicado no incluye impuestos ni gastos de Escritura ). ,1,174,1,null,null,86,null,Sants-Montjuïc,null,null,null,320.000 ,3.721 €/m²,donpiso Bcn Sants, Ref.: 230386 ,4,null,null,Piso en venta en Sants,http://idealista.com/inmueble/91339849/
2,1800, Piso totalmente reformado en El Raval Esta preciosa vivienda se encuentra ubicada en una calle peatonal situada entre de la Ronda Sant Pau y la Rambla del Raval cerca de la estación de metro de Sant Antoni y el Mercado de Sant Antoni.  La propiedad se distribuye en un amplio salón comedor con salida a balcón a calle cocina totalmente equipada integrada una gran habitación doble con baño en suite y segunda habitación doble ambas con balconeras orientadas al despejado patio de manzana un segundo baño completo y una habitación doble con ventana a escalera.  La vivienda de techos altos está recién reformada con mucho gusto dejando las vigas a la vista y a la vez modernizada con suelos de parqué aire acondicionado con bomba de calor por conductos un amplio armario para la lavadora y secadora carpintería exterior de aluminio con doble cristal nuevas instalaciones eléctricas y de aguas. ,0,76,2,Gas natural,null,108,null,Ciutat Vella,null,null,null,349.000 ,3.231 €/m²,aProperties Real Estate Barcelona, Ref.: VB1906038-5 ,3,Segunda mano/buen estado,null,Piso en venta en El Raval,http://idealista.com/inmueble/91332595/
1,1890,  VALLDONZELLA a la venta este fantástico ático de 2 habitaciones con gran luminosidad y dos terrazas totalmente privativas disponiendo de un estudio al estilo dúplex al que se accede por una escalera exterior y privada a través de una escalera particular que ofrece la sensación de vivir en un total aislamiento del entorno urbano. También se puede disfrutar de las terrazas e incluso refrescarse mediante la ducha exterior ubicada para ello es como estar acomodado en una casa jardín ya que la terraza hace que sea mucho más agradable la vida en el centro de Ciutat Vella. Además se encuentra ubicado cerca del Mercat del Born para aprovisionar alimentos un conjunto de grandes y pequeñas superficies para todos los gustos y especialidades sea para comprar y consumir en casa o restaurantes de comida de todos los países del mundo y a tener en... ,1,228,5,null,null,63,58,Ciutat Vella,null,null,null,349.000 ,5.540 €/m²,donpiso Bcn Les Corts, Ref.: 241255 ,2,null,1,Ático en venta en El Raval,http://idealista.com/inmueble/91289845/
2,1974,  Vivienda confortable La Maternitat/Les Corts Finca de seis plantas sobre rasante y con un piso por planta muy tranquila y en buen estado de conservación. El acceso a la vivienda da paso a un amplio recibidor y que sirve de enlace con los diferentes espacios a la derecha y través de un pasillo con altillo practicable parcialmente encontramos tres habitaciones 1 doble y 2 individuales de generosas dimensiones con un pequeño patio interior y baño completo con plato de ducha. A la izquierda accederemos a un amplio salón comedor con salida a balcón exterior y que se comunica con un aseo de cortesía mediante el distribuidor al otro lado nos encontramos con una agradable cocina equipada funcional armarios con capacidad suficiente de almacenaje y electrodomésticos de buena calidad a través de la cocina también se accede a un tranquilo ... ,1,170,1,Calefacción individual,null,80,null,Les Corts,null,null,null,315.000 ,3.938 €/m²,Barcelona MMC - Les Corts- Sants - Hospitalet - S5, Ref.: W-02I1QN ,3,Segunda mano/buen estado,null,Piso en venta en La Maternitat i Sant Ramon,http://idealista.com/inmueble/91094188/
4,1980, Oportunidad por localización y tamaño: Gran piso exterior esquinero de 200 mts situado estratégicamente en Gran Vía Carlos III con Av. Diagonal. Portería grande con conserje y vigilancia. En el hall/descansillo de la planta tenemos con dos ascensores. EL piso cuenta con un salón de 55 mts con chimenea y salida a la terraza por uno de sus lados 5 habitaciones 2 dobles con salida a terraza 1 doble con amplia ventana 1 individual interior y 1 amplia suite con gran vestidor. La parte de noche está conectada a la de día por un amplio pasillo con armarios Zona tranquila nada ruidosa pues está orientado a interior manzana sur/oeste. La terraza de unos 10mts*15mts es ideal para sentarse a leer o desayunar. La cocina comunica por un lado con la zona de servicio o 5ª habitación (interior) y aseo con ducha por otro con el hall de entrada y ademas con la zona de planchador y lavadero conectado con un montacargas de servicio Esté en muy buen estado y muy bien distribuido. Parking a pupilaje posible en la portería de al lado. Gastos comunidad incluyen agua sanitaria y calefacción conserje y vigilancia. En la zona comunitaria hay terrazas para pasear al fresco y zona con juegos de niños. ,1,151,2,Gas natural,null,210,200,Les Corts,null,798.000 € ,2,780.000 ,3.714 €/m²,Fincas Cano Pujol, Ref.: v7241 ,5,Segunda mano/buen estado,1,Piso en venta en Urb. les corts Pedralbes,http://idealista.com/inmueble/91066149/
3,1961, Ático dúplex con terraza y parking en Gracia En finca clásica bien conservada presentamos este ático de 190m2 distribuidos en dos plantas con tres terrazas y plaza de aparcamiento en la misma finca. Se trata de un amplio ático para reformar a su gusto que en su distribución actual en la primera planta cuenta con; salón-comedor con acceso a terraza de unos 13m2 cocina con zona de aguas independiente un baño completo un aseo de cortesía dos habitaciones dobles y una individual grande. En la segunda planta encontramos dos habitaciones un baño completo una zona abierta polivalente y dos terrazas de unos 25m2 y 40m2 aproximadamente. La vivienda está situada al límite de Gracia con Sant Gervasi. Muy bien comunicada con transporte público gracias a la cercanía de la línea verde de metro Lesseps de los FGC- Plaza Molina y rodeada de de todos los comercios y servicios necesarios para una vida confortable en el centro de la ciudad. ,1,0,8,Gas natural,null,230,null,Gràcia,1,null,null,1.150.000 ,5.000 €/m²,Barcelona MMC, Ref.: W-02I74M ,5,Segunda mano/para reformar,1,Ático en venta en Vila de Gràcia,http://idealista.com/inmueble/91008681/
3,1967, Magnífico piso reformado en Sant Gervasi En la mejor zona de Sant Gervasi junto a Vía Augusta y a cinco minutos de la parada de Ferrocarriles de Gracia encontramos esta completa propiedad recientemente reformada. Se trata de un piso en una finca con dos ascensores y servicio de portería totalmente accesible. La reforma con muy buen gusto ha optimizado los espacios creando una vivienda sin pasillos. Sus tres habitaciones son todas de buena dimensión y dos de ellas tienen un baño en suite. Un tercer baño con ducha completa la vivienda. La sala de estar es muy amplia y permite crear dos ambientes separados uno de comedor y el otro de zona de descanso. La propiedad tiene posibilidad de plaza de aparcamiento en la misma finca no incluida en el precio. Esta propiedad se encuentra perfectamente ubicada entre Plaza Molina y la Avenida Diagonal. Disfruta de su ubicación céntrica teniendo a pocos minutos toda la oferta de ocio restauración y tiendas de la ciudad. Además está muy bien comunicada con transporte público tanto Ferrocarriles de la Generalitat (paradas Gracia y Plaza Molina) como multitud de autobuses urbanos. ,1,223,4,Calefacción individual,null,116,null,Sarrià-Sant Gervasi,1,null,null,615.000 ,5.302 €/m²,Barcelona MMC - Eixample - S2, Ref.: W-02JBNN ,3,Segunda mano/buen estado,null,Piso en venta en Sant Gervasi - Galvany,http://idealista.com/inmueble/90397629/
1,1978,  Piso con perfecta ubicación en Gràcia En una bonita finca de obra vista en una tranquila calle que forma justo el punto medio entre Vila de Gràcia Sant Gervasi y Eixample Esquerra se encuentra esta coqueta vivienda. Al cruzar la puerta de entrada nos encontramos a lado izquierdo una habitación que podrá adaptar totalmente a sus necesidades y le podrá servir como dormitorio despacho o vestidor. Siguiendo el pasillo cubierto con un bonito suelo de madera se encontrará en la amplia y equipada cocina que se instaló hace pocos años y está en perfectas condiciones con acabados de calidad como la encimera de mármol. Dicha estancia tiene acceso directo a un patio que ofrece suficiente espacio para usarlo como zona de aguas instalando la lavadora y secadora y si lo desea también podrá crear una despensa. A continuación se ubica el amplio... ,1,191,1,Gas natural,null,79,null,Sarrià-Sant Gervasi,null,null,null,375.000 ,4.747 €/m²,Barcelona MMC, Ref.: W-02JD3J ,3,null,null,Piso en venta en Sant Gervasi - Galvany,http://idealista.com/inmueble/90306789/
1,1972, Piso con fantásticas vistas al puerto Propiedad de gran tamaño que en su origen disponía de cuatro habitaciones. Piso en perfecto estado y edificio totalmente conservado. Destaca su altura. Un piso muy luminoso y unas vistas espectaculares a la costa de Barcelona y al emblemático monumento de Colón. Dispone de una terraza para disfrutar de las vistas y poder hacer estancia al aire libre. El piso se encuentra en una inmejorable ubicación el barrio de Poble Sec. Este se encuentra dentro del distrito barcelonés de Sants-Montjuic. Está situado entre la montaña de Montjuic y Paral·lel una de las avenidas que vertebran la ciudad de Barcelona y que va desde la plaza España hasta el puerto barrio situado en las faldas del Montjuic. Céntrico y a la vez en plena naturaleza está al lado del núcleo más antiguo y de Barcelona una calle con mucha vida cultural los teatros Apolo El Molino Victoria y Condal así como reconocidos restaurantes y bares de tapas. Al lado de Colón y las Ramblas paseando se llega rápido a las playas de la Barceloneta. ,1,0,6,Gas natural,null,120,null,Sants-Montjuïc,null,435.000 € ,6,410.000 ,3.417 €/m²,Barcelona MMC - Les Corts- Sants - Hospitalet - S5, Ref.: W-02DX01 ,4,Segunda mano/buen estado,1,Piso en venta en El Poble Sec - Parc de Montjuïc,http://idealista.com/inmueble/90180072/
2,1970,  Magnífico ático con terraza en Can Baró Magnífico y espacioso ático con terraza de 40 m2 con vistas privilegiadas y mucha privacidad en el corazón del tranquilo barrio residencial de Can Baró. Es una propiedad exclusiva alta y muy soleada durante todo el día ya que tiene orientación Sur. Al entrar nos encontramos en un práctico recibidor y a mano derecha una luminosa habitación doble. A la izquierda vemos un pasillo que nos lleva a una amplia y cómoda cocina con mucha luz natural y seguidamente vemos un gran salón-comedor que da acceso a una fabulosa terraza con orientación Sur para disfrutar durante todo el año.  Al otro lado de pasillo encontramos un baño completo con plato de ducha una habitación individual y una amplia habitación doble con un aseo en suite.  La vivienda tiene calefacción de gas y aire acondicionado y es perf... ,1,236,8,Gas natural,null,116,null,Horta Guinardó,1,null,null,499.000 ,4.302 €/m²,Barcelona MMC, Ref.: W-02ITJX ,3,Segunda mano/buen estado,1,Ático en venta en Can Baró,http://idealista.com/inmueble/89447341/
1,1900,  Atico duplex nuevo a estrenar en el Poblenou Luminoso piso en finca totalmente rehabilitada en el barrio de Poblenou. La propiedad cuenta con una terraza privada en la planta superior (3a planta) de 46 m2. Los techos altos que lucen el trazado de la bóveda catalana generan sensación de amplitud. Toda la reforma ha sido supervisada por arquitectos la estructura ha sido reforzada y las instalaciones renovadas. Se trata de un segundo real al que se accede a través de una escalera bien dimensionada y en óptimo estado. La cocina tiene instalados todos los electrodomésticos necesarios (fogones nevera horno lavavajillas). El salón comedor es de concepto abierto se articula con la zona de dormitorios a través de un espacio de distribución que cuenta además con el baño y lavandería. Todos los ambientes de la vivienda tienen ventanas altas f... ,0,296,2,Calefacción individual,null,93,null,Sant Martí,null,null,null,455.000 ,4.892 €/m²,Barcelona MMC - Eixample - S2, Ref.: W-02HWYK ,2,Segunda mano/buen estado,null,Ático en venta en El Poblenou,http://idealista.com/inmueble/89350187/
2,1890,  Loft del 1910 con carácter en Gràcia Nos encontramos en lo alto de un pueblo que ya no existe. Se ha cambiado el espacio agrícola e industrial por una de las zonas residenciales más apreciadas de Barcelona. 1910 las cabras campan por el Parc Güell como quieren estamos a 19 años de la Exposición Universal. Y el barrio formado por distritos industriales y talleres integrados y con ellos las viviendas populares y obreras con sus espacios de sociabilidad (ateneos cooperativas asociaciones de vecinos) que todavía hoy perduran. De esta Gracia en su momento de bonanza quedan todavía muestras memorables como la que nos encontramos una fachada que destaca por el gran portal y ventanales que da paso a un auténtico Loft con techos de más de 6m de altura columnas de hierro de marca madera y piedra que en el momento de su construcción inv... ,0,176,1,Gas natural,null,270,null,Gràcia,null,null,null,780.000 ,2.889 €/m²,Barcelona MMC, Ref.: W-02INLE ,3,Segunda mano/buen estado,null,Piso en venta en Vila de Gràcia,http://idealista.com/inmueble/89208625/
2,1945,  Piso para reformar en Muntaner Piso en una de las mejores zonas de Barcelona. Consta de 4 dormitorios (antes 5) dos dobles y dos individuales y dos baños completos. Dos de los dormitorios son exteriores y dos son interiores. Por su configuración es ideal para reformar piso alto y luminoso. No tiene aparcamiento en la finca pero hay numerosos garajes en la zona. El territorio está vertebrado en torno a varias vías como el Paseo de la Bonanova que cruza el barrio de Llobregat a Besós y calles como la de Sant Gervasi de Cassoles Muntaner o Mandri que van de mar a montaña. Sant Gervasi-La Bonanova es un barrio básicamente residencial repleto de fincas y restaurantes elegantes que son el reflejo actual de su historia. El antiguo municipio fue un territorio poco poblado y sin industria ni empresas importantes. Este hecho y la proximi... ,1,168,4,Gas natural,null,102,null,Sarrià-Sant Gervasi,null,null,null,495.000 ,4.853 €/m²,Barcelona MMC - Zona Alta - S1, Ref.: W-02I8RC ,4,Segunda mano/para reformar,null,Piso en venta en Sant Gervasi - La Bonanova,http://idealista.com/inmueble/88923919/
2,1967,  Piso reformado y luminoso en Les Corts Precioso piso alto tranquilo y muy luminoso con un diseño funcional y práctico con cocina office totalmente equipada con todos los electrodomésticos.  Entramos en el piso por el recibidor y a continuación encontramos un pasillo desde el que se distribuye el acceso a todas las estancias.  A la derecha nos encontramos en primer lugar el salón comedor muy luminoso con grandes ventanales y vistas despejadas a Tibidabo.  Frente al salón está la cocina equipada y con acceso a una zona office desde la que vamos al aseo y a la zona lavadero.  Desde el pasillo a la derecha a continuación del salón encontramos la habitación principal también muy luminosa y con amplios ventanales.  Seguidamente a la derecha encontramos la 2ª habitación individual igualmente luminosa y enfrente la 3ª habitación. Junt... ,1,164,8,Gas natural,null,78,null,Les Corts,null,null,null,380.000 ,4.872 €/m²,Barcelona MMC - Les Corts- Sants - Hospitalet - S5, Ref.: W-02IC0R ,3,Segunda mano/buen estado,null,Piso en venta en Les Corts,http://idealista.com/inmueble/88842238/
5,1969, Espectacular piso junto al Tenis Barcelona Piso de 550m² aprox. más terraza de 30m² distribuidos en una sola planta junto al Real Club de Tenis Barcelona en el barrio de Pedralbes. Necesita reforma integral. Salón a tres ambientes: sala de televisión de 40m² salón principal de 55m² y comedor de 30m² con salida a una gran terraza con espectaculares vistas a sur. 4 dormitorios (1 suite con vestidor y 3 suites) más zona de servicio con baño independiente. 4 baños completos. Amplia cocina office de 30m². Finca del 1969 con vigilancia 24h y servicio de conserjería. Incluye 3 plazas de parking y trastero de 5m2. La proximidad del casco antiguo de Sarrià y la buena comunicación con transporte público ofrecen a esta zona residencial un fácil acceso a comercios y servicios. La cercanía de colegios de prestigio nacionales e internacionales así como la oferta universitaria de la zona ofrecen un valor añadido. ,1,111,4,Gas natural,null,546,null,Les Corts,1,null,null,3.100.000 ,5.678 €/m²,Barcelona MMC - Zona Alta - S1, Ref.: W-02834M ,6,null,1,Piso en venta en Pedralbes,http://idealista.com/inmueble/88813006/
3,1972, Tranquilo y soleado piso en el Galvany Excelente propiedad a reformar con muchas posibilidades. Está compuesto por un amplio y luminoso salón comedor en dos estancias gran y cómoda cocina office con galería 4 amplios dormitorios y 3 baños (1 suite con vestidor) y ubicado en una de las mejores zonas del Galvany. Desde una agradable terraza de 10m2 gozamos de un tranquilo y soleado parque cerca de Via Augusta.  El piso goza de una amplia plaza de aparcamiento y otra plaza para motos y bicicletas. Las plazas de aparcamiento no están incluidas en el precio. Ubicado en una prestigiosa zona del Galvany en una finca con conserje. La propiedad se encuentra cerca de todo tipo de servicios tanto comercio como transporte público. ,1,124,3,Gas natural,null,134,null,Sarrià-Sant Gervasi,1,null,null,695.000 ,5.187 €/m²,Barcelona MMC - Zona Alta - S1, Ref.: W-02HDVM ,4,Segunda mano/para reformar,1,Piso en venta en Sant Gervasi - Galvany,http://idealista.com/inmueble/88218668/