bathrooms,constructed_year,description,elevator,energetic_qualification_kWhm2_año,floor,heater_system,its_new,m2_build,m2_useful,neighbourhood,parking,price_down_euro,price_down_percentage,price_euro,price_m2,real_estate,ref,rooms,status,terrace,title,link
2,1960, Te presentamos este piso exterior sobre calle Aragò a metros de calle Padilla. Sus 96 m2 construidos según catastro se distribuyen en:  - 3 habitaciones de las cuales una doble - dos baños completos con plato de ducha de los cuales uno en suite - salón comedor exterior muy luminoso - cocina con lavadero en balcón interno.  EL piso tiene suelos de parquet y dispone de bomba frío calor y puerta blindada. Su orientación noreste hace que disponga de luz natural todo el día.  La propiedad se encuentra en excelente estado de conservación en finca con ascensor portería y acceso modificado para personas con movilidad reducida.  El entorno es inmejorable. A metros de la Sagrada Familia Encants y Glories con zonas verdes parques infantiles escuelas Centros comerciales bares y restaurantes.  Zona muy bien comunicada con el resto de la ciudad mediante Metro y autobuses. Producto exclusivo Immosomni. El precio no incluye los impuestos ni los gastos (de notaría registro y gestoría). Aicat número 4236. Realizamos las visitas cumpliendo con las recomendaciones sanitarias del Covid-19. ,1,95,5,null,null,96,87,La Sagrada Família,null,null,null,342.000 ,3.562 €/m²,Elisabeth, Ref.: DR00322 ,3,Segunda mano/buen estado,null,Piso en venta en calle d'Aragó,http://idealista.com/inmueble/91636365/
1,1970,  Piso de 72 m² que consta de 3 dormitorios dobles salón comedor de 14 m2 con salida a balcón y cocina espaciosa. La vivienda tiene suelo de parquet y aire acondicionado. Finca con ascensor. Piso ubicado en una calle muy tranquila en el centro de Sant Andreu de Palomar cerca del metro Sant Andreu L1.  ¡NO DUDES EN VENIR A VISITARLO!  La red Kiron del Grupo Tecnocasa te ayudará a buscar la financiación que mejor se adapte a tus necesidades. Son expertos en el sector financiero y están a tu disposición para que elijas la hipoteca que mejor se adapte a ti. Hasta un 100%. ´. ´.  Cuando pasees por la parte antigua del distrito creerás que te has teletransportado a un pueblecito encantador de la Catalunya interior. Lo vivirás en los alrededores de la plaza Mercadal en la plaça de Orfila podrás admirar la iglesia neoclásica de Sant Andreu del... ,1,169,1,null,null,72,null,Sant Andreu,null,null,null,195.000 ,2.708 €/m²,ESTUDI GRAN DE SANT ADREU, Ref.: DS-08 ,3,Segunda mano/buen estado,null,Piso en venta en calle de Servet,http://idealista.com/inmueble/91633620/
1,1880,  En calle Princesa una de las calles más emblemáticas del Born de Barcelona sale a la venta un bonito piso de 67 m2 orientado a dos calles con sol por la mañana y por la tarde.   La vivienda está situada en la planta tercera de un edificio de 1880 sin ascensor. Distribuye 2 dormitorios uno doble con balcón a calle Princesa y otro individual vestidor baño completo con bañera cocina abierta al comedor y ambas con ventilación a patio de finca salón con balcón a calle Assaonadors.  Ventilación cruzada cerramientos de aluminio básico suelos de parquet laminado y de gres en baño climatización en la estancia con más incidencia solar. El dormitorio individual y vestidor ventilan al actual dormitorio doble.  La distribución actual puede modificarse cambiando el dormitorio doble por el salón sin obras. No hay posibilidad de instalar as... ,0,0,3,Calefacción individual,null,67,null,Sant Pere - Santa Caterina i la Ribera,null,null,null,262.000 ,3.910 €/m²,Eurofincas International Real Estate, Ref.: V2084-R ,2,Segunda mano/buen estado,null,Piso en venta en Princesa,http://idealista.com/inmueble/91626925/
1,null, PISO CON ENCANTO AL LADO DE PL. REAL TECHOS ALTOS DE 3.5 M SUELOS HIDRÁULICOS BIEN CONSERVADOS.  Consta de 45 m2 construidos 2º planta sin ascensor PISO PRINCIPAL actualmente consta de 2 habitaciones 2 balcones exteriores a la calle con vistas a la Pl. Real comedor cocina y baño suelos hidráulicos muy bien conservados techos artesonados altos de 3.5 m patio de 6 m2 tocando Pl. Real.  Mucha posibilidad de reforma alta rentabilidad edificio zona comunes y escalera rehabilitada certificado de aptitud.  Próximo a transporte público metro cercanías renfe autobuses 20 minutos andando a la playa de la Barceloneta.  Próximo a las Ramblas Pl. Cataluña playas de la Barceloneta Passeig del Borm. ,0,145,1,null,null,45,null,El Gòtic,null,null,null,148.000 ,3.289 €/m²,Mònec Barcelona, Ref.: V0126 ,1,Segunda mano/para reformar,null,Piso en venta en calle del Vidre,http://idealista.com/inmueble/91626553/
2,1940,  En un entorno activo y vital de la ciudad de Barcelona y a solo 10 minutos a pie de Plaza España encontramos un piso totalmente reformado a estrenar.   Se ha pensado en una distribución eficiente donde la zona de día tenga el máximo protagonismo y el máximo de luz. Un espacio de 25 m2 que distribuye el salón comedor y la cocina americana con una sutil división con doble utilidad siendo una barra de desayunos por un lado y panel para TV plana o pared de proyecciones por el otro.  A este espacio se une la salida a la gran terraza de 110 m2 que reserva un primer espacio a una pérgola protegida por un toldo retráctil. La terraza ofrece infinitas posibilidades para plantas huertos domésticos y solárium.  Dispone de 2 dormitorios una doble con baño en suite y una individual. El baño con lavabo de un seno espejo mural wc y ducha am... ,1,96,1,Bomba de frío/calor,null,67,60,La Font de la Guatlla,null,348.000 € ,11,309.000 ,4.612 €/m²,Eurofincas International Real Estate, Ref.: V1974-2R ,2,Segunda mano/buen estado,null,Piso en venta en Gran via de les Corts Catalanes,http://idealista.com/inmueble/91560486/
1,1965, Piso de 4 habitaciones alto luminoso y tranquilo. Muy buen estado. Finca con ascensor y rampa para movilidad reducida. Situado a 400m de Plaça Espanya Fira Barcelona y Parc de Montjuïc. Centro comercial Las Arenas y Gran Via 2. Linea 1 y 3 de metro. Ferrocarriles de la Generalitat. A 20 minutos del aeropuerto. Piso ideal para familias o para invertir ( posibilidad de venderlo amueblado). ,1,0,5,null,null,88,80,Sants-Montjuïc,null,null,null,295.000 ,3.352 €/m²,Finques Businfreu, Ref.: B00703 ,4,Segunda mano/buen estado,null,Piso en venta en Hostafrancs,http://idealista.com/inmueble/90480572/
2,1978, Piso en Venta en L'Eixample Esquerra de Barcelona Piso en el centro de Barcelona en el barrio del Eixample Esquerra una de las zonas más demandadas de la ciudad ubicado en una finca con conserjería de Lunes a Domingo ascensor y parking.  La vivienda tiene una superficie aproximada de 97m² distribuidos en un salón-comedor con orientación sur oeste y a un patio interior de manzana muy tranquilo con mucha luz. Cocina equipada con lavadero independiente. Cuatro habitaciones una de ellas exterior a sur oeste dos habitaciones individuales y una en suite doble con baño propio. Además la vivienda cuenta con otro baño completo.  Dispone de armarios empotrados aire frío/calor por Split y una plaza de garaje en la misma finca incluida en el precio.  La propiedad está ubicada en Comte de Borrell muy cerca de Avenida Roma una zona muy agradable para vivir tranquila y bien comunicada.  Oportunidad de vivir en una de las mejores zonas de Barcelona!  &nbsp;  &nbsp;. ,1,100,5,Eléctrica,null,97,null,Eixample,1,null,null,445.000 ,4.588 €/m²,aProperties Real Estate Barcelona, Ref.: VB2011001 ,4,Segunda mano/para reformar,null,Piso en venta en La Nova Esquerra de l'Eixample,http://idealista.com/inmueble/91634207/
1,null, REF: 92283 Magnífico piso disponible con 56m² 5º planta en una finca con ascensor. Ubicado en Eixample que es uno de los barrios más populares de Barcelona entre los turistas pero también es el antiguo barrio de los burgueses catalanes.  La vivienda cuenta con 2 dormitorios dobles 1 baño completo cocina totalmente equipada Salón - comedor muy amplio y luminoso. Dispone de armarios empotrados más de 2 suelos: terrazo puerta blindada portero automático.   Se encuentra en Algunos edificios se caracterizan por sus entradas espectaculares con rasgos modernistas y preciosos acabados que reflejan la riqueza de la clase burguesa.  Para más información contactar con el equipo Área Casa. ,1,0,5,null,null,56,55,Eixample,null,null,null,250.000 ,4.464 €/m²,Area Casa, Ref.: 92283 ,2,Segunda mano/buen estado,null,Piso en venta en La Sagrada Família,http://idealista.com/inmueble/91658433/
1,1930,  Inmoredes ofrece en Exclusiva este hermoso piso totalmente reformado en la calle Rec Comtal. Una auténtica joya en el Born.  A unos pasos del Arco del Triunfo y del Parque de la Ciudadela y muy cerca de la playa encontramos este precioso inmueble en una primera planta real. En una finca modernista que data del año 1900 con ascensor conservando elementos originales de gran valor arquitectónico.  El piso se encuentra en excelente estado y está totalmente reformado con diseños y acabados de calidad. Con las vigas de madera originales decapadas.   Apenas entrar encuentras una moderna cocina tipo office totalmente equipada en un estado inmejorable con todos sus electrodomésticos de primera calidad. A la izquierda nos encontramos con un salón comedor con un gran ventanal lo cual lo hace muy luminoso proporcionando luz natural gran pare... ,1,22,null,null,null,42,null,Ciutat Vella,null,null,null,210.000 ,5.000 €/m²,Inmoredes, Anuncio: 91661592 ,1,Segunda mano/buen estado,null,Piso en venta en Sant Pere - Santa Caterina i la Ribera,http://idealista.com/inmueble/91661592/
1,1960, Se vende piso muy luminoso en Poble Sec exactamente en la calle Lleida ubicado en una finca esquinera situada a escasos metros de la fuente de Montjuic y su encantador entorno. La vivienda está compuesta por salón comedor de un ambiente y cocina integrada en el mismo espacio dos dormitorios y un baño completo. Además un balcón con acceso desde el salón. Existen varias tipologías en la misma finca.  Otras opciones en - mgeixample. com -. ,1,0,3,Gas natural,null,75,null,El Poble Sec - Parc de Montjuïc,null,null,null,440.000 ,5.867 €/m²,MG Grupo Inmobiliario, Ref.: VE1621 ,2,Segunda mano/buen estado,null,Piso en venta en Lleida,http://idealista.com/inmueble/91642754/
1,null, EXCELENTE OPORTUNIDAD en Nou Barris 100 % FINANCIADO! Con un aporte minimo de impuestos y gastos y una couta mensual aprox de 450 euros este piso puede ser suyo con mucho de menos de lo que abonaria un alquiler en la zona. Es una cuarta planta con ascensor distribuido en tres dormitorios uno doble y dos simples una cocina independiente salon de 15 mts2 y un baño completo. La ubicacion es muy buena sobre calle Pedraforca justo frente a la parada del metro de Ciudad Meridiana y frente a una escuela. Consultenos para mas informacion o una visita sin compromiso es una verdadera oportunidad por precio y condiciones unicas de financiacion. ,1,0,4,null,null,77,63,Ciutat Meridiana - Torre Baró - Vallbona,null,null,null,113.000 ,1.468 €/m²,INMOBROKERS.ES, Ref.: PIS_222 ,3,Segunda mano/buen estado,null,Piso en venta en calle del Pedraforca,http://idealista.com/inmueble/91632962/
6,1955, Exclusivo ático en finca regia en Pedralbes Pieza única ubicada en pleno corazón del barrio de Pedralbes cerca de los más prestigiosos clubs deportivos consulados&nbsp; y colegios internacionales. Se trata de un espectacular ático dúplex a reformar de 303m2 de piso y 295m2 de terraza.  La vivienda completamente exterior consta de 192m2 en la planta baja (a tres vientos) y 111m2 en la planta superior (a cuatro vientos). Los espacios son amplios y muy luminosos. El proyecto está pensado para habilitar cuatro dormitorios en suite un gran salón comedor aseo de cortesía cocina lavadero y zona de servicio. La magnífica terraza está ubicada en la planta superior desde donde acceden todas las estancias de esta planta.  La propiedad incluye una plaza de parking y posibilidad de alquilar más plazas a solo un paso de vivienda. Dispone de servicio de conserjería. ,1,100,4,Gas natural,null,598,null,Les Corts,1,2.770.000 € ,10,2.490.000 ,4.164 €/m²,aProperties Real Estate Barcelona, Ref.: VB2007015-4 ,5,Segunda mano/buen estado,1,Ático en venta en Pedralbes,http://idealista.com/inmueble/91426055/
2,1988,  Amplio piso de 109 m² en Barcelona. La amplitud de esta vivienda proporciona a una familia con niños todo el espacio que necesita.   Se encuentra en un primer piso con ascensor y cuenta con amplio y luminoso salón cocina amueblada completamente independiente del resto de estancias y equipada con electrodomésticos cuatro dormitorios y dos cuartos de baño completos. Además el piso cuenta con balcón de 4 m² que aporta gran luminosidad a toda la estancia y armarios empotrados con buen almacenaje. El inmueble es todo exterior y está situado en una vía de fácil acceso tiene 1 plaza de garaje amplia para que puedas aparcar con comodidad.   Con orientación sur es una casa muy soleada en las horas centrales del día. La vivienda se vende sin amueblar y en buen estado lista para entrar a vivir. En cuanto a las calidades este piso cuenta ... ,1,0,1,null,null,109,100,Vila de Gràcia,1,560.000 € ,6,529.000 ,4.853 €/m²,Housell.com, Ref.: 114210 ,4,Segunda mano/buen estado,null,Piso en venta en calle de Sant Gabriel,http://idealista.com/inmueble/91408330/
1,1900, Cuarto real sin ascensor con magníficas vistas y luz todo el día. El piso se compone de un gran salón comedor cocina independiente dos dormitorios baño y aseo. Tiene dos balcones y una ventana a calle. ,0,0,4,null,null,69,65,El Poble Sec - Parc de Montjuïc,null,null,null,228.000 ,3.304 €/m²,fincas gual, Anuncio: 90982596 ,2,Segunda mano/buen estado,null,Piso en venta en calle de Radas,http://idealista.com/inmueble/90982596/
2,1997, C/ Ausias March Piso en perfecto estado para entrar a vivir 87 m2 aprox amueblado y equipado. Exterior a calle con terracita distribuido en 3 dormitorios dos baños amplio salón comedor coocina office con salida a amplia galería de 15 m2 aprox. Finca con ascensor bien conservada. Posibilidad de Parking en la misma finca. Zona céntrica bien comunicada y con todos los servicios. ,1,0,1,null,null,87,null,El Fort Pienc,null,null,null,395.000 ,4.540 €/m²,simurba, Ref.: 3263 ,3,Segunda mano/buen estado,1,Piso en venta en calle de Ausias March,http://idealista.com/inmueble/89700258/
1,1964, X PONT 207 IDEAL CAMBIO DE VIVIENDA  DISPUESTOS A ESCUCHAR OFERTAS EN FIRME  Vivienda a reformar frente al parque de San Martín.  Se encuentra actualmente distribuida en cuatro dormitorios baño cocina con lavadero cedido trastero y amplio salón-comedor. Equipada con aire acondicionado ventanas de aluminio blancas y parquet.  La finca dispone de ascensor rampa de accesibilidad y plaza de aparcamiento (incluida en el precio).  Emplazada en el barrio de San Martín a un paso del metro (L2) de San Martín y de la futura estación del AVE - Rodalies y bus.  Si tienes dudas en algún producto financiero o deseas valorar tu piso contacta con nosotros.  *El precio de venta del inmueble no incluye los honorarios de la inmobiliaria ni los tributos que gravan Ia compraventa (ITPAJD o IVA) ni en caso de haberlos los notariales y los registrales que satisface el comprador. . . ,1,156,3,null,null,86,null,Sant Martí de Provençals,1,null,null,199.900 ,2.324 €/m²,LA CASA AGENCY, Ref.: X PONT 207 ,4,Segunda mano/para reformar,null,Piso en venta en calle de l'Agricultura,http://idealista.com/inmueble/91659389/
2,1877, Piso exterior a calle con 2 balcones en venta en Barcelona que consta de 54 m² según Catastro distribuidos en 3 habitaciones 2 baños comedor y cocina abierta. Cuenta con bigas de madera y las paredes son de tabiques. Muy adecuado para crear vivienda a medida. Finca de finales de 1800 en buen estado. Buena oportunidad de rentabilidad actualmente se alquilan las habitaciones por separado. Excelente zona muy bien comunicada y al lado del Parc de la Ciutadella pulmón verde de la ciudad i excelente zona de recreo. A dos pasos del centro de la ciudad. FORCADELL le ofrece asesoramiento y le ayuda en las gestiones para la obtención de la hipoteca. FINCAS FORCADELL SLU. AICAT 163 Pl. Universitat 3 bajos Barcelona. ,null,187,1,null,null,54,51,Sant Pere - Santa Caterina i la Ribera,null,null,null,210.000 ,3.889 €/m²,Sandra Pacheco, Ref.: V36339 ,3,Segunda mano/buen estado,null,Piso en venta en calle del Portal Nou,http://idealista.com/inmueble/91641759/
1,1940,  Piso en venta a reformar de 141m2 en Passeig de Sant Joan Dreta de l'Eixample Barcelona.  Disponemos de Tour Virtual.    La fotografía en portada corresponde a una representación virtual que sirve de ejemplo como propuesta de decoración.    Inmueble para reformar de 141m2 construidos según Catastro 125m2 útiles según Cédula de Habitabilidad.  Planta Principal con ascensor. Esquinero y exterior a Passeig de Sant Joan.    La vivienda se encuentra actualmente distribuido en 1 salón comedor cocina independiente 2 habitaciones (1 de tamaño doble exterior y 1 de tamaño individual interior con vestidor) 1 baño 1 zona de aguas y salida a patio interior.    Equipada con suelo de parquet calefacción armarios empotrados y carpinteria exterior e interior de aluminio. Finca con servicio de conserjería.    En cuanto a su ubicación se encuen... ,1,102,0,Calefacción individual,null,141,125,La Dreta de l'Eixample,null,null,null,430.000 ,3.050 €/m²,Immoaugusta, Ref.: IAUjoanP ,2,Segunda mano/para reformar,null,Piso en venta en paseo de Sant Joan,http://idealista.com/inmueble/91633281/
2,1963, Bonito piso en zona alta junto Avenida Diagonal y con vistas a Turó Park. Vivienda absolutamente reformada de 80m². La finca rehabilitada en el 2013 dispone de conserje y tiene todas las zonas comunes reformadas. El piso consta de un luminoso salón comedor exterior con magníficas vistas cocina abierta totalmente equipada con electrodomésticos de alta gama frigorífico americano nevera de vinos horno y un lavadero independiente dos dormitorios uno de ellos en suite con gran baño y vestidor y otro baño. Encontramos armarios empotrados en los dos dormitorios y en el recibidor. Muy luminoso. ,1,181,3,Gas natural,null,80,72,Eixample,null,740.000 € ,12,650.000 ,8.125 €/m²,Fincas Cano Pujol, Ref.: v7093 ,2,Segunda mano/buen estado,null,Piso en venta en Urb. eixample L'Antiga Esquerra de l'Eixample,http://idealista.com/inmueble/88490231/
2,1970, te presentamos este magnifico piso de 88 m2 útiles con vistas a patio de manzana ideal para descansar…. si eres de los que buscas tranquilidad cuando llegas a casa 4 habitaciones aunque una de ellas se transformo para poder hacer una genial cocina office donde podrás controlar como tus hijos hacen los deberes mientras cocinas y 2 baños completos. Todo esto ubicado en el barrio del Putxet i Farró en las calle Saragossa con Guillem Tell por tanto con un gran número de servicios y actividades a su alcance destacando la parada de metro de L3 y la parada de Ferrocarrils de Plaça Molina. ,1,217,1,Gas natural,null,93,88,El Putxet i el Farró,null,null,null,445.000 ,4.785 €/m²,MONTSE GARRIDO, Anuncio: 91643410 ,4,Segunda mano/buen estado,null,Piso en venta en calle de Saragossa,http://idealista.com/inmueble/91643410/
3,2020, Finca totalmente reformada en Les Corts Viviendas de 1 2 y 3 habitaciones totalmente rehabilitadas con acabados de calidad y grandes ventanales que proporcionan mucha luz natural a las viviendas.  Finca distribuida en 2 escaleras y 5 alturas. Plantas bajas con espaciosas terrazas viviendas con altillos techos altos y áticos con grandes terrazas.  Espacios muy diáfanos cocinas abiertas al salón-comedor equipadas con muebles placa de inducción y horno-microondas. Puertas correderas para proporcionar espacio a las viviendas. Baños equipados con platos de ducha. Habitaciones dobles e individuales con armarios empotrados.  Pisos con posibilidad de añadir otra habitación.  Excelentemente comunicado mediante transporte público tanto metro como bus. A escasos minutos andando de la Estación de Tren de Sants. Gran variedad de comercios y clubs deportivos en la zona.  Plazas de parking en la misma finca a partir de 27.500 € y trasteros a partir de 10.000 €. ,1,100,5,Gas natural,null,185,null,Les Corts,1,null,null,1.600.000 ,8.649 €/m²,aProperties Real Estate Barcelona, Ref.: ONB2001003-312 ,2,Segunda mano/buen estado,1,Piso en venta en calle de Nicaragua 75,http://idealista.com/inmueble/91551153/
4,1900, Piso clásico en venta ideal para despacho privado o vivienda en Rambla Catalunya En Rambla de Catalunya número 3 &nbsp; en una finca de principios del siglo XX encontramos esta clásica propiedad de 278m2 más una terraza de 25m2. &nbsp; Se trata de un principal que ocupa toda una planta del edificio con techos más de cinco metros de altura con molduras y ventanales de origen. &nbsp; La propiedad está reformada con amplias estancias un espacioso salón-comedor con grandes ventanales y vistas a la Plaza Cataluña. Una cocina de estilo abierto &nbsp; tres dormitorios dobles; todos ellos en suite uno de ellos con vestidor y jacuzzi un bonito patio trasero y dos altillos con acceso desde el pasillo. Tiene suelos de mármol sistema de aire acondicionado y calefacción por conducto. &nbsp;Una propiedad ideal para un despacho privado o vivienda en pleno centro de Barcelona. ,1,105,null,Gas natural,null,290,null,La Dreta de l'Eixample,null,null,null,2.450.000 ,8.448 €/m²,aProperties Real Estate Barcelona, Ref.: VB1606035-5 ,3,Segunda mano/buen estado,1,Piso en venta en rambla de Catalunya 3,http://idealista.com/inmueble/91342116/
3,1961, Conciliar vida privada y laboral es posible en este estupendo Loft industrial de arquitectura Catalana. Techos altos y abovedados paredes de ladrillo visto vidrieras emplomadas y espacio a raudales. La reforma ha sido realizada con el máximo respeto a elementos originales de la finca pero añadiendo el confort de nuestros tiempos. ( El PVP indicado no incluye impuestos ni gastos de Escritura ). ,null,0,null,null,null,300,260,Sant Martí,null,null,null,1.450.000 ,4.833 €/m²,LV Living Barcelona, Ref.: 240564 ,3,Segunda mano/buen estado,1,Casa o chalet en venta en El Camp de l'Arpa del Clot,http://idealista.com/inmueble/90166618/
2,1970, Piso en venta de 89m2 con 4 habitaciones y 2 baños en Travessera de Dalt Gràcia Barcelona.    Inmueble de 89m2 construidos según catastro 8º de altura en una finca con 2 ascensores. Exterior con orientación noroeste.    La vivienda se encuentra actualmente distribuida en 1 recibidor 1 salón comedor con terraza cerrada cocina independiente con galería 4 habitaciones (1 de tamaño doble y 3 de tamaño individual) y 2 baños.    En cuanto a su ubicación se encuentra situada en la Travessera de Dalt Gràcia Barcelona; a escasos minutos a pie de Plaça de Joanic del Parc de les Aigües y de todo el dinamismo de La Vila de Gràcia.    Bien conectada con transporte público mediante Metro L4 parada AlfonsX y diversidad de opciones de Bus TMB.    Costes de ITP notaría y registro no incluidos en el precio de venta. Para más información puede consultar la página web atc. gencat. cat/es/tributs/itpajd/  Gestión inmobiliaria incluida en el precio de venta. Aicat 6184    Contacte para más información y agendar una visita al inmueble. ,1,112,8,null,null,89,74,La Salut,null,null,null,315.000 ,3.539 €/m²,Immoaugusta, Ref.: IAUtravdalt1 ,4,Segunda mano/para reformar,1,Piso en venta en travesía de Dalt,http://idealista.com/inmueble/91646563/
1,1975, IDEAL PARA LOS AMANTES DE PISOS EXTERIORES Y SOLEADOS. Se trata de una excelente oportunidad sobre calle Pujades (entre María Aguiló y Bilbao).  Lo que destaca de este inmueble es que en su totalidad es exterior y muy soleado cuenta con una superficie de 90 m² y sus vistas despejadas frente a todo Poblenou y detrás al montjuic.  La vivienda está distribuida en 4 habitaciones (2 dobles) amplio salón comedor con acceso al balcón cocina reformada y totalmente equipada un baño amplio con plato de ducha (anteriormente dos baños) y recibidor.   Todos los ambientes son gozan de luz natural. La carpintería de aluminio con mosquiteras calefacción por radiadores tres equipos de aire acondicionado dos en habitaciones y uno en el salón.  Está ubicado en finca con ascensor del año 1975 dispone de video-portero cuenta con muy buena comunicación con tiendas comerciales lugares de ocio transportes públicos autobuses bicing.  Para realizar una visita envíanos una solicitud por el portal y te llamaremos o bien ponte en contacto con nosotr@s.  -Lunes a viernes: de 09:30 a 14:00hs y 16:30 a 20:00hs -Sábados: de 10:00 a 14:00hs. ,1,0,6,Gas natural,null,90,84,El Poblenou,null,null,null,380.000 ,4.222 €/m²,Agencia IMMOBARCELO, Ref.: 2628 ,4,Segunda mano/buen estado,null,Piso en venta en calle de Pujades,http://idealista.com/inmueble/91633670/
2,1975,  Home Group Comienza una nueva vida disfrutando de esta gran terraza de 60m2 en el barrio de El Guinardó.   Este ático único en planta todo exterior consta de un gran salón comedor con salida a la terraza a nivel de tres habitaciones de las cuales dos dobles con grandes ventanas que permiten la entrada de luz natural y una individual con aseo en suite con plato de ducha. La amplia cocina tipo office te invita a desayunar y disfrutar del sol directo de la mañana sin depender del uso del comedor. Dispone de un gran baño completo de cuatro piezas con plato de ducha.  La gran terraza tiene dos armarios tipo trastero y los nuevos toldos te ayudarán a protegerte en los días más calurosos del año!   En cuanto a las calidades de la vivienda dispone de suelo de gres ventanas de aluminio Climalit y calefacción por radiadores en cada esta... ,1,121,5,Gas natural,null,87,82,El Guinardó,null,null,null,600.000 ,6.897 €/m²,Home Group Guinardó, Ref.: M-40645 ,3,Segunda mano/buen estado,1,Ático en venta en ronda del Guinardó,http://idealista.com/inmueble/91606422/
1,1978, Piso en venta en El Clot Sant Martí - Barcelona   Precioso piso muy luminoso en venta en zona tranquila con todos los servicios próximos y muy cerca del transporte público tanto metro autobús como tren. Edificio construido en el año 1978 pero las zonas comunes han sido reformadas y dispone de un ascensor de última generación. El vestíbulo está adaptado para personas con movilidad reducida con apertura de puerta automática.  Piso con luz sobre todo el salón/comedor y una de las habitaciones que dan directamente a un amplio patio de manzana. El piso dispone actualmente de 4 habitaciones dos de ellas dobles a patio. Dispone de un baño y un aseo ambos reformados recientemente. La cocina también ha sido reformada y está en buenas condiciones para hacer usa de ella sin necesidad de ningún cambio o reforma. Dispone de un lavadero donde se puede ubicar lavadora secadora y la caldera/calentador. El piso dispone de gas natural con calefacción por radiadores en todas las estancias. También tiene hecha instalación de aire acondicionado en el salón. Dispone de un balcón con acceso tanto desde el salón como desde una de las habitaciones. Posibilidad de comprar o alquilar plaza de parking en la misma finca. ,1,0,4,Calefacción individual,null,77,71,El Clot,null,null,null,255.000 ,3.312 €/m²,NICE PROPERTIES BCN, Ref.: 1805 ,3,Segunda mano/para reformar,1,Piso en venta en calle del Clot,http://idealista.com/inmueble/91585348/
1,1927,  Espectacular bajo en centro de manzana del barrio de Sants. Ideal para inversores por su alta rentabilidad. El inmueble cuenta con una gran terraza de 25 m² de uso exclusivo la cual aporta luminosidad a la vivienda. Dispone de un precioso salón un dormitorio doble cocina independiente y un baño. Consta de puerta blindada aire acondicionado carpintería de madera y suelo de gres. ¡Oportunidad! ¡Ven a verlo!    El&nbsp;distrito de Sants-Montjüic&nbsp;es el más extenso de Barcelona: abarca más allá de la montaña y se extiende hasta el mar.  A los pies del imponente Montjüic uno de sus atractivos más turísticos &nbsp;el distrito se conforma por ocho barrios que se extienden desde la montaña y avanzan hacia el mar&nbsp;por el Paral. lel: una avenida con mucha vida a todas horas del día.  El distrito de Sants-Montjüic es muy diverso y c... ,1,0,0,null,null,33,null,Sants - Badal,null,140.000 € ,2,137.000 ,4.152 €/m²,Home Group Central, Ref.: BC-40591 ,1,Segunda mano/buen estado,1,Piso en venta en calle de Bassegoda,http://idealista.com/inmueble/90322247/
2,1955, Único en la zona nos encontramos un ático muy bien ubicado junto al Turó Park y Vía Augusta de 134 m2. Consta de 3 habitaciones dos de ellas dobles y una individual además de una sala de lectura o despacho cerca de la cocina y un salón muy grande. Tiene dos trasteros muy prácticos cocina y dos cuartos de baños completos. Este ático es un refugio de tranquilidad tanto por la zona como por la paz que se disfruta dentro de la vivienda. Además hay un garaje trastero grande para bicis y herramientas de mantenimiento para el jardín y la caldera. Estamos rodeados tanto de servicios como de buena comunicación con medios de transporte así como cerca de la salida de Barcelona (Ronda de Dalt Ferrocarriles) Posibilidad de Parking en el mismo edificio. ,1,0,7,Gas natural,null,134,115,Sarrià-Sant Gervasi,1,null,null,675.000 ,5.037 €/m²,Bribarcelona ., Ref.: VAT1-0056 ,3,Segunda mano/buen estado,null,Ático en venta en Sant Gervasi - Galvany,http://idealista.com/inmueble/91659757/
1,null, Piso en venta de 48 metros exterior bastante luminoso. Reformado con aire acondicionado espectaculares vigas de madera vistas parquet. Dos dormitorios (un dormitorio dentro del otro) salón comedor cocina y baño. Quinto real sin ascensor. Muy bien ubicado. ,0,45,5,null,null,48,null,Sant Pere - Santa Caterina i la Ribera,null,null,null,149.000 ,3.104 €/m²,oscar pisos, Ref.: Blanqueria-Vent ,2,Segunda mano/buen estado,null,Piso en venta en calle de la Blanqueria,http://idealista.com/inmueble/91659264/