bathrooms,constructed_year,description,elevator,energetic_qualification_kWhm2_año,floor,heater_system,its_new,m2_build,m2_useful,neighbourhood,parking,price_down_euro,price_down_percentage,price_euro,price_m2,real_estate,ref,rooms,status,terrace,title,link
2,1962, Gran vía con comte urgell  ático (9º piso de altura) en finca del 1962 con dos ascensores.  El piso mide 160 metros + 20 metros de terraza a nivel.  Consta de un amplio salón comedor de 43 metros con salida a la terraza (orientada a mar) cocina office con galería incorporada 5 habitaciones (4 dobles) 2 baños completos (uno en suite) y un balcón detrás.  Piso de adelante y atrás.  Muy luminoso (orientado a mar y montaña).  A actualizar a sugusto!  fantásticas vistas!  parking opcional no incluido en el precio! ,1,0,9,Gas natural,null,180,null,La Nova Esquerra de l'Eixample,1,null,null,750.000 ,4.167 €/m²,JORDI CUBELLS PORTA, Ref.: ATIC GRANVIA URGELL ,5,Segunda mano/para reformar,1,Ático en venta en CORTS CATALANES,http://idealista.com/inmueble/91645042/
1,1920, Cèntric Bcn vende  Vivienda singular de superficie 105 m2 en planta principal de edificio típico de la zona construido el año 1920.  Situado en una tranquila y bonita calle semi-peatonal.  Se trata de una vivienda exterior a calle con orientación Tarragona e interior a patio manzana con orientación Gerona.  Se compone de 3 habitaciones y un despacho amplio salón comedor amplia cocina y un baño completo.  Conserva todos los elementos característicos de la tipología de la finca y de la época tales como techos altos puertas originales y mosaicos hidráulicos.  Se encuentra en buen estado de conservación optima para realizar algún pequeño arreglo de parquet y pintura y lista para entrar a vivir.  Es una vivienda de distribución cómoda al tener espacios muy abiertos y compartidos.  Visitela! ,1,0,1,Eléctrica,null,105,98,Sant Antoni,null,null,null,420.000 ,4.000 €/m²,Cèntric bcn, Ref.: 1070-Borrell ,3,Segunda mano/buen estado,null,Piso en venta en calle del Comte Borrell,http://idealista.com/inmueble/91632271/
7,1997,  Majestuosa casa con vistas y jardín en Pedralbes Ubicada en unas de las zonas más exclusivas de Barcelona encontramos esta propiedad de 686m² distribuida en cuatro plantas conectadas por escalera y ascensor. &nbsp;El espléndido jardín de 1.000m² destaca por su buena orientación la tranquilidad de su ambiente y las maravillosas vistas a Barcelona.  En la planta baja y a través de un majestuoso hall entramos en un amplio salón-comedor en dos ambientes con chimenea y grandes ventanales con salida al jardín. En la misma planta encontramos el aseo de cortesía otro salón-comedor la cocina-office con gran ventanal y &nbsp;vistas al jardín y una despensa.  En la primera planta encontramos cuatro dormitorios en suite con baño dentro &nbsp; de los cuales dos de ellos tienen terraza. Todos ellos son exteriores y tienen vistas.  En la segund... ,null,100,null,Gas natural,null,686,null,Les Corts,1,null,null,4.600.000 ,6.706 €/m²,aProperties Real Estate Barcelona, Ref.: VB2003025-5 ,6,Segunda mano/buen estado,1,Casa o chalet en venta en Pedralbes,http://idealista.com/inmueble/91626735/
2,2001, Piso con vistas al Parque Santa Amèlia Piso con vistas al Parque de Santa Amelia. Nos encontramos en una finca moderna del 2001 con pocos vecinos.  El piso se encuentra muy bien conservado. Consta de un &nbsp;amplio salón desde el cual se accede a la terraza. Esta es muy disfrutable tanto por su tamaño como por su orientación. Tiene tres habitaciones dos de ellas dan a la terraza y una a patio de luces pero con mucha &nbsp;luz. De estas dos son dobles y una individual pero amplia. Todas ellas con armarios empotrados La principal está en suite. Las otras dos compartes un baño completo con bañera. La cocina es amplia con zona de office con mucha luz gracias al que el patio es amplio. El piso se vende con muebles si se quieren. En el precio está incluida una plaza de parking es grande que está en el mismo edificio.  No pierda la oportunidad de vivir en un piso moderno en una de las pocas fincas construidas estos últimos años en el barrio de Sarria. Su amplia oferta de comercios y servicios así como su ambiente hace que sea una de las zonas más deseadas tanto por el público nacional como extranjero. ,1,135,1,Eléctrica,null,126,null,Sarrià-Sant Gervasi,1,null,null,790.000 ,6.270 €/m²,aProperties Real Estate Barcelona, Ref.: VB2003023-5 ,3,Segunda mano/buen estado,1,Piso en venta en Sarrià,http://idealista.com/inmueble/91626719/
2,1900,  Piso en la calle Nou de Sant Francesc Barrio Gótico Barcelona En el barrio con más bullicio de la ciudad a tan solo un paso del exclusivo club privado Soho House y la carismática Plaza de Duque de Medinacaeli y Pasaje de la Pau encontramos en piso principal de esta finca elegante del 1900 un magnifico piso de 100m² con una terraza de 40m² totalmente reformado con extremo cuidado con todos los detalles y acabados de máxima calidad.  La vivienda tiene una distribución práctica y funcional desde el recibidor por un lado accedemos a la zona de noche que consta de dos habitaciones dobles una de ellas en suite y la otra habitación completa con el baño exterior que sirve para que puedan acceder fácilmente los invitados también y un práctico para la lavadora.  En el otro lado del piso encontramos un luminoso y amplio salón comedor. La terraz... ,1,129,null,Eléctrica,null,118,89,Ciutat Vella,null,null,null,495.000 ,4.195 €/m²,aProperties Real Estate Barcelona, Ref.: VB1901004-5 ,2,Segunda mano/buen estado,1,Piso en venta en El Gòtic,http://idealista.com/inmueble/91626705/
5,1982, Piso con vistas panorámicas en Pedralbes En la mejor zona de Pedralbes próximo al Real Club de Tenis Barcelona encontramos esta exclusiva vivienda de 279m2 a reformar. La propiedad es exterior a tres vientos y alto gozando de unas vistas espectaculares de la ciudad. En esta vivienda queda muy bien diferenciada la zona de día y la de noche.  Desde el ascensor principal de la finca accedemos al hall de entrada teniendo acceso a un amplio salón-comedor-despacho en tres ambientes todas estas estancias con salida a una acogedora terraza de 30m² con vistas al jardín. &nbsp;  Desde el comedor accedemos a una amplia cocina-office con su zona de aguas y habitación y baño de servicio. Por el otro lado del hall de entrada accedemos a la zona de noche que consta de una master suite con su baño y vestidor una suite con su baño y dos dormitorios que comparten otro baño.  También dispone de un aseo de cortesía y un ropero. Todas las estancias de la vivienda disponen de armarios empotrados.  La propiedad forma parte de una comunidad con jardín dos piscinas y pista de tenis gimnasio y sala de juegos. Dispone de cuatro plazas de parking y un gran cuarto trastero. Servicio de conserjería y vigilancia 24h. &nbsp;. ,1,108,6,Gas natural,null,280,null,Les Corts,1,null,null,2.500.000 ,8.929 €/m²,aProperties Real Estate Barcelona, Ref.: VB1810035-5 ,5,Segunda mano/para reformar,1,Piso en venta en Pedralbes,http://idealista.com/inmueble/91626691/
1,null, Piso con estilo en el corazón de Gràcia Ubicado en el corazón de la Vila de Gràcia a escasos metros de las principales travesías&nbsp; como Torrent de l’Olla o Travessera de Gràcia muy cerca de la Plaça de la Revolució y del Mercat de la Abacería rodado de comercios &nbsp; servicios y transporte &nbsp;se encuentra este encantador piso en una tercera planta de una finca rehabilitada con ascensor.  La vivienda conserva elementos originales de la época&nbsp; tales como suelos hidráulicos o la bóveda catalana en el techo. Goza de una bonita luz natural en sus principales estancias; salón y dormitorio principal.  Consta de 89m2 en una distribución lógica donde queda claramente diferenciada la zona de día y la zona de noche: En la zona de día encontramos un amplio recibidor el acogedor salón comedor con dos balcones a calle y la cocina. En la zona de noche encontramos dos dormitorios dobles uno de ellos en suite con baño y con una galería con vistas al tranquilo patio de manzana. El segundo dormitorio es interior.  Cabe la posibilidad de añadir otro baño con una sencilla reforma. ,0,145,2,Gas natural,null,88,null,Gràcia,null,null,null,440.000 ,5.000 €/m²,aProperties Real Estate Barcelona, Ref.: VB2010036-2 ,2,Segunda mano/buen estado,null,Piso en venta en Vila de Gràcia,http://idealista.com/inmueble/91612901/
4,1961,  Piso exterior en venta en Galvany con gran terraza y aparcamiento En pleno corazón del barrio de Galvany situado en una de las calles más solicitadas a dos pasos de su conocido mercado y del prestigioso barrio del Turó Park bien comunicado con todo tipo de transporte público y rodeado de comercios encontramos este piso único por su altura tamaño y orientación. Tiene una superficie de 300 m² aproximadamente y está ubicado en una de las fincas más buscadas de la zona diseñada por del renombrado arquitecto Mitjans y con una portería que fue premio Fad de arquitectura servicio de conserjería trastero y aparcamiento. La propiedad tiene una entrada individual ya que es un piso por planta y se accede a través de un amplio recibidor que da paso a una distribución muy racional. En la zona de día encontramos un grande y luminoso salón c... ,1,132,5,Gas natural,null,300,null,Sarrià-Sant Gervasi,1,null,null,1.550.000 ,5.167 €/m²,aProperties Real Estate Barcelona, Ref.: VB2010035-1 ,6,Segunda mano/buen estado,1,Piso en venta en Sant Gervasi - Galvany,http://idealista.com/inmueble/91612898/
3,2001,  Casa adosada en el barrio del Putxet con parking  Casa en calle muy tranquila a 5 minutos de Plaça Molina y muy bien comunicada con los transportes públicos. Consta de un parking con plaza para dos coches. Al entrar por la planta baja encontramos una sala con salida a una terraza de casi 30m2. En la primera planta encontramos un amplio salón comedor la cocina y un aseo. La cocina es exterior con una ventana que da a la propia terraza de la planta baja orientada al Oeste y por tanto con mucha luz a partir del mediodía. En la segunda planta se encuentran tres habitaciones una en suite con armarios empotrados y un baño completo y dos habitaciones individuales con armario empotrado (actualmente una sola habitación doble) con ventanas que dan a la zona tranquila y que comparten un baño completo. En la tercera planta encontramos la zona de... ,null,148,null,Gas natural,null,220,null,Sarrià-Sant Gervasi,1,null,null,890.000 ,4.045 €/m²,aProperties Real Estate Barcelona, Ref.: VB2010027-1 ,3,Segunda mano/buen estado,1,Casa o chalet en venta en El Putxet i el Farró,http://idealista.com/inmueble/91612887/
3,1968, Piso con terraza en Turó Park Excelente y esplendido piso en el barrio de Les Tres Torres en una calle tranquila a pocos metros del Turó Park una de las zonas más exclusivas de Barcelona con buenas comunicaciones transporte público y comercios.  Esta propiedad a tres vientos y con todas las estancias exteriores tiene una distribución lógica y racional quedando bien diferenciada la zona de día de la de noche.  A través de un amplio hall pasamos a un salón-comedor en tres ambientes con grandes ventanales y salida a una soleada terraza de 23m².  La cocina muy luminosa es amplia y tiene zona de aguas plancha y habitación con baño de servicio.  En la zona de noche encontramos cuatro habitaciones una de ellas es una master suite con vestidor y baño la otra es una junior suite y las otras dos comparten un baño.  También dispone de un baño de cortesía.  La vivienda tiene además dos plazas de parking en la misma finca trastero&nbsp; y servicio de conserjería. ,1,100,2,Gas natural,null,270,null,Sarrià-Sant Gervasi,1,null,null,1.600.000 ,5.926 €/m²,aProperties Real Estate Barcelona, Ref.: VB2010019-2 ,5,Segunda mano/buen estado,1,Piso en venta en Sant Gervasi - Galvany,http://idealista.com/inmueble/91612874/
1,2012, Funcional vivienda en preciosa finca con parking en pleno corazón del Forc Pienc Luminosa y funcional vivienda situada&nbsp;el corazón del Forc Pienc una zona con muchísima vida de barrio y rodeada de todos los servicios y comercios. A un paso de la prestigiosa Avinguda Diagonal de la obra maestra de Gaudí La Sagrada Familia de la antigua plaza de toros La Monumental y con acceso muy fácil a las playas de la ciudad.  La finca de obra nueva del año 2012 conserva el encanto de una bonita fachada de finca regia original rehabilitada con preciosas puerta de entrada así como todas las comodidades de una obra nueva con plaza de parking de acceso directo desde el ascensor. &nbsp;  Accedemos a la vivienda por un amplio recibidor que da paso un espacio único de salón-comedor-cocina. La zona de noche dispone de una amplia habitación doble y un baño completo. &nbsp;  La propiedad se vende completamente amueblada y equipada. &nbsp;. ,1,0,3,Eléctrica,null,46,null,Eixample,1,null,null,297.000 ,6.457 €/m²,aProperties Real Estate Barcelona, Ref.: VB2010004-1 ,1,Segunda mano/buen estado,null,Piso en venta en El Fort Pienc,http://idealista.com/inmueble/91612604/
2,1936, Piso a reformar en Roger de Flor En una emblemática calle de l’Eixample Dreta Roger de Flor tocando a Passeig de Sant Joan y rodeado de servicios y comercios encontramos esta magnífica propiedad con muchísimas posibilidades de reforma. La vivienda de 130 m2 actualmente consta de 4 dormitorios dobles un baño completo y un aseo cocina independiente y lavadero un salón comedor con pequeña galería orientada a interior de isla. La vivienda conserva bonitos pavimentos hidráulicos de época y tiene la posibilidad de recuperar la volta catalana de los techos. ,1,100,2,Gas natural,null,130,null,Gràcia,null,null,null,485.000 ,3.731 €/m²,aProperties Real Estate Barcelona, Ref.: VB2010001-4 ,4,Segunda mano/para reformar,null,Piso en venta en El Camp d'En Grassot i Gràcia Nova,http://idealista.com/inmueble/91612610/
3,1982, Ático a reformar con terraza y tres plazas de parking en Les Corts En una finca esquinera de obra vista a un paso del centro comercial de la ILLA y de la Diagonal y rodeada de servicios comercios y transportes encontramos este magnífico ático de 140m2 más 113 m2 de terraza.  La vivienda absolutamente exterior y dotada de muchísima luz consta actualmente de cuatro dormitorios de los cuales tres son dobles uno en suite y uno individual todos ellos con armarios empotrados. Además encontramos tres baños cocina independiente con lavadero salón comedor con techos muy altos y acceso directo a una terraza de unos 15m2 y una zona polivalente en altillo con salida a una gran terraza de 113m2 orientada a mar y con espléndidas vistas a toda Barcelona.  La vivienda dispone de parquet y carpinterías de aluminio. Desde el ascensor bajamos directamente al parking donde encontramos tres plazas incluidas en el precio y un trastero. ,1,100,8,Gas natural,null,185,null,Les Corts,1,null,null,950.000 ,5.135 €/m²,aProperties Real Estate Barcelona, Ref.: VB2009038-3 ,4,Segunda mano/para reformar,1,Ático en venta en Les Corts,http://idealista.com/inmueble/91612593/
2,1906, Vivienda en finca modernista de L’Eixample En el corazón del ensanche izquierdo a tres calles de Rambla Cataluña encontramos esta luminosa vivienda completamente reformada En la zona de día tenemos un gran salón-comedor cocina nueva y equipada con todos los electrodomésticos y zona de aguas.  La zona de noche tiene tres dormitorios uno doble uno individual y una magnifica suite con un gran baño con bañera y ducha y una salida a un disfrutable balcón modernista; además tenemos una habitación ciega polivalente y otro baño completo. La calefacción ES de gas y tiene A/A&nbsp; con bomba de calor.  Está en una magnífica ubicación rodeada de restaurantes comercios y muy buena conexión de autobuses y metro.  El piso dispone de un trastero en el terrado. ,1,28,3,Gas natural,null,142,null,Eixample,null,null,null,710.000 ,5.000 €/m²,aProperties Real Estate Barcelona, Ref.: VB2009031-4 ,3,Segunda mano/buen estado,null,Piso en venta en L'Antiga Esquerra de l'Eixample,http://idealista.com/inmueble/91612515/
3,1966, Piso alto en venta en Turo Park El piso a reformar con amplios espacios dispone de una distribución lógica y racional quedando bien diferenciada la zona de día de la zona de noche el salón comedor en dos ambientes muy luminoso con grandes ventanales y salida a una agradable terraza con vistas despejadas a jardines gran cocina office con zona de aguas independiente y habitación con baño de servicio. La zona de noche está compuesta por cuatro habitaciones una de ellas&nbsp; en suite con su baño y las otras tres comparten un baño la finca dispone de servicio de conserjería. El inmueble está ubicado cerca del parque&nbsp; Turo Park y a unos pasos de la Avenida Diagonal con comercios y restaurantes exclusivos y muy bien comunicado. ,1,0,5,Gas natural,null,255,null,Sarrià-Sant Gervasi,null,null,null,1.199.000 ,4.702 €/m²,aProperties Real Estate Barcelona, Ref.: VB2009026-3 ,5,Segunda mano/para reformar,1,Piso en venta en Sant Gervasi - Galvany,http://idealista.com/inmueble/91612519/
1,2018,  Piso en venta con balcón amueblado y equipado en el Poble Sec En el moderno y solicitado barrio de El Poble Sec próximo a la vibrante peatonal Blai famosa por sus bares de tapas y terrazas les presentamos este exclusivo departamento a estrenar.  La vivienda se encuentra ubicada en un primer piso real de una finca modernista totalmente rehabilitada recientemente.  Esta hermosa propiedad está totalmente amueblada y equipada con calidad y diseño y fue reformada integralmente cuidando recuperar detalles como los techos de ladrillo con volta catalana.  Consta de un amplio y luminoso salón comedor con salida a balcón cocina abierta totalmente equipada con electrodomésticos dos habitaciones dobles con armarios empotrados donde una de ellas tiene salida al balcón un baño completo y un espacio trastero donde se encuentra la lavadora y ... ,1,100,null,Bomba de frío/calor,null,50,null,Sants-Montjuïc,null,null,null,290.000 ,5.800 €/m²,aProperties Real Estate Barcelona, Ref.: VB2009002-4 ,2,Segunda mano/buen estado,null,Piso en venta en El Poble Sec - Parc de Montjuïc,http://idealista.com/inmueble/91612516/
2,1976, Piso alto con terraza y parking en Sant Gervasi en venta Bonito piso ubicado en la séptima planta de una finca con zona comunitaria y piscina.  La vivienda de 143m² consta de hall de entrada que da paso al salón comedor con acceso a una terraza de 11m² con vistas a verde.  A través de un pasillo llegamos a la cocina office con puerta de servicio y un lavadero independiente de 6m² con zona de tender.  Por último tenemos cuatro habitaciones tres de ellas dobles y dos exteriores a calle. Los dormitorios comparten dos baños completos uno con ducha y otro con bañera.  El piso está reformado y en perfecto estado de conservación. Dispone de suelos de parqué calefacción y aire acondicionado por bomba de calor por conductos.  La finca tiene conserje todo el día zona comunitaria con piscina zona de niños y pista de tenis.  Además la propiedad se vende con dos plazas de parking para coche grande. ,1,212,6,Eléctrica,null,149,128,Sarrià-Sant Gervasi,1,null,null,960.000 ,6.443 €/m²,aProperties Real Estate Barcelona, Ref.: VB2009004-4 ,4,Segunda mano/buen estado,1,Piso en venta en Sant Gervasi - La Bonanova,http://idealista.com/inmueble/91612507/
2,1887, Propiedad en venta con alta rentabilidad en el Raval ideal para inversores Situada en la Rambla del Raval cerca del mercado de Sant Antoni y de la Plaça Universitat encontramos este apartamento ubicado en la segunda planta. La vivienda tiene una superficie de 77m² es una entidad registral que actualmente está dividida en dos. Los dos apartamentos disponen de amplio salón-comedor con cocina abierta y salida al balcón dos baños completos con plato de ducha. Resaltan por su reforma realizada combinando elementos &nbsp;arquitectónicos originales con un diseño actual techos de volta catalana paredes de ladrillo visto y decoración de calidad que crean un espacio funcional y moderno. La vivienda dispone de aire acondicionado por split con bomba frio y calor. Gracias a su altura la propiedad goza de mucha luz natural. La finca no dispone de ascensor. La propiedad es idónea para inversores ya que es fácilmente alquilable &nbsp;se vende totalmente amueblada y equipada. ,0,145,2,Gas natural,null,81,null,Ciutat Vella,null,null,null,440.000 ,5.432 €/m²,aProperties Real Estate Barcelona, Ref.: VB1801038-5 ,2,Segunda mano/buen estado,1,Piso en venta en El Raval,http://idealista.com/inmueble/91585634/
4,2000, Casa con terraza en el corazón de Sarrià - Sant Gervasi Ubicada en el corazón de Sant Gervasi a escasos metros de Plaza Molina y rodeada de restaurantes y comercios &nbsp; se encuentra esta maravillosa casa que desprende armonía y tranquilidad. La propiedad consta de 269m² de vivienda y 163m² de jardín y solárium. Todas las estancias son exteriores y tienen vistas al agradable jardín o al encantador pasaje donde se encuentra. El salón-comedor tiene vistas al jardín dispone además de un aseo de cortesía. La casa dispone de cuatro habitaciones muy amplias y exteriores: dos en suite y otras dos que comparten un baño. En el piso superior se encuentra el gimnasio con hidromasaje &nbsp; la zona de aguas y el solárium. Los materiales son de primera calidad dispone de persianas eléctricas y antirrobo sistema de ósmosis descalificador e iluminación con exclusivos alógenos. La climatización&nbsp; es dual ya que dispone de radiadores de gas y Splits de aire frío y caliente. También cuenta con tres plazas de parking en la propia finca y un trastero muy grande incluido en el precio. Todo ello hace de esta casa una oportunidad para vivir en un oasis en el centro la ciudad. &nbsp;. ,null,110,null,Gas natural,null,323,null,Sarrià-Sant Gervasi,1,null,null,1.890.000 ,5.851 €/m²,aProperties Real Estate Barcelona, Ref.: VB1711041-5 ,4,Segunda mano/buen estado,1,Casa o chalet en venta en El Putxet i el Farró,http://idealista.com/inmueble/91585631/
2,1984, Piso con terraza y vistas al parque de Santa Amèlia En una de las mejores zonas de la parte alta de Barcelona sobre el Parque de Santa Amelia se encuentra este magnífico piso que por su ubicación y metraje se convierte en una pieza especial.  Desde el hall de entrada accedemos a un salón comedor muy agradable y amplio con acceso a una disfrutable terraza con orientación Tarragona y con vistas al Parque de Santa Amelia y una cocina office. La zona de noche consta de tres dormitorios dos que comparten un baño y el otro dormitorio en suite.  El piso dispone de dos plazas de parking y trastero en el mismo edificio. Además también dispone de zona comunitaria con dos piscinas en la azotea de la finca. ,1,138,2,Gas natural,null,148,null,Sarrià-Sant Gervasi,1,null,null,1.300.000 ,8.784 €/m²,aProperties Real Estate Barcelona, Ref.: VB1710018-5 ,3,Segunda mano/buen estado,1,Piso en venta en Sarrià,http://idealista.com/inmueble/91585613/
4,null, Piso en venta con jardín privado Este piso se encuentra ubicado en la parte alta de Turó Parc en una zona muy tranquila y bien comunicada. Esta exclusiva propiedad fue totalmente reformada con exquisito gusto y materiales de calidad y disfruta de un impresionante jardín privado de 850 m2 con piscina zona de juegos y barbacoa que hacen olvidar que estamos en la ciudad. La vivienda está compuesta por un agradable salón comedor con chimenea de diseño una cocina office muy bien equipada con zona de aguas plancha y habitación con baño de servicio. La zona de noche dispone de tres dormitorios y tres baños; la suite principal con baño y vestidor otra habitación junior en suite vestidor sala de juegos y una tercera habitación doble. Existe la posibilidad de convertir dos salones de juegos y TV en dos habitaciones dobles más con salida a terraza. La propiedad dispone de dos plazas de parking en la misma finca y servicio de conserjería. ,1,189,0,Gas natural,null,280,null,Sarrià-Sant Gervasi,1,null,null,2.750.000 ,9.821 €/m²,aProperties Real Estate Barcelona, Ref.: VB1805040-5 ,4,Segunda mano/buen estado,1,Piso en venta en Sant Gervasi - Galvany,http://idealista.com/inmueble/91585593/
7,1942,  Casa con encanto en venta en el barrio de Gràcia Se trata de una casa de 582m2 construidos &nbsp; completamente reformada hace 5 años con un gusto exquisito y máximas calidades. Un ascensor conecta desde la planta inferior de la casa hasta la planta superior donde se encuentran dos amplias terrazas y un espacio cubierto de barbacoa para fiestas privadas. En esta última planta también está la zona de aguas y un baño completo. Todas las plantas disponen de aire acondicionado frío-calor por conductos radiadores de calefacción toma de internet en todas las instalaciones de televisión hilo musical e intercomunicador en todas las estancias.  En la planta baja independientemente de la entrada principal donde se sitúa el distribuidor y el acceso tanto a la escalera como al ascensor encontramos el parking para 5 coches un baño completo q... ,null,199,null,Gas natural,null,582,null,Gràcia,1,null,null,1.690.000 ,2.904 €/m²,aProperties Real Estate Barcelona, Ref.: VB2007051-5 ,3,Segunda mano/buen estado,1,Casa o chalet en venta en El Camp d'En Grassot i Gràcia Nova,http://idealista.com/inmueble/91568140/
1,2008, Piso de dos habitaciones junto a Rambla Catalunya En pleno corazón del Eixample a un paso de Rambla de Catalunya y de Paseo de Gracia encontramos en una finca de reciente construcción este piso de 70 m2&nbsp; muy bien distribuidos.  El piso consta de un luminoso salón comedor con salida a un balcón que da a un patio de manzana típico de l'Eixample muy tranquilo una cocina abierta totalmente equipada con todos los electrodomésticos una habitación&nbsp; en suite con&nbsp; vestidor y baño completo con bañera y una segunda habitación doble también exterior a patio de manzana.  Cuenta con aire acondicionado y calefacción por conductos. La finca tiene ascensor y servicio de conserjería. &nbsp;. ,1,100,1,Eléctrica,null,74,null,La Dreta de l'Eixample,null,530.000 € ,7,495.000 ,6.689 €/m²,aProperties Real Estate Barcelona, Ref.: VB1912015-5 ,2,Segunda mano/buen estado,null,Piso en venta en calle de la Diputació,http://idealista.com/inmueble/91250018/
2,1970,  Excelente piso a estrenar en Avinguda Diagonal Piso en excelente zona y muy próximo a la Sagrada Familia. La zona está en pleno proceso de remodelación siendo uno de los puntos fuertes de la ciudad ya que hará que la comunicación sea mucho más fluida disminuyendo en impacto medioambiental.  La propiedad que presentamos es el resultado del estudio de una serie de premisas de arquitectos e interioristas de este proyecto de remodelación integral  La idea de tener espacios amplios es algo que está demostrado que contribuye al bienestar de las personas por eso el tener un salón con dimensiones generosas es un punto que nos ha encantado.  A su vez el espacio se puede convertir en función de las necesidades como sala de estudio recibidor o zona de invitados.  Los materiales elegidos así como la ejecución de la obra ha sido un sello de... ,1,100,null,Eléctrica,null,77,65,El Fort Pienc,null,350.000 € ,7,325.000 ,4.221 €/m²,aProperties Real Estate Barcelona, Ref.: VB1911050-5 ,1,Segunda mano/buen estado,null,Piso en venta en avenida Diagonal,http://idealista.com/inmueble/91249896/
3,1981,  Ático en venta en L'Eixample Esquerra Este fabuloso ático dúplex disfruta de una situación privilegiada. Está ubicado a 10 minutos de la Estación de Sants a 10 minutos de Illa Diagonal y a 20 minutos de Paseo de Gracia.  Ha sido diseñado meticulosamente con materiales selectos y detalles realizados a medida.  A la entrada nos encontramos con un recibidor que da acceso a una amplia cocina-office recientemente reformada que da salida a un soleado balcón utilizado como zona de aguas. Desde el recibidor también tenemos acceso a un comedor de 35m2. Muy luminoso con salida a terraza disfrutable. En la misma planta se hayan dos habitaciones dobles (con posibilidad de realizar 4 habitaciones amplias) con armarios empotrados una de ellas es suite y la otra con acceso a la terraza que comunica con el comedor. Esta planta dispone así mismo de u... ,1,114,5,Gas natural,null,189,null,La Nova Esquerra de l'Eixample,null,998.000 € ,7,930.000 ,4.921 €/m²,aProperties Real Estate Barcelona, Ref.: VB1910060-5 ,3,Segunda mano/buen estado,1,Piso en venta en calle del Rosselló,http://idealista.com/inmueble/91249881/
1,1942,  Piso de 88m² en Barcelona centro. La amplitud de esta vivienda proporciona a una familia con niños todo el espacio que necesita.  Se encuentra en un primer piso sin ascensor aunque está pendiente su instalación (aprobado en junta) para principios de año. Se distribuye en un amplio y acogedor salón tres dormitorios ya que el tercero se ha integrado al salón un cuarto de baño completo y cocina con pasaplatos absolutamente independiente del resto de estancias y equipada con electrodomésticos. El inmueble es todo exterior. Además por su orientación oeste disfrutarás del sol por las tardes el momento en el que la casa resulta especialmente acogedora.  La vivienda se vende sin amueblar y reformada lista para entrar a vivir. En cuanto a las calidades este piso dispone de calefacción y aire acondicionado las ventanas son de pvc con cl... ,0,0,1,null,null,88,72,El Baix Guinardó,null,249.000 € ,4,239.000 ,2.716 €/m²,Housell.com, Ref.: 113977 ,3,Segunda mano/buen estado,null,Piso en venta en calle de Rosalia de Castro,http://idealista.com/inmueble/91186759/
2,2016,  Apartamento en la calle Bilbao (Torre Diagonal) en Poblenou Barcelona Este fabuloso apartamento situado en la planta 25 de la torre Diagonal tiene 101m2 construidos y 26m2 de una fantástica terraza con increíbles vistas de Barcelona.  La vivienda dispone de un salón-comedor con salida al balcón tres habitaciones una de ellas doble en suite con un gran vestidor y dos de ellas individuales y otro baño con plato de ducha. Todas las habitaciones tienen acceso a una gran terraza.  Tiene suelos de parqué cocina de inducción armarios empotrados hechos a medida y aire acondicionado. Además dispone de acabados de alta gama. El edificio donde se ubica esta propiedad dispone de una gran zona comunitaria con piscina en la azotea donde se puede disfrutar de su solárium y vistas panorámicas a toda la ciudad de Barcelona.  El precio incluye u... ,1,30,25,Eléctrica,null,115,88,Sant Martí,1,1.220.000 € ,11,1.090.000 ,9.478 €/m²,aProperties Real Estate Barcelona, Ref.: VB1910044-4 ,3,Segunda mano/buen estado,1,Piso en venta en El Poblenou,http://idealista.com/inmueble/91153180/
1,1900, Piso de 60m² en Barcelona. La amplitud de esta vivienda proporciona a una familia con niños todo el espacio que necesita.   Se encuentra en un segundo piso sin ascensor y se distribuye en un acogedor salón tres dormitorios un cuarto de baño completo y cocina americana que ofrece gran amplitud a toda la estancia. Además el piso cuenta con balcón y que aporta gran luminosidad a toda la estancia. El inmueble es todo exterior.   La vivienda se vende sin amueblar y tras unas reformas podrás entrar a vivir. En cuanto a las calidades este piso dispone de ventanas de aluminio las puertas son de madera y el suelo es de cerámica de fácil mantenimiento y gran resistencia.  Esta casa está situada en una zona tranquila bien comunicada con todos los servicios a tu alcance muy cerca de la parada de metro la parada de autobús. Para mayor comodidad la vivienda se encuentra muy cerca de un hospital y de un colegio.   De particular a particular. Sin comisiones. Llámanos y visita esta vivienda. h1o1u3s2e0l0l. ,0,0,2,null,null,60,52,Gràcia,null,225.000 € ,3,219.000 ,3.650 €/m²,Housell.com, Ref.: 113200 ,3,Segunda mano/para reformar,null,Piso en venta en Vila de Gràcia,http://idealista.com/inmueble/90319514/
2,1953, Piso tipo dúplex ubicado en una planta séptima octava real con buena orientación en una de las mejores calles de la Zona Alta de Barcelona. A pesar de que la vivienda presente un buen estado de conservación con acabados originales debido a la antigüedad del edificio sería necesaria una actualización.   La vivienda se divide en dos plantas. La primera planta está compuesta de tres dormitorios y dos baños. Se accede al piso por dos puertas que dan al pasillo o recibidor. En la zona de día encontramos un amplio salón-comedor junto a la cocina y un dormitorio doble con baño. Más adelante nos encontramos con el dormitorio de servicio junto con un pequeño aseo. Después en la zona de noche encontraríamos un dormitorio doble con baño y una sala que se podría habilitar como dormitorio adicional.   La planta superior está compuesta por un recibidor un salón y un pequeño baño. Pero lo que más llama la atención son sus dos terrazas que por su amplitud resultan perfectas para crear una zona chill-out.   Gracias a la altura del piso y su orientación goza de una buena iluminación natural. ,1,0,null,null,null,196,null,Sarrià-Sant Gervasi,null,1.420.000 € ,9,1.290.000 ,6.582 €/m²,Lucas Fox Barcelona, Ref.: BCN23779 ,3,Segunda mano/para reformar,1,Ático en venta en Sant Gervasi - Galvany,http://idealista.com/inmueble/90304042/
3,null, Se trata de un dúplex de 178 m² que se distribuye en: Planta baja de 85 m² con un recibidor y escalera que comunica todas las plantas. Aquí se encuentra la zona social de la casa compuesta por un salón comedor con cocina de concepto abierto con salida a un tranquilo patio de 516 m² y a un porche de 420 m² 1 baño y una zona de lavadero. Planta primera de 83 m² compuesta por 4 habitaciones (dos dobles de las cuales una es en suite con vestidor y dos individuales) y 2 baños. La habitación principal en suite tiene salida a un balcón de 426 m² Planta terraza de 65 m² muy soleada por su buena orientación  La casa tiene una reforma con materiales de primeras marcas y es muy luminosa ya que en el proyecto se ha tenido en cuenta la relación con el entorno y cuenta con muchos espacios semicubiertos y ventanales que la hacen especialmente agradable. La gran altura de la planta baja resalta la idea de luminosidad y espacio amplio del salón. Cuenta con calefacción por radiadores aire acondicionado cocina equipada parquet de madera puertas lacadas e iluminación en toda la casa.  Zona ideal por hallarse en calle muy tranquila junto al Parc del Putxet pero a la vez próxima a la Ronda de Mitre y la calle Balmes. ,0,0,0,null,null,178,null,El Putxet i el Farró,null,1.050.000 € ,5,995.000 ,5.590 €/m²,Departamento Comercial, Ref.: 55803 ,4,Segunda mano/buen estado,1,Dúplex en venta en calle d'Escipió,http://idealista.com/inmueble/90291578/