bathrooms,constructed_year,description,elevator,energetic_qualification_kWhm2_año,floor,heater_system,its_new,m2_build,m2_useful,neighbourhood,parking,price_down_euro,price_down_percentage,price_euro,price_m2,real_estate,ref,rooms,status,terrace,title,link
1,1875,  Este piso reformado se encuentra en una calle y en una zona muy tranquila del Barrio Gótico de Barcelona cercana a la Catedral y la Basílica de Santa Maria del Pi. Es una oportunidad estupenda para vivir rodeado de tradición en pleno centro de Barcelona disfrutando de las vistas de la parte más histórica de la ciudad y al mismo tiempo con todos los servicios comercios y perfecta conexión mediante transporte público.  La propiedad es muy luminosa ya que el salón-comedor y las 3 habitaciones son exteriores con balcones hacia la calle. Los 145 m2 de superficie y los techos altos crean una sensación de amplitud perfecta en todas las estancias. El salón-comedor ocupa 35 m2 y permite diferenciar los ambientes de sala de estar y comedor. Además cuenta con un trastero anexo. La cocina independiente es muy espaciosa. La zona de noche se d... ,0,201,2,Calefacción individual,null,145,null,Ciutat Vella,null,null,null,570.000 ,3.931 €/m²,Bcn Advisors, Ref.: BCN06395 ,3,Segunda mano/buen estado,1,Piso en venta en El Gòtic,http://idealista.com/inmueble/90155835/
2,1867,  Las calles peatonales de Sarrià conservan todo el encanto del antiguo pueblo que fue sin duda una de los pasajes más encantadores es el Passatge Mallofré donde encontramos esta casa originaria de 1867. En la segunda planta descubrimos esta asombrosa vivienda de 100 m2 más 20 de terraza El salón abierto a la cocina tiene vistas sobre el idílico y tranquilo pasaje Mallofré donde sus fucsias buganvillias te envuelven de romanticismo.   La vivienda tiene 4 dormitorios dos dobles uno individual un baño y otro dormitorio tipo estudio con un baño en la encantadora buhardilla a la que se accede por una moderna escalera desde el salón y que hará las delicias de los más pequeños.  Desde la escalera principal accedemos a la terraza solarium de 20 m con vistas sobre todo Sarrià y tremendamente soleada en la que es posible relajarse tomando e... ,0,195,2,Gas natural,null,120,100,Sarrià,null,799.000 € ,5,760.000 ,6.333 €/m²,Chrysol, Ref.: CHV599 ,4,Segunda mano/buen estado,1,Piso en venta en calle Major de Sarrià,http://idealista.com/inmueble/90113885/
4,null,  Este magnífico ático triplex de 174 m2 con 22 m2 más de terraza está ubicado al lado de la maravillosa joya de Patrimonio de la UNESCO - Hospital Sant Pau en una arbolada calle ancha de una sola dirección. Disfruta de excelente infraestructura del barrio y conexiones de transporte con la estación de metro de Sant Pau ubicada en la misma manzana.  El triplex se sitúa en la 4ª 5ª y 6ª planta de un edificio moderno y se compone de la siguiente manera:   La primera planta está unida con la planta del edificio de al lado lo que le otorga a esta primera planta más superficie que a las 2 superiores. Tiene un recibidor amplio con armarios empotrados y aseo de cortesía. Puertas correderas para acceder al salón amplio con pequeño balcón. Al bajar 4 escalones accedemos al comedor también con balcón al sur y a la cocina equipada con electrod... ,1,0,4,Calefacción individual,null,185,null,Eixample,null,null,null,850.000 ,4.595 €/m²,Bcn Advisors, Ref.: BCN06188 ,4,Segunda mano/buen estado,1,Dúplex en venta en La Sagrada Família,http://idealista.com/inmueble/90067370/
3,null,  Maravillosa vivienda de 264m2 en inmejorable ubicación en calle Reina Victoria cerca del Turó Park.  Se trata de una propiedad singular a tres vientos amplia y luminosa formada por dos entidades registrales que ocupa toda una segunda planta que permite disfrutar del sol todo el día.  Dispone de una zona de día y zona de noche diferenciada. La zona de día se compone de un exquisito y amplio salón-comedor de 86m2 con chimenea y salida a dos terrazas. Cocina office con despensa zona de servicio y aseo de cortesía.  La zona de noche se distribuye actualmente en tres dormitorios (antes eran 5) de los cuales uno es el dormitorio principal de 25m2 con vestidor y baño otro doble y un tercero individual. En la zona encontramos un segundo baño completo.  Se trata de una propiedad exterior y muy luminosa con servicio de conserjería y do... ,1,157,2,null,null,264,null,Sant Gervasi - Galvany,1,1.570.000 € ,8,1.450.000 ,5.492 €/m²,mas i fill, Ref.: 4325 ,3,null,1,Piso en venta en calle de la Reina Victòria,http://idealista.com/inmueble/89906379/
2,1850,  Oportunidad alta rentabilidad como inversión inmejorable ubicación.  En el Barrio de La Ribera- Borne se encuentra esta propiedad ubicada a escasos metros de la Plaza Sant Cugat y del Mercado de Santa Caterina.  Al acceder a la vivienda un amplio recibidor con salida a un pequeño balcón con vistas a la Plaza Sant Cugat la amplitud del recibidor- distribuidor nos permite destinar una parte del espacio a zona de armario o almacenaje consta de dos dormitorios dobles el dormitorio principal es exterior a a calle Forn de la Fonda con salida a un balcón con vistas a Plaza Sant Cugat desde el distribuidor accedemos a un aseo cortesía independiente a continuación se encuentra el baño con ducha y donde también se encuentra la zona de maquinas en la vivienda no se pierden metros cuadrados excelente distribución el distribuidor también no... ,0,231,2,Gas natural,null,94,85,Sant Pere - Santa Caterina i la Ribera,null,329.000 € ,3,319.000 ,3.394 €/m²,aincasa aicat 2677, Ref.: 4258 ,2,Segunda mano/buen estado,null,Piso en venta en calle del Forn de la Fonda,http://idealista.com/inmueble/89831625/
1,null,  Luminosa planta baja reformada en Barceloneta Propiedad muy especial bien reformada y para entrar a vivir. En la primera planta al entrar nos encontramos un espacio abierto y agradable donde tenemos la cocina y salón comedor más el acceso a un baño completo. Desde el comedor podemos subir al altillo donde tenemos una habitación individual ahora utilizada de habitación infantil aunque podría servir como habitación de invitados. En el sótano tenemos la habitación principal con amplios armarios empotrados y una ventilación especial para ser bajo tierra. Todas las estancias disponen de armarios empotrados. Es un piso perfecto para una familia pequeña o como segunda residencia al lado del mar en una de las ciudades mas bonitas del mundo. Ubicado en un sitio ideal a tan sólo 3 minutos a pie de la playa de la Barceloneta con algunos de los ... ,0,0,null,Calefacción individual,null,70,null,Ciutat Vella,null,220.000 € ,11,195.000 ,2.786 €/m²,Barcelona MMC - Ciutat Vella - Sant Martí - S7, Ref.: W-02HJRO ,2,null,null,Piso en venta en La Barceloneta,http://idealista.com/inmueble/89308720/
2,2019,  Piso de obra nueva en Gran de Sant Andreu Edifico conservador en el centro de Sant Andreu zona prime al lado de Fabra Coats. Al entrar a mano izquierda tenemos un baño completo. A la derecha encontramos la cocina independiente equipada con electrodomésticos de alta eficiencia energética incluyendo horno placa vitrocerámica y campana. Seguidamente entramos en el gran salón de casi 30m2 con un balcón que da la calle principal siendo esta de tráfico pacífico semipeatonal. Seguidamente encontramos dos habitaciones dobles con armarios la suite con balcón a la calle y con un baño completo que pueden compartir. La calle Gran de Sant Andreu está ubicada en pleno eje comercial del barrio es la calle más comercial y con más volumen de negocio de todo el barrio. En la parte posterior de la promoción se encuentra el emblemático edificio... ,1,49,2,null,null,86,null,Sant Andreu,null,null,null,375.000 ,4.360 €/m²,Barcelona MMC, Ref.: W-027M8K ,2,Segunda mano/buen estado,null,Piso en venta en Sant Andreu,http://idealista.com/inmueble/89103266/
1,2019,  Ático de obra nueva al lado de Vall d'Hebrón Se trata de una promoción de quince viviendas de uno a tres dormitorios con plazas de aparcamiento en la propia finca. El inmueble se ubica en Sant Genís dels Agudells una ubicación muy tranquila entre el complejo hospitalario de la Vall d’Hebrón y la Carretera de l’Arrabassada. La finca dispondrá de tres plantas piso cada una de ellas con una vivienda de una habitación dos de dos habitaciones y dos de tres. Las viviendas de la planta alta dispondrán de solárium privado en cubierta. En todos los casos las habitaciones son exteriores. El proyecto ha sido desarrollado por un despacho de arquitectura de reconocido nombre. Las viviendas se entregaran completamente acabadas con pavimento interior porcelánico tipo parket paredes de baños alicatadas cocinas con muebles altos y bajos post-for... ,1,32,2,Calefacción individual,null,66,null,Horta Guinardó,null,null,null,220.000 ,3.333 €/m²,Barcelona MMC - Eixample - S2, Ref.: W-02GFEI ,1,Segunda mano/buen estado,1,Ático en venta en Sant Genís Dels Agudells - Montbau,http://idealista.com/inmueble/89048116/
3,1970,  Amplio semisótano en Horta Semisótano 182 m2 actualmente local recién reformado con dos pisos con cocina americana abierta en una tranquila calle de Horta. Al entrar a la finca a la izquierda se encuentra la puerta de la propiedad la cual permite ingresar a un pasillo que separa ambos pisos. El primer piso con ventana hacia la calle de unos 60 m2 posee salón - comedor con cocina americana abierta 1 baño y 1 habitación de buen tamaño un espacio ideal para alquilar o tener un despacho ya que se encuentra totalmente separado del piso principal. Hacia la mano derecha del pasillo se encuentra el ingreso a la vivienda principal. Al ingresar se encuentra una primera habitación doble un baño de buen tamaño y 1 otra habitación que puede ser una simple. Las dos primeras habitaciones son interiores. Luego se encuentra un gran salón con coci... ,0,0,-1,null,null,182,null,Horta Guinardó,null,null,null,210.000 ,1.154 €/m²,Barcelona MMC, Ref.: W-02H613 ,4,null,null,Piso en venta en Horta,http://idealista.com/inmueble/88855695/
3,1925, Este excelente piso reformado a estrenar dispone de una estupenda y soleada terraza privada ideal para disfrutar al aire libre en plena ciudad. La ubicación es excepcional muy cerca de la Avenida Diagonal y transportes públicos y permite disfrutar a pocos pasos de lo mejor de la Zona Alta y del barrio de Gracia.  La terraza está orientada al suroeste hacia un tranquilo patio de manzana interior y se conecta directamente con el amplio salón-comedor con cocina integrada muy luminoso. La cocina está equipada con los principales electrodomésticos.  La propiedad dispone de 4 habitaciones y 3 cuartos de baño. La habitación suite principal es exterior y tiene armarios empotrados. El resto son una habitación suite una mediana y una individual.  La vivienda destaca por su suelo de mármol y el protagonismo del color blanco que le da un aspecto sensacional. Tiene aire acondicionado y calefacción por conductos. Se encuentra en una finca regia con ascensor muy cerca de zonas comerciales centros educativos de prestigio y entidades internacionales. ,1,0,1,Calefacción individual,null,208,null,Sarrià-Sant Gervasi,null,null,null,1.095.000 ,5.264 €/m²,Bcn Advisors, Ref.: BCN06325 ,4,Segunda mano/buen estado,1,Piso en venta en Sant Gervasi - Galvany,http://idealista.com/inmueble/88647871/
2,1890, Piso A ESTRENAR en finca regia. Excelente ubicación en Consell de Cent c/Balmes.  Oportunidad única de adquirir una pieza totalmente exterior en pleno Quadrat d’or de Barcelona y personalizarla a tu gusto.  Reforma en curso de este piso de 109m2 aunque si se desea todavía a tiempo de modificar y personalizar algunos acabados. Posee 3 habitaciones dobles (una de ellas en suite) y 2 baños aunque si se desea todavía a tiempo de modificar y personalizar algunos acabados.  Todo a estrenar con altas calidades: parquet de roble laminado bajo en VOC´s cocina de alta gama con encimera bacteriostática iluminación circadiana y pinturas ecológicas y fotocatalíticas etc.  La reforma de nuestros pisos se realiza sin afectar el medioambiente y los acabados “wellness” del piso cuidan tu salud y alargan la vida de los tuyos.  Llámanos y avanzamos. ,1,111,4,Calefacción individual,null,109,null,La Dreta de l'Eixample,null,585.000 € ,3,570.000 ,5.229 €/m²,Privalore Agentes, Ref.: Pri-R-ConselldeCent001 ,4,Segunda mano/buen estado,null,Piso en venta en calle del Consell de Cent,http://idealista.com/inmueble/88626947/
2,2008, Este piso nuevo a estrenar con 105 m2 construidos destaca por su excelente ubicación en una finca seminueva y muy atractiva construida en 2008. Es esquinero y gracias a sus grandes ventanales y las 3 terrazas (que suman en total 29 m2) goza de una increíble sensación de luminosidad durante todo el día.  El amplio salón-comedor de 29 m2 tiene doble orientación norte y oeste con salida a terraza proporcionando unas agradables vistas. La cocina es independiente y tiene entrada directa desde el comedor con una puerta corredera que permite cerrar el espacio. Incluye lavadora y secadora.  La zona de noche consta de una suite principal de 15 m2 y 3 dormitorios individuales todos con armarios empotrados. La habitación principal tiene terraza propia y 2 de las individuales comparten otra. Por último hay 2 cuartos de baño.  La vivienda una 2ª planta real tiene suelo de parquet natural y aire acondicionado / calefacción por conductos. El edificio tiene ascensor y plaza de parking de compra obligatoria con el piso.  La zona en la que está ubicada muy cerca de la Plaza Lesseps dispone de buena comunicación mediante transporte público y permite disfrutar con comodidad de lo mejor de Gràcia y de la Zona Alta de Barcelona. ,1,0,2,Calefacción individual,null,119,null,Gràcia,1,null,null,620.000 ,5.210 €/m²,Bcn Advisors, Ref.: BCN06310 ,4,Segunda mano/buen estado,1,Piso en venta en Vila de Gràcia,http://idealista.com/inmueble/88393119/
3,1800,  Espectacular piso pasante en última planta para reformar en el corazón comercial turístico y administrativo de Barcelona ideal para despachos profesionales.    El piso se compone en sus 453m2 con 30m2 de terraza con numerosas salas de diferentes tamaños repartidas a lo largo del piso con varias de ellas de aspecto noble con techos originales artesanales y suelos hidráulicos. En varias de las salas o espacios también disfruta de preciosas vidrieras originales.    Actualmente dispone de tres baños repartidos a lo largo del piso y una amplia cocina. Las salas que dan al patio de manzana interior tienen salida a una enorme terraza.    El piso dispone de techos altos mosaicos hidráulicos en buen estado rosetones vidrieras originales balcones típicos etc. y de calefacción de gas por radiadores.    El edificio dispone de ascensor mode... ,1,123,3,Gas natural,null,485,453,El Gòtic,null,2.050.000 € ,7,1.900.000 ,3.918 €/m²,Excens Real Estate, Ref.: ADD1518 ,10,Segunda mano/para reformar,1,Piso en venta en avenida del Portal de l'Àngel,http://idealista.com/inmueble/88322515/
4,2017, Este magnífico ático dúplex con terraza y vistas sobre la Eixample y la Sierra del Collserola tiene 185 m2 construidos interiores más terraza de 84 m2 en una novena planta de altura. Se sitúa en la mejor zona de la Eixample a pocos pasos de la Universitat de Barcelona y del centro neurálgico de la ciudad con servicios de todo tipo y conectado a todos los modos de transporte de la capital catalana.  La primera planta se compone de un amplio salón comedor con una terraza a pie de salón con orientación sureste cocina abierta totalmente equipada marca Bulthaup una aseo de cortesía y dos dormitorios dobles en suite con armarios empotrados y salida a un amplio balcón. La segunda planta consta de una master suite con vestidor y salida a la terraza con orientación oeste.  La propiedad está equipada con cortinas motorizadas alta calidad de elementos y de acabados aire acondicionado y calefacción por conductos parquet natural y electrodomésticos y domótica.  La finca ha sido completamente renovada en 2017 y consta de ascensor zona comunitaria con gimnasio y un spa con piscina de hidroterapia. ,1,0,9,Calefacción individual,null,227,null,Eixample,null,null,null,1.995.000 ,8.789 €/m²,Bcn Advisors, Ref.: BCN06230 ,3,Segunda mano/buen estado,1,Ático en venta en La Dreta de l'Eixample,http://idealista.com/inmueble/87773245/
2,null,  MAGNÍFICA PROMOCIÓN DE VIVIENDAS DE ALTO STANDING EN EL BARRIO DE LA SALUT DE BARCELONA.  DIRECTO DE PROMOTOR  Ubicada en el residencial barrio de La Salut en el distrito de Gràcia próxima al Parc Güell y al Parc de les Aigües.   Exquisita construcción de 10 exclusivas viviendas realizadas con un moderno y funcional diseño y con materiales de alto standing.   En un entorno tranquilo y rodeado de zonas verdes se ubica un emblemático y singular edificio completamente restaurado respetando los detalles arquitectónicos y el encanto de la época. Exclusivas viviendas realizadas de varias tipologías desde 60 m² a 140 m². Viviendas amplias y luminosas de excelente calidad.  Disponen de 1 2 3 y 4 dormitorios. Grandes terrazas algunas de 60m².  Magníficos áticos con terraza y orientación Sur. Total privacidad y silencio. Vistas privilegi... ,1,0,3,null,Obra nueva terminada,108,null,Gràcia,null,null,null,550.000 ,5.093 €/m²,Chester Aicat 6198, Ref.: Ático 2º ,2,Promoción de obra nueva,1,Ático en venta en Vallcarca i els Penitents,http://idealista.com/inmueble/85587333/
2,1946,  Precioso piso reformado en Travessera de Gràcia Al final del emblemático Passeig Sant Joan encontramos este amplio y acogedor piso completamente reformado. Su distribución los materiales usados el suelo de parquet y microcemento claro y cada uno de los detalles convierten a este lugar en un espacio único. Al acceder a la propiedad encontramos la zona de día compuesta de un gran espacio que engloba salón-comedor con cocina abierta completamente equipada y un práctico y funcional patio. En la zona de noche encontramos 3 habitaciones con armarios empotrados y 2 baños uno de ellos en suite. La habitación principal en suite incorpora además un anexo lleno de luz ideal para disfrutar de la calma del lugar.  Dispone de aire acondicionado por conductos calefacción por gas y ventanas con doble cristal que contribuyen a disfrutar de esta agr... ,1,193,null,Gas natural,null,149,null,Gràcia,null,null,null,670.000 ,4.497 €/m²,Barcelona MMC - Eixample - S2, Ref.: W-02IZMG ,3,null,null,Piso en venta en El Camp d'En Grassot i Gràcia Nova,http://idealista.com/inmueble/91558669/
3,1966, ¡MIRA ESTE PISO EN 3D! Vivir en Barcelona es realmente un privilegio y más en uno de sus distritos más emblemáticos como Ciutat Vella al lado del mercado y catedral donde podemos disfrutar de la ciudad al máximo pero a la vez descansar en un piso amplio práctico y confortable.  En una finca de 1966 y reformada parcialmente se encuentra este piso de 5 dormitorios 2 cuartos de baños y un aseo. Cuenta con unas vistas relajantes desde el salón hacia el artístico mosaico del mercado más original de Barcelona el Santa Caterina. A su vez el salón conecta con la amplia cocina tipo office con lavadero integrado y un espacio de bodega. En la zona de noche encontramos el dormitorio individual junto a un primer baño y a lo largo del pasillo encontramos un aseo un segundo baño y los otros cuatro dormitorios amplios y exteriores con vistas a la característica arquitectura gótica de la ciudad condal. Déjate enamorar de esta magnífica oportunidad de vivir Barcelona desde su mismo corazón. ,1,223,5,Calefacción individual,null,152,134,Ciutat Vella,null,null,null,665.000 ,4.375 €/m²,Fincas Cano Pujol, Ref.: V7263 ,5,Segunda mano/buen estado,null,Piso en venta en Sant Pere - Santa Caterina i la Ribera,http://idealista.com/inmueble/91540593/
2,2019, Venta directa de promotor: vivienda a estrenar en edificio de obra nueva  Excelente DÚPLEX en PB tiene 3 habitaciones (2 dobles exteriores + 1 gran sala abierta polivalente) y 2 baños completos.   Lo mejor:   - Su amplio y luminoso salón-comedor a doble altura (techo de 5m) con grandes ventanales.    A destacar:   - Terraza comunitaria con increibles vistas a compartir sólo con 4 vecinos.  Vivienda esquinera toda exterior (con orientación este - sol de mañana) y ventanas que permiten la entrada de mucha luz en todas sus estancias (ver fotos).   La cocina semi- abierta en forma de U tiene placa de inducción campana decorativa inclinada de cristal blanco encimera de Silestone y muebles blancos lacados.  Inmejorables calidades: parquet AC5 aluminio con rotura de puente térmico ventanas oscilobatientes aerotermia climatización por conductos puerta blindada videoportero y todos los ELECTRODOMÉSTICOS NUEVOS INCLUIDOS (nevera lavadora/ secadora horno microondas y lavavajillas).  ¡Ven a verlo cuando quieras te encantará! ,1,32,0,Bomba de frío/calor,null,90,80,Verdun,null,259.000 € ,4,249.000 ,2.767 €/m²,Global Service 2005 - Alvaro, Ref.: ALMB21 ,3,Segunda mano/buen estado,null,Dúplex en venta en Almansa,http://idealista.com/inmueble/91201152/
1,1900,  Encantador piso con balcones en Sants Engel &amp; Völkers presenta este encantador piso con una agradable y soleada galería orientada al sureste y la fachada principal con balcón y ventana orientados al noroeste. Está excepcionalmente situado a pocos metros de la estación de Sants y cerca del agradable paseo con numerosas terrazas Passeig de Sant Antoni. En una tranquila calle con poco tráfico encontramos un edificio típico de Sants. Las cómodas escaleras nos llevan a la entrada: a la derecha un agradable comedor-salón que recibe luz de la galería y se comunica con la cocina y el baño con puertas translúcidas; a la izquierda de la entrada está la zona de noche con 3 cómodos dormitorios. Uno de ellos tiene balcón a la calle y se comunica con el segundo que es interior. La ventana del tercer dormitorio tiene vistas a la calle. La cocina ... ,0,143,2,null,null,84,null,Sants-Montjuïc,null,null,null,245.000 ,2.917 €/m²,Barcelona MMC - Les Corts- Sants - Hospitalet - S5, Ref.: W-02IJGE ,3,Segunda mano/buen estado,null,Piso en venta en Sants,http://idealista.com/inmueble/91364867/
2,1890,  Espectacular piso en finca de Enric Sagnier Se trata de una auténtica joya arquitectónica situada en una finca regia muy bien conservada con un majestuoso portal diseñado por el reconocido arquitecto Enric Sagnier en el año 1900.  El piso se sitúa en una planta alta orientado al noreste y suroeste lo cual recibe luz durante todo el día. Se distribuye en una planta de gran superficie con una distribución típica del Eixample que por un lado da a calle y por el otro a un patio interior de manzana agradable y sorprendentemente silencioso. Conserva gran parte de los elementos originales de la época; techos altos suelos hidráulicos de nolla en casi toda la vivienda carpinterías de madera original y una chimenea de mármol muy bien conservada.  Al entrar a la vivienda encontramos un amplio recibidor que distribuye hacia un lado a una gr... ,1,127,4,Gas natural,null,226,null,Eixample,null,null,null,1.500.000 ,6.637 €/m²,Barcelona MMC - Eixample - S2, Ref.: W-02I36T ,5,Segunda mano/buen estado,null,Piso en venta en La Dreta de l'Eixample,http://idealista.com/inmueble/91319629/
3,1936,  Vivienda vanguardista en Passeig Sant Joan Este exclusivo piso a tres vientos se encuentra en la cuarta planta real de una finca regia de los años 30 de entrada y escalera señorial. Su reforma se está llevando a cabo en base a un proyecto de inspiración nórdica en el que el aprovechamiento de la luz natural las líneas limpias los tonos sobrios y materiales nobles son los protagonistas para la creación de una vivienda de estética cuidada contemporánea y funcional. Desde el recibidor encontramos a mano izquierda la zona de día con un gran salón comedor de 3124m2 delimitados entre sí con mobiliario de diseño de Porada y singular por su acogedora tribuna acristalada orientada a sureste acondicionada para disfrutar de las inmejorables vistas al Paseo Sant Joan. La amplia cocina de 2543m2 equipada con electrodomésticos de alta ga... ,1,280,3,null,null,158,null,Eixample,null,null,null,998.000 ,6.316 €/m²,Barcelona MMC - Eixample - S2, Ref.: W-02BJA5 ,3,Segunda mano/buen estado,null,Piso en venta en La Dreta de l'Eixample,http://idealista.com/inmueble/91299480/
1,1996,  OPORTUNIDAD EN LA ZONA!  Piso situado en uno de los mejores zonas de Barcelona en el barrio de La Bordeta. Cerca de la conocida calle Rambla Badal a pocos metros de la Ciudad de la Justicia y a tan solo cinco minutos del transporte público comunicado con la parada de metro linea 1 parada de ´Mercat Nou´ de los Ferrocarriles Catalanes ´Magoria-La Campana´ y de distintas líneas de autobuses para poder comunicarte con el centro de la ciudad sin ningún tipo de inconveniente. También junto a comercios parques y colegios.  El piso se distribuye de la siguiente manera: 60m² de superficie con 2 dormitorios de las cuales 1 es doble y la otra mediana salón comedor amplio de 20m² con salida al balcón de 8M² que da al patio de manzana muy amplio 1 baño completo y cocina piso PARA ENTRAR A VIVIR PERFECTAMENTE con aire acondicionado frío/c... ,1,231,3,Gas natural,null,60,null,La Bordeta,null,223.000 € ,2,219.000 ,3.650 €/m²,"LA CASA AGENCY PUNTO SANT JOSÉ HOSPITALET, S.L.", Ref.: C-SE219 ,2,Segunda mano/buen estado,1,Piso en venta en constitució 130,http://idealista.com/inmueble/91093482/
2,1997,  Hoy en día los pisos con salidas exteriores y terrazas disfrutables se valoran más que antes pues nos hemos dado cuenta que poder contar con espacio exterior privado es más importante de lo que nunca antes nos habíamos imaginado.  Este piso cuenta con 100 m2 de vivienda y 45 m2 de terraza. Es la primera planta del edificio y por eso tiene el privilegio de tener la terraza que tiene. Está compuesto por un salón comedor con vistas despejadas y verdes a Plaza Molina una cocina independiente la cual se podría abrir al salón-comedor dos dormitorios exteriores de los cuales uno es doble en suite y con armarios empotrados y el otro más pequeño pero de buen tamaño con cama individual armario empotrado y espacio para una mesa de estudio y un segundo baño completo. Ambos baños fueron reformados en el año 2017.  Para acceder a la terraza p... ,1,134,1,Gas natural,null,143,null,Sant Gervasi - Galvany,1,695.000 € ,7,645.000 ,4.510 €/m²,Finca Regia, Ref.: FRPM ,2,Segunda mano/buen estado,1,Piso en venta en plaza Molina,http://idealista.com/inmueble/89753958/
2,null,  Nogal Partners presenta esta exclusiva vivienda completamente reformada en la zona exclusiva de la Sagrada Familia.   La vivienda consta de 2 habitaciones una individual una doble y una master-suite con espacio para una zona de vestidor. La cocina destaca por su innovador diseño y su gran capacidad de almacenaje. Además vienen integrados e incluidos en el precio de venta toda la gama de electrodomésticos. Consta además de 2 baños completos uno con bañera y el otro con plato de ducha.  En una combinación perfecta entre historia y modernidad se han escogido los mejores materiales para disfrutar de una experiencia única: suelos de cerámica hidráulica y parquet de roble natural encimeras de Silestone pulido electrodomésticos Siemens griferías de Icónico … La carpintería exterior es de madera en acabado color verde-negro con cuarte... ,1,116,5,Bomba de frío/calor,null,75,null,La Sagrada Família,null,null,null,385.000 ,5.133 €/m²,Nogal Partners, Anuncio: 83942407 ,2,Segunda mano/buen estado,null,Piso en venta en Marina 247,http://idealista.com/inmueble/83942407/
1,1966, HARMONIA. Lado Hospital Universitari Vall d’ Hebrón Se vende ático con orientación mar (este) con vistas a mar y montaña. Todo exterior. muy luminoso (luz natural y sol directo) esquinero última planta piso 14º en finca con dos ascensores. Piso en perfecto estado de conservación para entrar a vivir. Tiene una superficie construida de 66m² consta de un acogedor recibidor con acceso a salón comedor con salida a balcón y unas vistas espectaculares a mar. Tiene tres habitaciones. (una de matrimonio una cómoda y otra sencilla) La cocina es semi office con barra y taburetes y un baño tres piezas con plato de ducha e hidromasaje.   Los acabados son: suelos de parqué carpintería de ventanas de aluminio con doble acristalamiento y calefacción por radiadores en todas las estancias. Ideal parejas familias e inversores (rentabilidad desde el primer día). HOSPITAL VALL D’HEBRÓN. ¡Gran oportunidad por precio y zona! ,1,190,14,null,null,66,null,Sant Genís Dels Agudells - Montbau,null,null,null,199.900 ,3.029 €/m²,Expofinques Fabra i Puig, Anuncio: 91267737 ,3,Segunda mano/buen estado,1,Ático en venta en HARMONIA,http://idealista.com/inmueble/91267737/
3,1982,  West Side vende:    En la mejor zona de les Corts y con espectaculares vistas de Barcelona tenemos el placer de ofrecerles este ático dúplex de 180 m2.    La primera planta de 140 m2 ofrece: El salón comedor se divide en zona de comedor y sala de estar desde las cuales se pueden observar preciosas vistas del cielo de Barcelona desde los amplios ventanales de la planta superior también desde el salón tenemos acceso a una muy bonita y cómoda terraza exterior de 15 m2 con inmejorables vistas. 4 habitaciones tres dobles y una individual muy luminosas exteriores y con amplios armarios empotrados. Además en esta planta tenemos dos baños completos y reformados uno de ellos en la suite principal otro en el pasillo y un aseo de cortesía en el pasillo. Una cocina independiente en buen estado con salida a galería.   La planta superior tien... ,1,200,8,Gas natural,null,185,140,Les Corts,null,null,null,950.000 ,5.135 €/m²,West Side Real Estate Sl, Ref.: CB_BCN_0335_V ,4,Segunda mano/buen estado,1,Dúplex en venta en Gran Via de Carles III,http://idealista.com/inmueble/91181870/
1,1965, ProntoPiso pone a la venta increíble piso reformado nuevo a estrenar ubicado en la tranquila calle Ponce de Leon inmediato a la Via Julia en una tercera planta SIN ASCENSOR de una finca bien conservada. Tan solo entrar sientes su tranquilidad y te impresionas con lo moderno y perfectamente acabado de cada espacio con ventanas de aluminio y doble cristal parquet y bomba de aire frío calor. Tu nuevo hogar cuenta con un salón con balcón y cocina americana de primera línea baño y galería dos habitaciones una individual y una de matrimonio.  Idealmente cercano al metro varias líneas de autobuses y vías principales colegios supermercados centro médico y todo lo que necesitas para una vida cómoda lo tienes a la mano. Llámanos y ven a conocer tu nuevo hogar te ayudamos con la financiación pudiendo llegar al 100 % según tu situación laboral. ,0,0,3,null,null,59,55,Verdun,null,null,null,160.000 ,2.712 €/m²,Prontopiso, Ref.: 61599645-0 ,2,Segunda mano/buen estado,null,Piso en venta en calle de Ponce de León,http://idealista.com/inmueble/88690418/
2,null, ProntoPiso pone a la venta este fantástico piso en zona Diagonal Mar en finca del año 2009 construida por la llave de Oro zona con todos los servicios próximos metro bus tranvía colegios tiendas de  moda supermercados restaurantes.  Piso totalmente exterior y soleado amplio salón-comedor con salida a terraza de 13 m2 cocina office exterior 3 habitaciones (1 doble suitte con armario empotrado) y 2 individuales 1 con armario a medida baño auxiliar con ducha lavadero independiente suelos parquet ventanas aluminio technal calefacción a gas y aire acondicionado por conductos finca con doble ascensor zona comunitaria con piscina y terraza comunitaria transitable en la azotea de100m2 con excelentes vistas incluye 2 plazas de parking y trastero. ,1,0,4,Calefacción individual,null,97,85,Diagonal Mar i el Front Marítim del Poblenou,1,null,null,530.000 ,5.464 €/m²,Prontopiso, Ref.: D9CD83A3-2 ,3,Segunda mano/buen estado,null,Piso en venta en avenida Diagonal,http://idealista.com/inmueble/90679906/
2,2007, Se vende magnífico Dúplex de 131m2 la finca es semi-nueva del año 2007 finca con ascensor plaza de parking y trastero en el mismo edificio.  Se encuentra en el barrio de la Sagrera nuevo epicentro de conexión ferroviaria entre Barcelona y las zonas universitarias (UAB).  La vivienda se distribuye en dos plantas:  Planta baja de 80m2 con un amplio y luminoso salón gran comedor y amplia cocina abierta que conecta con el comedor dos dormitorios con armarios empotrados uno de ellos doble y el otro individual amplio baño con plato de ducha y zona de lavado. Planta primera 36m2 Amplio dormitorio de 18m2 con un baño doble en suite (el baño tiene plato de ducha bañera hidromasaje dos picas bidé y sanitario).  Suelos de parquet y gres calefacción y aire acondicionado por conducto carpintería exterior de aluminio-climalit silestone en cocina acabados de mármol en baños. Acabados de media-alta gama.  Ubicado en excelente zona muy bien comunicada cerca del transporte publico CAP supermercados centros deportivos.  Perfecta vivienda como inversión rentabilidad de (1200€/mes) o como primera vivienda.  No dude en venirlo a visitar. ,1,0,1,Eléctrica,null,131,null,La Sagrera,1,null,null,340.000 ,2.595 €/m²,ProntoPiso, Ref.: A5AACC34 ,3,Segunda mano/buen estado,null,Dúplex en venta en calle de Martí Molins,http://idealista.com/inmueble/90932955/
2,1951, West Side vende:  Piso de 70 metros útiles y con terraza de 15 metros en Comandante Benítez con Travessera de les Corts.   El piso consta de 4 habitaciones de las cuales 2 son dobles 1 mediana y otra individual. La habitación de matrimonio es exterior. Hay dos baños completos con plato de ducha y que también están reformados. La cocina tipo americana está actualizada. El comedor es exterior a patio de manzana donde puedes salir a una terraza de 15 metros. Toda la carpintería es de aluminio luz y agua totalmente reformados. Todas las habitaciones y el comedor disponen de bomba de calor.  Inmejorable zona a escasos metro del camp nou. Comercios de barrio en la misma calle parada de bus a 100 metros.  No dude en llamar y pedir más información. ,1,50,0,null,null,78,70,La Maternitat i Sant Ramon,null,null,null,255.000 ,3.269 €/m²,West Side Real Estate Sl, Ref.: CB_BCN_0139_VV ,4,Segunda mano/buen estado,1,Piso en venta en calle del Comandant Benítez,http://idealista.com/inmueble/91004522/