bathrooms,constructed_year,description,elevator,energetic_qualification_kWhm2_año,floor,heater_system,its_new,m2_build,m2_useful,neighbourhood,parking,price_down_euro,price_down_percentage,price_euro,price_m2,real_estate,ref,rooms,status,terrace,title,link
2,1900, Piso en venta en Rambla Catalunya La propiedad la componen actualmente 3 dormitorios y 2 baños que se&nbsp;podrían&nbsp;reformar para tener 4 habitaciones. Antiguamente el piso contaba con 4 dormitorios&nbsp;pero&nbsp;se unificaron dos para obtener una de más amplía con vestidor. &nbsp; El comedor y el dormitorio principal son exteriores en patio de isla. Además tiene un balcón parcialmente cubierto con orientación Este.  Tanto la cocina como los 2 baños están completamente actualizados. &nbsp; La propiedad típica del barrio del Eixample cuenta con elementos característicos como por ejemplo techos altos y la finca regia tan característica de la zona. Rambla de Cataluña una de las calles más&nbsp;históricas&nbsp;y prestigiosas de la ciudad &nbsp;está ubicada en el centro de la ciudad. Esta localización le&nbsp;permitirá&nbsp;vivir en uno de los principales ejes comerciales de la ciudad. Además de estar muy bien comunicado con una amplia oferta de ocio cultura y escuelas. ,1,0,3,Gas natural,null,137,null,La Dreta de l'Eixample,null,null,null,675.000 ,4.927 €/m²,aProperties Real Estate Barcelona, Ref.: VB1905049-5 ,4,Segunda mano/buen estado,1,Piso en venta en rambla de Catalunya,http://idealista.com/inmueble/91659341/
1,1961, PISO REFORMADO  Finca situada en calle Castella con Avinguda Diagonal al lado del Parque Central del Poblenou y a solo un minuto andando de la Rambla del Poblenou (con muchos restaurantes cafés y bares).   A 5 minutos caminando hasta el centro comercial de las Glorias y a 8 minutos del metro Poblenou 15 minutos hasta la estación del metro/tren - El Clot- una zona muy bien ubicada de la ciudad. Rodeada de todos los servicios supermercados colegios farmacias y zonas de ocio.  El piso que tenemos disponible en venta es una quinta planta con ascensor. La vivienda está toda reformada con un buen diseño. Dispone de un amplio y luminoso salón comedor. Cocina office baño completo y cuatro dormitorios exteriores.  Una gran oportunidad vengan a verla!  Contactad con nosotros. Nos podéis encontrar en cualquiera de nuestras oficinas en Mataró C/ Fray Luis de León 16 en Barcelona Rambla Poblenou 117-123 y en Santa Coloma de Gramenet Rambla Sant Sebastià 21. ,1,0,5,null,null,91,null,Provençals del Poblenou,null,null,null,285.000 ,3.132 €/m²,Perfect home, Ref.: 7003 ,4,Segunda mano/buen estado,null,Piso en venta en CASTELLA,http://idealista.com/inmueble/91658285/
1,null, EXCELENTE UBICACIÓN Y BALCÓN  Piso situado en una 1ª planta en finca que cuenta con ascensor. Consta de 65 metros de superficie distribuidos en:  - salón comedor con salida a balcón cocina independiente 3 dormitorios (1 doble y 2 individuales) y baño completo.   Se encuentra en buenas condiciones para entrar a vivir.  La mejor zona de el barrio La Bordeta próximo a todo tipo de comercios y servicios como colegios parques restaurantes y centro médico. Excelente comunicación con metro L1 Hostafrancs L5 Plaça de Sants Rodalies Renfe distintas lineas de autobús y bicing. A tan solo 5 minutos de la misma Gran Via de les C. C que comunica con Plaza de España y su centro comercial Las Arenas.  Si quieres más información o concertar tu visita ¡ Llámanos!  Si deseas conocer el valor de tu inmueble para venderlo no dudes en consultarnos realizamos valoraciones gratuitas. ,1,213,1,null,null,65,null,La Bordeta,null,null,null,183.000 ,2.815 €/m²,La Casa Agency, Ref.: HOSTAFRANCS ,3,Segunda mano/para reformar,null,Piso en venta en calle de Viladecans s/n,http://idealista.com/inmueble/91653427/
2,1900, BAILEN / DIPUTACIÓN  En la&nbsp; la Dreta de l’Eixample en finca regia con ascensor del 1900 encontramos este espléndido piso con suelos hidráulicos techos altos artesonados y con una preciosa galería de 10 m² aproximados que se accede directamente desde el salón-comedor pudiendo disfrutar de ella todo el año. La vivienda tiene doble orientación y consta de 116m² útiles compuesta por un salón-comedor con cocina independiente tres dormitorios dobles dos de ellos con salida a balcón típico de Eixample baño completo y calefacción en toda la casa. la propiedad está ubicada junto a comercios hospitales zonas de interés y muy bien comunicada por autobuses y estaciones de metro. ,1,0,1,null,null,123,116,La Dreta de l'Eixample,null,null,null,595.000 ,4.837 €/m²,Gema, Ref.: 4043 ,4,Segunda mano/buen estado,null,Piso en venta en calle de Bailèn,http://idealista.com/inmueble/91208251/
2,1920,  EIXAMPLE - BARCELONA  TODO UN CLÁSICO.. .  Su inmejorable ubicación en la antigua izquierda del ensanche te permite disfrutar de un estilo de vida privilegiado donde encontrarás todos los transportes públicos servicios y zonas de ocio que puedas necesitar y a pocos metros de Enrique Granados para poder disfrutar de típico estilo de vida Barcelonés en una propiedad exclusiva.  Se trata de una finca regia de 1920 de estilo modernista muy elegante. Sus techos altos detallados artesanalmente muy cuidados te cautivarán desde el primer instante. La vivienda consta de 120 m2 distribuidos en 4 dormitorios 2 baños (uno de ellos con bañera y otro con ducha) una gran cocina con despensa un amplio salón comedor muy luminoso y una bonita galería que goza de mucha luz directa.  Además de estar completamente climatizado con aire acondicionado y ... ,1,145,3,Gas natural,null,124,null,L'Antiga Esquerra de l'Eixample,null,null,null,530.000 ,4.274 €/m²,Lunallar ., Ref.: 0469 ,4,Segunda mano/buen estado,null,Piso en venta en calle del Consell de Cent,http://idealista.com/inmueble/86810531/
1,1968, Descripción Excepcional piso con patio/terraza que bordea todo el inmueble.   Todo el piso es exterior (a excepción del baño).  Salón comedor exterior con salida directa a terraza.  Cocina americana abierta.   Consta de 3 habitaciones. Dormitorio principal de 12 m² Habitación 2 de 10 m² Habitación 3 de 75 m²  Totalmente reformado para entrar a vivir  Calefacción a por radiadores (gas cuidad) Carpintería de aluminio termo-acústica Suelo cerámico   Solo 35 euros de comunidad al mes. Buena finca. Ascensor  Cerca de todos los servicios. Muy bien comunicado.  Muy soleado y luminoso.  Tranquilo y discreto. Si vienes a verlo te lo quedas! ,1,0,1,null,null,72,65,La Teixonera,null,null,null,255.000 ,3.542 €/m²,BRICK2BUSINESS, Ref.: 2-VHG023 ,3,Segunda mano/buen estado,1,Piso en venta en calle d'Arenys,http://idealista.com/inmueble/90463486/
2,1900,  Piso de 138 m2 construidos en una tercera planta real en finca clásica con ascensor en el Eixample Dret junto a Plaza Urquinaona. El edificio tiene una sola vivienda por planta por lo que solo hay seis vecinos.  Se accede por el centro y queda bien diferenciada la zona de día de la zona de noche.  En la zona de día encontramos la cocina independiente cuadrada y amplia con zona para comer y completamente equipada ésta comunica con el comedor a través de tres oberturas que cumplen la función de pasaplatos. El salón-comedor es una pieza grande con salida a balcón. Existe una estancia contigua actualmente despacho también con salida a balcón. Ambas piezas están orientadas a este por lo que disfrutan de sol de mañana y unidas por el balcón corrido.  En la zona opuesta accedemos a un aseo de cortesía un baño y tres habitaciones. Aseo con... ,1,102,2,Gas natural,null,138,113,La Dreta de l'Eixample,null,null,null,595.000 ,4.312 €/m²,Monapart Barcelona (Vendes), Ref.: VMA1-1902 ,4,Segunda mano/buen estado,1,Piso en venta en calle de Roger de Llúria Barcelona,http://idealista.com/inmueble/84296914/
1,1920, Precioso y acogedor bajos reformado en venta. Ideal para profesionales que necesiten desarrollar su actividad y a la vez disponer de una vivienda en el lugar de trabajo. Actualmente esta condicionado como vivienda y se distribuye en: Salón de 27 m2 dos habitaciones de 10 y 13 m2 baño completo cocina independiente y patio de 6.2 m2. La vivienda dispone de A/A paredes de obra vista. No dispone de cédula de habitabilidad. Impuestos no incluidos en el precio. ,0,500,null,null,null,81,70,Les Corts,null,null,null,280.000 ,3.457 €/m²,ollé bertrán serveis immobiliaris, Ref.: 12629-OB ,2,null,1,Piso en venta en calle de Gelabert,http://idealista.com/inmueble/87334229/
3,1936,  Vivienda elegante y exclusiva de 158 m²&nbsp;situada en la cuarta planta de una finca regia con un vestíbulo impresionante en Passeig de Sant Joan.   El piso está siendo totalmente renovado con acabados de gran calidad y un diseño interior contemporáneo que fusiona elementos tradicionales como las molduras de los techos y las puertas de madera maciza con materiales modernos y una estética clara fresca y minimalista.   La zona de día tiene vistas a Passeig de Sant Joan desde un balcón y una bonita tribuna acondicionada como zona de lectura. Consta de un salón-comedor una cocina equipada con electrodomésticos de alta gama y una barra para comidas informales un lavadero y un cuarto de baño.   Al lado de la cocina hay un dormitorio de tamaño medio seguido por 2 dormitorios con cuartos de baño privados con vistas al tranquilo patio int... ,1,0,null,null,null,158,null,Eixample,null,null,null,998.000 ,6.316 €/m²,Lucas Fox Barcelona, Ref.: BCN10630 ,3,Segunda mano/buen estado,1,Piso en venta en La Dreta de l'Eixample,http://idealista.com/inmueble/40300205/
6,1990,  Excelente ático dúplex amplio con una gran terraza. Esta vivienda se divide en dos plantas comunicadas por unas amplias escaleras interiores.   En la primera planta se ubican el vestíbulo y cuatro dormitorios dobles con armarios empotrados: dos de ellos con baño completo en suite uno con baño completo al lado y otro para el servicio con cuarto de baño en suite. La gran cocina y la zona de servicio se ubican junto al salón-comedor que está en el centro de la planta. Es un espacio diáfano y con grandes cristaleras a la calle que permiten que entre la luz y nos dan una sensación de apertura extraordinaria.   Desde el salón-comedor podemos subir las amplias escaleras hasta la planta superior. Subiendo encontramos la salida a la gran terraza. A la izquierda hay un gran dormitorio doble con armarios empotrados y cuarto de baño completo.... ,1,125,null,null,null,336,null,Eixample,1,null,null,1.890.000 ,5.625 €/m²,Lucas Fox Barcelona, Ref.: BCN21193 ,6,Segunda mano/buen estado,1,Ático en venta en La Nova Esquerra de l'Eixample,http://idealista.com/inmueble/87601397/
2,2004, Fantástico piso de 3 dormitorios situado en el exclusivo complejo Illa del Bosc en Diagonal Mar.   La vivienda cuenta con una terraza orientada hacia el sur con vistas increíbles al mar a y la ciudad que son igual de espectaculares por la noche. También cuenta con una plaza de aparcamiento y un trastero.   Al entrar encontramos un amplio recibidor que nos comunica con salón-comedor y con la cocina con office y salida a la espectacular terraza.   La zona de noche consta de tres dormitorios: por un lado tenemos el dormitorio principal con baño privado; y por el otro dos dormitorios individuales que comparten un baño con lavadero.   El piso cuenta con una excelente distribución del espacio y está orientada hacia el sur por lo que goza de mucha luz natural.   Se trata de uno de los mejores complejos con zona comunitaria de Barcelona con piscina gimnasio pistas de pádel y zona de juegos. Dispone de servicio de conserjería durante el día y seguridad las 24 horas. La vivienda cuenta con ascensor una plaza de aparcamiento y trastero.   Póngase en contacto con nosotros para obtener más información o para concertar una visita. ,1,0,null,null,null,105,null,Sant Martí,1,null,null,795.000 ,7.571 €/m²,Lucas Fox Barcelona, Ref.: BCN23670 ,3,Segunda mano/buen estado,1,Piso en venta en Diagonal Mar i el Front Marítim del Poblenou,http://idealista.com/inmueble/90744965/
3,1976,  Elegante piso de 145m2 muy luminoso ubicado en la zona alta de Barcelona muy cerca del Parc del Turó del Putxet.  Se trata de una Séptima planta con vistas despejadas y ambientes cálidos y espaciosos.  Desde el ascensor se puede acceder a la plaza de parking doble de 20m2 donde caben 2 coches grandes (opcional en el precio).   En la zona de día encontramos el gran salón de 40m2 espacio diáfano y perfecto para compartir con amigos y/o familia. Tiene salida a una terraza que da a Ronda del General Mitre debido a la altura del piso y a su orientación la terraza es muy poco ruidosa y tiene vistas panorámicas del Tibidabo.  La cocina está totalmente equipada con electrodomésticos integrados y tiene acceso a una galería con zona de lavado. Desde la cocina se puede acceder a una habitación con un baño completo que puede usarse como zon... ,1,189,7,Gas natural,null,145,135,Sarrià-Sant Gervasi,1,null,null,649.000 ,4.476 €/m²,Paula Villa, Ref.: 3451-01994 ,4,Segunda mano/buen estado,1,Piso en venta en El Putxet i el Farró,http://idealista.com/inmueble/90699939/
3,1890, En la calle más emblemática de nuestra ciudad y a escasos metros de algunos de los edificios más reconocidos de Barcelona encontramos este fantástico apartamento totalmente reformado y listo para entrar a vivir.   La vivienda se distribuye en 230 m2 construidos interiores más tres balcones a Passeig de Gracia y una galería con balcón-terraza muy luminosa orientada al interior del patio de isla. El apartamento dispone de un altillo de 10m2 aproximados para almacenaje.   El apartamento ubicado en una segunda planta de altura fue reformado en 2019 y dispone de 4 dormitorios uno de ellos con baño en-suite y un pequeño estudio. Complementa con otro baño completo y un aseo.   La cocina totalmente equipada y con zona independiente de lavandería comunica directamente con el comedor y éste a su vez con un gran salón con techos de gran altura y 2 grandes ventanales a Passeig de Gracia.   El majestuoso edificio de alto valor arquitectónico donde se encuentra ubicado el apartamento data de 1890 y dispone de servicio de conserjería.   &nbsp;. ,1,0,null,null,null,240,null,Eixample,null,null,null,2.550.000 ,10.625 €/m²,Lucas Fox Barcelona, Ref.: BCN17361 ,4,Segunda mano/buen estado,1,Piso en venta en La Dreta de l'Eixample,http://idealista.com/inmueble/90605901/
2,2004,  IMPONENTE PROPIEDAD CON VISTAS AL MAR MEDITERRÁNEO    *** Con Tour Virtual 360º ***   Magnífico inmueble de 176 m² 3 dormitorios dos baños completos y dos plazas de aparcamiento. Ubicado en Diagonal Mar en la 10ª planta del exclusivo Edificio Illa del Bosc con acabados de alta calidad frente al mediterráneo en una de las zonas más nuevas de la ciudad condal. Rodeado de paisajes espectaculares vistas al mar y a la ciudad enclavado en un área moderna y de excelente gastronomía.  Exclusividad y versatilidad son el sello de esta impactante propiedad construida en 2004. Las estancias están orientadas hacia el mar para disfrutar de las vistas.  Cuenta con espacios inundados de luz. La entrada a la propiedad comprende un recibidor que conduce a un distribuidor desde donde se accede hacia el área de dormitorios o hacia la zona de día. ... ,1,217,10,null,null,176,160,Sant Martí,1,null,null,1.522.500 ,8.651 €/m²,Javier Méndez, Ref.: 3451-01974 ,3,Segunda mano/buen estado,1,Piso en venta en Diagonal Mar i el Front Marítim del Poblenou,http://idealista.com/inmueble/90104958/
2,1936,  *** Con Tour Virtual 360º ***  Encantadora propiedad de dos-dormitorios dos baños completos y despacho ubicada en el conveniente distrito de l’Eixample l’Antiga Esquerra de l’Eixample. Cuenta con mobiliario clásico y piezas de colección del Siglo XVIII sistema domótico para automatizar luces cortinas y persianas puertas y ventanas de seguridad y artículos de madera de primera calidad trabajados a mano. Está rodeada de servicios y edificaciones de gran valor arquitectónico. A tan sólo 7 minutos de la Plaza Cataluña y Paseo de Gracia a 3 minutos de la Plaza Francesc Macià a 2 calles de la Avenida Diagonal y enclavada en un área con excelente Gastronomía.   Elegancia y privacidad son el sello de este impactante inmueble construido en el año 1936 localizado en un edificio que cuenta con servicio de Portería. Las principales estanci... ,1,129,1,null,null,120,110,Eixample,null,null,null,599.000 ,4.992 €/m²,Javier Méndez, Ref.: 3451-01973 ,2,Segunda mano/buen estado,1,Piso en venta en L'Antiga Esquerra de l'Eixample,http://idealista.com/inmueble/90104967/
2,1980, Piso situado en La RAMBLA DE POBLENOU paseo peatonal ubicado en el corazón de Poblenou que ofrece una gran variedad comercial cultural y gastronómica.  A escasos minutos de la Playa Bogatell muy bien comunicado por tranSporte público y vías de acceso a la ciudad.  Consta de 85m2 distribuidos en un salón con salida a balcón con vistas a la Rambla; 3 habitaciones dos de ellas dobles una en suite con un baño completo y armario empotrado; y una habitación simple. Cocina independiente tipo office totalmente amueblada y equipada con electrodomésticos; un aseo y un recibidor.  El piso posee calefacción en cada estancia por radiadores de gas natural; suelos de cerámica y persianas de madera.  Finca del año 1980 muy bien conservada con ascensor y orientación suroeste.  Si te interesa INVERTIR en el emblemático barrio Barcelonés de Poblenou llámame y te explico nuestra propuesta. ,1,21,2,null,null,83,70,Sant Martí,null,null,null,360.000 ,4.337 €/m²,Paula Villa, Ref.: 3451-01967 ,3,Segunda mano/buen estado,null,Piso en venta en El Poblenou,http://idealista.com/inmueble/89931696/
2,1895, Este luminoso piso se encuentra en una tercera planta de un edificio de 1894 esquinero y ubicado en uno de los mejores chaflanes del Eixample.   La vivienda precisa de una reforma integral. Dispone de 159 m²&nbsp;y varios balcones que suman 10 m² de zonas exteriores al inmueble. Mencionar de igual manera que consta con 149 m² registrados.   La zona de día del piso está orientada a sur por lo que el espacio recibe luz directa durante todo el día por los cuatro balcones los cuales ofrecen bonitas y despejadas vistas a plaza Letamendi y a calle Enric Granados.   El piso se vende junto con una plaza de aparcamiento ubicada en un edificio colindante.   Una oportunidad única para los amantes de la calle Enric Granados y del Eixample Izquierdo. A muy pocas calles de Rambla Catalunya y Passeig de Gràcia. ,1,0,null,null,null,164,null,Eixample,null,null,null,750.000 ,4.573 €/m²,Lucas Fox Barcelona, Ref.: BCN24119 ,5,Segunda mano/para reformar,1,Piso en venta en L'Antiga Esquerra de l'Eixample,http://idealista.com/inmueble/89968312/
3,1964, Amplia vivienda situada en un edificio de 1964 diseñado por el arquitecto Oriol Bohigas con servicio de conserjería y una zona comunitaria además de una entrada independiente para el servicio.   El piso cuenta con 6 dormitorios incluyendo 3 dobles de grandes dimensiones con salida a balcón 1 con vistas a patio interior 1 interior más pequeño y 1 dormitorio con baño para el servicio. El dormitorio principal es muy espacioso y dispone de su propio cuarto de baño privado.   El salón ofrece una tribuna y una chimenea también consta de una biblioteca amplio comedor junto a la cocina con lavadero y despensa. Se entrega con 2 plazas de aparcamiento incluidas en el precio.   Existen 2 proyectos de reforma disponibles: 1 para una vivienda familiar y el otro para un piso con 1 gran dormitorio con despacho vestidor y baño privado además de otra estancia de grandes dimensiones y las dependencias del servicio.   Excelente oportunidad para cualquier persona que quiera vivir en una amplia y luminosa vivienda a reformar en una tranquila zona de la ciudad. ,1,0,null,null,null,201,null,Sarrià-Sant Gervasi,1,null,null,1.200.000 ,5.970 €/m²,Lucas Fox Barcelona, Ref.: BCN10294 ,5,Segunda mano/para reformar,1,Piso en venta en Sant Gervasi - Galvany,http://idealista.com/inmueble/81212533/
1,1963, Cerca de Plaza Molina muy bien comunicado con todo tipo de transporte Ferrocarriles Catalanes rodeado de comercios y restaurantes ofrecemos este singular ático en venta. Es una pieza prácticamente diáfana que permite muchas opciones de reforma pudiendo tener un amplio salón comedor cocina 3 dormitorios uno de ellos en suite y un segundo baño. Dispone de una terraza de 6m2 grandes ventanales con espectaculares vistas al mar Sagrada Familia Torre Agbar. Pieza única para diseñar su propio hogar. La finca dispone de servicio de conserjería y ascensor. ,1,58,8,null,null,114,103,El Putxet i el Farró,null,525.000 € ,5,500.000 ,4.386 €/m²,Gloria Belil Roger, Ref.: GVVVA108 ,3,null,null,Ático en venta en via Augusta,http://idealista.com/inmueble/87883965/
3,1969, Vivienda situada en la primera planta (tercera planta real) de un edificio ubicado en Turó Park al lado de la calle Major de Sarrià y cerca de los jardines del Doctor Samuel Hahnemann con preciosas vistas a los edificios de los jardines comunitarios.   El piso es totalmente exterior por lo que recibe abundante luz natural. La distribución consiste en un amplio salón con una chimenea central y acceso a la terraza ideal para realizar comidas al aire libre. La cocina es independiente y dispone de una pequeño patio de salida y un montacargas. Consta de 5 dormitorios 4 dobles y 1 individual y 3 cuartos de baño. &nbsp;   Ideal como primera residencia con despacho ya que el espacio y la distribución lo permiten. &nbsp;Cabe la posibilidad de alquilar una plaza de aparcamiento en la misma finca o de adquirir una plaza en una finca próxima (no incluido en el precio).   Magnífica vivienda con una práctica distribución y abundante luz natural ubicada en un excelente zona con jardines comunitarios. ,1,0,null,null,null,224,null,Sarrià-Sant Gervasi,1,null,null,1.030.000 ,4.598 €/m²,Lucas Fox Barcelona, Ref.: BCN8418 ,5,Segunda mano/para reformar,1,Piso en venta en Sant Gervasi - Galvany,http://idealista.com/inmueble/38862647/
2,1979, Piso exterior en finca con ascensor construida en el año 1979 situado en la calle camelias de Barcelona. Tiene una superficie de 110m2 de superfície distribuidos en salón comedor exterior a calle y con salida a balcón-terraza gran cocina office con lavadero recibidor tres habitaciones dobles una individual y dos baños completos. La finca abarca la calle camelias y la Avenida Verge de Montserrat siendo este piso exterior a las dos calles el salón se orienta a la calle camelias mientras dos de la habitaciones dobles miran a Verge de Montserrat. El piso tiene una magnífica distribución y tiene unas vistas muy buenas. Los suelos son de parquet. Se trata de un barrio dotado de todos los servicios tiene comercios tiendas supermercados escuelas gimnasios etc.. . Se encuentra a diez minutos del Parque Güell y tiene excelentes comunicaciones de bus y Metro con el resto de la ciudad.  El piso está de origen y requiere actualización. Se pueden hacer vistas previa cita con nuestra agencia. ,1,222,1,Eléctrica,null,110,null,El Baix Guinardó,null,325.000 € ,8,300.000 ,2.727 €/m²,Alana consulting, Ref.: V19-11 ,4,Segunda mano/para reformar,1,Piso en venta en camelias,http://idealista.com/inmueble/87362463/
2,1900,  En el corazón del barrio Gótico de Barcelona en la famosa y concurrida calle Avinyó encontramos este magnífico piso de 122 m² totalmente reformado. Está a pocos metros de la mayoría de puntos de interés del centro de Barcelona como las Ramblas la plaza Sant Jaume el Port Vell Soho House.. .   La vivienda se encuentra en una finca regia totalmente rehabilitada que goza de una amplia y majestuosa entrada así como de un ascensor transparente de última generación que contrasta a la perfección con la elegancia del resto de la finca. Se trata de un edificio realizado por el reconocido arquitecto Elies Rogent compañero de aula de Antoni Gaudí.   Si nos centramos en el piso en sí está totalmente reformado con altas calidades y listo para entrar a vivir. Accedemos a la vivienda por un amplio recibidor que da paso a la cocina abierta. De... ,1,0,null,null,null,122,null,Ciutat Vella,null,null,null,720.000 ,5.902 €/m²,Lucas Fox Barcelona, Ref.: BCN20459 ,2,Segunda mano/buen estado,1,Piso en venta en El Gòtic,http://idealista.com/inmueble/87030469/
2,null,  Este maravilloso piso principal de 160 m² con terraza se ubica en Paseo San Juan una de las avenidas más bonitas y verdes de Barcelona. La vivienda recién reformada se presenta lista para entrar a vivir y ha conservado algunos de los elementos típicos de las viviendas del Eixample de esta época como molduras o carpinterías interiores de madera. Sin duda el piso se ha renovado con los más altos estándares y está equipado con electrodomésticos de alta gama. Además entre sus exclusivos acabados destacan los suelos de madera natural o aire acondicionado y calefacción por conductos que hacen de este piso una vivienda de lujo.   Además se encuentra en una elegante finca clásica en muy buen estado con multitud de elementos originales tanto en en el vestíbulo como en la escalera así como un bonito ascensor de época.   Al entrar ya s... ,1,0,null,null,null,189,null,Gràcia,null,null,null,1.180.000 ,6.243 €/m²,Lucas Fox Barcelona, Ref.: BCN17421 ,3,Segunda mano/buen estado,1,Piso en venta en El Camp d'En Grassot i Gràcia Nova,http://idealista.com/inmueble/86438907/
2,2000,  Fenomenal piso en Carmel HOUSFY sin comisiones de agencia.  Gerardo vende su piso de particular a particular en Carmel Barcelona un espacio para disfrutar en tu día a día. El piso fue construido en el año 2000. Sus 87 m2 ofrecen un espacio moderno y de concepto abierto.  Características:  - Sensacional piso de 87 m2 + 65m2 de terraza (Los metros cuadrados están verificados con la Dirección General de Catastro) - En este piso encontraremos 3 habitaciones y 2 baños perfecto para una familia. - Coqueto comedor que es un lugar perfecto para descansar tras una jornada de trabajo un lugar perfecto para descansar en los ratos libres. - Con una útil cocina en buen estado. - Aire acondicionado y calefacción de gas por radiadores. - Exterior. - Ascensor. - Plaza de garaje para coche grande con acceso directo desde finca - Los gastos de la o... ,1,175,0,null,null,87,null,El Carmel,1,null,null,339.000 ,3.897 €/m²,Housfy Real Estate CAT, Ref.: 295977 ,3,Segunda mano/buen estado,1,Piso en venta en calle del Llobregós s/n,http://idealista.com/inmueble/91174882/
2,1999,  Estupendo piso en Sants-Montjuïc  Compraventa entre particulares y sin comisiones con Housfy.  M Carmen vende su piso directamente del propietario en Sants-Montjuïc Barcelona un espacio para disfrutar en tu día a día. El fenomenal piso fue construido en el año 1999 en Barcelona. El espléndido piso está formado por 92 m2 construidos.  Detalles del inmueble:  - Genial piso de 92 m2 en La Bordeta. (Los metros cuadrados están verificados con la Dirección General de Catastro) - La vivienda dispone de 2 habitaciones una de ellas en suite en total 2 baños completos 1 con amplio plato de ducha y el otro cuenta bañera. - El inmueble ha sido actualizado con materiales primera calidad mármol travertino suelo y puertas de madera de roble natural  - Agradable salón amplio y luminoso donde disfrutar de tu familia. - Armarios empotrados uno de e... ,1,183,1,null,null,92,null,La Bordeta,null,null,null,319.000 ,3.467 €/m²,Housfy Real Estate CAT, Ref.: 279868 ,2,Segunda mano/buen estado,1,Piso en venta en calle de Parcerisa s/n,http://idealista.com/inmueble/90567025/
3,1890,  Exclusiva vivienda en una cuarta planta real. El edificio esta ubicado en la calle villarroel 68 en el barrio de la antigua izquierda del ensanche. Finca histórica del 1890 que pertenece al conjunto catalogado del ensanche barcelones. Esta situada al lado del metro de urgel.   en la vivienda se respira el encanto de barcelona gracias a su creativo diseño combinado con la recuperación de elementos originales tan característicos de la arquitectura de la ciudad.  La vivienda es pasante tiene doble orientación (este-oeste) abriéndose a la calle donde se ven preciosas fincas modernistas y a los jardines de cesar martinell en el interior de isla completamente ajardinado. Esta doble orientación permite que la vivienda tenga ventilación cruzada y disponga de sol durante todo el día por la mañana en las habitaciones y terraza posterior y el... ,1,133,2,null,null,140,127,L'Antiga Esquerra de l'Eixample,null,null,null,650.000 ,4.643 €/m²,Housfy Real Estate CAT, Ref.: 151441 ,3,Segunda mano/buen estado,1,Piso en venta en calle de Villarroel 66,http://idealista.com/inmueble/87126672/
2,null, La promoción consta de tres viviendas en planta baja con altillo de inspiración tipo loft y entrada independiente desde la Plaça del Vapor Vell ubicada entre el barrio de Sants y Les Corts. Para cada una de estas viviendas se ha desarrollado un proyecto de interiorismo e iluminación específico dotándolas de un estilo propio y exclusivo. Os presentamos la vivienda con el estilo nórdico donde hemos apostado por combinar los colores blancos y maderas claras. En la planta baja nos encontramos con un gran salón-comedor y una cocina americana con isla diseñada a medida y equipada con lavavajillas integrado horno microondas y placa de inducción y un baño. Además existe la posibilidad de hacer una habitación doble. Una escalera lateral de un solo tramo fabricada con piezas de roble macizo comunica con el altillo donde encontramos un espacio diáfano ideal para hacer una o dos habitaciones y un vestidor a través del cual se accede a un baño completo. Los proyectos de ampliación de habitaciones están en las imágenes del anuncio. Impuestos no incluidos en el precio. ,0,84,null,null,null,123,null,Sants,null,null,null,465.000 ,3.780 €/m²,ollé bertrán serveis immobiliaris, Ref.: 12805-OB ,3,null,null,Piso en venta en Passatge del Vapor Vell,http://idealista.com/inmueble/88999864/
1,1963, ¡PRECIOSO HOGAR EXCLUSIVO EN CALLE JOAN GÜELL!  Información del inmueble:  • Dirección: C/ Joan Güell con Trav. Les Corts  • Superficie útil (M²): 55  • Medidas construidas (M²): 62  • Elementos comunes (M²): 7  • 6ª Planta real  • Año de construcción: 1963  • Habitaciones: 3 ( Dos dobles )  • Baños: 1  • Cocina: Independiente  • Galería: Si ( Con acceso desde la cocina )  • Balcón: Dispone de 2 balcones pequeños ( Uno en el comedor y otro en la habitación principal )  • Ascensor: El ascensor tiene acceso entre plantas.  • Interior o exterior: Interior  • Orientación: Oeste ( Sol de mediodía – tarde )  • Gastos de comunidad: 100€/trimestre  • Ventanas: Ventanas actualmente de madera  • Estado de la vivienda: Necesitaría alguna reforma pero se podría entrar a vivir  • Instalación eléctrica: Rehabilitada en los años 80  • Estado de la finca: Conservada  • Metro mas cercano: Menos de 1 min ( LES CORTS L3 )  • Cercano a todo tipo de comercios farmacias supermercados colegios transportes zona ajardinada etc…  No dude en pedir más información y realizar una visita sin compromiso.  Estamos ubicados en C/ Joan Güell Nº152 08028 Barcelona. (Les Corts). . . ,1,0,6,null,null,62,55,Les Corts,null,null,null,255.000 ,4.113 €/m²,La Teva Immobiliària, Ref.: 1101 ,3,Segunda mano/buen estado,null,Piso en venta en JOAN GÜELL,http://idealista.com/inmueble/91660615/
2,1930,  Hemos reformado un piso de un edificio de 1930 construido a base de muros cerámicos macizos y forjados de viguetas metálicas y bovedillas cerámicas un ejemplo de la arquitectura catalana de la época. Ocupa el chaflán entre las calles Llull y Llacuna a una calle de la popular Rambla de Poblenou.  El edificio tiene tres plantas de altura y tres viviendas por rellano. Su fachada recientemente rehabilitada está decorada con innumerables detalles singulares de la arquitectura de la época que le dan un aspecto señorial en su conjunto.  Nos llamó la atención la fisionomía de esta propiedad que se abre como un abanico para responder a la geometría del chaflán.   Nos gustó la cantidad de huecos que conectan la vivienda con el exterior; la fachada principal soleada en las mañanas dos patios interiores que permiten ventilar los aseos y la f... ,1,0,2,Gas natural,null,116,98,El Poblenou,null,null,null,647.570 ,5.582 €/m²,Open House Barcelona, Ref.: LLull/P.Nou ,3,Segunda mano/buen estado,null,Piso en venta en calle de Llull,http://idealista.com/inmueble/91384642/
1,1885, Piso en venta en el centro de Barcelona En una localización prime del corazón de Barcelona encontramos en una finca esquinera recién rehabilitada junto a todos los comercios y servicios y al lado del transporte público un piso absolutamente exterior de aproximadamente 70m2.  La vivienda muy luminosa es exterior a una calle peatonal muy tranquila tiene dos dormitorios dobles un baño completo y cocina abierta a salón comedor.  Se vende absolutamente amueblado y equipado. ,1,100,2,Eléctrica,null,70,55,Ciutat Vella,null,null,null,375.000 ,5.357 €/m²,aProperties Real Estate Barcelona, Ref.: VB1903047-5 ,2,Segunda mano/buen estado,null,Piso en venta en El Gòtic,http://idealista.com/inmueble/91659314/