bathrooms,constructed_year,description,elevator,energetic_qualification_kWhm2_año,floor,heater_system,its_new,m2_build,m2_useful,neighbourhood,parking,price_down_euro,price_down_percentage,price_euro,price_m2,real_estate,ref,rooms,status,terrace,title,link
1,1970, Piso de 70m2 completamente cuadrado ubicado a 3 minutos del Turó del Putxet &nbsp; calle tranquila en zona muy agradable. El piso dispone de 3 dormitorios dos de ellos individuales y uno doble amplio un baño completo. El salón-comedor es amplio&nbsp; muy confortable cálido&nbsp; y exterior a calle Costa y la cocina está&nbsp; completamente equipada y recién reformada con salida a zona de aguas.  Se trata de un conjunto cómodo práctico y&nbsp; bien funcional recién rehabilitado pensado para una familia con hijos que quiera una propiedad lista para entrar a vivir tal cual se presenta el inmueble. Un producto ideal para quien busque la tranquilidad de una calle como esta pero cerca de todo el bullicio de St. Gervasi o Plaza Lesseps. &nbsp; La zona es una de las más emblemáticas del distrito y una de las más solicitadas. Muy buena comunicación con transporte público. Contáctenos para ampliar información o concertar visita. ,1,0,null,null,null,75,70,El Putxet i el Farró,null,null,null,299.000 ,3.987 €/m²,Proddigia, Ref.: 9221 ,3,null,null,Piso en venta en calle de la Costa,http://idealista.com/inmueble/90416547/
1,null, Padilla - Avinguda Gaudí  Piso de 75m2 en la Sagrada Familia.   Consta de salón comedor exterior a patio de manza típico del Eixample soleado y sin ruidos. Cuatro habitaciones una doble y tres individuales; el dormitorio principal con salida a balcón. Cocina independiente. Baño completo con plato de bañera. Patio privado ideal para trastero.  Primera planta en finca con ascensor. Calefacción a gas en todas las estancias. Suelos de gres. Carpintería exterior de aluminio.  Excelente comunicación con transporte público: Metro L2-L5 Sagrada Família y múltiples líneas de autobús.   Servicios dados de alta.  Disponibilidad inmediata.   Si tienes interés en realizar una visita a este piso o resolver cualquier duda nos puedes contactar a través de los siguientes canales:   Teléfono fijo: 93 455 85 35  Teléfono móvil y WhatsApp: +34 615 777 464  También puedes acercarte a nuestra oficina: Carrer de la Indústria 137 08025 Barcelona.  Por tu seguridad exige siempre la acreditación AICAT en cualquier operación que realices con un agente inmobiliario.   punto habitat immobiliaris  AICAT 5508. ,1,0,1,Gas natural,null,75,null,La Sagrada Família,null,270.000 € ,4,260.000 ,3.467 €/m²,punto habitat immobiliaris, Ref.: v12 ,4,Segunda mano/buen estado,null,Piso en venta en calle Padilla,http://idealista.com/inmueble/90346373/
2,2008, Bonita vivienda dúplex ubicada en pleno Sant Gervasi en calle tranquila. Dispone de dos plantas distribuídas en zona de día con terraza en la planta principal y zona de noche en la planta superior. Tiene 3 dormitorios dos de los cuales son dobles con ventanales de hierro negro que dan a la doble altura de la zona de día. La luz que entra es preciosa y fluye por toda la propiedad gracias a los espacios abiertos y a las carpinterías transparentes. Los acabados son de alta calidad y siguen una estética neoyorkina preciosa e industrial a la vez que nos ofrece un producto confortable original y muy práctico. La finca es del 2008 y dispone de piscina comunitaria y plaza de parking. Un conjunto ideal para quien busque un producto distinto alejado del típico piso cuadrado y tradicional. Excelente comunicación con medios de transportes públicos. Para ampliar información o concertar visita no dude en contactarnos. ,1,0,null,null,null,105,100,El Putxet i el Farró,null,null,null,595.000 ,5.667 €/m²,Proddigia, Ref.: 9057 ,3,null,1,Piso en venta en calle de Saragossa,http://idealista.com/inmueble/90328137/
4,null,  POSIBILIDAD DE SEGREGAR  En el corazón de la zona alta de Barcelona en el barrio de Sant Gervasi-Galvany presentamos este magnífico piso con carácter señorial propio de la zona donde está situado. Se sitúa en una finca que data del año 1973 y que se encuentra en perfecto estado de conservación. Cuenta con servicio de portería dos ascensores y dos pisos por rellano. Además recientemente se ha reformado la entrada a la finca por lo que el aspecto es inmejorable.  Hay que destacar que este piso es la totalidad de la planta ya que originalmente eran dos pisos independientes pero en su día se hizo un único piso para combinar funciones profesionales y familiares.  El piso se sitúa en una tercera planta real y es esquinero con lo que tiene mucha luminosidad todo el día en casi la totalidad de las estancias y desde donde se puede acceder ... ,1,0,null,null,null,275,250,Sant Gervasi - Galvany,null,null,null,1.095.000 ,3.982 €/m²,Proddigia, Ref.: 4818 ,8,null,1,Piso en venta en via Augusta,http://idealista.com/inmueble/87026348/
2,1980, Precioso ático con terraza de 40m2 de uso exclusivo orientado a sureste en el centro de Vallvidrera. El piso está perfectamente distribuido con zona de día y de noche y dos baños completos. &nbsp; Se trata de un ático muy luminoso con todas las habitaciones exteriores en una finca con ascensor en buen estado. El piso es exterior soleado tranquilo e idealmente ubicado perfectamente comunicado pero apartado del ruído del centro de la ciudad. Está en plena sierra de Collserola al lado de caminos de montaña y de naturaleza. ¡VISITA YA DISPONIBLE EN REALIDAD VIRTUAL! &nbsp;. ,1,0,null,null,null,106,95,Vallvidrera - El Tibidabo i les Planes,null,null,null,560.000 ,5.283 €/m²,Proddigia, Ref.: 8749 ,3,null,1,Ático en venta en plaza de Vallvidrera,http://idealista.com/inmueble/89777524/
2,null,  Nos encontramos ante un piso muy bonito reformado recientemente con plaza de parking incluida a 30 segundos de la Plaza Joaquim Pena en pleno centro de Tres Torres.  Se trata de una planta entresuelo pero es muy luminoso totalmente silencioso y tiene orientación a dos vientos por lo que por un lado la zona de día da a una tranquila calle por la que apenas pasa ningún coche y por el otro lado nos encontramos habitaciones que son exteriores y que dan a un patio de manzana ajardinado muy bonito. Por lo tanto presenta unas características únicas que hacen de él un producto muy exclusivo muy difícil de encontrar en una zona tan escasa de oferta de pisos.  El piso consta de un recibidor que da acceso al amplio salón el cual es totalmente exterior a la vez que muy tranquilo y a la cocina totalmente equipada y que puede abrirse al s... ,0,0,null,null,null,105,95,Les Tres Torres,1,null,null,739.000 ,7.038 €/m²,Proddigia, Ref.: 6805 ,3,null,null,Piso en venta en calle de Castellnou,http://idealista.com/inmueble/86370052/
2,1961,  Gran piso en Balmes en excelente estado esquinero con balcón a otra calle mas tranquila 4 habitaciones dobles exteriores y con parking&nbsp; grande incluido en la misma finca.  Nos encontramos ante un impresionante piso esquinero en la calle Balmes (el balcón no da a Balmes sino a otra calle mas tranquila) que reúne todos los requisitos para erigirse como un piso de categoría propio de la zona alta de Barcelona: de grandes dimensiones aislado de todo ruido por su gran altura (7º real) y aislamiento con doble cristal en excelente estado diseñado por una interiorista de prestigio tanto el salón como todas las habitaciones las cuales dobles muy amplias son exteriores al ser el piso esquinero con mucha luz una cocina muy amplia un bonito balcón con parking incluido en la misma finca con acceso directo por ascensor una entrada... ,1,0,6,Calefacción individual,null,240,215,Sant Gervasi - Galvany,1,null,null,1.050.000 ,4.375 €/m²,Proddigia, Ref.: 6126 ,4,Segunda mano/buen estado,1,Piso en venta en calle de Balmes,http://idealista.com/inmueble/84865619/
2,2018, Elegante piso de obra nueva en venta de 82m² junto el centro comercial L´Illa Diagonal.  Dispone de un amplio salón comedor balcón de 6 m² 2 habitaciones (1 suite) 1 estudio 1 baño completo 1 aseo de cortesía zona de aguas cocina Bulthaup equipada con electrodomésticos Neff (placa inducción campana extracción lavavajillas y nevera doble). Aire acondicionado suelos de parquet Kährs persianas Gradhermetic y domótica.  Excelentes acabados con materiales de alta calidad. Situado en una finca con zona comunitaria con piscina zona de solárium y unas increíbles vistas a la ciudad. Posibilidad de adquirir plaza de parking y trastero en la misma finca. Exclusiva promoción cerca de múltiples ejes comerciales excelentes comunicaciones y todo tipo de servidios en la zona. ,1,50,4,Eléctrica,null,82,null,Les Corts,null,null,null,862.000 ,10.512 €/m²,ALTING Grupo Inmobiliario, Ref.: 019116 ,2,null,null,Piso en venta en calle de Can Segalar,http://idealista.com/inmueble/40123363/
1,1960,  Proddigia tiene el placer de presentarles este bonito piso ubicado al limite de las zonas del barrio de Camp de l'Arpa del Clot y de Navas.  Dispone de 3 cómodas y amplias habitaciones y un baño completo con bañera.  La distribución del piso es bastante cuadrada al entrar a la vivienda nos encontramos con un recibidor y donde encontramos la primera habitación de un tamaño mediana donde cabe una cama doble y un armario pequeño al seguir nos encontramos un recibidor o podría ser el comedor a mano derecha una cocina equipada y a mano izquierda el baño completo con su bañera. Por último llegamos al salón comedor que goza de luz natural y tiene la salida a un balcón de 4 m2. Las otras dos habitaciones se accede desde el salón comedor las dos son exteriores y tienen bastante luz natural.  Mencionar que todo el piso está en perfecto estado... ,1,0,null,null,null,70,65,El Camp de l'Arpa del Clot,null,null,null,320.000 ,4.571 €/m²,Proddigia, Ref.: 9869 ,3,null,null,Piso en venta en avenida Meridiana,http://idealista.com/inmueble/91512734/
3,null,  Piso con terraza en venta en la calle Mandri Luminoso piso ubicado en una de las mejores calles de Sant Gervasi junto a todos los servicios zonas de ocio y los mejores colegios de la ciudad.  La vivienda ubicada en un tercer piso se distribuye en dos zonas claramente diferenciadas. La zona de día y de noche.  Entrando encontramos el amplio hall de entrada que nos da paso al salón-comedor en dos ambientes con chimenea y acceso a una terraza muy disfrutable de 11m². La cocina office con acceso desde el hall o el comedor es muy amplia y tiene zona de aguas y habitación de servicio con baño.  En la zona de noche encontramos cuatro dormitorios de los cuales dos son enormes con ventana a amplio patio de manzana por lo que son muy luminosas. Además hay dos baños completos con ducha.  Las dos habitaciones dobles están unidas entre sí pe... ,1,174,3,null,null,170,150,Sant Gervasi - La Bonanova,1,null,null,950.000 ,5.588 €/m²,aProperties Real Estate Barcelona, Ref.: VB2007030-4 ,5,Segunda mano/buen estado,1,Piso en venta en calle de Mandri,http://idealista.com/inmueble/91426087/
2,null, Piso en la Gran Vía finca clásica en el ensanche derecho excelente conservación con distribución tradicional -salida a la calle y a patio de manzana amplio salón con galería muy luminosa sol por las tardes patio de manzana despejado y tranquilo. cocina office. lavadero. Dos baños completos. 4 habitaciones la principal con baño y amplio y cómodo vestidor. La adyacente dispone de un estudio en la antecámara ideal para niños o adultos en función de sus distintas necesidades. Ambas orientadas al mar y con dos balcones a la calle. Última planta vista despejada y mucha luz. Suelo hidráulico con distintos tonos de diseño modernista pulido y muy bien conservado. Finca con mantenimiento óptimo tanto en fachada exterior del edificio como en la portería. Ascensor. Bien comunicado a dos minutos de Plaza Tetuán. Aire Acondicionado. Buena oportunidad como vivienda de uso directo y también como inversión. Precio revisado recientemente. ,1,0,4,null,null,140,120,El Fort Pienc,null,null,null,625.000 ,4.464 €/m²,Pedroochoa, Ref.: Y ,4,null,null,Piso en venta en Gran Via de les Corts Catalanes,http://idealista.com/inmueble/91420075/
1,1990,  Les presentamos un piso de unos 80m2 en el barrio de Sants a pocos metros de la Plaça del Centre consta de dos habitaciones una individual y otra doble con salida a un pequeño balcón.  En las 2 habitaciones están equipadas con cama y armarios empotrados el piso también cuenta con un baño completo con un cómodo plato de ducha. La cocina del apartamento está completamente amueblada y&nbsp; con salida a un lavadero. El suelo del piso es de parqué y se encuentra en buen estado presenta calefacción a gas con radiadores en diferentes zonas del piso. La finca es del año 1990 y se encuentra en perfectas condiciones.  La ubicación es ideal muy cercano a comercios y medios de transporte públicos. Plaza del Centro: Otra plaza muy importante.  Sants una de las puertas a Barcelona gracias a su gran estación de tren y autobuses la mayor de C... ,1,0,null,null,null,83,70,Sants,null,null,null,320.000 ,3.855 €/m²,Proddigia, Ref.: 9803 ,2,null,null,Piso en venta en calle del Vallespir,http://idealista.com/inmueble/91334424/
2,1870,  En pleno centro de Barcelona junto a la&nbsp; presentamos este oasis de paz y tranquilidad en forma de loft con una fabulosa suite en doble altura que hará las delicias de sus visitantes.  La vivienda se encuentra en la tercera planta de un edificio que data de 1870 y que fue actualizado con un carácter muy especial dándole un toque señorial y moderno. La finca cuenta con una zona comunitaria muy amplia tranquila y soleada que permite disfrutar del sol y clima de la ciudad en un entorno aislado del ajetreo de la ciudad o disfrutar con los niños realizando actividades diversas.  El loft fue diseñado en el año 1997 por un conocido arquitecto premiado con el Premio Nacional del FAD lo diseñó dándole un aire neoyorquino muy rompedor en la época. La vivienda se distribuye en dos plantas la planta baja es un amplio espacio diáfano de 85... ,1,141,null,null,null,110,106,La Dreta de l'Eixample,null,null,null,599.000 ,5.445 €/m²,Proddigia, Ref.: 9800 ,2,null,null,Piso en venta en calle de Casp,http://idealista.com/inmueble/91315934/
1,null, Garlasa Trade les ofrece esta oportunidad en la Calle Marina (Sagrada Familia)  El piso se encuentra en una primera planta.  El inmueble consta de 55 m2 que se distribuyen en:  - Habitación interior de 15m2. con cabida para dos camas y ventilación. La habitación dispone de aire acondicionado.  -Comedor office de 30m2 con salida a patio interior y zona de despacho también encontramos aire acondicionado.  -Salida a patio interior de uso privativo  -Baño de 3 piezas con ducha con mampara de. Con ventana al patio interior En el baño está la lavadora.  GARLASA TRADE. Inmobiliaria de confianza con trato personalizado. Ofrecemos soluciones no promesas.  Empresa familiar con más de 20 años en el mercado inmobiliario le ofreceremos la profesionalidad que se merece.  Amplia cartera de pisos de venta y alquiler en Barcelona. Tasaciones sin compromiso.  No dude en llamarnos; 935180820 616793910. ,1,0,1,Gas natural,null,55,null,La Sagrada Família,null,160.000 € ,7,149.000 ,2.709 €/m²,Garlasa Trade, Ref.: _Marina ,1,Segunda mano/buen estado,1,Piso en venta en calle de la Marina,http://idealista.com/inmueble/91313287/
2,1976, ProntoPiso pone a la venta esta vivienda de 100 m² en una cuarta planta ubicada en en uno de los mejores barrios de Barcelona.  El piso consta de un recibidor luminoso y amplio salón-comedor cuatro habitaciones de las cuales 1 es en suite otra doble y 2 individual dos baños completos con plato de ducha cocina independiente y práctico lavadero. Del salón podemos acceder a la terraza con amplias vistas despejadas. El piso es totalmente exterior. Acabados de primera calidad en todo el piso. Plaza de parking de alquiler en la misma finca. La comunidad cuenta con portero físico. En cuanto a su ubicación ofrece todos los servicios a pie de entrada así como una buena conexión tanto con transporte público como privado. ,1,0,3,Eléctrica,null,120,100,Les Corts,null,620.000 € ,4,595.000 ,4.958 €/m²,Prontopiso Api, Ref.: F830386B-0 ,4,Segunda mano/buen estado,1,Piso en venta en travesía de les Corts,http://idealista.com/inmueble/91183628/
2,2000, PISO EN VENTA EN LA CALLE NAPOLS ProntoPiso pone a la venta y en exclusiva este bonito piso de 86 metros cuadrados construidos. Está ubicado en el distrito del Eixample concretamente en el barrio del Eixample Derecho a menos de 5' caminando del majestuoso Templo de la Sagrada Familia y del conocido Paseo de San Juan. La vivienda está distribuida en un salón comedor con salida a un balcón una cocina independiente totalmente equipada tres dormitorios uno de ellos dobles con salida al exterior y dos con armarios empotrados. Dos baños uno amplio con bañera y el otro de cortesía (este último tiene la instalación hecha de un plato de ducha). La finca dispone de plaza de parking. Se trata de una cuarta planta luminosa con suelos de parquet carpintería de aluminio calefacción de Gas Natural con radiadores aire acondicionado por conductos con bomba de aire frío y caliente y videoportero automático. La finca es de nueva construcción y dispone de ascensor. Su ubicación es muy céntrica y está muy bien comunicada en transporte público (Metro Autobús Bicing... ). Además está rodeada de comercios centros deportivos colegios centros médicos farmacias etcétera. ¡Llámanos para concertar una visita! ,1,167,4,Calefacción individual,null,86,77,La Sagrada Família,null,420.000 € ,7,390.000 ,4.535 €/m²,ProntoPiso, Ref.: AC527ABA-0 ,3,Segunda mano/buen estado,null,Piso en venta en calle de Nàpols,http://idealista.com/inmueble/90810435/
3,1912, West side vende:  Casa de 2 plantas mas planta solárium de 242m2 en Sants.  En la fachada tenemos la entrada peatonal mas la entrada al garage con puerta automática.  En la planta baja tenemos el parking con capacidad para 2 coches medianos motos y bicicletas. Desde el parking tenemos acceso a la vivienda por puerta lateral y al fondo del parking tenemos una sala que antiguamente era un jardín.  La primera planta se divide en dos ambientes muy diferenciados uno reformado en un solo ambiente con cocina reformada sin electrodomésticos con una claraboya que permite la entrada de luz natural una habitación doble y un baño completo con ducha todo con suelos de parket aire acondicionado y ventanas de aluminio con doble acristalamiento. La otra parte de la planta esta de origen tenemos dos habitaciones dobles. Una de ellas con salida al balcón y un baño completo con ducha de hidromasaje aire acondicionado y calefacción. La otra con baño con ducha aire acondicionado armarios empotrados y ventana exterior.  Planta superior es un terrado que ocupa toda la casa utilizable como solárium y dos cuartos uno se esta utilizando de lavandería y en el otro esta el calentador.  No dude en llamarnos y pedir mas información. ,null,204,null,null,null,242,null,Sants,1,619.000 € ,3,598.000 ,2.471 €/m²,West Side Real Estate Sl, Ref.: CB_BCN_0284_V ,3,Segunda mano/buen estado,null,Casa o chalet independiente en venta en calle del Tenor Masini,http://idealista.com/inmueble/89826810/
2,1930, En pleno Ensanche Izquierdo de Barcelona rodeado de comercios de proximidad y muy bien comunicado por transportes públicos encontramos esta fantástica vivienda a estrenar de 67 m² más un balcón de unos 4 m² situada en una bonita finca clásica con ascensor. La propiedad ha sido reformada integralmente con materiales de acabado de primera calidad. La vivienda consta de un amplio y acogedor salón-comedor exterior a calle y una cocina americana totalmente equipada abierta al comedor dando una mayor amplitud a la zona de día. Como toque diferencial dispone de una altura de techo superior a los 3 m y dejando descubiertas las vigas de madera tratadas. La zona de noche consta de dos habitaciones dobles una de ellas en suite y exterior a calle con dos baños completos una zona de aguas y armarios empotrados. La vivienda es luminosa dada su orientación y su altura de planta. Dispone de calefacción mediante radiadores y de aire acondicionado mediante conductos de bomba de frío/calor. ,1,235,4,Gas natural,null,71,null,La Nova Esquerra de l'Eixample,null,null,null,369.000 ,5.197 €/m²,Fincas Carbonell - Cimmo Carbonell Immobiliària, Ref.: V-2060 ,2,Segunda mano/buen estado,null,Piso en venta en calle de Valencia,http://idealista.com/inmueble/89359697/
2,1900,  Entre Ciutat Vella y el Eixample muy cerca de la Plaza Universitat este encantador piso de 117 m2 está situado en una 2ª planta real de una finca regia de 1900. La propiedad ha sido reformada recientemente y se encuentra en una calle muy dinámica repleta de restaurantes comercios y supermercados. Además está bien comunicado ya que está muy cerca de la parada de metro Universitat la estación de tren de Plaza Catalunya y varias líneas de autobús.  El increíble salón comedor es muy luminoso y dispone de un balcón exterior a la calle. La cocina está integrada en el espacio y equipada con electrodomésticos de gran calidad.  La zona de noche está formada por 2 habitaciones y un espacio polivalente abierto que puede utilizarse como salita zona chill-out o un tercer dormitorio. La suite con cuarto de baño completo tiene salida a un agra... ,1,0,2,Gas natural,null,117,null,Ciutat Vella,null,null,null,570.000 ,4.872 €/m²,Bcn Advisors, Ref.: BCN05681 ,3,Segunda mano/buen estado,null,Piso en venta en El Raval,http://idealista.com/inmueble/91551290/
2,1963, Este sensacional piso reformado tiene una sobresaliente ubicación. En el prestigioso y tranquilo barrio de Pedralbes está muy cerca de la Avenida Diagonal como vía de entrada y salida de la ciudad y del transporte público. Además tiene a su alrededor numerosos servicios centros comerciales colegios y hospitales.  La propiedad cuenta con 65 m2 (58 m2 construidos y 7 m2 de elementos comunes según Catastro) y al estar ubicada en una 5ª planta es muy luminosa y disfruta de vistas despejadas. El acogedor salón-comedor es exterior a calle y conduce a la cocina semiabierta totalmente equipada con electrodomésticos y amueblada con mucho gusto.  La zona de noche cuenta con 1 habitación doble 1 habitación individual 1 cuarto de baño con ducha y 1 aseo. Los dormitorios tiene armarios empotrados.  El piso cuenta con aire acondicionado calefacción mediante radiadores suelo de parquet carpintería exterior de aluminio con doble cristal y carpintería interior de madera. Cabe destacar que las instalaciones de electricidad y agua son totalmente nuevas. El edificio dispone de ascensor y servicio de conserjería. ,1,0,5,Calefacción individual,null,65,null,Les Corts,null,null,null,450.000 ,6.923 €/m²,Bcn Advisors, Ref.: BCN06434 ,2,Segunda mano/buen estado,null,Piso en venta en Pedralbes,http://idealista.com/inmueble/91534623/
2,null, Exquisita propiedad alta de 327 m2 situada en Galvany ubicada en la inmejorable zona de “El Rancho Grande” conjunto de viviendas plurifamiliares que data de 1944 de estilo novecentista de posguerra construida por el arquitecto Joaquim Lloret i Homs y dotada de servicio de conserje.  Esta vivienda goza de orientación Suroeste en la zona de día con una fantástica terracita de 10 m2 accesible desde el amplio y luminoso salón-comedor. Éste cuenta con una bonita chimenea y grandes ventanales que permiten una mayor entrada de luz. También incluye un despacho-biblioteca y otra habitación polivalente.  Asimismo dispone de una gran cocina office con cuarto de plancha y lavadero. En la zona de noche tenemos 3 amplias habitaciones dobles exteriores una de las cuales dispone de otra terraza privada 2 habitaciones individuales con un total de 2 baños completos.  Cuenta también con trastero de 25 m2 calefacción de gas individual techos altos con molduras puertas blindadas de madera noble y sistema de alarma.  Existe la posibilidad de alquilar una plaza de parking muy próxima a la finca. ,1,131,5,null,null,332,null,Sarrià-Sant Gervasi,null,null,null,1.395.000 ,4.202 €/m²,Bcn Advisors, Ref.: BCN05242 ,5,Segunda mano/buen estado,1,Piso en venta en Sant Gervasi - Galvany,http://idealista.com/inmueble/91515090/
2,1976, PISO EN SANT GERVASI (BONANOVA) Junto a los Jardines de Can Castelló en una cotizada área de Barcelona encontramos este fabuloso piso que cuenta con una agradable e impresionante terraza. La ubicación es inmejorable junto a los mejores colegios nacionales e internacionales y rodeado de todos los servicios deseables. Uno de los atributos más importantes del inmueble es su espectacular zona comunitaria: lindos jardines amplias piscinas y canchas de tenis para disfrutar del exterior 365 días al año. ( El PVP indicado no incluye impuestos ni gastos de Escritura ). ,1,218,3,null,null,137,132,Sarrià-Sant Gervasi,1,null,null,850.000 ,6.204 €/m²,LV Living Barcelona, Ref.: 243389 ,4,Segunda mano/buen estado,1,Piso en venta en Sant Gervasi - La Bonanova,http://idealista.com/inmueble/91339825/
1,1926,  Este fantástico piso tiene una superficie de 66 m2 y además un estudio de 20 m2 en la cubierta del edificio. Está en una finca regia muy cercana al centro de Barcelona lo que te permitirá disfrutar de los mejores comercios servicios y comunicaciones de Eixample Plaça Catalunya Passeig de Gràcia y Ciutat Vella.  La vivienda ha sido reformada totalmente con mucho gusto. Es muy tranquila ya que está orientada hacia el patio de manzana interior al noroeste y varios patios de luces. Al estar ubicada en una 4ª planta recibe bastante luz natural.  El recibidor da paso a la cocina semiabierta que se integra de manera perfecta con el pasillo distribuidor hacia el salón y las habitaciones. Dispone de electrodomésticos eficientes armarios hasta el techo y barra para desayunar o comer rápidamente.  El salón-comedor es confortable y ampl... ,1,149,4,Bomba de frío/calor,null,86,null,Eixample,null,null,null,440.000 ,5.116 €/m²,Bcn Advisors, Ref.: BCN06430 ,2,Segunda mano/buen estado,1,Piso en venta en La Dreta de l'Eixample,http://idealista.com/inmueble/91310804/
2,1926,  Esta sensacional propiedad a estrenar presenta una ubicación privilegiada próxima a Plaça Urquinaona en pleno centro de Barcelona. La zona cuenta con fantásticas comunicaciones de transporte una amplia oferta comercial cultural y de servicios y todo el encanto del Eixample y Ciutat Vella a pocos pasos.  El piso de 100 m2 construidos ha sido totalmente reformado con mucho gusto y su distribución es muy práctica y cómoda. El recibidor nos guía hacia las zonas de día y de noche que están bien diferenciadas. El amplio salón-comedor de 35 m2 es totalmente exterior a calle y muy luminoso con orientación sureste. Tiene 2 pequeños balcones típicos del Eixample. La cocina es independiente y está equipada con electrodomésticos.  La zona de noche cuenta con el dormitorio principal de 17 m2 en suite con cuarto de baño y ducha; un dormitor... ,1,149,4,null,null,100,80,Eixample,null,null,null,640.000 ,6.400 €/m²,Bcn Advisors, Ref.: BCN06429 ,3,Segunda mano/buen estado,null,Piso en venta en La Dreta de l'Eixample,http://idealista.com/inmueble/91296875/
2,2007,  Este sensacional ático se encuentra en un estado impecable ya que fue construido hace pocos años en 2007. Destaca por su espectacular terraza solarium privada de 64 m2 con sol todo el día y maravillosas vistas a Montjuïc y la ciudad. Se podría separar mediante estructuras ligeras e incluso instalar alguna caseta a modo de trastero.   La vivienda de 131 m2 interiores es totalmente exterior a dos vientos una característica muy poco común en el Eixample así como tranquila y luminosa. El salón-comedor es amplio y tiene salida a una terraza de 913 m2 con espacio para mesa y sillas. La cocina office está equipada con electrodomésticos y también tiene salida a la terraza.  El piso dispone de 4 habitaciones: 1 en suite 2 dobles y 1 mediana grande todas con armarios empotrados. Los 2 cuartos de baño son grandes y destacan por su estad... ,1,0,6,Calefacción individual,null,167,109,Eixample,null,null,null,695.000 ,4.162 €/m²,Bcn Advisors, Ref.: BCN06427 ,4,Segunda mano/buen estado,1,Ático en venta en La Nova Esquerra de l'Eixample,http://idealista.com/inmueble/91259297/
1,1966, OPORTUNIDAD EN CLOT CAMP DEL ARPA  Piso 67 construidos 3 dormitorios 2 dobles salón amplio cocina completa baño completo extererior 3ero real ascensor pequeño balcon muy luminoso junto al Metro de Clot Inmueble de Origen muy bien conservado. 225.000 euros negociables. Finca de 1966 no tiene cemento aluminoso muy bien cuidada. Orientación Sur-Este.  El barrio: Camp del Arpa cuenta con todos  los servicios colegios parque comercios muy buena comunicación de transporte con 3 líneas de metro a su alrededor. Hospital de Sant Pau a solo 2 calles.  Transportes. (L5 CAMP DEL ARPA L1 NAVAS y a 5 minutos encontramos estación Clot con Renfe y líneas de metro L2 y L1 ) también contamos cerca buses y demás medios de transporte.  No dudes en contactarnos para verlo. Contamos con nuestro propio Departamento Financiero y convenios con más de catorce entidades bancarias. Honorarios de inmobiliaria impuestos como gastos de notaria y registro no incluidos en el precio. Llámanos sin compromiso disponemos de mas inmuebles en nuestra red que no a lo mejor no se encuentran publicados. Tu consulta no molesta. . ,1,125,3,null,null,67,60,El Camp de l'Arpa del Clot,null,225.000 € ,5,213.500 ,3.187 €/m²,jean paul cherigny, Ref.: VTA-CARLOS-MALLOFONT-DIVINITY ,3,Segunda mano/buen estado,null,Piso en venta en calle de Mallorca,http://idealista.com/inmueble/91035688/
2,2000,  Viva en una fantástica casa unifamiliar en el centro del Clot-Camp de l´Arpa. En calle tranquila y bien comunicada con transporte público.. . Construida hace 19 años toda exterior delante y detrás con balcones y con mucha luz natural en toda la casa. Dispone de un gran garage con espacio para dos coches motos trastero o gimnasio.   Su práctica distribución se compone de:   Planta baja: plaza de parking para 2 coches + 2 motos + trastero de 5m2. Queda espacio si se quiere tener un pequeño gimnasio taller etc.. .  Primera planta:  Salón de 25m2 + gran cocina office completa y con lavadero + baño completo con plato de ducha hidromasaje Todo exterior delante y detrás con balcones.  Segunda planta:  Habitación principal doble con vestidor + 1 habitaciones individual amplia exteriores a la calle + baño completo con bañera. Todas la... ,null,135,null,Gas natural,null,170,150,El Camp de l'Arpa del Clot,1,460.000 € ,2,453.000 ,2.665 €/m²,Tàndem Immobiliària, Ref.: TANDEM-BESALU-B ,4,Segunda mano/buen estado,null,Casa o chalet independiente en venta en BESALU,http://idealista.com/inmueble/90884299/
1,null, Piso totalmente reformado en uno de los barrios mas auténticos de Barcelona donde te rodean todas las posibilidades culturales de ocio gastronómicas de música. Tiene una muy buena ubicación y un ambiente auténtico de barrio donde descubrir bonitos rincones plazas y pequeñas calles con todo su sabor. Es un 2º piso sin ascensor en un edificio en buen estado. El piso consta de un salón comedor con cocina integrada y totalmente equipada con salida al exterior con balcón 1 amplia habitación exterior con balcón 1 vestidor y un baño. Es un piso que enamora ¡ven a verlo! ,0,0,2,Calefacción individual,null,51,50,El Poble Sec - Parc de Montjuïc,null,260.000 € ,6,245.000 ,4.804 €/m²,Bribarcelona ., Ref.: VPI5-1455 ,1,Segunda mano/buen estado,null,Piso en venta en Blasco de Garay,http://idealista.com/inmueble/85057200/
1,null, West Side vende:  Inmueble de 61m2 distribuidos en 3 dormitorios 1 de ellos dobles y 2 individuales. Dispone de un amplio salón-comedor exterior a despejado patio de manzana muy soleado. El salón ha ganado metros al cerrar el balcón el cual se puede recuperar.   Cuenta con cocina independiente con galería y un baño completo con plato de ducha. Además de calefacción a gas aire acondicionado cerramientos de aluminio y suelos de parquet.   En una segunda planta real en finca con ascensor del 1969.  Está ubicado en una zona de fácil acceso junto a la Gran Vía de les Corts Catalanes a tan solo 10 minutos andando a Plaça Espanya. En una zona residencial y de un entorno muy tranquilo como medio de transporte público tiene varias opciones de paradas de autobús.  No dude en llamar y pedir más información. ,1,125,2,Gas natural,null,70,null,Hostafrancs,null,220.000 € ,0,219.000 ,3.129 €/m²,West Side Real Estate Sl, Ref.: CB_BCN_0341_V ,3,Segunda mano/buen estado,null,Piso en venta en calle del Moianès,http://idealista.com/inmueble/91234253/
1,null, Coldwell Banker Eminent VENDE piso de 92m2 con licencia turística en Sants. Ideal para inversores por su alta rentabilidad  El piso cuenta con gran salón comedor con cocina completamente equipada dos dormitorios dobles; con armarios y vestidor más un baño completo.  Posee aire acondicionado frío-calor.  La finca no posee ascensor.  La vivienda se encuentra ubicada en calle semi-peatonal a 5 minutos de la estación de tren de Sants y a 1 minuto de las paradas de metro L1 y L5. ,0,120,1,Eléctrica,null,92,null,Sants,null,null,null,344.000 ,3.739 €/m²,Coldwell Eminent, Ref.: CBE-0296 ,2,Segunda mano/buen estado,null,Piso en venta en PANISSARS 28,http://idealista.com/inmueble/90322245/