bathrooms,constructed_year,description,elevator,energetic_qualification_kWhm2_año,floor,heater_system,its_new,m2_build,m2_useful,neighbourhood,parking,price_down_euro,price_down_percentage,price_euro,price_m2,real_estate,ref,rooms,status,terrace,title,link
1,1975, Ref: J-AL215  Excelente vivienda de 89m2 y 4 Habitaciones en Distrito Sant Martí La Verneda i La Pau.  89 mts2 de vivienda distribuidos en 4 Habitaciones (1 doble 1 mediana y 2 individuales) cocina office en muy buen estado baño completo de 4 piezas con plato de ducha amplio salón comedor con salida a amplio balcón y vistas a la montaña. Puertas de madera maciza con suelo de terrazo carpintería de aluminio y calefacción en todos los ambientes. **Parking opcional en la misma finca a 16.000€**  Muy bien comunicado fácil acceso a Rondas Metro L2 y L4 La Pau. Línea de autobuses 33 B24 VH12 60 N8 y Bicing. A 15 minutos de los C. C. Diagonal Mar Maquinista y Glorias. A 15 minutos de la playa y del Campus Universitario. Zona en auge por el gran desarrollo urbanístico que le rodea.  * En el precio de venta no se incluyen los honorarios de agencia impuestos por ITP gastos notariales gestoría o registro. **Contamos con las mejores condiciones para tu Hipoteca gracias a nuestro Departamento Financiero ***Si deseas conocer el precio de tu vivienda en el mercado inmobiliario actual sin coste no dudes en contactarnos´. . . . . ,1,0,6,null,null,89,null,La Verneda i la Pau,1,215.000 € ,7,199.000 ,2.236 €/m²,LA CASA AGENCY, Ref.: J-AL215 ,4,Segunda mano/buen estado,null,Piso en venta en rambla de Prim,http://idealista.com/inmueble/91613060/
2,null, hooliHOME ofrece este increíble piso recién reformado en Travessera de les Corts. Junto a la Plaza Francesc Macià. Finca con ascensor y acceso a personas con movilidad reducida.  Cuenta con 127m² distribuidos en un amplio salón-comedor con pared de Cerámica y amplias ventanas de aluminio lacadas en blanco que permiten la entrada directa de luz natural. Cocina abierta y equipada con electrodomésticos tales como ( Bosch y Siemens y Samsung ). Encimera de porcelánico de 4cm placa de inducción campana decorativa de pared en cristal horno con función de steam y acabados de alta calidad.  En la zona de noche nos encontramos con 3 habitaciones dobles y exteriores ( una de ellas suite ). Y otro cuarto de baño completo ambos con plato de ducha.  Una verdadera joya en la mejor zona de Les Corts donde podras disfrutar de un piso nuevo a estrenar. Cerca de todo tipo de comercios tales como: Colegios supermercados farmacias. Corte Ingles de Francesc Macia y a tan solo 10 minutos de la Estación de Sants. Colindante con la parada de metro L3 L1 y L5. ,1,218,3,null,null,127,120,Les Corts,null,null,null,639.000 ,5.031 €/m²,Dpto. Comercial, Ref.: V0207S ,3,Segunda mano/buen estado,null,Piso en venta en travesía de les Corts,http://idealista.com/inmueble/91608647/
1,1957,  Cuando la familia crece pero tu piso no tienes un problema. Cuando lo primero que ves al entrar en casa es la bici que ya no sabes dónde colocarla si estás harto o harta de hacer malabares para poder invitar a los amigos a cenar o si necesitas que tus hijos tengan su propia habitación para no tener que actuar como juez de paz cada vez que se van a dormir…es el momento de cambiar de piso. Si ya lo tienes claro pero no encuentras un piso a tu medida te ofrecemos la solución en el piso que te presentamos podrás hacerlo a tu gusto pero nosotros te ofrecemos un proyecto presupuestado de reforma realizada por nuestros colaboradores Pensando en reformas en el cual se detalla cuánto sería el coste de dicha reforma con unos acabados de calidad. En este fantástico piso de más 126 metros cuadrados con 4 habitaciones dobles dos de ellas ... ,1,241,2,Gas natural,null,134,126,La Sagrada Família,null,null,null,395.000 ,2.948 €/m²,Chrysol, Ref.: CHV652 ,4,Segunda mano/para reformar,null,Piso en venta en calle de Padilla,http://idealista.com/inmueble/91604968/
1,null,  Webhouse presenta espectacular piso muy luminoso en la zona del Dreta de l'Eixample.  La vivienda consta de 76 m2 construidos muy bien aprovechados y distribuidos en Salón comedor amplio y muy luminoso por su salida a balcón con vistas preciosas ya que el piso dispone de una orientación sur-este.  Dispone de 3 dormitorios de los cuales 1 de ellos es doble amplios y exteriores con mucha luz natural.  La cocina moderna y funcional en perfecto estado de conservación con salida a galería con espacio suficiente para lavadora etc.  El baño completo con plato de ducha en buen estado.  Se trata de un inmueble exterior con orientación este y orientación sur. Con balcón con vistas espectaculares calefacción central y altillos.  La finca cuenta con ascensor.  Muy bien comunicado con transporte público y todo tipo de servicios.  WEBHOUSE... ,1,0,5,null,null,76,71,El Fort Pienc,null,null,null,340.000 ,4.474 €/m²,WEBHOUSE REAL ESTATE SL, Ref.: V-SICILIAJ1 ,3,Segunda mano/buen estado,1,Piso en venta en calle Sicilia,http://idealista.com/inmueble/91585761/
2,1997,  ESPAÑOL: Piso interior de 105m2 construidos con un balcón de 11 m2 más una terraza privativa de 70 m2 compuesto de cuatro habitaciones una doble y tres individuales dos baños completos cocina office con lavadero y salón comedor de 24 m2 con salida a balcón. Dispone de aire acondicionado en Split cerramientos exteriores de aluminio calefacción por radiadores de agua y suelos de parque y cerámicos. Es una cuarta planta real con ascensor y dispone de una plaza de aparcamiento opcional de 27 m2. Se encuentra rodeado de comercios y servicios y cerca de la línea de metro L-1 de Santa Eulalia además de diversas líneas de autobuses. Impuestos y gastos no incluidos en el precio.  CATALA: Pis interior de 105m2 construïts amb un balcó de 11 m2 més una terrassa privativa de 70 m2 compost de quatre habitacions una doble i tres individuals d... ,1,138,4,Gas natural,null,105,null,La Bordeta,null,null,null,359.000 ,3.419 €/m²,JOAN PAU FONT, Ref.: 000318 ,4,Segunda mano/buen estado,1,Piso en venta en constitucio,http://idealista.com/inmueble/91578139/
3,1977,  Luminoso Atico Duplex a reformar en Plaza Tetuán (la Dreta de L'Eixample)  Ubicado en una finca moderna de 1977 en perfecto estado de conservación con ascensor y servicio de portería. Además posee una plaza de parking en la misma finca (opcional).  Una 9 planta (Atico Duplex) con una superficie de 184m2 y una amplia terraza con excelentes vistas a Barcelona. Consta de 5 dormitorios y 3 baños. Todas las estancias son exteriores luminosas y con ventilación natural.  En uno de los barrios más exclusivas de Barcelona que se caracteriza por sus anchas avenidas con edificios de apartamentos modernistas y edificios emblemáticos del arquitecto Antoni Gaudí como la Sagrada Familia la casa Batlló y la Pedrera. Las boutiques internacionales y los restaurantes de lujo abundan en el Passeig de Gràcia y la Rambla de Catalunya así como grandes alm... ,1,215,9,Gas natural,null,184,null,La Dreta de l'Eixample,1,null,null,730.000 ,3.967 €/m²,Privalore, Ref.: PRI-TETUAN001 ,5,Segunda mano/para reformar,1,Dúplex en venta en plaza de Tetuan,http://idealista.com/inmueble/91571094/
3,1963, Luminosa propiedad en finca con elegante hall de entrada y servicio de conserjería de lunes a domingo. Se trata de una quinta planta de 255m2 + una terraza de 18m2 con acceso desde el salón comedor con vistas al Tibidabo.  Accedemos a través de un amplio recibidor que diferencia las zonas de día y la zona de noche. El salón- comedor de 65m2 cuenta con biblioteca salón de 35m2 con chimenea y exterior a la terraza y un comedor de 20m2 con doble puerta corredera y acceso a la terraza. Tiene una gran cocina office reformada de 27m2 con isla de granito zona de aguas y la habitación de servicio con su propio baño.  En la zona de noche encontramos 4 habitaciones dobles (una de ellas en suite con vestidor) 3 son exteriores a calle y otro baño completamente reformado.  El piso está totalmente insonorizado con cerramientos de aluminio suelos de parquet y pavimentos cerámicos en baños y cocina aire acondicionado por splits la calefacción central está incluida en los gastos comunitarios. ,1,0,5,null,null,250,null,Sant Gervasi - La Bonanova,null,null,null,980.000 ,3.920 €/m²,iLIVEBARCELONA, Ref.: V02141 ,5,Segunda mano/buen estado,1,Piso en venta en calle Balmes,http://idealista.com/inmueble/91534274/
3,null, Ideal para familias piso amplio y luminoso en la confluencia de tres zonas LES CORTS - EIXAMPLE ESQUERRA- SANTS.  Calle NUMANCIA/AV JOSEP TARRADELLAS  Vivenda de 113 M2 según catastro actualmente 5 habitaciones antes 4 y 3 baños completos.  4° real de altura grandes ventanales a calle Numancia.  Vivienda a reformar su gusto incluso techos de BÓVEDA CATALANA con distintas posibilidades según su necesidad.  Finca rehabilitada con ascensor y servicio de portería.   Finca en la confluencia de calle Numancia y Av. Josep Tarradellas.  Muy bien comunicado a penas a unos metros de SANTS ESTACIÓ y con fácil acceso a la entrada y salida de Barcelona aeropuerto.   Rodeado de todos los servicios necesarios para el día a día supermercados CAP colegios etc... ,1,230,4,Calefacción individual,null,113,null,La Nova Esquerra de l'Eixample,null,365.000 € ,8,335.000 ,2.965 €/m²,Fincas BCN, Ref.: Numancia ,5,Segunda mano/para reformar,null,Piso en venta en avenida de Josep Tarradellas,http://idealista.com/inmueble/91343384/
2,1977, Vivienda ubicada en el distrito de Les Corts en El Barrio de la Maternitat. Tiene una superficie de 83 metros cuadrados Se compone de 4 habitaciones dos baños cocina salón comedor y balcón. Dos de la habitaciones son dobles y el resto individuales. La vivienda se encuentra en perfecto estado y está lista para entrar a vivir. Quinta planta real de altura con ascensor. La finca está ubicada en la avenida Madrid y tiene rehabilitada la fachada delantera y posterior. La zona cuenta con toda la red de supermercados de referencia. Excelente comunicación mediante la red de autobuses urbanos metro L5 y L9.  No dude en visitar esta excelente vivienda.  *El PVP no incluye gastos de notario ni de registro. *El precio final de la vivienda no comporta comisiones para el comprador. *Century 21 Smart Point comercializa en exclusiva esta vivienda. ,1,168,5,Gas natural,null,83,75,La Maternitat i Sant Ramon,null,383.000 € ,7,358.000 ,4.313 €/m²,Gonzalo Balsa, Ref.: VGB68 ,4,Segunda mano/buen estado,null,Piso en venta en avenida de Madrid 5,http://idealista.com/inmueble/91014474/
1,null, Tenemos a la venta dos precios pisos con licencia turística a pocos pasos de la boca del Metro de Joanic en la muy cotizada zona de Gràcia ambos pisos tienen cédula de habitabilidad una superficie de 70 m² tres habitaciones y un baño por vivienda. La finca no tiene ascensor pero la escalera es muy cómoda. Pisos muy luminosos con balcón con vistas despejadas y una terraza en la parte de atrás muy soleada. Para más información llamar al 936243419. ,0,0,2,null,null,70,null,Vila de Gràcia,null,null,null,400.000 ,5.714 €/m²,NICE PROPERTIES BCN, Ref.: 1781 ,3,Segunda mano/buen estado,1,Piso en venta en calle de Bruniquer,http://idealista.com/inmueble/91013061/
1,2005, PISO EN VENTA EN EL POBLENOU SANT MARTÍ - BARCELONA  Piso en Barcelona zona El Poblenou 82 m. de superficie 8 m2 de terraza una habitación doble (POSIBILIDAD DE UNA 2da) un baño propiedad en buen estado cocina equipada carpinteria interior de madera orientación sureste suelo de parquet carpintería exterior de aluminio / climalit. Extras: adaptado pmr agua aire acondicionado armarios empotrados ascensor bomba frío y calor calefacción gas ciudad luminoso luz t. v.  terraza autobuses árboles centros comerciales centros médicos colegios hospitales metro parques supermercados tren vistas despejadas zona de paso zonas infantiles PARKING OPCIONAL.  Gastos de comunidad: 180 Eur. ,1,0,3,Bomba de frío/calor,null,82,64,El Poblenou,null,null,null,405.000 ,4.939 €/m²,NICE PROPERTIES BCN, Ref.: 1680 ,1,Segunda mano/buen estado,1,Piso en venta en avenida Diagonal,http://idealista.com/inmueble/91008980/
4,1900,  ÁTICO EN VENTA EN LAS RAMBLA EL GOTICO CIUTAT VELLA  Espectacular ático en venta idealmente ubicado en una de las calles más cotizadas de la ciudad de Barcelona muy céntrico a pocos pasos de metros y buses frente al famoso Mercado de la Boquería. Esta vivienda se divide en dos plantas siendo la primera la de zona de día aquí encontrará un precioso salón muy amplio con salida a balcones que gracias a su orientación iluminan la vivienda la mayor parte del día tiene ese toque rústico de las vigas a vista con madera tratada; zona aparte está la cocina equipada con electrodomésticos de alta gama y la zona del comedor. Tres habitaciones dobles y un baño. En el segundo nivel se encuentra la salida a dos grandes terrazas una de 70 m² y la otra de 40 m² ambas tienen unas vistas que deslumbran a cualquiera y desde donde se puede instalar... ,1,0,6,Gas natural,null,221,200,El Gòtic,null,null,null,1.690.000 ,7.647 €/m²,NICE PROPERTIES BCN, Ref.: 1686 ,4,Segunda mano/buen estado,1,Dúplex en venta en rambla dels Estudis,http://idealista.com/inmueble/91008922/
1,1973, Piso en venta en El Raval Barcelona  En el barrio del Raval un domingo es como un día cualquiera: muchos comercios abren las calles están repletas de gente y se respira un ambiente vivo y dinámico difícil de encontrar en cualquier otro sitio de la ciudad. Históricamente conocido como Distrito 5. En los últimos años el ayuntamiento de Barcelona ha promovido un proceso de transformación. La recuperación de la histórica denominación de Raval forma parte de este plan7. El resultado de todo ello es contradictorio. Lejos queda ya la época en que una incursión en el Barrio Chino era una osada aventura de la que jactarse. El Distrito 5 ya no es un barrio tabú sino todo lo contrario. Con sus nuevos museos tiendas galerías bares musicales etc. se ha convertido en un bullidero cultural artístico y comercial de primer orden para la ciudad. ,1,0,5,Eléctrica,null,76,69,El Raval,null,null,null,270.000 ,3.553 €/m²,NICE PROPERTIES BCN, Ref.: 1720 ,2,Segunda mano/para reformar,1,Piso en venta en avenida de les Drassanes,http://idealista.com/inmueble/90991050/
2,1880,  Comienza una nueva vida de la mano de Home Group! Te brindamos la posibilidad de estrenar tu casa y elegir los acabados que más te gusten. Vive la experiencia de personalizar y adaptar tu nuevo hogar a tu gusto y en función de tus necesidades cumpliendo tus sueños.    El holding Home Group posibilita este nuevo formato exclusivo de compra. Gracias a la fusión de los partners Home Group Renova’t y Leading podemos unificar la hipoteca y la reforma en una sola cuota sólo con una aportación inicial desde el 20%. Además lo hace de forma sostenible convirtiéndola en un producto Green pudiendo disfrutar de todas las ventajas que esto supone.    La casa de 72m2 está distribuida en dos plantas. En la planta baja nos encontramos con un gran salón comedor con cocina abierta exterior y luminoso con salida al patio zona de lavado un estud... ,null,190,null,Eléctrica,null,72,67,El Camp de l'Arpa del Clot,null,null,null,295.000 ,4.097 €/m²,Home Group Guinardó, Ref.: M-40616 ,3,Segunda mano/buen estado,1,Chalet adosado en venta en calle de Cases Boada,http://idealista.com/inmueble/90940215/
3,1978,  GRAN PISO EN VENTA MUY LUMINOSO EN SANT GERVASY-GALVANY Barcelona  Nice Properties le presenta esta preciosa vivienda en la zona de Sarria Sant Gervasy en una finca de alto standing ubicada en una calle muy tranquila con 2 plazas de parking y trastero incluidos.     El apartamento consta de 251m² está distribuido en dos partes teniendo a por un lado la zona de día donde se encuentra un salón de 60m² un comedor una cocina un aseo y la terraza de 25m² donde se puede disfrutar de reuniones en una mesa de 6 personas y una sofá.     Por el otro lado la zona de noche se compone de 2 suites de lo cual el dormitorio principal viene con un gran vestidor independiente baño privado y espacio para gimnasio. El piso fue redistribuido completamente se usaron materiales de alta calidad como las puertas altas hasta el techo suelos de mader... ,1,0,2,Eléctrica,null,251,230,Sant Gervasi - Galvany,1,null,null,1.630.000 ,6.494 €/m²,NICE PROPERTIES BCN, Ref.: 1773 ,5,Segunda mano/buen estado,1,Piso en venta en calle de Freixa,http://idealista.com/inmueble/90782239/
3,2004,  Piso de 181 m2 construidos en una 3º planta real con ascensor. Se encuentra en una bonita finca regia de l’Eixample reformada de forma integral en el 2004.   Los espacios comunes del edificio la escalera de acceso a los pisos y el ascensor se han mantenido originales pero con la debida actualización que mantiene la belleza de los tiempos en que se construyeron.  Se accede a la vivienda por la parte central del piso donde un amplio alto y largo pasillo nos conduce a los dos grandes espacios principales de la vivienda el salón-comedor y la habitación tipo suite.   La zona de día la forman el amplio salón-comedor de 35m2 con salida a dos bonitos balcones a la misma calle Valencia la cocina con isla y zona de despensa y lavandería independiente un baño completo con ducha y una habitación con armario empotrado que se utiliza actualm... ,1,92,3,Gas natural,null,181,160,L'Antiga Esquerra de l'Eixample,1,null,null,1.187.500 ,6.561 €/m²,Monapart Barcelona (Vendes), Ref.: VOA1-2007 ,3,Segunda mano/buen estado,null,Piso en venta en calle de Valencia,http://idealista.com/inmueble/90523996/
1,1990,  Home Group. - ¡OPORTUNIDAD INVERSORES! Presentamos este hermoso loft recién reformado en el barrio de Sants al lado del mercado en una zona magnífica rodeada de árboles en una calle peatonal. Muy cerca de paradas de metro como Plaça de Sants y Mercat Nou.  El mismo cuenta con un gran potencial ya que sus 43 m² pueden aumentarse incorporando una habitación en el altillo gracias su altura de 39 mts. (COMPARTIMOS 2 PROPUESTAS PARA ESTA HABITACIÓN EN EL ALTILLO QUE PUEDEN VERSE EN LAS PRIMERAS 2 IMÁGENES PUBLICADAS)  El loft tiene hecho aislamiento térmico y acústico preinstalación para aire acondicionado y electrodomésticos de primera calidad. El mismo tiene una rentabilidad asegurada entre un 9 y 11%. ¡Venga a visitarlo! - Home Group   NO CUENTA CON CÉDULA DE HABITABILIDAD PERO PODRÍA TRAMITARSE   El&nbsp;distrito de Sants-Montjüic&amp;nb... ,1,0,0,null,null,43,null,Sants - Badal,null,null,null,90.000 ,2.093 €/m²,Home Group Central, Ref.: BC-40602 ,0,Segunda mano/buen estado,null,Estudio en venta en calle d'Antoni de Capmany,http://idealista.com/inmueble/90384739/
1,1929,  Vivienda ubicada en la calle Cristóbal de Moura con Selva de Mar en una segunda planta real en un edificio construido en el año 1929. La finca se encuentra en buen estado con certificado de ITE de aptitud en vigencia. La distribución de la vivienda es la siguiente recibidor-pasillo sala-cocina un baño y tres dormitorios con ventilación natural. Dos dormitorios dobles uno de ellos tiene salida a un balcón amplio que recibe la entrada de sol durante muchas horas del día ya que están orientados a sureste. La vivienda es muy luminosa durante casi todo el día porque entra el sol por todas las estancias del piso. La vivienda está actualizada tiene instalaciones nuevas y la cocina y el baño están renovados. El pavimento es hidráulico en varias estancias. Hay ventanas de aluminio y ventanas de madera originales. La cocina está equip... ,0,0,2,Eléctrica,null,56,50,Provençals del Poblenou,null,null,null,199.000 ,3.554 €/m²,Monapart Barcelona (Vendes), Ref.: VDM1-2007 ,3,Segunda mano/buen estado,1,Piso en venta en calle Cristobal de Moura,http://idealista.com/inmueble/90342136/
3,null, Situadas en el “Quadrat d’or” del Ensanche de Barcelona encontramos estas exclusivas viviendas. A escasos metros del Paseo de Gracia una de las zonas más lujosas de la ciudad.  Finca regia totalmente reformada manteniendo la esencia modernista del siglo XIX. Edificio totalmente equipado con ascensor.  El edificio consiste en 10 viviendas repartidas en 2 plantas bajas dúplex 2 pisos por planta del 1º al 3r piso y 2 áticos dúplex.  Pisos de 2 y 3 habitaciones con dimensiones de 85 a 195 m2. Las plantas bajas y los áticos tienen grandes terrazas donde disfrutar de las tardes soleadas de la ciudad.  Todos los acabados son de primera calidad y están dotados de todas las comodidades. ,1,0,4,null,Obra nueva,150,null,La Dreta de l'Eixample,null,null,null,2.158.000 ,14.387 €/m²,Aproperties ., Ref.: ONB2001002 ,2,Promoción de obra nueva,1,Piso en venta en calle Pau Claris 130,http://idealista.com/inmueble/90314487/
3,null, Situadas en el “Quadrat d’or” del Ensanche de Barcelona encontramos estas exclusivas viviendas. A escasos metros del Paseo de Gracia una de las zonas más lujosas de la ciudad.  Finca regia totalmente reformada manteniendo la esencia modernista del siglo XIX. Edificio totalmente equipado con ascensor.  El edificio consiste en 10 viviendas repartidas en 2 plantas bajas dúplex 2 pisos por planta del 1º al 3r piso y 2 áticos dúplex.  Pisos de 2 y 3 habitaciones con dimensiones de 85 a 195 m2. Las plantas bajas y los áticos tienen grandes terrazas donde disfrutar de las tardes soleadas de la ciudad.  Todos los acabados son de primera calidad y están dotados de todas las comodidades. ,1,0,0,null,Obra nueva,192,null,La Dreta de l'Eixample,null,null,null,2.188.000 ,11.396 €/m²,Aproperties ., Ref.: ONB2001002 ,2,Promoción de obra nueva,1,Piso en venta en calle Pau Claris 130,http://idealista.com/inmueble/90314419/
2,null, Situadas en el “Quadrat d’or” del Ensanche de Barcelona encontramos estas exclusivas viviendas. A escasos metros del Paseo de Gracia una de las zonas más lujosas de la ciudad.  Finca regia totalmente reformada manteniendo la esencia modernista del siglo XIX. Edificio totalmente equipado con ascensor.  El edificio consiste en 10 viviendas repartidas en 2 plantas bajas dúplex 2 pisos por planta del 1º al 3r piso y 2 áticos dúplex.  Pisos de 2 y 3 habitaciones con dimensiones de 85 a 195 m2. Las plantas bajas y los áticos tienen grandes terrazas donde disfrutar de las tardes soleadas de la ciudad.  Todos los acabados son de primera calidad y están dotados de todas las comodidades. ,1,0,3,null,Obra nueva,85,null,La Dreta de l'Eixample,null,null,null,858.000 ,10.094 €/m²,Aproperties ., Ref.: ONB2001002 ,2,Promoción de obra nueva,1,Piso en venta en calle Pau Claris 130,http://idealista.com/inmueble/90314479/
2,1970, Piso en Viladomat Sant Antoni.  Muy buen piso junto aVda. Parel. lel. Listo para entrar a vivir. Todo exterior con balcón con mucha luz natural. Plaza de parking incluida en la misma finca.  Completamente reformado con un salón de 25 m². 4 habitaciones (2 dobles). 2 baños completos. Dispone de cuarto de lavado y cocina office. Cuenta con aire acondicionado y calefacción.  4ª real. Ubicación inmejorable. Cerca de colegios mercado metro y comercios.  WEBHOUSE REAL ESTATE S. L. es una consultoria inmobiliaria y financiera ubicada en Barcelona con varias oficinas en el Distrito de Gracia y Sant Gervasi.  Nos encargamos de todo para que tú no te preocupes de nada. ,1,0,4,Gas natural,null,108,null,Sant Antoni,null,385.000 € ,9,350.000 ,3.241 €/m²,WEBHOUSE SANTGERVASI2, Ref.: R-VILA ,4,Segunda mano/buen estado,null,Piso en venta en calle Viladomat,http://idealista.com/inmueble/90298754/
4,2014,  Vivienda unifamiliar entre medianeras de tres dormitorios dobles 220 m2 construidos y 81m2 de espacios exteriores con ascensor y piscina rehabilitada integralmente en 2014 en el barrio de Camp d’en Grassot en el distrito de Gràcia.  En un pasaje súper tranquilo y con el carácter de la zona de Gràcia encontramos esta vivienda. Se divide en tres plantas. En la planta baja encontramos el salón-comedor-cocina todo en un único espacio pavimento continuo techos altos con vigas de madera y bóveda catalana que se combinan con las vigas de hierro indicándonos la nueva intervención. Existe un aseo de cortesía y un patio interior que aporta luz a la parte central de la planta. La cocina con una isla central de acero inoxidable combinado con madera aporta un estilo industrial muy acorde con los tubos vistos del aire acondicionado. Al fondo u... ,null,0,null,Gas natural,null,220,195,El Camp d'En Grassot i Gràcia Nova,null,null,null,950.000 ,4.318 €/m²,Monapart Barcelona (Vendes), Ref.: VPD1-2006 ,3,Segunda mano/buen estado,1,Chalet pareado en venta en Passatge de Nogués,http://idealista.com/inmueble/89976255/
2,1954, Piso en venta en Sant Gervasi Galvany - Barcelona  Piso en Barcelona zona Sant Gervasi - Galvany 101 m. de superficie 2 habitaciones dobles 2 baños propiedad en buen estado cocina equipada carpinteria interior de madera suelo de parquet carpintería exterior de aluminio / climalit. Extras: agua aire acondicionado armarios empotrados ascensor balcón calefacción chimenea (decorativa) conserje galería gas ciudad lavandería luminoso luz muebles t. v.  autobuses árboles centros comerciales centros médicos cerca de universidad colegios hospitales metro parques supermercados tren zona de paso zonas infantiles. ,1,0,8,Gas natural,null,101,99,Sant Gervasi - Galvany,null,null,null,800.000 ,7.921 €/m²,NICE PROPERTIES BCN, Ref.: 1763 ,2,Segunda mano/buen estado,null,Piso en venta en calle del Mestre Nicolau,http://idealista.com/inmueble/89819586/
3,1936,  GRAN PISO A REFORMAR EN LA EIXAMPLE ESQUERRA - Barcelona  Espectacular Piso a reformar en Barcelona en zona de L Antiga Esquerra de l Eixample. El piso tiene 145 m. de superficie útil dónde están distribuidas las 5 habitaciones dobles los 2 aseso y 1 baño una cocina independiente con 13 m2 y un salón con 35 m2. La propiedad está para reformar la carpintería exterior e interior es de madera su orientación es sur. La finca está en excelente estado de fachada regia completamente reformada  Extras: agua ascensor balcón conserje galería lavandería luminoso luz t. v.  A pesar de lo que indica su nombre la Dreta de l'Eixample no es el sector derecho del ensanche de Barcelona sino el barrio ubicado en el centro del distrito puesto que más a la derecha se encuentran los barrios de la Sagrada Familia y el Fort Pienc también integr... ,1,0,1,Gas natural,null,158,145,L'Antiga Esquerra de l'Eixample,null,null,null,550.000 ,3.481 €/m²,NICE PROPERTIES BCN, Ref.: 1766 ,5,Segunda mano/para reformar,null,Piso en venta en avenida de Sarrià,http://idealista.com/inmueble/89819452/
2,1960, PISO SIN CÉDULA DE HABITABILIDAD.  PISO EN VENTA EN LA ZONA DE LA LLACUNA DEL POBLENOU SANT MARTI - BARCELONA  Precioso piso en venta idealmente ubicado en el Barrio El Parc i la Llacuna del Poblenou consta de 131 m² distribuidos en 2 habitaciones dobles 2 baños completos salón comedor con cocina americana integrada al salón antiguamente esta propiedad era un local y se ha reformado con un diseño exclusivo. Finca construida en el año 1960 consta de 2 ascensores a pocos pasos de la boca de metro de Bogatell L4 y Marina L1. Vivienda sin cédula de habitabilidad.  El barrio comprende dos zonas hoy bien diferenciadas pero que tenderán a integrarse en los próximos años: por una parte el vecindario del Parc y por la otra el entorno de la plaza de las Glories en concreto su parte baja que se extiende en dirección al mar. ,1,0,2,null,null,131,124,El Parc i la Llacuna del Poblenou,null,null,null,260.000 ,1.985 €/m²,NICE PROPERTIES BCN, Ref.: 1749 ,2,Segunda mano/buen estado,null,Piso en venta en calle de Zamora,http://idealista.com/inmueble/89819148/
4,1960,  En el barrio de St Gervasi Galvany en la prestigiosa zona de Turó Park encontramos una magnifica y noble vivienda de 380 mts a 3 vientos por lo que es totalmente exterior.   Cuenta con un amplio recibidor que la separa en 2 zonas. Una de día compuesta por un gran salón comedor a 3 ambientes ya que cuenta con una sala de biblioteca con chimenea. Dispone de una terraza a pie de salón comedor. A continuación del comedor encontramos el acceso a la amplia cocina office con mucha luz natural y junto a ella disponemos de una zona de lavadero y habitación de servicio con su baño completo.  En la zona de noche se ofrecen 4 dormitorios dobles todos exteriores siendo 2 de ellos en suite teniendo uno de ellos un gran vestidor sala de despacho y salida a una agradable terraza que da a una zona verde muy tranquila. Las 2 habitaciones dobles ... ,1,148,1,null,null,384,350,Sant Gervasi - Galvany,1,2.150.000 € ,8,1.980.000 ,5.156 €/m²,Turrobcn, Ref.: TU849MC ,5,Segunda mano/para reformar,1,Piso en venta en Carrer de Modolell,http://idealista.com/inmueble/89082465/
4,1970,  Bonito amplio y espacioso piso a cuatro vientos en zona residencial. Ubicado en un edificio moderno de obra vista que consta de piso por planta. El inmueble también posee la copropiedad del 20 % de la vivienda de 70 m2 de portería y el solárium en la azotea. Así pues la superficie total construida con los elementos comunes y balcones es de 305 m2. Al entrar en este bonito inmueble nos encontramos con un gran Hall que nos distribuye zona de día cocina y zona de noche. La zona de dia se compone de una estancia que se puede ubicar a biblioteca o sala de televisión; y de un salón con chimenea. Ambas estancias tienen salida a una gran terraza que esta orientada a mar y permite que entre el sol generosamente. A continuación nos encontramos con un comedor independiente. La cocina es muy grande con dos zonas de trabajo armarios empotrado... ,1,0,1,Gas natural,null,305,275,Les Tres Torres,1,1.850.000 € ,3,1.800.000 ,5.902 €/m²,Turrobcn, Ref.: TU852ML ,5,Segunda mano/para reformar,1,Piso en venta en calle del Doctor Roux,http://idealista.com/inmueble/89331445/
1,1880,  **Home Group. - **  Presentamos en exclusiva un fantástico inmueble situado en el Ciutat Vella a muy pocos minutos de la parada de metro Sant Antoni. ¡OPORTUNIDAD POR PRECIO!   El piso orientado a sur consta de 55m² distribuidos en salón comedor 2 habitaciones dobles de las cuales una de ellas tiene salida a balcón un vestidor cocina office y baño completo con bañera.   El estado del inmueble se encuentra a actualizar ya que está equipado con suelos de parquet y baldosas en otras estancias. Cuenta también con aire acondicionado por splits y calefacción eléctrica.  ¡GRAN RENTABILIDAD!   Metro L2 Sant Antoni / Buses: 55 120 D50 H16 N6 N26 V11.   Ciutat vella La Ciutat Vella es el centro histórico de Barcelona y por tanto el corazón de la ciudad. Barcelona fue fundada en la Ciutat Vella: &nbsp;los primeros romanos escogieron un... ,0,44,3,Eléctrica,null,55,null,El Raval,null,null,null,160.000 ,2.909 €/m²,Home Group Esquerra, Ref.: E-40554 ,2,Segunda mano/buen estado,null,Piso en venta en plaza del Pedró,http://idealista.com/inmueble/89022089/
3,1840,  La vivienda consta de 125 m2 en una segunda planta sin ascensor en finca clásica de principios de siglo rehabilitada. El edificio fue diseñado por el arquitecto Leandre Serrallach i Mas (1837-1890) catedrático en la Escuela de Arquitectura de Barcelona fue uno de los maestros de Gaudí al que empleó como delineante en algunas de sus obras. Tiene una forma alargada que se alimenta a través de un pasillo longitudinal que comunica y distribuye todo el conjunto de la vivienda. Entrando hacia la izquierda de la vivienda hay una habitación independiente con baño una pequeña cocina y balcón que forma una unidad independiente. Esto permite alquilar esta zona de la vivienda por separado del resto del piso. Algunos artistas extranjeros que actúan en el Liceo lo alquilan por temporadas. El recibidor es espacioso amplio y comunica con es... ,0,204,2,Bomba de frío/calor,null,143,120,El Raval,null,null,null,440.000 ,3.077 €/m²,Monapart Barcelona (Vendes), Ref.: VSK1-2002 ,4,Segunda mano/buen estado,1,Piso en venta en calle de l'Hospital,http://idealista.com/inmueble/88931687/