bathrooms,constructed_year,description,elevator,energetic_qualification_kWhm2_año,floor,heater_system,its_new,m2_build,m2_useful,neighbourhood,parking,price_down_euro,price_down_percentage,price_euro,price_m2,real_estate,ref,rooms,status,terrace,title,link
2,1967, Fantástico piso en Plaza Bonanova cerca de los prestigiosos colegios nacionales e internacionales. Muy luminoso con gran terraza orientado a Sur. Finca con solo 10 vecinos. 4 habitaciones: 2 dobles a terraza (1 con despacho adjunto o posible vestidor). 2 habitaciones a interior manzana. Todas con armarios empotrados. 2 baños con ducha. Cocina con doble ambiente ( zona de trabajo más comedor) Recibidor para puerta servicio que da a la cocina. Galería con zona de aguas. Reformada recientemente. Despensa. Carpinteria interior de madera. Carpinteria exterior de aluminio con doble puerta a terraza. Doble recibidor una en entrada principal y otra en distribuidor de habitaciones. Suelos de parquet. Calefacción por gas. Aire Acond por splits. Video portero. Instalación de alarma ( no activa). Caja fuerte. 2 plazas parking ( una más grande que la otra) de acceso fácil. Unica vivienda SIN AMUEBLAR con trastero en el atico. Nueva instalación eléctrica en toda la comunidad. La finca dispone de ascensor Conserjería. Doble ascensor. ,1,131,2,Calefacción individual,null,232,198,Sant Gervasi - La Bonanova,1,null,null,1.175.000 ,5.065 €/m²,Gloria Belil Roger, Ref.: GVVLL2 ,4,null,1,Piso en venta en calle del Lluçanès,http://idealista.com/inmueble/90991490/
3,1972, Piso en venta de 177 m2 construidos. 149 m2 aprox. de vivienda más 28 m2 de terrazas en Pedralbes con espectacular zona comunitaria con jardín y piscina. Salón comedor de 35 m2 con amplio recibidor y salida a terraza de 15 m2 orientada a Sur con preciosas vistas a Barcelona mar y Montjuic. 4 habitaciones con opción para hacer una quinta habitación (1 suite 2 dobles y habitación de servicio con baño). 3 baños completos. Cocina office con lavadero integrado. Terraza posterior con acceso desde4 dos habitaciones. 2 plazas de parking en la finca incluidas en precio y dos trasteros a nivel semisótano uno de ellos muy grande. Finca con presencia y servicio de conserjería. Vigilancia 24 horas. ,1,90,4,null,null,177,148,Pedralbes,1,null,null,850.000 ,4.802 €/m²,Gloria Belil Roger, Ref.: GVVAD706 ,4,Segunda mano/para reformar,1,Piso en venta en avenida Diagonal,http://idealista.com/inmueble/90340760/
3,null, Cardenal Reig / Collblanc. NUEVA A ESTRENAR. Disfrute de esta espectacular vivienda de excepcional distribución y unos acabados funcionales y de gran calidad que junto a singularidades arquitectónicas la hacen única en la zona. Es una vivienda dúplex de 170m2 construidos dotada de espacios amplios y tranquilos. 1ª Planta: Recibidor Espectacular salón comedor. Cocina equipada. Cuarto de máquinas con lavadora y secadora. Baño completo. 2ª Planta: Zona de Estudio 1 habitación doble con armarios empotrados y 1 baño completo incorporado. 2 Habitaciones dobles con armarios empotrados 1 baño completo. Llámenos y le informaremos (El PVP indicado no incluye impuestos ni gastos de Escritura). ,1,19,0,null,null,170,null,La Maternitat i Sant Ramon,null,650.000 € ,25,490.000 ,2.882 €/m²,Arnal Real Estate, Ref.: 729-20V ,3,Segunda mano/buen estado,null,Dúplex en venta en carretera de Collblanc,http://idealista.com/inmueble/89805610/
1,1945, Precioso ático nuevo a estrenar ubicado en la calle Grassot de Barcelona Gràcia. Se trata de un 4º piso de altura con ascensor dos terrazas elementos originales restaurados y un diseño precioso cálido práctico e impecable. El piso tiene 45m2 interiores útiles y una terraza de 27m2 a pie de salón con zona lavadero. También tiene una terraza en la parte superior del piso de 30m2 de uso privativo. La cocina está acabada en DM lacado igual que todos los armarios del piso ya listos y preparados para usar. La calle es tranquilísima y la finca está en perfecto estado. &nbsp;¡VISITA YA DISPONIBLE EN REALIDAD VIRTUAL! ,1,0,null,null,null,67,45,El Camp d'En Grassot i Gràcia Nova,null,null,null,375.000 ,5.597 €/m²,Proddigia, Ref.: 8252 ,1,null,1,Ático en venta en calle d'en Grassot,http://idealista.com/inmueble/88830935/
2,1930, Proddigia les presenta este piso reformado totalmente hace dos años por el arquitecto Jaime Prous con materiales de alta calidad y detalles únicos.  Se halla situado en la tercera planta de una finca regia (año construcción 1930)&nbsp; ubicada en la Esquerra Alta de l'Eixample concretamente en el Quadrat d'Or.   La vivienda&nbsp; consta de 110 m2 luminosa soleada y muy tranquila consta de recibidor un amplio y acogedor salón-comedor con cocina americana de diseño y con amplios ventanales&nbsp; exteriores 3 habitaciones (1 de ellas suitte) y un segundo baño completo.    La vivienda está reformada con muchos detalles que la hacen muy especial: los techos son de volta catalana parquet de roble natural las ventas son de doble cristal cocina de diseño que cuenta con gril piedra volcánica calefacción de gas individual&nbsp;   La zona es inmejorable se sitúa en el corazón del Eixample Esquerra muy bien comunicada cerca del Mercado del Ninot del Hospital Clínico y cuenta con escuelas zonas de ocio y otros servicios de interés general   No pierda la oportunidad de visitar el que puede ser el piso que está buscando. &nbsp;    Llámenos para concertar una visita! ,1,0,null,null,null,110,92,L'Antiga Esquerra de l'Eixample,null,null,null,695.000 ,6.318 €/m²,Proddigia, Ref.: 8038 ,3,null,null,Piso en venta en calle de Muntaner,http://idealista.com/inmueble/88813147/
3,1945,  Majestuoso piso modernista catalán en la zona del Hotel Ritz. Aproximadamente de 222 m2. Techos altos acornisados. Finca señorial de 1945 con elementos originales de la época con servicio de conserjería. El piso ofrece diferentes posibilidades de distribución ( incluso dividir la vivienda en dos pisos) mucha luz natural especialmente en el salón comedor que actualmente está distribuido en tres estancias de las cuales una la denominamos como galería todas estas estancias se pueden unir dando las mismas a un tranquilo patio de manzana. Las medidas de estas salas son las siguientes: Salón comedor 802 x 443 = 3555 m2 Sala de lectura 447 x 351 = 1574 m2 Sala Galería 438 x 330 = 1445 por lo que unidas nos dan unos 65m2 de sala según distribución. La vivienda dispone de 3 habitaciones dobles generosas con armarios empotrados en ... ,1,199,1,Gas natural,null,222,215,La Dreta de l'Eixample,null,null,null,1.100.000 ,4.955 €/m²,Fidespisos, Ref.: RITZ ,4,Segunda mano/buen estado,null,Piso en venta en calle de Roger de Llúria,http://idealista.com/inmueble/88409363/
2,1936,  En el corazón del Eixample junto al Palau Robert y con acceso desde tramo peatonal vivienda exclusiva ubicada en finca de 1936 catalogada e incluida en el Plan de Protección del Patrimonio Arquitectónico del Ayuntamiento de Barcelona.  Con una superficie útil comprobada de 182m² esta excepcional vivienda de espacios amplios dispone de 5 dormitorios dobles muy espaciosos 2 cuartos de baño trastero vestidor y un amplio salón- comedor exterior con balcones a calle peatonal.  Conserva techos altos con molduras y rosetones en el salón principal. Del resto de estancias se podrían recuperar. Agradable terracita con una superficie de 10m² en patio de manzana.  Dispone de sistema de aire acondicionado y calefacción por conductos puerta blindada y alarma. El último uso dado a la vivienda ha sido como despacho profesional (tiene cédula de h... ,1,187,null,Calefacción individual,null,182,179,La Dreta de l'Eixample,null,null,null,990.000 ,5.440 €/m²,Singular Properties, Ref.: SP171FM ,5,Segunda mano/buen estado,1,Piso en venta en calle de Còrsega,http://idealista.com/inmueble/87973676/
3,1925, En la céntrica calle Tuset a pocos metros de la Avenida Diagonal y Enric Granados ofrecemos esta exclusiva propiedad con doble orientación y exquisita reforma. A estrenar. Terraza de 40m² en orientación suroeste.  La vivienda cuenta con una superficie de 190 m2 diferenciada en una zona de día y zona de noche. La zona de día ofrece una amplia cocina con práctica y elegante isla multifunción abierta al salón- comedor y disfruta de salida una amplia terraza. La zona de noche se compone de una gran suite principal con baño completo vestidor y salida a balcón sobre calle Tuset una segunda suite 2 dormitorios individuales y un tercer cuarto de baño completo.  Ubicada en finca señorial del año 1925. Zona céntrica junto a todo tipo de servicios comercios y transportes. ,1,132,1,null,null,203,190,Sant Gervasi - Galvany,null,null,null,1.095.000 ,5.394 €/m²,Singular Properties, Ref.: SP296KA ,4,Segunda mano/buen estado,1,Piso en venta en calle de Tuset,http://idealista.com/inmueble/87327258/
2,1967,  Excepcional ático a reformar de 170m² con 2 terrazas con 2 terrazas y vistas a la Sagrada Familia. Si estaba buscando un ático de grandes dimensiones con una gran terraza y que además tenga el privilegio de tener vistas a la impresionante Sagrada Familia aquí ha terminado su búsqueda. En Proddigia tenemos el placer de presentarles este maravilloso ático que cuenta con unas características increíbles y que son muy difíciles de encontrar en la ciudad.&nbsp; El piso está orientado a dos vientos por un lado a la calle y por otro a un amplio y tranquilo patio de manzana lo que garantiza gran cantidad de luz natural en las estancias principales. Tiene una superficie construida de 170m² y la entrada a la vivienda se hace por la mitad del piso de forma que quedan muy bien diferenciadas la zona de día y de noche. La primera está orientada al ... ,1,0,null,null,null,185,165,El Fort Pienc,null,null,null,699.000 ,3.778 €/m²,Proddigia, Ref.: 7398 ,5,null,1,Ático en venta en calle de Sicília,http://idealista.com/inmueble/87067748/
2,1942, Vivienda completamente reformada en Paseo Sant Gervasi. Ofrece una superficie de 106m2 ubicada en una quinta planta de altura y es exterior sobre un tranquilo amplio y muy luminoso patio de manzana.  La puerta de acceso se sitúa en un recibidor con pasillo distribuidor desde donde se accede a sus 3 dormitorios (1 doble y 2 individuales amplios) 2 baños cocina independiente tipo office zona de aguas y el salón principal que anexa una acogedora galería (14m2) de techos altos y amplias cristaleras en fachada interior sobre patio de manzana.  En la reforma se han optimizado los espacios al máximo eliminando tabiques para conseguir confortables estancias con gran luminosidad natural. Este proyecto ha conservado la galería (o mirador original ) con grandes ventanales convirtiéndolo en un ambiente independiente y muy acogedor para su disfrute.  Ubicada en finca de los años 40 con ascensor a pocos metros de Plaza Alfonso Comin y Plaza Kennedy con comercio de proximidad y transporte público. Escuelas de prestigio accesibles a pie (Lleó XIII Sil Lexia La Salle. ). ,1,176,3,null,null,118,106,El Putxet i el Farró,null,null,null,565.000 ,4.788 €/m²,Singular Properties, Ref.: SP151FM ,3,Segunda mano/buen estado,null,Piso en venta en paseo de Sant Gervasi Barcelona,http://idealista.com/inmueble/85190976/
1,null, EXCELENTE OPORTUNIDAD POR ZONA Y PRECIO  PIDE MAS INFORMACION   Piso de 3 dormitorios con cocina lavadero salón y baño.  La vivienda dispone de ventanas de aluminio blanco y calefacción individual.   Finca con ascensor.  Emplazada en el barrio de San Martín a un paso del metro (L2) de San Martín y de la futura estación del AVE - Rodalies y bus.  Si tienes dudas en algún producto financiero o deseas valorar tu piso contacta con nosotros.  *El precio de venta del inmueble no incluye los honorarios de la inmobiliaria ni los tributos que gravan Ia compraventa (ITPAJD o IVA) ni en caso de haberlos los notariales y los registrales que satisface el comprador. ,1,153,2,Gas natural,null,72,null,Sant Martí de Provençals,null,189.000 € ,5,179.000 ,2.486 €/m²,La Casa Agency - Pont Del Treball, Ref.: VTA-RUB-RGSM ,3,Segunda mano/para reformar,null,Piso en venta en rambla de Guipúscoa,http://idealista.com/inmueble/91267039/
2,2007,  Este sensacional ático se encuentra en un estado impecable ya que fue construido hace pocos años en 2007. Destaca por su espectacular terraza solarium privada de 64 m2 con sol todo el día y maravillosas vistas a Montjuïc y la ciudad. Se podría separar mediante estructuras ligeras e incluso instalar alguna caseta a modo de trastero.   La vivienda de 131 m2 interiores es totalmente exterior a dos vientos una característica muy poco común en el Eixample así como tranquila y luminosa. El salón-comedor es amplio y tiene salida a una terraza de 913 m2 con espacio para mesa y sillas. La cocina office está equipada con electrodomésticos y también tiene salida a la terraza.  El piso dispone de 4 habitaciones: 1 en suite 2 dobles y 1 mediana grande todas con armarios empotrados. Los 2 cuartos de baño son grandes y destacan por su estad... ,1,0,6,Calefacción individual,null,167,null,Eixample,null,null,null,695.000 ,4.162 €/m²,Bcn Advisors, Ref.: BCN06427 ,4,Segunda mano/buen estado,1,Ático en venta en Sant Antoni,http://idealista.com/inmueble/91237754/
3,null,  Este loft duplex de diseño único ha sido el protagonista de numerosas publicaciones en revistas de decoración internacional. Se trata de una pieza exclusiva de 800 m2 ubicada en el Eixample barcelonés cerca de Paseo de Gracia.  Sus amplios espacios gozan de gran luminosidad gracias a sus claraboyas perfectamente ubicadas por todo el espacio para dar luz a las habitaciones inferiores y a sus dos patios. Su cocina de la marca Gaggnau cuenta con una isla central y se encuentra equipada con mobiliario italiano horno eléctrico y de vapor o nevera de doble puerta.  Consta de 4 grandes habitaciones siendo la principal de 90 m2 dotada de vestidor italiano ducha y jacuzzi despacho así como zona de TV y audio. Sus estancias cuentan con climatización frío/calor y radiadores de bajo consumo eléctrico. También encontramos un amplio espaci... ,1,0,0,Calefacción individual,null,800,null,Eixample,null,null,null,1.450.000 ,1.812 €/m²,Bcn Advisors, Ref.: BCN04358 ,4,Segunda mano/buen estado,1,Dúplex en venta en La Dreta de l'Eixample,http://idealista.com/inmueble/86437932/
1,null, Esta excelente propiedad es perfecta como pied-à-terre en el centro de la ciudad ya que está muy cerca de Plaza Universitat y Plaza Catalunya. Por lo tanto ofrece una excelente comunicación con el resto de la ciudad y su área metropolitana además de una amplia oferta de los mejores comercios y restaurantes en los alrededores.  El piso tiene 53 m2 construidos y una fantástica terraza ajardinada de 21 m2 muy soleada con orientación sur. Se trata de un lugar perfecto para disfrutar del aire libre en sus dos niveles rodeados de vegetación y con suelo de madera de teka. Además dispone de un trastero abierto de 6 m2 y un lavadero independiente. El salón-comedor que es amplio agradable y luminoso da paso a la cocina independiente.  El inmueble tiene una habitación doble y un cuarto de baño independiente al otro lado del pasillo. Está equipado con mobiliario calefacción por radiadores de gas natural aire acondicionado por splits y suelo de parquet natural.  Esta vivienda se encuentra en la primera planta de una maravillosa finca regia totalmente rehabilitada con ascensor. ,1,0,1,Gas natural,null,63,null,Eixample,null,null,null,350.000 ,5.556 €/m²,Bcn Advisors, Ref.: BCN06399 ,1,Segunda mano/buen estado,1,Piso en venta en L'Antiga Esquerra de l'Eixample,http://idealista.com/inmueble/90207041/
1,1900, Este increíble loft reformado a estrenar se encuentra en El Born una localización perfecta para un inmueble tan dinámico moderno y con carácter como este. Se trata de una de las zonas más de moda en Barcelona con el Parc de la Ciutadella y el centro histórico muy cerca. Además dispone de una variada oferta cultural y de ocio así como uan excelente comunicación cone l resto de la ciudad.  La vivienda con cédula de habitabilidad se encuentra en la planta baja de una calle peatonal y se accede a ella a través de un gran portal de hierro forjado y madera. El loft se divide en un amplio salón-comedor que permite diferenciar los 2 ambientes cocina semiabierta equipada con electrodomésticos de gran calidad y una gran habitación con cuarto de baño completo y salida a un agradable patio. Además dispone de un altillo que puede ser usado como segunda habitación.  El loft destaca por su carácter único y detalles como las paredes de piedra y los grandes techos de 4 metros de altura con vigas de madera. Dispone de aire acondicionado con bomba de calor. La vivienda se encuentra en un edificio construido en 1900 en un entorno excepcional que te hará disfrutar de un estilo de vida y de la Barcelona más cosmopolita. ,0,0,0,Bomba de frío/calor,null,86,null,Ciutat Vella,null,null,null,298.000 ,3.465 €/m²,Bcn Advisors, Ref.: BCN06397 ,2,Segunda mano/buen estado,null,Piso en venta en Sant Pere - Santa Caterina i la Ribera,http://idealista.com/inmueble/90177949/
2,1972,  PISO EN PUTGET I FARRÓ - SANT GERVASI  Ubicado junto a los jardines del Turó en una de las zonas más demandadas y valoradas de Barcelona encontramos esta fantástica vivienda equilibrada y perfecta para convertirla en tu nuevo hogar. Una propiedad muy bien comunicada con el transporte público con todo tipo de comercios y en una zona muy agradable para pasear y disfrutar de vida social.   Se trata de un segundo piso con altura real de un 3º. Ha sido construido sobre una superficie cuadrada muy óptima para reformarla a tu gusto y garantizar la proporción y armonía en sus estancias. Dispone de 4 habitaciones amplias 2 baños completos cocina office independiente y un salón amplio con acceso a terraza. Además por su altura y proximidad al parque cuenta con luz directa todo el día.   Cuenta con la posibilidad de adquirir dos plazas de... ,1,0,2,null,null,105,null,Sarrià-Sant Gervasi,null,null,null,425.000 ,4.048 €/m²,Lunallar ., Ref.: 0951 ,4,Segunda mano/buen estado,1,Piso en venta en El Putxet i el Farró,http://idealista.com/inmueble/89705491/
2,1881,  Esta magnífica propiedad se sitúa en una finca del año 1881 obra del prolífico arquitecto Jaume Gustà i Bondia que dispone de una impresionante entrada donde se aprecia el valor arquitectónico de la misma. La fachada se caracteriza por algunos elementos singulares como los falsos sillares de estuco de la cantonera que se repiten en el resto de menaje delimitando los ejes verticales los frontones que coronan las aberturas o las pilastras del piso superior.  Esta inmaculada propiedad consta de 135 m2 interiores a los que se le suman 20 m2 de terraza. La vivienda no solo destaca por su tamaño sino por su altísima calidad y el excelente buen gusto en cada uno de sus rincones respetando su esencia pero integrando conceptos y materiales de diseño de interiores contemporáneos; creando una perfecta y armoniosa atmósfera.  La vivienda e... ,1,0,1,Calefacción individual,null,145,null,Ciutat Vella,null,null,null,680.000 ,4.690 €/m²,Bcn Advisors, Ref.: BCN05790 ,3,Segunda mano/buen estado,1,Piso en venta en El Raval,http://idealista.com/inmueble/88808085/
1,2013,  Este inmueble se encuentra en una de las pocas obras nuevas del Eixample de gran calidad entre las más recientes que data de 2013. Está prácticamente nuevo a estrenar y destaca por su ubicación prime en un edificio de alto standing muy cerca de Rambla Catalunya Paseo de Gracia y Plaza Catalunya.  El ático cuenta con mucha luz natural y es muy tranquilo. El salón es acogedor y tiene un gran balcón en el que cabe una mesa y sillas orientado hacia un patio de manzana interior. La cocina está integrada pero ocupa un espacio diferenciado. La habitación suite es grande y tiene armario empotrado escritorio y cuarto de baño. Además hay 1 trastero.  Este apartamento está listo para entrar a vivir o alquilar. Se entrega amueblado con sofá mueble TV mesa de comedor escritorio y camas y con electrodomésticos (nevera lavavajillas micro... ,1,95,5,Calefacción individual,null,55,null,Eixample,null,null,null,450.000 ,8.182 €/m²,Bcn Advisors, Ref.: BCN06338 ,1,Segunda mano/buen estado,null,Ático en venta en La Dreta de l'Eixample,http://idealista.com/inmueble/88777476/
3,1890,  Esta propiedad ha sido reformada completamente con las máximas calidades y confort conservando elementos originales característicos de la arquitectura de Barcelona. Se encuentra en una finca histórica de 1890 que pertenece al conjunto catalogado del Eixample.  La vivienda cuenta con 127 m2 interiores construidos y 12 m2 de terrazas. La zona de día cuenta con vestíbulo y un amplio salón-comedor que tiene orientación suroeste hacia la calle y recibe Sol de tarde. Por su parte la cocina es semiabierta con un elegante cerramiento acristalado y tiene un comedor interior con banco. Está totalmente equipada con electrodomésticos de primeras marcas. Esta zona se completa con un aseo de cortesía.  La zona de noche destaca por la master suite con vestidor y cuarto de baño y una segunda habitación doble. Ambas reciben Sol de día y tienen salida... ,1,133,4,Gas natural,null,140,null,Eixample,null,null,null,650.000 ,4.643 €/m²,Bcn Advisors, Ref.: BCN06332 ,3,Segunda mano/buen estado,1,Piso en venta en L'Antiga Esquerra de l'Eixample,http://idealista.com/inmueble/88663985/
2,1950,  Exclusividad en Sant Gervasi - Galvany  Propiedad única ubicada en una finca clásica y refinada a tres vientos en una de las zonas más solicitadas de Barcelona: Sant Gervasi Galvany entre Turo Park y Mercado Galvany.  Se trata de un piso compuesto por un salón-comedor independiente grande y con chimnea tres habitaciones amplias dos baños uno de ellos situado en la suite y cocina con lavandería zona de servicio y habitación. Debido a su altura una cuarta planta y a su orientación la propiedad goza de entrada de luz directa todo el día amplitud y vistas despejadas.   La vivienda está muy bien conservada pero ofreciendo la posibilidad de actualizar al gusto del nuevo propietario.   Ubicada en un enclave ideal al lado de Turó Park y Mercado Galvany y cerca de los mejores colegios variedad de comercios y restaurantes. Muy bien co... ,1,0,4,null,null,155,133,Sarrià-Sant Gervasi,null,null,null,875.000 ,5.645 €/m²,Lunallar ., Ref.: 0728 ,5,Segunda mano/buen estado,null,Piso en venta en Sant Gervasi - Galvany,http://idealista.com/inmueble/88336826/
2,1960, Este piso elegante y distinguido se encuentra muy cerca del Paseo de Gracia a medio camino entre Plaza Catalunya y la Avenida Diagonal. Una localización excelente llena de posibilidades de ocio gastronomía y transporte público.  La vivienda está en excelente estado reformada a estrenar. A primera vista destaca su salón comedor con cocina americana equpada con electrodomésticos. El parquet natural da paso a un precioso mosaico en el centro de la estancia. El techo con molduras es otro detalle muy estético.  El salón muy luminoso gracias a sus vistas a la manzana interior desde un cuarto piso real es lo suficientemente amplio para la zona de comedor y la zona de estar creando un espacio muy diáfano.   Este piso cuenta con 3 habitaciones (suite y 2 dobles) y 2 baños. Todos los espacios tienen un diseño muy contemporáneo y acogedor. Además dispone de aire acondicionado y calefacción. El edificio fue construido en 1960 y tiene ascensor. ,1,0,3,Calefacción individual,null,143,null,Eixample,null,null,null,995.000 ,6.958 €/m²,Bcn Advisors, Ref.: BCN06262 ,3,Segunda mano/buen estado,null,Piso en venta en La Dreta de l'Eixample,http://idealista.com/inmueble/87780999/
2,1992, MOSCOU/RAMON TRIAS FARGAS     Vivienda con magníficas vistas junto al mar. Piso muy luminoso de 110m² consta de 3 habitaciones dobles exteriores con armarios empotrados. Salón comedor de más de 40m² dividido en dos ambientes y salida a balcón. Amplia cocina con acceso a galería donde se encuentra el lavadero. 2 baños completos. Zona comunitaria ajardinada. Plaza de parking incluida (coche y moto).  A 5 minutos a pie de playa. Ciutadella|Villa Olímpica. ,1,127,2,Gas natural,null,126,111,Sant Martí,1,null,null,580.000 ,4.603 €/m²,ventas cafur, Ref.: VAL006 ,3,Segunda mano/buen estado,1,Piso en venta en La Vila Olímpica del Poblenou,http://idealista.com/inmueble/87678576/
2,null, Bonita propiedad de 141 m2 situada en una 4a planta real en finca catalogada de 1857 con ascensor en el barrio del Born próxima a lugares tan emblemáticos como el Palau de la Música el Mercat de Santa Caterina el parque de la Ciutadella e incluso el mar.  La vivienda es esquinera y tirando tabiques podría ser muy luminosa debido a sus numerosos balcones y ventanas exteriores a la calle además de encontrarse en una planta alta. Goza de elementos como sus techos altos una combinación de suelos hidráulicos y parquet y calefacción de gas.  Su distribución actual consiste en una zona de día compuesta por 2 salones uno de ellos con salida a balcón y otro con acceso a cocina independiente; y una zona de noche que consta de 3 dormitorios medianos exteriores un despacho baño completo y aseo.  Además el edificio dispone de un terrado comunitario de 200m2 con espectaculares vistas 360º a toda la ciudad de Barcelona. ,1,0,4,null,null,141,null,Ciutat Vella,null,null,null,550.000 ,3.901 €/m²,Bcn Advisors, Ref.: BCN04848 ,4,Segunda mano/buen estado,null,Piso en venta en Sant Pere - Santa Caterina i la Ribera,http://idealista.com/inmueble/85375775/
4,1981,  Junto a los Jardines de Can Castelló en una cotizada área de Barcelona como es Sant Gervasi – Galvany encontramos este fabuloso piso que cuenta con una agradable terraza. La ubicación es inmejorable situándose a dos pasos de la Via Augusta y cerca de la estación de FGC de Muntaner y caracterizándose por tener todo tipo de equipamientos cerca como supermercados gimnasios zonas de ocio y transporte público con el que plantarse en el centro de la ciudad en menos de 15 minutos.  Destacamos los amplios espacios y la luminosidad de esta vivienda que suma un total de 236m2 más 28m2 de terraza cubierta con porche enfatizando el enorme salón con chimenea de 42m2 con salida a la mencionada terraza comedor independiente y conectado a la sala de estar de 15m2. La cocina es independiente en isleta en perfecto estado y una superficie de 26m2... ,1,0,2,null,null,250,null,Sarrià-Sant Gervasi,null,null,null,1.150.000 ,4.600 €/m²,Bcn Advisors, Ref.: BCN05984 ,5,Segunda mano/buen estado,1,Piso en venta en Sant Gervasi - Galvany,http://idealista.com/inmueble/85357792/
2,1900, Precioso piso alto de 101 m2 en finca regia excelentemente situado en la zona del Quadrat d´or del Eixample.    Ubicado en una zona privilegiada del Eixample este piso ofrece 2 habitaciones y 2 baños completos (una habitación tiene baño propio vestidor y galería).    El amplio salón-comedor está orientado hacia la calle y goza de mucha luminosidad y de sol por la tarde.    Las dos habitaciones dan al amplio y agradable patio de manzana con orientación mar y goza de sol directo a partir de las primeras horas de la mañana.     Un magnífico piso con una ubicación excelente en el centro de la ciudad. ,1,0,3,null,null,101,96,Eixample,null,null,null,625.000 ,6.188 €/m²,Coldwell Banker Prestige Barcelona, Ref.: B02704BA ,2,Segunda mano/buen estado,null,Piso en venta en L'Antiga Esquerra de l'Eixample,http://idealista.com/inmueble/37320740/
2,null, Piso reformado en plena Avenida Diagonal junto a Paseo Sant Joan.   Con un total de 92m2 consta de gran salón exterior con cocina americana y con dos salidas a balcón con vistas a Avenida Diagonal 2 dormitorios dobles con baños en suite y uno de ellos con vestidor.  Reforma completa en el 2018. Dispone calefacción y aire acondicionado por conductos suelos de madera natural ventanas de aluminio doble y radiadores a gas natural.  Finca regia en perfecto estado con un buen vestíbulo. La vivienda se encuentra en una primera planta de altura real.  Muy buena comunicación cerca de transporte público metro Verdaguer (L4-L5) y Buses. Zona con comercios colegios servicios y a 7 minutos a pie de Paseo de Gracia y 12 minutos de Plaza Catalunya.  En FINCAS Gp somos una empresa especializada en servicios inmobiliarios en la ciudad de Barcelona desde el año 1.993. Los precios indicados no incluyen gastos e impuestos de escrituras ni de financiación. Venta y alquiler de pisos y locales comerciales Encuentra más en. ,1,0,1,Gas natural,null,92,null,La Dreta de l'Eixample,null,null,null,399.000 ,4.337 €/m²,Fincas Gp, Ref.: S-45066 ,2,Segunda mano/buen estado,null,Piso en venta en avenida Diagonal,http://idealista.com/inmueble/91653867/
1,1900,  Le ofrecemos en exclusiva un maravilloso loft completamente equipado en el corazón del Poble Sec en la esquina de dos encantadoras calles como son Blai y Tapioles. Entre las estaciones de metro Poble Sec y Paral. lel a 5 minutos del parque de Montjuic y a tan sólo 3 kilómetros de la playa de la Barceloneta.  Se trata de una estupenda vivienda rehabilitada integralmente a finales de 2016 en una primera planta sin ascensor de una bonita finca de principios del siglo XX. Tiene 4 zonas aprovechadas al máximo y cuyo mobiliario y accesorios están incluidos en el precio. Listo para entrar o para alquilar.  La primera zona es el salón comedor decorado con dos lámparas de estilo balinés que cuelgan desde el alto techo abovedado. En dicho espacio y solamente desplazando un metro la mesa de centro podemos utilizar la mesa de comedor con c... ,0,0,1,Calefacción individual,null,59,null,El Poble Sec - Parc de Montjuïc,null,null,null,252.000 ,4.271 €/m²,Monserrate inmobiliaria, Ref.: VB501 ,0,Segunda mano/buen estado,1,Estudio en venta en calle Tapioles 20,http://idealista.com/inmueble/91644157/
2,1900,  El ático está ubicado en un edificio del siglo XIX recientemente renovado con ascensor. Tiene 88m2 (construidos) recientemente renovado al más alto nivel con excelentes calidades se han conservado características originales como techos con vigas de madera y algunas paredes de ladrillo a la vista.   Ubicado en un cuarto piso (sexto piso real) con acceso directo a la terraza donde tiene hermosas vistas sobre Port Vell y el Mediterráneo.   Consta de un amplio salón comedor con salida a la terraza de uso común 2 dormitorios dobles con armarios empotrados y 2 baños (1 en suite con bañera y ducha independientes). Hermosa amplia cocina abierta completamente equipada con electrodomésticos Bosch y lavadero independiente.   Tiene aire acondicionado por conductos con control individual (Airzone) en los dormitorios y sala de estar.  Grandes pue... ,1,205,4,null,null,88,82,El Gòtic,null,null,null,730.000 ,8.295 €/m²,We Relocate Bcn, Ref.: 20121 ,2,Segunda mano/buen estado,null,Ático en venta en calle del Parc,http://idealista.com/inmueble/90692192/
2,1997,  PROPIEDAD CON VIDEO VIRTUAL. Se trata de una coqueta vivienda en una bonita finca de 1997 de obra vista en una tranquila calle en la Vila de Gràcia y cercana a plaza Lesseps.  Al cruzar la puerta de entrada nos encontramos con el recibidor y una corta escalera que da acceso al salón comedor con ventana a la calle Massens.   Cruzando el comedor encontramos el pasillo que da acceso a una habitación doble con ventana con vistas al jardín de manzana y con vestidor; dos habitaciones individuales también exteriores y también con vistas al jardín; dos baños completos y la cocina con acceso directo a la terraza con zona de aguas a un lado y espacio de comedor en el otro.   Propiedad muy acogedora con suelos de mármol en recibidor escalera y comedor y parket en las habitaciones. Asimismo dispone de Aire Acondicionado en el salón comedor y a... ,0,224,0,Gas natural,null,79,null,Vila de Gràcia,null,null,null,345.000 ,4.367 €/m²,"Mawah Lane, S.L.N.E. (AICAT 10124)", Ref.: MAW20-27 ,3,Segunda mano/buen estado,1,Piso en venta en calle de Massens,http://idealista.com/inmueble/90609870/
2,null,  Piso en venta en Eixample Esquerra Barcelona Luminoso piso de 136 m2 en una bonita finca regia con ascensor cerca de Parque Joan Miró en Eixample Esquerra. La vivienda tiene doble orientación a sud y norte; diferenciando el área social de la de descanso. Está en muy buen estado y se distribuye en un gran salón comedor de 40 m2 con salida a balcón a calle. Tiene un estudio amplio anexo que funciona como biblioteca. Espaciosa cocina office con mucho espacio de almacenaje. La zona de descanso consta de 3 dormitorios dobles la principal en suite. El piso tiene salida a una galería que se ha dividido y sumado a dos de las habitaciones para crear una zona de vestidor o despacho. Hay un segundo baño que da servicio al resto del piso. Trastero en la azotea del edificio. Techos altos con vigas de madera vista. Suelos de parqué. Calefacción y ... ,1,0,2,null,null,138,null,Eixample,null,573.000 € ,4,550.000 ,3.986 €/m²,Walter Haus, Ref.: 3030V(1) ,3,Segunda mano/buen estado,null,Piso en venta en La Nova Esquerra de l'Eixample,http://idealista.com/inmueble/90306320/