bathrooms,constructed_year,description,elevator,energetic_qualification_kWhm2_año,floor,heater_system,its_new,m2_build,m2_useful,neighbourhood,parking,price_down_euro,price_down_percentage,price_euro,price_m2,real_estate,ref,rooms,status,terrace,title,link
1,2020, Bajos de alto standing en Gràcia Bonita planta baja de noventa metros cuadrados construidos en el corazón de la barcelonesa Vila de Gràcia a escasos pasos de Plaça Lesseps en un bonito y muy bien acabado edificio de obra nueva con parking en el mismo edificio situado en calle silenciosa y limpia sin bares ni parques. El piso está bien distribuido y sin espacios perdidos en una distribución dúplex ultra-luminosa compuesta de sala de estar con cocina abierta&nbsp; y habitación doble a nivel (ambas estancias con techos de más de 5 metros de altura) con acceso directo a baño completo habitación individual grande y estudio completo tipo mezzanine subiendo un corto tramo de esaleras de obra. En suma una gran ocasión tanto para inversores como para compradores interesados de adquirir una magnífica vivienda en una zona muy buscada en Barcelona. Cercana a todos los transportes y servicios e igualmente conocida por sus restaurantes y el ambiente bohemio de sus calles peatonales. ,0,100,0,Gas natural,null,90,null,El Putxet i el Farró,null,null,null,490.000 ,5.444 €/m²,aProperties Real Estate Barcelona, Ref.: ONB2010006-1 ,3,Segunda mano/buen estado,null,Piso en venta en calle d'Homer,http://idealista.com/inmueble/91497277/
4,1940,  Piso señorial junto a plaza Kennedy en venta Piso señorial de amplios espacios situado en una de las mejores fincas del barrio de Sant Gervasi en la zona alta de Barcelona.  La vivienda ubicada en una bonita finca clásica y de un piso por planta consta de hall de entrada un amplio y luminoso salón-comedor de 75m2 aproximadamente distribuido en tres ambientes con chimenea un despacho y una cocina office con zona de servicio que incluye; habitación de plancha y aguas y habitación de servicio con su propio baño.  A través de un amplio pasillo encontramos la zona de noche con cinco habitaciones; una suite interior con baño con ducha una habitación individual e interior la suite principal exterior a Pasaje Foratsé con su baño con ducha una habitación individual e interior una habitación doble exterior con balcón a Pasaje Forast... ,1,126,6,null,null,257,230,El Putxet i el Farró,1,null,null,1.250.000 ,4.864 €/m²,aProperties Real Estate Barcelona, Ref.: VB2007057-4 ,6,Segunda mano/buen estado,null,Piso en venta en calle de Balmes,http://idealista.com/inmueble/91426131/
4,1928,  Pieza exclusiva en el corazón del Born Barcelona En una de las calles con mayor encanto de Barcelona a pocos metros de la Plaza Sant Jaume y de la Catedral de Barcelona ubicado en un edificio del 1928 encontramos este apartamento único totalmente rehabilitado a estrenar que combina un exquisito interiorismo con acabados de alta calidad creando una combinación de elegancia y exclusividad. Tiene una superficie de 238m² y un patio ajardinado muy acogedor como núcleo de la vivienda de unos 47m².  Desde el hall de entrada accedemos a un espacio abierto preparado para lectura con vistas y salida al patio ajardinado. A continuación accedemos a una cocina semi abierta con vistas al mismo patio totalmente equipada con aparatos de alta gama cuidando al detalle todos los elementos interiores potenciando así un estilo propio y diferenci... ,1,335,null,Gas natural,null,269,null,Sant Pere - Santa Caterina i la Ribera,null,null,null,1.290.000 ,4.796 €/m²,aProperties Real Estate Barcelona, Ref.: VB2007041-4 ,4,Segunda mano/buen estado,1,Piso en venta en via Laietana,http://idealista.com/inmueble/91426121/
2,1960, Piso de tres habitaciones en la calle Sors Gràcia En el barrio de Vila de Gracia en la calle semi peatonal Sors rodeada de todos los servicios y con una combinación estupenda de transporte público encontramos esta funcional propiedad reformada recientemente.  Ubicada en una finca del 1960 en perfecto estado de conservación y ascensor. Es un tercero de altura real. Tiene una superficie de 103m2 muy bien distribuidos completamente exterior con vistas a la calle. La zona de día tiene un salón-comedor cocina independiente amplia y totalmente equipada con acceso a un pequeño lavadero.  En la zona de noche encontramos una habitación doble en suite con armario ropero y un baño con plato de ducha; una habitación doble y&nbsp; una habitación individual exteriores a la calle que tienen para su uso un baño completo con ducha.  La propiedad tiene orientación sureste por lo que tiene luz natural durante todo el día.  La vivienda fue reformada con un estilo moderno y materiales de calidad cuidando hasta el último detalle. Dispone de instalación de aire acondicionado y calefacción por conducto toda la carpintería es nueva suelos de parque sintético.  La finca dispone de una terraza comunitaria para el uso de los vecinos. ,1,111,2,Eléctrica,null,103,null,Vila de Gràcia,null,null,null,459.000 ,4.456 €/m²,aProperties Real Estate Barcelona, Ref.: VB2007029-5 ,3,Segunda mano/buen estado,null,Piso en venta en calle de Sors,http://idealista.com/inmueble/91426072/
2,1970, Piso reformado y con terraza en Sagrada Familia en venta Muy cerca de la basílica de la Sagrada Familia encontramos este piso ubicado en una tercer piso real de un edificio de 1970.  La vivienda ha sido reformada con materiales de calidad y cuidando hasta el último detalle.  Consta de un luminoso salón-comedor con terraza de 6m² orientada a Suroeste una cocina abierta con isla y un lavadero con zona para tender. Además hay una habitación principal exterior en suite con vestidor y baño completo con ducha y dos dormitorios que comparten otro baño con ducha.  La propiedad dispone de suelos de parqué mobiliario de cocina con puertas lacadas y sobres de Silestone electrodomésticos panelados campana extractora en el techo aire acondicionado frío/calor por conductos calefacción de gas y carpintería nueva.  El piso no dispone de plaza de parking pero el edifico si tiene por lo que hay posibilidad de alquilar o comprar una plaza.  La ITE está aprobada y con certificado de aptitud favorable. ,1,218,2,null,null,94,null,La Sagrada Família,null,null,null,439.000 ,4.670 €/m²,aProperties Real Estate Barcelona, Ref.: VB2006043-4 ,3,Segunda mano/buen estado,1,Piso en venta en calle de Lepant,http://idealista.com/inmueble/91426043/
3,1920, Piso reformado de tres dormitorios en l’Eixample Esquerra En una espectacular finca del 1920 perfectamente ubicada en la Gran Vía de les Corts Catalanes cerca de la plaza de España encontramos esta magnífica vivienda de 120 m2 totalmente reformada con acabados de primera calidad y&nbsp; amueblada con muebles de diseño.  La propiedad consta de un amplio hall de entrada cocina totalmente equipada abierta al comedor salón que dan a una bonita galería orientada a un amplio y despejado patio de manzana típico de L’Eixample tres habitaciones dobles una de los cuales con baño en suite dos baños completos y un aseo de cortesía. Los tres dormitorios son amplios y exteriores a la calle y con salida a balcones con vistas a la Gran Vía. El piso goza de luz natural en toda su extensión gracias también a un agradable patio de unos 5 m² aprox ubicado exactamente en la parte central de la vivienda. La propiedad se ha reformado con mucho gusto y conservando elementos originales de la época como techos altos de 35 metros con bóveda catalana. ,1,217,null,Gas natural,null,120,null,Sant Antoni,null,null,null,650.000 ,5.417 €/m²,aProperties Real Estate Barcelona, Ref.: VB2006028-4 ,3,Segunda mano/buen estado,null,Piso en venta en Gran Via de les Corts Catalanes,http://idealista.com/inmueble/91425930/
2,2006, Piso para entrar a vivir de dos dormitorios en Avinguda Diagonal Bonito piso de 72 m² totalmente exterior y con vistas despejadas a la Avinguda Diagonal muy luminoso durante todo el día gracias a su altura y su orientación sur-este. La propiedad consta de un amplio salón comedor con cocina semi-abierta totalmente equipada dos habitaciones dobles una de ellas en suite &nbsp; y dos baños completos. Ambos dormitorios tienen armarios empotrados. Además la vivienda cuenta con un&nbsp; recibidor con armarios empotrados también. El suelo es de parqué y la carpintería exterior es de aluminio. Aire frío y calor por conductos.  La ubicación es inigualable a pocos metros de los centros comerciales de Les Glories y Diagonal Mar junto a la Rambla del Poblenou llena de restaurantes y cafeterías y a 10 minutos de la playa. &nbsp;Muy bien comunicado por trasporte público.  El edificio data de 2006 y dispone de plazas de parkings con posibilidad de alquiler o de compra. ,1,57,4,Bomba de frío/calor,null,72,null,Provençals del Poblenou,null,null,null,395.000 ,5.486 €/m²,aProperties Real Estate Barcelona, Ref.: VB2006019-4 ,2,Segunda mano/buen estado,null,Piso en venta en avenida Diagonal,http://idealista.com/inmueble/91401166/
7,1972,  Ático - Dúplex con terraza cerca de Turó Park A unos minutos andando del parque en una de las zonas más demandadas con exclusivos comercios y restaurante cerca de colegios y con muy buenas comunicaciones encontramos este ático dúplex de 340 m² construidos a reformar. Se encuentra en un edificio a cuatro vientos y con todas las estancias exteriores. Dispone de varias terrazas: las terrazas de la planta principal suman 47 m² y en la planta superior la terraza es de aprox. 128 m² con vistas 360º a toda Barcelona. La propiedad dispone actualmente de una distribución lógica y racional diferenciándose claramente la zona de día de la zona de noche en la planta principal encontramos un amplio salón comedor en dos ambientes muy luminoso con salida a una terraza orientada a este un despacho cocina zona de aguas y habitación con baño de s... ,1,100,5,Gas natural,null,406,null,Sant Gervasi - Galvany,1,null,null,2.700.000 ,6.650 €/m²,aProperties Real Estate Barcelona, Ref.: VB2006026-4 ,6,Segunda mano/para reformar,1,Ático en venta en via Augusta,http://idealista.com/inmueble/91401134/
2,1850,  Piso de 78 m² en Barcelona. El piso tiene espacio más que suficiente para familias o inversores.  Se encuentra en un 4º piso sin ascensor y se distribuye en luminoso salón de concepto abierto unido a la cocina americana amueblada y equipada con electrodomésticos tres dormitorios un cuarto de baño completo y un funcional aseo. Además el piso cuenta con balcón que aporta gran luminosidad a toda la estancia y armarios empotrados para aumentar la capacidad de almacenaje de tu hogar. El inmueble es todo exterior.   Con orientación sur es una casa muy soleada en las horas centrales del día. La vivienda se vende sin amueblar y en perfecto estado lista para entrar a vivir. En cuanto a las calidades este piso cuenta con calefacción de gas carpintería exterior de aluminio e interior de madera suelos de parquet que da mucha calidez a l... ,0,106,4,null,null,78,71,El Gòtic,null,null,null,272.000 ,3.487 €/m²,Housell.com, Ref.: 114175 ,3,Segunda mano/buen estado,null,Piso en venta en calle d'Ataülf,http://idealista.com/inmueble/91373969/
2,1970,  Piso completamente reformado en Avinguda Diagonal Piso en excelente zona y muy próximo a la Sagrada Familia. La zona es uno de los puntos fuertes de la ciudad ya que hará que la comunicación sea mucho más fluida disminuyendo en impacto medioambiental.  La propiedad que presentamos es el resultado del estudio de una serie de premisas de arquitectos e interioristas de este proyecto de remodelación integral  La idea de tener espacios amplios es algo que está demostrado que contribuye al bienestar de las personas por eso el tener un salón con dimensiones generosas es un punto que nos ha encantado.  A su vez el espacio se puede convertir en función de las necesidades como sala de estudio recibidor o zona de invitados.  Los materiales elegidos así como la ejecución de la obra ha sido un sello de calidad y garantía. Se han utilizado ce... ,1,100,null,Eléctrica,null,88,null,El Fort Pienc,null,null,null,360.000 ,4.091 €/m²,aProperties Real Estate Barcelona, Ref.: VB1911051-5 ,2,Segunda mano/buen estado,null,Piso en venta en avenida Diagonal,http://idealista.com/inmueble/91365376/
2,1947, Ático en venta en la calle Marina Barcelona Propiedad ubicada en la calle Marina en finca regia de 1947 con ascensor.  La zona de día se compone de cocina salón comedor con balcón y sala adyacente que es la antigua terraza de la vivienda y de la que se podría recuperar su uso. Vistas espectaculares a la Sagrada Familia y Montjuïc.  La zona de noche se compone de cinco habitaciones: dos dobles tres individuales y dos baños. La habitación principal tiene una galería que nos ofrece vistas del Forum Vila Olímpica y al mar.  Excelente piso para reformar. ,1,0,7,Gas natural,null,164,null,El Fort Pienc,null,null,null,690.000 ,4.207 €/m²,aProperties Real Estate Barcelona, Ref.: VB2006021-4 ,5,Segunda mano/buen estado,1,Ático en venta en calle de la Marina,http://idealista.com/inmueble/91341990/
2,1930,  Piso en venta en l’Eixample Dret Con una ubicación inmejorable entre Paseo de Gracia y Paseo San Juan en una de las mejores zonas del Eixample Dret con muchísima vida y rodeado de multitud de servicios y comercios encontramos esta espectacular vivienda en la última planta de una maravillosa finca regia esquinera. &nbsp;  La vivienda fue reformada íntegramente hace 5 años en perfecto estado de conservación y con altísimas calidades. Dispone de unos 206m² construidos según plano &nbsp;cinco ventanales a la calle y cuatro balcones. Tiene orientación sur con lo que&nbsp;goza de muchísima luz natural. &nbsp;  Accedemos a la propiedad por un amplio recibidor que da paso a un espectacular salón desde el que se accede a una habitación doble y un despacho todo ello con vistas despejadas. Desde el salón accedemos también&nbsp;a una espaci... ,1,153,4,Gas natural,null,206,null,La Dreta de l'Eixample,null,null,null,1.095.000 ,5.316 €/m²,aProperties Real Estate Barcelona, Ref.: VB2006003-4 ,5,Segunda mano/buen estado,null,Piso en venta en calle de Provença,http://idealista.com/inmueble/91341983/
2,1964,  Piso en venta alto y con terraza en Eixample Esquerra En un emplazamiento elegido y muy solicitado de la ´´Nova Esquerra de L´Eixample´´ encontramos esta magnífica vivienda con apariencia de ático con gran terraza y construida con los mejores materiales y calidad típica de las fincas de la Gran Vía.  Se encuentra ubicada en una octava planta real de un edificio muy cuidado del año 1964 construido por un reconocido arquitecto de dos vecinos por planta y con ascensor.  El piso consta de 170 m2 construidos contabilizando unos 23m2 de espacios exteriores y ha sido reformado recientemente con una rehabilitación muy cuidada que destaca su apariencia y acabados de la época así como también sus hermosos suelos y carpinterías de madera.  Es exterior con un corazón que funciona de amplio recibidor destacándose un extenso y completo armario... ,1,148,8,Gas natural,null,170,null,La Nova Esquerra de l'Eixample,1,null,null,795.000 ,4.676 €/m²,aProperties Real Estate Barcelona, Ref.: VB2005016-4 ,4,Segunda mano/buen estado,1,Piso en venta en Gran Via de les Corts Catalanes,http://idealista.com/inmueble/91341903/
2,1970, Piso de cuatro habitaciones en el Clot Piso ubicado en el barrio del Clot la zona ha sido remodelado por el ayuntamiento recientemente rodeado de comercios y todo tipo de servicios además de tener muy buenas comunicaciones ya que se encuentra junto a la estación del metro. &nbsp;  El piso se encuentra en una octava planta y es todo exterior. Por lo que tiene mucha luz natural así como vistas al mar y montaña.  Consta de salón-comedor cocina con zona de aguas cuatro habitaciones: tres son individuales y una doble tres de ellas a la calle y una a patio de luces. Además dispone de dos baños completos.  Desde una de las estancias accedemos a una terraza disfrutable con sol desde el mediodía hasta que se pone.  Todos los tabiques se pueden tirar por lo que se podría hacer una reforma integral a su gusto. ,1,100,7,null,null,78,null,El Clot,null,null,null,325.000 ,4.167 €/m²,aProperties Real Estate Barcelona, Ref.: VB2005034-4 ,4,Segunda mano/para reformar,1,Piso en venta en calle d'Aragó,http://idealista.com/inmueble/91341898/
4,null,  Piso de lujo en venta en Passeig Bonanova Esta impresionante propiedad ubicada en el mejor tramo de Passeig Bonanova cuenta con una superficie de 500m² aprox.  Piso a cuatro vientos perfectamente distribuido se encuentra en una de las fincas más exclusivas del barrio. &nbsp; La vivienda consta de un gran salón-comedor distribuido en tres ambientes orientado a sur-este desde el cual se accede a una soleada terraza muy disfrutable de unos 45m² aprox.  La cocina es muy luminosa y dispone de un espacioso office muy práctico para el día a día sin renunciar al estilo elegante y vanguardista del resto del inmueble.  La zona de noche se compone de cuatro habitaciones exteriores y una de servicio; una de ellas es una máster suite que cuenta con despacho vestidor y un amplio baño con sauna.  La vivienda se encuentra integralmente reformada ... ,1,139,1,Gas natural,null,492,null,Sant Gervasi - La Bonanova,1,null,null,4.000.000 ,8.130 €/m²,aProperties Real Estate Barcelona, Ref.: VB1809033-4 ,6,Segunda mano/buen estado,1,Piso en venta en paseo de la Bonanova,http://idealista.com/inmueble/91341721/
2,1965,  Piso a reformar en preciosa finca regia En l’Antiga Esquerra del Eixample tocando a la Avenida Diagonal rodeado de servicios y comercios encontramos este maravilloso piso con detalles modernistas en una finca regia muy bonita y en perfecto estado.  La vivienda siguiendo la típica distribución del Eixample consta de doble orientación y tiene muchísima luz natural por estar en una quinta planta real además tiene una pequeña terraza de unos 8m2 orientada a SO. Con una superficie aproximada de 150m2 en la actualidad consta de 5 dormitorios muy luminosos de los cuales 4 son dobles y 1 individual 2 baños completos cocina independiente con despensa 2 salones de los cuales uno tiene acceso a una bonita galería acristalada orientada también a SO y una zona de aguas independiente. Todas las piezas disfrutan de muchísima luz.  La viviend... ,1,100,4,Gas natural,null,150,null,L'Antiga Esquerra de l'Eixample,null,null,null,850.000 ,5.667 €/m²,aProperties Real Estate Barcelona, Ref.: VB2002057-5 ,5,Segunda mano/para reformar,1,Piso en venta en calle d'Aribau,http://idealista.com/inmueble/91310944/
2,1946,  Impresionante propiedad reformada en Vía Layetana Barcelona En Vía Layetana una de las principales calles que une el Eixample y la Ciutat Vella encontramos esta bonita propiedad reformada con materiales de alta calidad. &nbsp;  Ubicada en una finca clásica de 1946 en buen estado de conservación y con ascensor. Se trata de una planta principal con una superficie construida de 12882m² de los cuales 1204m2 corresponde un amplio balcón con tres salidas.  Se compone de un salón-comedor una cocina de la marca Santos abierta a salón y totalmente equipada con electrodomésticos Bosch&nbsp;y&nbsp;salida al balcón orientado a la Vía Layetana. Zona de aguas independiente.  La zona de noche dispone de una habitación en suite y un baño completo. Una habitación doble que tiene para su uso un baño completo. &nbsp;  La propiedad fue reformada po... ,1,100,null,Gas natural,null,129,null,Sant Pere - Santa Caterina i la Ribera,null,null,null,840.000 ,6.512 €/m²,aProperties Real Estate Barcelona, Ref.: VB2002067-4 ,2,Segunda mano/buen estado,null,Piso en venta en via Laietana,http://idealista.com/inmueble/91300166/
2,1946,  Impresionante propiedad reformada en Vía Layetana Barcelona En Vía Layetana una de las principales calles que une el Eixample y la Ciutat Vella encontramos esta bonita propiedad reformada con materiales de alta calidad. &nbsp;  Ubicada en una finca clásica de 1946 en buen estado de conservación y con ascensor. Se trata de una planta principal con una superficie construida de 13425m² de los cuales 907m2 corresponden a los balcones de la propiedad.  Se compone de un salón-comedor una cocina de la marca Santos abierta a salón y totalmente equipada con electrodomésticos Bosch&nbsp;y&nbsp;tres&nbsp;balcones que dan a la calle Joan Massana. Zona de aguas independiente.  La zona de noche dispone de una habitación en suite un baño completo con&nbsp;bañera&nbsp;y salida al balcón orientado a la calle Joan Massana. Dos habitaciones doble... ,1,100,1,Gas natural,null,134,null,Sant Pere - Santa Caterina i la Ribera,null,null,null,880.000 ,6.567 €/m²,aProperties Real Estate Barcelona, Ref.: VB2002066-4 ,3,Segunda mano/buen estado,null,Piso en venta en via Laietana,http://idealista.com/inmueble/91300152/
2,1946,  Impresionante propiedad reformada en Vía Layetana Barcelona En Vía Layetana una de las principales calles que une el Eixample y la Ciutat Vella encontramos esta bonita propiedad reformada con materiales de alta calidad. &nbsp;  Ubicada en una finca clásica de 1946 en buen estado de conservación y con ascensor. Se trata de una planta principal con una superficie construida de 9327m² de los cuales 404m2 corresponden al balcón de la propiedad.  Se compone de un salón-comedor una cocina de la marca Santos abierta a salón y totalmente equipada con electrodomésticos Bosch&nbsp;y bonitas vistas a la calle.  La zona de noche dispone de una habitación en suite con un &nbsp;baño completo y salida al balcón orientado a la calle Joan Massana. Una habitación doble&nbsp;con vistas a la calle que tiene para su uso un baño completo. &nbsp;  La ... ,1,100,1,Gas natural,null,93,null,Sant Pere - Santa Caterina i la Ribera,null,null,null,720.000 ,7.742 €/m²,aProperties Real Estate Barcelona, Ref.: VB2002065-4 ,2,Segunda mano/buen estado,null,Piso en venta en via Laietana,http://idealista.com/inmueble/91285532/
1,null, Piso ubicado en inmejorable zona de Les Corts a 2 minutos de la parada de Metro L5 y de varias líneas de autobús para poder comunicarte con el Centro de la Ciudad Condal sin ningún tipo de inconveniente. Próximo a colegios e institutos zonas ajardinadas centros de salud comercios y todo lo necesario para hacer vida de barrio.  Esta fantástica vivienda de 85m² se encuentra ubicada en una 1ª planta real en finca que dispone de ascensor. Su distribución se compone de un amplio salón comedor con salida a balcón 3 habitaciones (1 doble y 2 individuales - anteriormente eran 4) cocina independiente reformada con salida a lavadero y 1 baño completo con plato de ducha. Dispone de carpintería de aluminio blanca parquet y puertas de madera.  Llame para agendar una visita!  Si desea un servicio de asesoramiento financiero de manera totalmente gratuita y sin compromiso. No dude en ponerse en contacto con nosotros estaremos encantados de ayudarle.  Le esperamos en LA CASA AGENCY. . ,1,110,1,null,null,85,84,La Maternitat i Sant Ramon,null,null,null,265.000 ,3.118 €/m²,Albert López Santiago, Anuncio: 91623942 ,3,Segunda mano/buen estado,null,Piso en venta en calle del Regent Mendieta,http://idealista.com/inmueble/91623942/
3,1972,  Piso en una tercera planta de un edificio de 1972 con ascensor. Se accede al piso a través de un espacioso recibidor con armarios empotrados y una pared de vidrio transparente que deja ver la cocina. La cocina un espacio cuadrado con isla central y un aire muy industrial tiene acceso desde el mismo recibidor y desde el salón-comedor a través de una puerta corredera. Una puerta de cristal translúcida nos conduce al lavadero abierto al patio de luces del edificio. Contiguo a la cocina un espacio abierto hace las funciones de office con un armario de puertas correderas para el servicio de esta y una mesa para cuatro comensales. La vivienda tiene dos zonas bien diferenciadas. Zona de día con un salón-comedor de buenas dimensiones de forma rectangular con chimenea y salida a terraza corrida que ofrece luminosidad a toda esta estanc... ,1,0,3,Gas natural,null,164,143,Sant Gervasi - Galvany,null,970.000 € ,3,945.000 ,5.762 €/m²,Monapart Barcelona (Vendes), Ref.: VSC1-2009 ,4,Segunda mano/buen estado,1,Piso en venta en calle de Lincoln,http://idealista.com/inmueble/91300403/
2,null,  Consell de Cent -Jto. Mercat Hostafrancs. Fantástica vivienda de 72M2 utiles compuesta por 2 Habitaciones + estudio ( 1H tipo suite + 1H mediana + 1estudio/despacho ) + 2 Baños ( uno con bañera en suite y el otro con plato de ducha). Salon comedor exterior a la calle Consell de Cent con salida a pequeño balcón. Cocina independiente equipada con nevera horno campana. La vivienda se reformó íntegramente en el año 2006 conservando los techos altos con vigas de madera que dan una sensación de mayor amplitud suelos de Parket de madera Calefacción con radiadores carpinterías originales típicas del Eixample. La propiedad es exterior a ambos lados: Exterior delante a calle Consell de Cent y Exterior detrás a interior de isla muy luminoso. Vivienda parcialmente amueblada dotada de armarios sofá y nevera. Suministros dados de alta. Excelen... ,1,0,3,Calefacción individual,null,72,null,Hostafrancs,null,null,null,330.000 ,4.583 €/m²,Optimum, Ref.: 1221V ,3,Segunda mano/buen estado,null,Piso en venta en calle del Consell de Cent,http://idealista.com/inmueble/91644756/
2,2020, Obra nueva de alto standing en antigua fábrica textil A solamente a cuatro paradas de metro del centro de Barcelona encontramos esta magnífica promoción de alto standing que reformula un antiguo espacio dedicado a la manufacturación textil. Se han reconvertido en seis viviendas de dos y tres habitaciones (una en suite) y uno o dos baños completos con patios y terraza de 39 y 52 metros cuadrados en bajos y planta ático cocina equipada y abierta con isla acabada en silestone carpintería exterior de doble hoja porticones de madera en fachada frontal y persianas automáticas en la fachada trasera. Se encuentra en una zona de Barcelona bien comunicada y con todos los servicios a mano. &nbsp;. ,1,100,2,Gas natural,null,104,null,La Sagrera,null,null,null,588.000 ,5.654 €/m²,aProperties Real Estate Barcelona, Ref.: ONB2010010-6 ,3,Segunda mano/buen estado,1,Piso en venta en calle de Cortit,http://idealista.com/inmueble/91600996/
1,2020, Obra nueva de alto standing en antigua fábrica textil A solamente a cuatro paradas de metro del centro de Barcelona encontramos esta magnífica promoción de alto standing que reformula un antiguo espacio dedicado a la manufacturación textil. Se han reconvertido en seis viviendas de dos y tres habitaciones (una en suite) y uno o dos baños completos con patios y terraza de 39 y 52 metros cuadrados en bajos y planta ático cocina equipada y abierta con isla acabada en silestone carpintería exterior de doble hoja porticones de madera en fachada frontal y persianas automáticas en la fachada trasera. Se encuentra en una zona de Barcelona bien comunicada y con todos los servicios a mano. &nbsp;. ,1,100,0,Gas natural,null,56,null,La Sagrera,null,null,null,242.000 ,4.321 €/m²,aProperties Real Estate Barcelona, Ref.: ONB2010010-2 ,2,Segunda mano/buen estado,1,Piso en venta en calle de Cortit,http://idealista.com/inmueble/91600982/
2,2020, Obra nueva de alto standing en antigua fábrica textil A solamente a cuatro paradas de metro del centro de Barcelona encontramos esta magnífica promoción de alto standing que reformula un antiguo espacio dedicado a la manufacturación textil. Se han reconvertido en seis viviendas de dos y tres habitaciones (una en suite) y uno o dos baños completos con patios y terraza de 39 y 52 metros cuadrados en bajos y planta ático cocina equipada y abierta con isla acabada en silestone carpintería exterior de doble hoja porticones de madera en fachada frontal y persianas automáticas en la fachada trasera. Se encuentra en una zona de Barcelona bien comunicada y con todos los servicios a mano. &nbsp;. ,1,100,0,Gas natural,null,104,null,La Sagrera,null,null,null,523.000 ,5.029 €/m²,aProperties Real Estate Barcelona, Ref.: ONB2010010-1 ,3,Segunda mano/buen estado,1,Piso en venta en calle de Cortit,http://idealista.com/inmueble/91600992/
3,null,  El inmueble está constituido por 115 m2 que se distribuyen en 3 dormitorios (dos dobles y uno individual) 2 baños completos con ducha y una cocina americana al salón totalmente equipada. También tiene un balcón de 10 m2 que le otorga luminosidad. También consta de un solarium en la azotea de 41 m2.  La Promoción Marià Cubí está formada por 8 espectaculares viviendas de obra nueva que cuentan con un interiorismo de diseño espacios amplios llenos de luz natural y materiales y equipamientos que aseguran el máximo confort. El resultado son viviendas amplias luminosas confortables y funcionales con una distribución clara que distingue zonas de día y de noche.  El edificio cuenta también con aparcamiento privado. Posibilidad de adquirir plaza de garaje en el mismo edificio.  El edificio contará también con aparcamiento privado. Posibi... ,1,0,2,null,Obra nueva,116,null,Sant Gervasi - Galvany,null,null,null,821.000 ,7.078 €/m²,Marià Cubí, Ref.: EN_MC 2-1 ,3,Promoción de obra nueva,1,Piso en venta en calle Marià Cubí s/n,http://idealista.com/inmueble/91560309/
2,1999,  VIVEBCN PROPIEDADES PRESENTA! Luminosa propiedad con terraza a muy pocos pasos del metro y en una zona muy tranquila. Se trata de un piso de 100m² útiles mas 21 m² de terraza propia que se encuentra en la cuarta planta de la finca esta misma de tan solo 3 vecinos (uno por planta). Es una finca joven del año 1999 en un excelente estado de conservación y acabados. Dispone de ascensor muy amplio.  La distribución esta compuesta por un amplio salón exterior con orientación SE el cual tiene integrada la cocina y hacen un espacio diáfano de unos 29m². Por medio de un pasillo nos encontramos la zona de noche dispuesta de la siguiente manera: - Habitación Individual exterior (orientación SE) - Habitación Individual exterior (orientación SE) divida en dos alturas - Cuarto de Baño con plato de ducha - Cuarto de lavadora y secadora - Cuarto d... ,1,0,1,Gas natural,null,130,110,Les Roquetes,null,null,null,275.000 ,2.115 €/m²,vive bcn propiedades, Ref.: RQ ,4,Segunda mano/buen estado,1,Piso en venta en calle de Vidal i Guasch,http://idealista.com/inmueble/91633368/
1,null, PISO A LA VENTA NUEVO A ESTRENAR TOCANDO PL. REAL ¡ALTA RENTABILIDAD!  Piso en venta que consta de 45 m2 construidos 4º planta sin ascensor.  2 habitaciones (1 doble exterior a la calle con balcón 1 individual (habitación de invitados) salón-comedor con cocina americana exterior con balcón a la calle con vistas hacia la Pl. Real baño completo galería interior todo nuevo a estrenar con materiales de 1ª calidad muy buena ubicación tocando Pl. Real. las Ramblas playa transporte público.   ITE pasada con certificado de aptitud. ,0,145,4,null,null,45,null,El Gòtic,null,null,null,167.000 ,3.711 €/m²,Mònec Barcelona, Ref.: V0109 ,2,Segunda mano/buen estado,null,Piso en venta en calle del Vidre,http://idealista.com/inmueble/91626754/
1,null,  Webhouse presenta este piso en exclusiva en la inmejorable zona de la Salut Avenida Pompeu Fabra al alcance de todo servicio y transporte.  La vivienda consta de 51 m² construidos muy bien distribuidos en amplio  salón comedor muy luminoso exterior a calle.  Dispone de 1 dormitorio doble.  La cocina amplia moderna y funcional con altas calidades.  El baño completo en perfecto estado con bañera.  Dispone de una Terraza comunitaria totalmente accesible. Se trata de una 2ª planta exterior a calle con calefacción. Su orientación sur-este.   Finca con ascensor y conserje.   WEBHOUSE REAL ESTATE S. L. es una consultoría inmobiliaria y financiera  ubicada en Barcelona con varias oficinas en el Distrito de Gracia y Sant Gervasi. Nos encargamos de todo para que tú no te preocupes de nada.  Webhouse presents this exclusive apartment in ... ,1,0,2,Calefacción individual,null,51,49,La Salut,null,228.000 € ,7,212.000 ,4.157 €/m²,WEBHOUSE REAL ESTATE SL, Ref.: V-POMPEU ,1,Segunda mano/buen estado,1,Piso en venta en avenida de Pompeu Fabra 8,http://idealista.com/inmueble/91445648/
3,1968, Piso reformado con zona comunitaria con piscina en Pedralbes En la exclusiva zona de Pedralbes a un paso del &nbsp;Real Club de Tenis de Barcelona y del colegio Liceo Francés muy cerca de la zona de comercios de Sarriá se encuentra está tranquila finca con zona comunitaria con piscina.  Se trata de un luminoso piso reformado de 135m2. Al entrar en el piso nos encontramos con un amplio salón comedor con vistas despejadas y muchísima luz. Seguidamente accedemos a la cocina con zona de servicio y lavadero. En la zona de habitaciones encontramos tres habitaciones dobles una de ellas en suite y todas exteriores. La propiedad cuenta con una plaza de parking doble y un trastero. La finca tiene conserje zona comunitaria y piscina. ,1,100,3,null,null,139,null,Sarrià-Sant Gervasi,1,1.150.000 € ,4,1.100.000 ,7.914 €/m²,aProperties Real Estate Barcelona, Ref.: VB2006035-4 ,4,Segunda mano/buen estado,1,Piso en venta en Sarrià,http://idealista.com/inmueble/91425903/