bathrooms,constructed_year,description,elevator,energetic_qualification_kWhm2_año,floor,heater_system,its_new,m2_build,m2_useful,neighbourhood,parking,price_down_euro,price_down_percentage,price_euro,price_m2,real_estate,ref,rooms,status,terrace,title,link
3,1970,  Piso duplex con jardín en Tres Torres En pleno barrio de Tres Torres muy cerca del Paseo de la Bonanova nos encontramos esta peculiar propiedad compuesta de planta baja y sótano y con jardín privado de más de 100m2 con orientación Sur. Es como vivir en una casita en medio de Tres Torres. La planta baja está compuesta por 4 habitaciones - una suite con su vestidor dos dobles y una individual vestíbulo pasillo cocina con acceso a patio y dos baños. Posee un espacioso salón comedor con grandes ventanales y acceso directo mediante unas escaleras al jardín privado dando una gran luminosidad y amplitud visual. Todas las estancias son exteriores proporcionando una gran luminosidad y ventilación a la propiedad. En la planta sótano de acceso desde la portería y también desde el jardín nos encontramos dos habitaciones como espacio poliva... ,0,218,1,Gas natural,null,185,null,Sarrià-Sant Gervasi,null,null,null,899.000 ,4.859 €/m²,Barcelona MMC - Zona Alta - S1, Ref.: W-02AAZ4 ,6,Segunda mano/buen estado,null,Piso en venta en Les Tres Torres,http://idealista.com/inmueble/88036349/
2,1924,  Casa con jardín en el centro de Horta Amplia casa de dos plantas de 161 m2 y 345 m2 de terreno situada en una de las tranquilas calles que caracterizan el barrio de Horta a unos pasos de la Plaza Ibiza y muy bien comunicada cerca al metro de Horta (L5) y transporte público. El terreno de la propiedad es grande lo que facilita acceso a 2 o 3 coches y un amplio jardín.  En la primera planta se ubica la zona de día donde encontramos el salón-comedor con mucha luz natural y la cocina seguida de un baño y zona de lavandería. Dos habitaciones de gran tamaño se encuentran en esta primera planta. Por las escaleras se accede a la segunda planta donde se encuentra el segundo baño y también dos habitaciones de buen tamaño una de ellas con acceso a una terraza de unos 35m2 aproximadamente. También encontramos una tercera habitación la más gra... ,null,285,null,Gas natural,null,161,null,Horta Guinardó,1,null,null,490.000 ,3.043 €/m²,Barcelona MMC, Ref.: W-02CV8S ,5,Segunda mano/para reformar,1,Casa o chalet independiente en venta en Horta,http://idealista.com/inmueble/87633239/
1,1936,  Encantador piso a estrenar en Eixample Situado en la planta principal de una finca modernista con ascensor este maravilloso piso de 60 m2 ha sido objeto de una reciente reforma que ha devuelto el esplendor a sus fantásticos detalles y logrado una estupenda distribución de sus prácticos y acogedores espacios. Cuenta con dos habitaciones un baño cocina salón comedor balcón y patio interior. Su orientación le permite disfrutar de luz natural durante todo el día. Al entrar a la vivienda encontramos un recibidor que nos conduce hacia el baño y a una de las habitaciones con salida a un práctico patio interior; posteriormente llegamos a la cocina totalmente equipada y abierta al comedor. Al final accedemos al acogedor salón y a la habitación principal ambos espacios son exteriores y cuentan con salida a un bonito balcón.  Además de la ... ,1,198,1,null,null,60,null,Eixample,null,null,null,338.000 ,5.633 €/m²,Barcelona MMC - Eixample - S2, Ref.: W-02H5M9 ,2,Segunda mano/buen estado,null,Piso en venta en El Fort Pienc,http://idealista.com/inmueble/87476688/
4,1993,  Acogedora casa cerca de Collserola Engel &amp; Völkers les presenta en exclusiva esta funcional casa de excelente construcción con acabados pensados y de buen gusto. La casa cuenta con impresionantes vistas y al mismo tiempo aporta gran privacidad. Ingresando por un pequeño jardín accedemos a la vivienda donde nos reciben dos espaciosos salones y al fondo un elegante despacho y una habitación con mucho potencial como para un gimnasio personal o un segundo despacho. En la primera planta encontramos a la izquierda el gran comedor bañado por la luz de sus ventanales orientados al sur a la derecha de la escalera ingresamos a la magnífica cocina de diseño semi- profesional con detalles apreciados por los más exigentes con salida a la terraza de 88 m2 y jardín. En el centro de ambas estancias un baño completo. Accediendo a la segunda pl... ,null,196,null,Gas natural,null,220,null,Sarrià-Sant Gervasi,1,null,null,1.170.000 ,5.318 €/m²,Barcelona MMC, Ref.: W-02GHJT ,6,Segunda mano/buen estado,1,Chalet adosado en venta en Sant Gervasi - La Bonanova,http://idealista.com/inmueble/86416129/
5,1987,  Magnífica casa entre Tres Torres y Turó Parc Engel &amp; Völkers presenta una vivienda única en un barrio de referencia de la zona alta de la ciudad. Se trata de una elegante casa adosada estilo chalet totalmente exterior luminosa y en muy buen estado de conservación. Estructurada actualmente en 7 niveles y dotada de ascensor interno la propiedad se caracteriza por una perfecta distribución de los espacios que garantiza comodidad y privacidad a todos los miembros de la familia. Además presenta un impecable sistema de domótica y una serie de dispositivos de seguridad que aseguran una estancia sin preocupaciones. Nada más entrar nos acoge un amplio recibidor que da acceso a la sala de estar con salida a jardín. Una habitación despacho completa la estructura. En la planta primera encontramos la espaciosa cocina office y el salón comed... ,null,123,null,Gas natural,null,565,null,Sarrià-Sant Gervasi,1,3.550.000 € ,18,2.900.000 ,5.133 €/m²,Barcelona MMC - Zona Alta - S1, Ref.: W-02G5BC ,6,Segunda mano/buen estado,null,Chalet adosado en venta en Sant Gervasi - Galvany,http://idealista.com/inmueble/85992862/
3,1949,  Ático con terrazas en Avinguda Sarrià En una finca clásica en la zona alta de la Nova Esquerra de l’Eixample y al lado de la Plaça Francesc Macià se encuentra este ático dúplex recién renovado y listo para entrar a vivir. Esta excepcional propiedad se caracteriza por sus dos amplias terrazas en las que disfrutar de las vistas de la ciudad gozando de total privacidad al ser la última planta. Su ubicación en plena Avinguda Sarrià la convierte en una vivienda única de este barrio residencial. La propiedad de planta rectangular consta de una superficie construida de 120m2 distribuidos en dos plantas con un total de 4 habitaciones dobles 1 individual y 3 baños completos. Al entrar a la vivienda nos encontramos al frente con la zona de día formada por un solo ambiente de salón-comedor y una cocina abierta con acceso directo a la terraz... ,1,191,9,Gas natural,null,155,null,Eixample,null,null,null,890.000 ,5.742 €/m²,Barcelona MMC - Eixample - S2, Ref.: W-027BWE ,5,Segunda mano/buen estado,1,Ático en venta en La Nova Esquerra de l'Eixample,http://idealista.com/inmueble/85751249/
2,null,  Acogedor loft próximo al mercado Sant Antoni Precioso y nuevo local de diseño de 75 m2 totalmente equipado con 2 dormitorios a 5 minutos a pie del mercado de Sant Antonio.  Remodelación de piso en finca antigua con detalles modernos.  Este moderno y elegante local tipo loft tiene dos habitaciones: una doble y una suite acogedora con un espacio de oficina separado. El baño principal es con ducha hay una cocina abierta totalmente equipada un comedor y un pequeño patio muy útil para colgar la ropa. Se resaltan los detalles característicos de la época la calidad de los revestimientos elementos cálidos en madera y los pisos de cerámicos hidráulicos todo ello combinando con elementos modernos de buena calidad y diseño. Tipología adaptable y muy bien aprovechada toda la superficie. El local está pensado para un artista o un profesional ... ,0,0,null,null,null,63,null,Ciutat Vella,null,null,null,209.000 ,3.317 €/m²,Barcelona MMC - Ciutat Vella - Sant Martí - S7, Ref.: W-02E32N ,2,null,null,Piso en venta en El Raval,http://idealista.com/inmueble/83312359/
2,1955, Magnífico duplex en Vallcarca Les presentamos esta fantástica propiedad en uno de los barrios más tranquilos de Barcelona.  Al entrar en la propiedad nos encontramos una terraza de unos 30 metros aproximadamente (contados a la mitad) donde poder relajarnos y descansar seguido accedemos a la primera planta de 115 metros en la que tenemos la zona de día con un gran comedor y dos salas de estar cocina con patio trastero y un aseo de cortesía. La primera planta tiene calefacción debajo del pavimento (suelo radiante) y aire acondicionado  Subimos las escaleras y en la segunda planta encontramos la zona de noche con 5 habitaciones dos dobles una de ellas con baño en suite vestidor y 3 habitaciones individuales. También tenemos el baño y acceso a una pequeña terraza en esta planta. La segunda planta tiene calefacción por radiadores y aire acondicionado. Esta propiedad se encuentra en una zona muy próxima a las Rondas de Barcelona y Avenida Vallcarca. Aquí tenemos el Cap de San Gervasio la Clínica delfos y la parada de Metro L3 Penitents así como líneas de buses: 27-119-123-124. ,0,0,null,Gas natural,null,248,null,Gràcia,null,null,null,598.000 ,2.411 €/m²,Barcelona MMC, Ref.: W-02E6FW ,5,Segunda mano/buen estado,1,Piso en venta en Vallcarca i els Penitents,http://idealista.com/inmueble/83131388/
3,1915,  Reforma de diseño en finca regia Bonita reforma empleando elementos de alta calidad y diseño. Este inmueble de reciente reforma ha sido pensado para disfrutar del espacio libertad y amplitud en cada una de sus estancias. Esa sensación que nos invade al entrar en antiguos salones nobles donde los techos altos nos confirman el derroche de espacio en todas las direcciones. La zona de día es la estrella de la casa un espacio para todos donde la cocina se integra con estilo al gran salón. La zona de noche tiene como protagonista su gran habitación principal con vestidor y galería orientada a oeste y vistas a un tranquilo patio de manzana seguida por una segunda habitación doble en suite y una tercera habitación (antes dos) que actualmente cumple las funciones de espacio polivalente para reuniones. A parte del baño en suite el inmueble... ,0,119,4,Gas natural,null,168,null,Gràcia,null,null,null,675.000 ,4.018 €/m²,Barcelona MMC, Ref.: W-02DB2Y ,3,Segunda mano/buen estado,1,Piso en venta en Vila de Gràcia,http://idealista.com/inmueble/82030705/
2,1970, Maravilloso ático con espectaculares vistas En pleno corazón del Eixample izquierdo en una novena planta de altura con unas vistas espectaculares a toda Barcelona. Encontramos este fantástico Sobreático de 101m2 + 2 terrazas de 12 y 18m2.  En la zona de día encontramos un amplio y luminoso salón comedor con&nbsp; una cocina abierta completamente equipada. Desde el salón comedor se accede a la terraza principal con preciosas vistas a a Montjuic.  La segunda terraza con vistas al Tibidabo tiene acceso directo desde el dormitorio principal que cuenta con un baño en suite y un vestidor.  La zona de noche tiene otras 2 habitaciones que comparten otro baño completo.  La vivienda está lista para entrar a vivir. Los acabados son de gran calidad con suelo de parque y calefacción con suelo radiante.  &nbsp;Una de las terrazas cuenta con un lavadero de 340m2.  Esta exclusiva vivienda&nbsp; está ubicada en una de las zonas más demandadas de la ciudad de Barcelona. Rodeada de todo tipo de servicios &nbsp;muy bien comunicada con transporte público.  Uno de los áticos con las vistas más bonitas de la ciudad. ,1,203,9,Gas natural,null,116,null,La Nova Esquerra de l'Eixample,null,null,null,695.000 ,5.991 €/m²,aProperties Real Estate Barcelona, Ref.: VB2002034-5 ,3,Segunda mano/buen estado,1,Ático en venta en calle de Mallorca,http://idealista.com/inmueble/91521221/
1,null, Primero de altura real en finca regia sin ascensor.   Con un total de 59m2 consta de salón-comedor exterior con salida a balcón y soleado tres dormitorios (uno de ellos doble exterior y soleado) cocina tipo office con zona de lavandería y baño completo.  El piso requiere de alguna actualización y dispone de cerramientos de aluminio de doble cristal y aire acondicionado frió/calor.  Muy buena comunicación cerca de transporte público metro Sagrada Familia (L5 y L2) Glories (L1) Monumental (L2) Tram (T4 T5 T6) y Buses. A escasos metros de comercios colegios y servicios  En FINCAS Gp somos una empresa especializada en servicios inmobiliarios en la ciudad de Barcelona desde el año 1.993. Los precios indicados no incluyen gastos e impuestos de escrituras ni de financiación. Venta y alquiler de pisos y locales comerciales Encuentra más en. ,0,0,1,null,null,59,null,La Sagrada Família,null,179.500 € ,6,169.500 ,2.873 €/m²,Fincas Gp, Ref.: S-30143 ,3,Segunda mano/buen estado,null,Piso en venta en calle del Consell de Cent,http://idealista.com/inmueble/91282689/
3,1963, Exclusiva vivienda en venta en Sant Gervasi Situada en la zona alta de Barcelona cercana a todos los servicios y comercios y perfectamente comunicada encontramos esta exclusiva vivienda de 255m2. Consta de un amplio salón-comedor muy luminoso y soleado a dos piezas con acceso a una agradable terraza de 19m2 aproximadamente. La cocina reformada recientemente con los mejores acabados tiene una zona de aguas y una habitación de servicio con baño. En la zona de noche encontramos cuatro habitaciones dobles una de ellas en suite y dos baños completos. La vivienda dispone de calefacción y servicio de conserjería de lunes a domingo. ,1,74,5,Gas natural,null,242,205,Sant Gervasi - La Bonanova,null,1.000.000 € ,2,980.000 ,4.050 €/m²,aProperties Real Estate Barcelona, Ref.: VB1912039-7 ,5,Segunda mano/buen estado,1,Piso en venta en calle de Balmes,http://idealista.com/inmueble/91266258/
2,1988, Bonito piso en finca regia junto craywinckel 2 habitaciones antes 32 baños cocina equipada y gran salón exterior ( El PVP indicado no incluye impuestos ni gastos de Escritura ). ,1,112,1,null,null,92,78,Sarrià-Sant Gervasi,null,410.000 € ,5,390.000 ,4.239 €/m²,donpiso Bcn Sant Gervasi, Ref.: 242670 ,2,Segunda mano/buen estado,null,Piso en venta en El Putxet i el Farró,http://idealista.com/inmueble/91099471/
2,1963,  En el distrito de Sarrià con excelente ubicación a escasos minutos de la Av. Diagonal (Zona María Cristina) muy próximo a l’Illa Diagonal y a la Plaça de Francesc Macià. Es exterior soleado y luminoso con vistas despejadas a la calle Capitán Arenas sexta planta de altura en finca del año 1963 con ascensor y servicio de conserjería.  La vivienda se compone de dos dormitorios uno de ellos doble muy luminoso y otro interior individual ambos con armarios empotrados. Dos cuartos de baño. Salón comedor exterior con luz a raudales y vistas despejadas a Capitán Arenas. Cocina totalmente equipada con electrodomésticos de gama alta (Siemens) gas y excelentes acabados en mármol. Lavadero para cuarto de máquinas. Parquet tarima natural de lama ancha. Puertas sacadas. Aire acondicionado por conductos por conductos en falso techo para todas ... ,1,45,6,Gas natural,null,63,null,Pedralbes,null,null,null,450.000 ,7.143 €/m²,aincasa aicat 2677, Ref.: 4291 ,2,Segunda mano/buen estado,null,Piso en venta en calle del Capità Arenas,http://idealista.com/inmueble/91610311/
2,1952, Piso Todo exterior en Pedralbes.  Reformado recientemente de 85m2. distribuidos en 3 habitaciones amplias exteriores a zona ajardinada 2 Baños cocina independiente totalmente equipada y amplio salón comedor también con vistas a los jardines. Calefacción radiadores suelo de parquet carpintería exterior aluminio blanco y interior madera lacada. Ascensor.    Se encuentra en una Finca donde se disfruta de una zona ajardinada parque infantil y en el importe incluye 1 plaza de aparcamiento dentro del recinto.    Es una zona tranquila cerca del colegio internacional St. Peter’s School y del colegio Thau de la zona de universidades y de clubs deportivos. Muy bien comunicada a las salidas de la Ronda de Dalt túneles de Vallvidriera y avenida Diagonal.  A 5 minutos andando del metro linea 3 y TRAM.    Global Invest EJD le acompañará ayudará y asesorará en todo el proceso de compra teniendo en cuenta sus necesidades ya sean hipotecas préstamos reformas gestión de alquileres o cualquier otra cuestión facilitándole todos los pasos en la compraventa del inmueble. ,1,140,1,Calefacción individual,null,85,78,Pedralbes,1,null,null,398.000 ,4.682 €/m²,Global Invest Ejd S.l., Ref.: PVME62 ,3,null,null,Piso en venta en calle de Sor Eulàlia d'Anzizu,http://idealista.com/inmueble/91609340/
2,1883, Situado en el centro del prestigioso Quadrat d’Or una de las más cotizadas y céntricas zonas de Barcelona este excelente ático de 86 m2 está en una finca regia a 40 metros del Passeig de Gràcia. Por lo tanto disfruta de todas las comodidades de la zona: servicios restaurantes prestigiosas tiendas una gran cantidad de oficinas cercanas y amplia oferta de transporte público.  Esta propiedad es totalmente exterior a 3 vientos algo excepcional en este tipo de edificios del Eixample. Está orientada a mar (este) y es tremendamente luminosa. Pese a su situación céntrica es un piso muy tranquilo ya que da al patio de manzana interior.  El ático está distribuido en un amplio salón-comedor con cocina integrada y lavadero 2 habitaciones dobles exteriores y 2 cuartos de baño completos con ducha también muy luminosos.  El inmueble fue reformado hace pocos años con buenos acabados y un bonito suelo de terrazo. Dispone de aire acondicionado y calefacción. El edificio tiene ascensor.  Nos encontramos ante una propiedad única que une la agradable sensación exterior con la tranquilidad en un entorno excepcional. ,1,0,5,Calefacción individual,null,86,78,La Dreta de l'Eixample,null,null,null,495.000 ,5.756 €/m²,Bcn Advisors, Ref.: BCN03171 ,2,Segunda mano/buen estado,null,Ático en venta en paseo de Gracia,http://idealista.com/inmueble/91587651/
2,1966, Este ático se encuentra en Carrer del Pare Laínez Barcelona en la planta 4. Es un piso construido en el año 1966 que tiene 83 m2 de los cuales 70 m2 son útiles y dispone de 3 habitaciones y 2 baños.  Fantástico ático dúplex que cuenta con tres terrazas de uso particular una a través del salón y las dos superiores a las que se accede a través de los dormitorios ambos son dobles situados cada uno de ellos en lados opuestos comparten un baño en la zona central de la segunda planta. La primera planta cuenta con un dormitorio triplex un baño y cocina. El piso esta para reformar y se puede redistribuir al gusto. Finca con ascensor en una de las zonas mas tranquilas y buscadas del afamado barrio de Gracia.  Inmejorable ven a comprarlo!  WEBHOUSE REAL ESTATE S. L. es una consultoria inmobiliaria y financiera ubicada en Barcelona con varias oficinas en el Distrito de Gracia y Sant Gervasi. Nos encargamos de todo para que tú no te preocupes de nada. ,1,0,4,null,null,83,70,El Camp d'En Grassot i Gràcia Nova,null,null,null,420.000 ,5.060 €/m²,WEBHOUSE SANTGERVASI2, Ref.: R-LAINEZ ,3,Segunda mano/para reformar,1,Ático en venta en calle del Pare Laínez,http://idealista.com/inmueble/91578274/
2,2001,  PRECISO PISO DÚPLEX EN VENTA EN EL CLOT SANT MARTÍ - Barcelona  Precioso piso completamente reformado idealmente ubicado en la zona del Barrio de El Clot. Consta de 135 m² más 45 m² de terraza. En la planta baja encontraremos 2 salones-comedores cada uno de ellos de 25 m² el salón principal tiene salida a preciosa terraza muy soleada y amplia tiene zona de descanso con un gran toldo articulado para evitar el sol directo también tenemos una zona ajardinada. La cocina está en perfectas condiciones con lavadora y lavavajillas integrada hornos de vitro cerámica. 1 Baño completo. En la planta alta encontramos la zona de noche distribuida en 3 habitaciones dobles y 1 baño completo. Cada una de las habitaciones cuenta con armarios empotrados. La habitación principal tiene una zona de descanso en donde se pueden pasar unas tardes muy tranq... ,1,0,0,Gas natural,null,135,130,El Clot,null,null,null,575.000 ,4.259 €/m²,NICE PROPERTIES BCN, Ref.: 1786 ,3,Segunda mano/buen estado,1,Dúplex en venta en calle del Ter,http://idealista.com/inmueble/91223005/
6,1976,  Home Group.-    Este lujoso ático dúplex se sitúa en una quinta planta de un exclusivo bloque de pisos en uno de los barrios más prestigiosos de Barcelona como es el barrio de Pedralbes.     Este magnifico ático dúplex se encuentra distribuido en dos amplias plantas con una superficie total de 496m2 de los cuales 126m2 forman parte de una terraza panorámica a tres vientos.    En la planta principal encontramos la sala de estar dividida en tres estancias la sala principal un despacho con biblioteca y un comedor con acceso directo desde una espectacular cocina office con zona de desayuno a su lado hay una entrada independiente al inmueble y un dormitorio para el servicio con baño privado. Dos grandes habitaciones dobles una de ellas con baño en suite. Esta planta la completa el dormitorio principal de 60 m² que es una suite con dos... ,1,190,5,Gas natural,null,496,null,Pedralbes,1,3.350.000 € ,1,3.300.000 ,6.653 €/m²,Home Group Dret, Ref.: D-40637 ,6,Segunda mano/buen estado,1,Dúplex en venta en calle dels Cavallers,http://idealista.com/inmueble/91211684/
2,1960, PRECIOSO PISO REFORMADO EN VENTA EL SANT GERVASI GALVANY SARRIÁ - Barcelona  Precioso piso en venta idealmente ubicado en la exclusiva zona de Sant Gervasi - Galvany. Consta de 115 m² construidos distribuidos en 3 habitaciones (2 dobles y 1 individual) 2 baños completos muy amplios gran salón-comedor con salida a balcón con vistas a calle muy tranquila y agradable. Tiene una reforma de alta calidad suelos de parquet cocina independiente tipo office. Finca en perfectas condiciones con ascensor para más información póngase en contacto con nuestra oficina al 936243419. ,1,0,2,Gas natural,null,115,104,Sant Gervasi - Galvany,null,null,null,660.000 ,5.739 €/m²,NICE PROPERTIES BCN, Ref.: 1784 ,3,Segunda mano/buen estado,null,Piso en venta en calle de Vallmajor,http://idealista.com/inmueble/91138025/
2,1992, PRECIOSA CASA DÚPLEX EN VENTA EN LA VILA OLIMPICA SANT MARTÍ - Barcelona   Preciosa casa tipo dúplex idealmente ubicado en la zona exclusiva del Barrio de la Vila Olímpica. Consta de 2 plantas en la primera está la zona de día con una gran salón-comedor de 43 m² cocina muy amplia completamente amueblada con electrodomésticos de alta gama todo la vivienda se maneja con domótica. Salida a dos patios uno exterior de 7 m² y el interior de 10 m². Carpintería interior de madera y exterior de aluminio con doble acristalamiento suelos de parquet lavandería toda la vivienda consta de aire acondicionado y calefacción por conductos. En la segunda planta encontramos la zona de noche 4 habitaciones todas dobles y exteriores armarios empotrados otro baño completo Finca construida en el año 1992 en excelentes condiciones. ,0,0,0,null,null,168,130,La Vila Olímpica del Poblenou,null,1.150.000 € ,16,965.000 ,5.744 €/m²,NICE PROPERTIES BCN, Ref.: 1783 ,4,Segunda mano/buen estado,null,Dúplex en venta en Amsterdam,http://idealista.com/inmueble/91103447/
2,1930,  Home Group presenta esta fantástica casa de 150 m² construidos para reformar a su gusto. Consta de 3 plantas las cuales encontramos distribuidas de la siguiente manera:  - En planta baja tenemos acceso directo desde la calle Castanys y disponemos de un gran salón que comunica con la planta primera mediante una escalera    -En primera planta el distribuidor nos da acceso a una habitación doble con salida a un balcón interior con luz natural además de un baño completo con bañera.    - La segunda planta dispone un amplio salón comedor cocina independiente y dos habitaciones una de ellas doble con baño en suite. Además también cuenta con un balcón interior con luz natural.  - En la última planta tenemos otra habitación con acceso a una magnífica terraza solarium de 30m² para disfrutar del sol o relajarse en buena compañía.   Esta propi... ,null,247,null,Gas natural,null,150,null,El Poblenou,null,null,null,360.000 ,2.400 €/m²,Home Group Gràcia, Ref.: P-40380 ,4,Segunda mano/para reformar,1,Casa o chalet independiente en venta en Castanys,http://idealista.com/inmueble/90784445/
2,2000, Se vende piso dúplex con terraza en una obra del año 2000 con Parking y trastero incluidos en el precio de venta.  El piso cuenta con 121m² construidos más una terraza de 90m². En la primera planta hay el salón y la cocina que ambos dan a la terraza y un baño. En la segunda planta hay 3 habitaciones grandes y un baño completo.  La propriedad se encuentra en buena condición necesitando una actualización.   El piso cuenta con una tranquilidad excelente  No dude a contactar con nosotros    Gastos de comunidad: 250 Eur. (Trimestral)  IBI 250eu trimestral. ,1,0,0,null,null,121,111,La Sagrada Família,null,null,null,595.000 ,4.917 €/m²,NICE PROPERTIES BCN, Ref.: 1772 ,3,Segunda mano/buen estado,1,Dúplex en venta en calle de Cartagena,http://idealista.com/inmueble/90683692/
3,null,  Webhouse presenta encantador piso a la venta ubicado en Horta.  La vivienda refleja una vida familiar única en la zona. Es un producto único por características y encanto dentro de un barrio con muhca personalidad.  Consta de 5 habitaciones muy amplias (3 de ellas dobles y 2 medianas) Un gran comedor así mismo con una sal de estar Tiene 3 baños completos.  Una terraza a pie del salón y otra mucha más grande en la planta de arriba de 90 m² aproximadamente de uso privativo.  El mayor encanto de este piso es la luz que tiene hace que el piso tenga mucha luminosidad.   Finca con Ascensor.  WEBHOUSE REAL ESTATE S. L. es una consultoría inmobiliaria y financiera ubicada en Barcelona con varias oficinas en el Distrito de Gracia y Sant Gervasi. Nos encargamos de todo para que tú no te preocupes de nada.  Webhouse presents a charming apart... ,1,0,1,Calefacción individual,null,192,null,Horta,null,470.000 € ,4,450.000 ,2.344 €/m²,WEBHOUSE REAL ESTATE SL, Ref.: V-HEDI ,5,Segunda mano/para reformar,null,Piso en venta en Hedilla,http://idealista.com/inmueble/90665753/
2,1968, En Camp del Arpa junto al hospital Sant Pau. Piso en venta completamente reformado de calidad y tranquilo. Situado en la quinta planta de edificio con ascensor y conserje. El piso se distribuye en un soleado y amplio salón comedor con cocina abierta con zona de despacho y salida a balcón orientado a patio de manzana muy tranquilo dormitorio principal patio de luces con gran armario empotrado dos dormitorios individuales y dos baños. Suelos de parquet aire acondicionado calefacción de gas carpintería exterior de aluminio y doble cristal. Gastos de la compraventa no incluidas en el precio (Notaría impuestos y registro). ,1,140,5,Gas natural,null,75,65,El Camp de l'Arpa del Clot,null,340.000 € ,6,320.000 ,4.267 €/m²,fincas anzizu, Ref.: 6407 ,3,Segunda mano/buen estado,null,Piso en venta en calle de Sant Antoni Maria Claret,http://idealista.com/inmueble/90416644/
2,1900,  HOME GROUP. - Raval-Plaza Universidad.  Magnifico piso en espectacular finca regia de 175 m². Dispone de 5 habitaciones más 1 vestidor cocina office y 2 baños completos   Exterior a calle con balcón y a patio de manzana con una preciosa galería acristalada suelos de mosaico hidráulico en todo el piso y techos altos artesanados de gran belleza.  Finca impecable dispone de ascensor situado a 2 minutos del metro de universidad único en la zona.  ¡NO LO DUDE VENGA A VERLO!    La Ciutat Vella es el centro histórico de Barcelona y por tanto el corazón de la  ciudad.  Barcelona fue fundada en la Ciutat Vella: &nbsp;los primeros romanos escogieron un  pequeño montículo entre dos arroyos: Collserola (hoy en día La Rambla) y el de  Junqueras (hoy Vía Laietana). En aquel lugar se fundó Barcino.  La oferta de pisos en venta en Ciutat Vella va... ,1,340,1,null,null,175,174,El Raval,null,null,null,725.000 ,4.143 €/m²,Home Group Gràcia, Ref.: G-40549 ,5,Segunda mano/para reformar,null,Piso en venta en calle de Gravina,http://idealista.com/inmueble/89100117/
2,null, NO NEGOCIABLE Piso con gran terraza sol todo el dia en la zona de hospital de Sant Pau y Sagrada Familia dotado de 90m2 de interior y 70m2 de terraza mas patio interior de unos 12m2 para zona de lavadora y fregadero. Gran salon comedor de 30m2 1 suite con armario empotrado y gran baño totalmente reformado 2 habitaciones individuales de unos 8 a 10 m2 1 baño completo con ducha la finca esta dotada de ascensor y portero todos los dias laborables. El piso se encuentra cerca del paseo Gaudi. ,1,189,0,null,null,90,null,La Sagrada Família,null,435.000 € ,2,425.000 ,4.722 €/m²,INMOVEN PROPERTIES, Ref.: AJAV1 ,3,Segunda mano/buen estado,1,Piso en venta en Dos de Mayo s/n,http://idealista.com/inmueble/91114310/
2,1970, BARCELONA  PASEO DE GRACIA / ROSSELLÓN  En Paseo de Gracia junto a Diagonal y a la famosa casa de la Pedrera en finca de 1970. Exclusiva vivienda de 212m² a reformar lo que nos permite hacer una obra que se adapte a nuestras necesidades teniendo muy buena distribución con las zonas de día y de noche perfectamente delimitadas. Actualmente se compone: Salón Comedor con salida a una galería típica del Eixample esta ultima pudiéndola disfrutarla todo el año creando nuestra sala de estudio o simplemente un lugar de descanso. Espacio con mucha luz tranquilo y agradable. Cocina independiente 7 dormitorios (4 dobles y 3 individuales). Baño completo y aseo de cortesía. Paseo de Gracia siendo una de las avenidas más famosas de Cataluña debido a su importancia turística áreas comerciales negocios y un gran escaparate de destacadas obras de arquitectura modernista como las edificaciones de los arquitectos Antoni Gaudí y Lluís Domènech i Montaner declaradas Patrimonio de la Humanidad. La avenida está situada en la parte central de la ciudad el Ensanche barcelonés y conecta la plaza de Cataluña al este con la calle Mayor de Gracia al oeste. ,1,0,2,Calefacción individual,null,212,184,La Dreta de l'Eixample,null,null,null,1.650.000 ,7.783 €/m²,Gema, Ref.: 1752 ,7,Segunda mano/para reformar,null,Piso en venta en paseo de Gràcia,http://idealista.com/inmueble/84758673/
4,2011,  PISO EN BARCELONA - PEDRALBES  Situada en la prestigiosa zona de Pedralbes encontramos esta propiedad con carácter elegancia a la vez que moderna totalmente reformada y con acabados de alta calidad.  Se distingue por su luminosidad amplias estancias vistas panorámicas sobre nuestra ciudad de Barcelona y armonía de ambientes tonalidades y acabados. Un lugar que en sí mismo desprende energía relajante y se respira hogar.  El salón es totalmente independiente muy amplio con acceso directo a una terraza con vistas despejadas y revestimiento de madera presenta tres ambientes diferenciados: comedor sala de estar y despacho-biblioteca muy cómodos y espaciosos.  La amplia cocina tiene dos puertas de acceso una desde el salón y la otra desde el recibidor es muy funcional office y su mobiliario en tonos suaves y sutiles la hacen muy... ,1,0,2,null,null,257,213,Pedralbes,1,null,null,2.995.000 ,11.654 €/m²,Lunallar ., Ref.: 4798 ,5,Segunda mano/buen estado,1,Piso en venta en CAVALLERS,http://idealista.com/inmueble/39986865/
2,null, Clásica vivienda a reformar en la c/ Enric Granados. Tiene 159m2 y se sitúa en una planta 4ª en edificio con ascensor. Salón comedor a calle Enric Granados.  4 habitaciones: dos dobles muy grandes (actualmente una de ellas se usa como salita) y dos medianas. Cocina baño y aseo. Techos altos (280m) Calefacción individual radiadores a gas. ,1,0,4,Gas natural,null,159,null,L'Antiga Esquerra de l'Eixample,null,null,null,800.000 ,5.031 €/m²,Gestin 3 - Viadomus, Ref.: 2615 ,4,Segunda mano/para reformar,null,Piso en venta en Enric Granados,http://idealista.com/inmueble/91641659/