bathrooms,constructed_year,description,elevator,energetic_qualification_kWhm2_año,floor,heater_system,its_new,m2_build,m2_useful,neighbourhood,parking,price_down_euro,price_down_percentage,price_euro,price_m2,real_estate,ref,rooms,status,terrace,title,link
2,1946, Magnifico piso reformado con todas las comodidades céntrico y con todos los servicios. con licencia turística vigente muy rentable. Situado en una finca regia rehabilitada del año 1945 en el Eixample Dret A 5 minutos del Paseo de Gracia y de la Sagrada Família barrio con todo tipo de servicios y muy bien comunicado mediante transporte público metro y autobuses. el piso dispone de una reforma integral con suelo de parquet y ventanas de aluminio climatizadas puertas de haya blancas y distribuido en 4 habitaciones que se pueden utilizar como vivienda o como piso turístico con gran rentabilidad. ,1,0,4,null,null,95,85,La Sagrada Família,null,null,null,610.000 ,6.421 €/m²,Singular Properties, Ref.: SP102TV ,4,Segunda mano/buen estado,null,Piso en venta en calle Industria,http://idealista.com/inmueble/89809392/
2,1966, Assessoria Balista le trae en exclusiva éste excelente piso en una magnífica finca del año 1966 en Avenida Meridana una de las principales vías de entrada y salida de la ciudad con ascensor y orientado a norte.  Se trata de un inmueble de 94 m2 muy bien distribuidos dispone de un amplio salón-comedor de 17 m2 3 habitaciones dobles - antes 5 (1416 m2 - 1340 m2 - 1320 m2) 2 baños completos con plato de ducha cocina y lavadero. El piso está de origen de techos altos suelo de terrazo puertas de madera aberturas exteriores de aluminio aire acondicionado y calefacción en todo el piso.  Su inmejorable comunicación al lado del Metro Sagrera -Meridiana L1 L5 L9 Y L10 - y Estación Renfe. lo convierte en una muy buena oportunidad en el barrio.  ¡No dudes en visitarlo!  No se incluyen dentro del precio del inmueble gastos tales como Registro Notaria impuestos y honorarios al comprador  Contactar al número de teléfono: 931 067 321 Assessoria Balista Gestió Patrimonial. ,1,266,null,Gas natural,null,94,85,Navas,null,null,null,240.000 ,2.553 €/m²,Diego Balista, Ref.: meridiana_0001 ,3,Segunda mano/para reformar,null,Piso en venta en avenida Meridiana,http://idealista.com/inmueble/91622387/
1,1973, Piso orientado a Girona para reformar ubicado en la zona de San Martí. Año de la finca 1973.  79 m2 construidos 72 m2 útiles semi exterior 4º de altura real.  Consta de cuatro habitaciones (Una doble y mediana exteriores dos individuales orientados al patio de luces).  Dispone de un baño diseñado con 3 piezas y bañera. Cocina con acceso a área de lavadero y salón con balcón al exterior.  ¿TE LO VAS A PERDER? Ven a visitarlo contáctanos y solicita tu visita.  Si deseas concertar una asesoría financiera de manera totalmente gratuita no dudes en contactar con nosotros. También puedes informarnos de tus necesidades y nosotros buscamos tu piso.  Si estas interesado en conocer el valor tu inmueble podemos tasarlo de manera gratuita.  * Honorarios y gastos de compra venta no están incluidos en el precio.  ** LA CASA AGENCY Está preparada para cualquier escenario. Para su tranquilidad nuestras oficinas y equipos comerciales han tomado todas las medidas de seguridad para seguir ofreciendo el mejor servicio. ,1,0,4,null,null,79,null,Sant Martí,null,null,null,195.000 ,2.468 €/m²,Punt Sagrada Familia, Ref.: ALEJOSSDM ,4,Segunda mano/buen estado,null,Piso en venta en Provençals del Poblenou,http://idealista.com/inmueble/91650319/
1,1936, Piso de dos dormitorios y despacho en l’Eixample Esquerra En la Esquerra alta de l’Eixample tocando a la calle Londres en una preciosa finca regia en perfecto estado encontramos este magnífico piso reformado hace pocos años.  La vivienda de aproximadamente 70m2.  está ubicada en una quinta planta real. Orientada a SE goza de muchísima luz y sol directo todo el día en el salón comedor.  Actualmente consta de 2 dormitorios de los cuales uno es doble y el otro individual y un despacho abierto que era un tercer dormitorio pudiéndose recuperar si interesase un baño completo con bañera cocina independiente y salón comedor con acceso a un agradable balcón con vistas despejadas.  Techos altos carpinterías recuperadas de madera y techos de parquet son algunos de las características de la vivienda.  La finca dispone de un terrado y trastero comunitarios con libre acceso a los vecinos. ,1,100,4,null,null,70,null,Eixample,null,null,null,385.000 ,5.500 €/m²,aProperties Real Estate Barcelona, Ref.: VB2011003 ,2,Segunda mano/buen estado,null,Piso en venta en La Nova Esquerra de l'Eixample,http://idealista.com/inmueble/91640772/
2,1900,  Piso en venta al lado de Passeig Sant Joan En la Dreta de L’Eixample en &nbsp;un encantador&nbsp; Pasaje muy cerca de Passeig Sant Joan rodeado de comercios restaurantes colegios servicios así como también lugares de interés como Sagrada Familia y muy bien comunicado con transporte público encontramos esta luminosa propiedad ubicada en una finca clásica totalmente rehabilitada.  La propiedad dispone de una superficie de 83m² muy bien distribuidos no obstante la disposición de este proporcionan mucha luz en cada estancia. El piso esta reformado con materiales de alta calidad.  La zona de día consta de un amplio recibidor salón- comedor exterior muy luminoso con balcón al Pasaje &nbsp;cocina abierta totalmente equipada y un baño completo.  La zona de noche dispone de dos habitaciones dobles exteriores con muchísima luz que dan a u... ,1,67,2,null,null,84,null,Gràcia,null,null,null,535.000 ,6.369 €/m²,aProperties Real Estate Barcelona, Ref.: VB2009027-5 ,2,Segunda mano/buen estado,null,Piso en venta en El Camp d'En Grassot i Gràcia Nova,http://idealista.com/inmueble/91632249/
1,1976, Excelente piso en venta en la misma calle Foneria a pocos metros del Centro Comercial Granvia 2 y de Plaza Europa. También a tan solo 10 minutos de la Cmpana y de la conocida Plaza España. Muy bien comunicado con los servicios públicos parada de Foneria L10s Ferrocarriles Catalanes parada de ´Ildefons Cerda de distintas líneas autobuses y fácil acceso a la C31.   Estupendo piso de 112m² de superficie con 4 dormitorios (2 dobles y 2 individuales) con 2 balcones de 6metros cada uno uno que sale del comedor y otro de la habitación de matrimonio con un salón comedor de 20m² cocina con galería. 1 Baño completo con 4 piezas. Bien distribuido piso de origen bien conservado bien distribuido y muy luminoso con buenas vistas. Excelente finca con Ascensor.  Si desea conocer el valor de su vivienda contáctenos y se lo valoramos GRATUITAMENTE. Y si necesita asesoramiento financiero tenemos el departamento encargado de para el tramite de hipotecas.  ¿TE LO VAS A PERDER? ,1,52,7,null,null,112,null,La Marina del Port,null,null,null,219.000 ,1.955 €/m²,Estudio Buenos Aires, Ref.: FONERIA ,4,Segunda mano/buen estado,null,Piso en venta en FONERIA 31,http://idealista.com/inmueble/91651613/
1,1965, ¡Piso todo reformado! Vivienda toda exterior situado en zona Sant Martì. Cuenta con 64M² útiles distribuido en tres dormitorios (uno doble y dos individuales) baño completo diseñado con plato de ducha espectacular cocina americana integrada al salón comedor completamente exterior. Orientado a Tarragona y Girona suelo de parquet carpintería de aluminio aire acondicionado con bomba frío y calor. Finca del año 1965 con ascensor.  A poca distancia del metro L 2 (Bac de Roda) paradas de autobuses H 12 H 10 B 24 31 y tranvía y supermercados.  * Los gastos propios de Notaria gestoría registro y honorarios de agencia están no incluidos en el precio. Consúltenos *  Si desea conocer el valor de su vivienda contáctenos se lo valoramos gratuitamente y profesional. Y en el caso que necesite asesoramiento financiero disponemos del departamento para que pueda tramitar hipoteca. ,1,227,null,null,null,73,64,Sant Martí,null,219.000 € ,2,214.000 ,2.932 €/m²,ESTUDI SOL DE MAYO S.L., Ref.: IV-1 ,3,Segunda mano/buen estado,null,Piso en venta en Sant Martí de Provençals,http://idealista.com/inmueble/89413947/
1,1955, EXCELENTE PROPIEDAD  JTO METRO LA SAGRERA L1 Y L5  Vivienda de 65 mts tres dormitorios amplios con baño salón-comedor con acceso a balcón amplio gran lavadero y cocina.  La vivienda se encuentra en una cuarta planta con ascensor.   Si tienes dudas en algún producto financiero o deseas valorar tu piso contacta con nosotros.  *El precio de venta del inmueble no incluye los honorarios de la inmobiliaria ni los tributos que gravan Ia compraventa (ITPAJD o IVA) ni en caso de haberlos los notariales y los registrales que satisface el comprador. ,1,0,4,null,null,65,null,El Congrés i els Indians,null,null,null,189.000 ,2.908 €/m²,La Casa Agency - Pont Del Treball, Ref.: VTA-SARA-HORTA ,3,Segunda mano/para reformar,null,Piso en venta en calle de la Riera d'Horta,http://idealista.com/inmueble/91646111/
2,1960,  Sensacional piso en Gràcia  Compra tu piso con Housfy sin comisiones inmobiliarias.  Sanchaya Inmo S. L vende su piso directamente del propietario en Gràcia Barcelona una vivienda luminosa y ubicada en un entorno idóneo para disfrutarlo.  Características:  - Acogedor piso de 99 m2 en Vila de Gràcia. (Los metros cuadrados están verificados con la Dirección General de Catastro) - Contamos con todas las comodidades posibles de 3 habitaciones dobles una de ellas en suite con baño completo y 2 baños con plato de ducha perfecto para una familia. - Funcional salón-comedor que te proporcionará el relax diario siendo además un espacio agradable estupendo para visitas de amigos y familiares. - Exterior y muy soleada - Con una útil cocina equipada con lo necesario para el día a día. - Puerta de entrada de seguridad blindada. - Sistema de cal... ,1,111,2,null,null,99,null,Vila de Gràcia,null,459.000 € ,2,449.000 ,4.535 €/m²,Housfy Real Estate CAT, Ref.: 305277 ,3,Segunda mano/buen estado,null,Piso en venta en calle de Sors s/n,http://idealista.com/inmueble/91577093/
1,2002,  Estupendo piso en Ciutat Vella  Housfy la agencia inmobiliaria sin comisiones y con las mejores condiciones hipotecarias.  Esther vende su piso directamente del propietario en Ciutat Vella a 100 de la playa Barcelona un espacio para disfrutar en tu día a día. Construido en 2002 en La Barceloneta. El sensacional piso está formado por 89 m2.  Características:  - Encantador piso de 89 m2 en La Barceloneta. (Los metros cuadrados están verificados con la Dirección General de Catastro) - En el piso encontraremos 3 habitaciones y 1 baño de 3 piezas con bañera reformado recientemente perfecto para una familia. - Acogedor salón-comedor que es un lugar perfecto para descansar tras una jornada de trabajo siendo además un espacio agradable estupendo para visitas de amigos y familiares. - Terraza. - Exterior. - La vivienda cuenta con sistema de... ,1,258,2,null,null,89,null,La Barceloneta,null,470.000 € ,2,460.000 ,5.169 €/m²,Housfy Real Estate CAT, Ref.: 305513 ,3,Segunda mano/buen estado,1,Piso en venta en calle de Grau i Torras s/n,http://idealista.com/inmueble/91574650/
1,1937, Estudio reformado Calle Berlín con Numancia. Calefacción ascensor. Muy tranquilo ideal para estudiante o pareja. Situación muy céntrica con muchísimos servicios y oferta educativa. Cerca del Centro Comercial Arenas e Illa Diagonal Plaça Espanya y Fira Barcelona. Muy buenas comunicaciones metro L-1-5 diversas líneas de autobuses a 5 minutos de Sants-Estació y a 20 del aeropuerto. Un estudio confortable en uno de los barrios con más demanda de Barcelona. ,1,0,1,Gas natural,null,50,47,Les Corts,null,209.000 € ,4,200.000 ,4.000 €/m²,Finques Businfreu, Ref.: B00706 ,2,Segunda mano/buen estado,null,Piso en venta en Les Corts,http://idealista.com/inmueble/90518673/
1,null, Agradable piso recién reformado con mucho encanto en zona de moda en c/ Parlament - Comte Borrell. Zona semi peatonal llena de buenos restaurantes y comercios variados de conveniencia. Barrio agradable y bien comunicado a 100 mts. del nuevo Mercat de sant Antoni. El piso dispone de techos altos con vigas recuperadas y decapadas suelo radiante con tres termostatos y zonas independientes aire acondicionado frío/calor cocina equipada parquet de gran formato AC5 con aquastop cerramientos de aluminio con doble vidrio dos balcones a la calle y ventanas en la parte trasera (el piso da delante y detrás). Espacios abiertos tipo loft gran sensación de espacio y amplitud. Tiene una habitación doble con posibilidad de cama de 180 ó 200m de ancho muy acogedora. Hay posibilidad de una segunda habitación.  Luminoso y tranquilo Se puede vender con todo el mobiliario nuevo a estrenar si se desea. ,0,0,1,Calefacción individual,null,55,null,Sant Antoni,null,null,null,317.000 ,5.764 €/m²,LOOK BARCELONA, Ref.: Parlament ,2,Segunda mano/buen estado,null,Piso en venta en Comte Borrell / Parlament,http://idealista.com/inmueble/91648200/
6,null,  Exclusivo dúplex totalmente reformado cuenta con 260m2 amplias terrazas y jardín privado de 135 m2 en una de la mejores zonas de Pedralbes. Esta magnífica vivienda está situada en una finca tranquila con servicio de conserjería los 7 días de la semana piscina cortes de tenis y gimnasio. La finca es muy privada con tan solo un piso por planta.   En la planta baja tenemos una gran sala polivalente que puede tener infinidad de usos. Cuenta con baño completo chimenea y acceso a jardín que a su vez tiene salida a la gran zona comunitaria con piscina zonas verdes y cortes de tenis.  La primera planta con una distribución muy cómoda tiene un gran recibidor que divide cuidadosamente la vivienda en zona de día y zona de noche y cuenta con aseo para invitados. La zona de día con grandes ventanales está formada por 3 ambientes: biblioteca/... ,1,116,1,Gas natural,null,270,260,Pedralbes,1,null,null,2.250.000 ,8.333 €/m²,QUATTRO CAPITAL GROUP, Anuncio: 88071853 ,5,Segunda mano/buen estado,1,Dúplex en venta en calle de Sor Eulàlia d'Anzizu,http://idealista.com/inmueble/88071853/
1,1995, Fantástico apartamento en las Arcadias En el edificio Las Arcadias de la calle Calàbria ubicado en L'Eixample Esquerra de Barcelona encontramos este luminoso y acogedor apartamento de 77m2 más 10 de Balcón  A la entrada tenemos un amplio recibidor con armarios empotrados y un cuarto de despensa/lavadero. A continuación nos encontramos con un amplio salón comedor con salida a un agradable balcón disfrutable y una cocina equipada con todos los electrodomésticos.  Tiene un dormitorio grande con vestidor y un amplio baño. Está en muy buen estado de conservación. El suelto es de parquet dispone de&nbsp; A/A y calefacción.  Incluye un trasteroen la planta baja. Dispone de 3 ascensores.  Servicios Las Arcadias:  Recepción 24 horas todos los días del año Enfermería 24 horas comedor/restaurante mantenimiento/reparaciones lavandería y limpieza.  Espacios comunes: Salones de estar sala de juegos salón de lectura sala de TV biblioteca capilla habitación para huéspedes salas de visitas/despacho.  Como un hotel pero en su propia casa.  Buena comunicación con transporte público metro y autobuses  Libertad absoluta de entrada salida y uso de todos los espacios. ,1,130,1,Eléctrica,null,82,null,La Nova Esquerra de l'Eixample,null,275.000 € ,5,260.000 ,3.171 €/m²,aProperties Real Estate Barcelona, Ref.: VB2002033C-5 ,1,Segunda mano/buen estado,null,Piso en venta en calle de Calàbria,http://idealista.com/inmueble/91521240/
1,null, MUY LUMINOSO. 4 HABITACIONES + BALCÓN.  En la conocida calle Gavá cerca el metro Hostafrancs (L1) de múltiples paradas de bus y bicing. Rodeado de colegios e institutos instalaciones deportivas centros de salud zonas ajardinadas comercios de todo tipo y todo lo necesario para vivir en uno de los barrios más solicitados de la Ciudad Condal.  Este fantástico piso se encuentra a una altura real de una 2ª planta en finca que NO dispone de ascensor. Consta de 75 m² distribuidos en un amplio salón comedor cocina independiente 4 habitaciones (1 doble 1 mediano y 2 individuales uno de ellos con salida a balcón) y 1 baño completo con plato de ducha. Dispone de aire acondicionado con bomba de frío/calor y mucha luz natural.  ¡NO PIERDA ESTA OPORTUNIDAD Y VENGA A VISITARLO!  Si desea ser asesorado financieramente por alguno de nuestros profesionales de forma gratuita y sin compromiso no dude en contactarnos.  Le esperamos en LA CASA AGENCY. ,0,121,2,Bomba de frío/calor,null,75,null,La Bordeta,null,null,null,225.000 ,3.000 €/m²,PUNTO BADAL, Ref.: PB-GV225K ,4,Segunda mano/buen estado,null,Piso en venta en calle de Gavà,http://idealista.com/inmueble/91637944/
2,1900,  Piso lujoso de 151 m² con dos balcones situado en una finca regia catalogada de 1900 muy cerca de las emblemáticas calles de Enric Granados y paseo de Gràcia. Dado que está en una cuarta planta y tiene al lado los jardines de la Universidad de Barcelona goza de bonitas vistas verdes y de abundante luz solar a lo largo de todo el día algo muy inusual en el corazón de la ciudad.   Al entrar encontramos un precioso recibidor que nos lleva hasta el gran salón-comedor con balcones que dan a los jardines de la universidad. Al lado de la zona de comedor está la cocina completamente equipada.   La zona de noche que está claramente diferenciada de la zona de día ofrece cuatro dormitorios en total aunque uno de ellos actualmente se usa como estudio. También hay dos cuartos de baño: uno es especialmente grande y tiene bañera mientras que ... ,1,0,null,null,null,163,null,Eixample,null,null,null,1.125.000 ,6.902 €/m²,Lucas Fox Barcelona, Ref.: BCN19882 ,4,Segunda mano/buen estado,null,Piso en venta en L'Antiga Esquerra de l'Eixample,http://idealista.com/inmueble/86438938/
6,1980,  Magnifica torre de 483 m2 distribuidos en Planta baja + 3 Pisos dispone de ascensor hidráulico de 4 paradas edificación apta para oficinas uso mixto oficina/vivienda o solo vivienda para disfrutar de unas vistas espectaculares a la ciudad de Barcelona y al mar. Orientada al Sureste con sol todo el día. Destaca por su amplitud salones diáfanos luminosidad gran jardín terrazas y piscina. Muy bien comunicada con doble acceso tanto desde Barcelona ciudad mediante carretera particular y/o desde Vallvidrera desde calle publica está situada a 2´ andando del Funicular de Vallvidrera y a 20 minutos del Aeropuerto.  Planta baja o nivel -4: Comedor de verano de 52 m2 también puede utilizarse como sala polivalente o despacho home cinema con salida al jardín con barbacoa y gran piscina. Dispone de un pequeño office 1 lavabo con ducha 1 ... ,null,441,null,Gas natural,null,483,435,Sarrià-Sant Gervasi,1,null,null,2.750.000 ,5.694 €/m²,Coldwell Banker Llebrenc Coldwell Banker Llebrenc, Ref.: 4220 ,8,Segunda mano/buen estado,1,Casa o chalet independiente en venta en Urb. VALLVIDRERA Vallvidrera - El Tibidabo i les Planes,http://idealista.com/inmueble/36369350/
6,1958, Precioso chalet del Arquitecto Barba Corsini situado en el barrio residencial de Vallvidrera a 5 min. caminando de la Estación del Funicular. Ha sido reformado nuevo siguiendo las directrices del mismo Arq.  con inmejorables acabados en suelos de cerámica y parquet de nogal; puertas y armarios empotrados de madera maciza de nogal; y cerramientos de aluminio y cristal de altísima calidad. Dispone de un salón con techos de doble altura varios ambientes y diferentes niveles con chimenea; comedor cocina- office y lavadero; 2 suites completas con vestidor y un despacho y un apartamento de servicio. En planta inferior un apartamento con suite y terraza y una 2ª suite aparte. Toda la casa esta rodeada de un espléndido y maravilloso jardín con piscina y vestuario. ,null,0,null,Calefacción individual,null,380,null,Sarrià-Sant Gervasi,null,null,null,1.850.000 ,4.868 €/m²,Coldwell Banker Llebrenc Coldwell Banker Llebrenc, Ref.: 4207 ,6,Segunda mano/buen estado,1,Casa o chalet independiente en venta en Vallvidrera - El Tibidabo i les Planes,http://idealista.com/inmueble/33932885/
1,1966, Vivienda situada en el corazón de Sant Martí cerca del Mercado de Sant Martí. Piso de 87 metros construidos 76 metros útiles consta de amplio salón-comedor 3 habitaciones cocina baño completo. Todo exterior. 10º de altura orientado al mar. Suelos de parquet y cerramientos de aluminio con doble climalit. Bien comunicado con las líneas de Metro: (L2 Sant Martí). Cercano a TRAM Sant Martí metro ( L4 Besós) (La Pau L2-L4) y las diferentes líneas de Bus: V29 - H10 - H12 - 60- 33 - B24 - B23 - B25. Fácil y buen acceso a rondas.  A 15 minutos de la playa y del Campus Universitario Forúm. A 10 minutos de los centros comerciales Diagonal Mar y Glorias.   ``La Casa Agency´´ Está preparada para cualquier escenario. Para su tranquilidad nuestras oficinas y equipos comerciales han tomado todas las medidas de seguridad para seguir ofreciendo el mejor servicio.   *El precio de venta del inmueble no incluye los honorarios de la inmobiliaria ni los tributos que gravan Ia compraventa (ITPAJD o IVA) ni en caso de haberlos los notariales y los registrales que satisface el comprador. ,1,0,10,null,null,87,null,Sant Martí,null,null,null,240.000 ,2.759 €/m²,ESTUDI SOL DE MAYO S.L., Ref.: SM-16 ,3,Segunda mano/buen estado,null,Piso en venta en La Verneda i la Pau,http://idealista.com/inmueble/91655887/
3,2020,  Singular rehabilitación de un antiguo taller de coches en un edificio de viviendas.  En una tranquila calle peatonal del barrio de Provençals del Poblenou frente a la antigua fábrica de ladrillo donde hoy se ubica la universidad se encuentra este precioso edificio con fachada de ladrillo visto madera y vidrio que nos recuerda el pasado industrial del barrio.  Planta baja dúplex: singular vivienda de 109m2 con terraza-jardín de 76m2 y piscina privada. Cuando estés en la cocina completamente equipada o sentado en el sofá del salón podrás disfrutar de las preciosas vistas del jardín y la piscina particular. En la planta superior se distribuyen las dos habitaciones una de ellas con el baño completo en suite una singular zona de trabajo con suelo de vidrio y otro baño completo.  Paseando por la cercana Rambla de Poblenou (que no tien... ,1,39,0,Eléctrica,null,148,null,Sant Martí,null,null,null,730.000 ,4.932 €/m²,BCN addict, Ref.: Z-2032 ,2,Segunda mano/buen estado,1,Dúplex en venta en Provençals del Poblenou,http://idealista.com/inmueble/91647125/
1,2020,  Singular rehabilitación de un antiguo taller de coches en un edificio de viviendas.  En una tranquila calle peatonal del barrio de Provençals del Poblenou frente a la antigua fabrica de ladrillo donde hoy se ubica la universidad se encuentra este precioso edificio con fachada de ladrillo visto madera y vidrio que nos recuerda el pasado industrial del barrio.  La promoción se compone de tres unidades:  Planta baja dúplex: singular vivienda de 105m2 con terraza-jardín de 76m2 y piscina privada. Cuando estés en la cocina totalmente equipada o sentado en el sofá del salón podrás disfrutar de las preciosas vistas del jardín y la piscina particular.  En la planta superior se distribuyen las dos habitaciones una de ellas con el baño completo en suite una singular zona de trabajo con suelo de vidrio y otro baño completo.  En la planta pr... ,1,39,3,Eléctrica,null,69,null,Sant Martí,null,null,null,435.000 ,6.304 €/m²,BCN addict, Ref.: Z-2031 ,2,Segunda mano/buen estado,1,Ático en venta en Provençals del Poblenou,http://idealista.com/inmueble/91644298/
1,1971, GRAN PISO EN MUY BUENA ZONA SOLO PARA PARTICULARES-AICAT-NO AGENCIAS Piso de 95m2 en una magnifica zona donde lo tienes todo y con buen ambiente Tres habitaciones (Una doble y dos individuales de buen tamaño) las tres son exteriores Salón de 26m2 que también es totalmente exterior con salida a la terraza independiente del resto de la vivienda Cocina con un pequeña galería Baño reformado Una gran terraza que rodea todas las habitaciones y el salón con lo que el piso es todo exterior y muy luminoso durante todo el día  Edificio bien conservado y con ascensor  MUY BUENA OPORTUNIDAD GREAT FLOOR IN VERY GOOD AREA ONLY FOR PARTICULARS-AICAT-NO AGENCIES 95m2 apartment in a magnificent area where you have everything and with good atmosphere Three rooms (One double and two singles of good size) all three are exterior Living room of 26m2 which is also completely outside with access to the terrace and completely independent of the rest of the house Kitchen with a small gallery Renovated bathroom A large terrace that surrounds all the rooms and the living room with which the floor is totally exterior and very bright throughout the day Well maintained building with elevator VERY GOOD OPPORTUNITY. ,1,20,3,Bomba de frío/calor,null,100,85,La Maternitat i Sant Ramon,null,null,null,290.000 ,2.900 €/m²,Miguel ., Ref.: RIERA BLANCA ,3,Segunda mano/para reformar,1,Piso en venta en riera Blanca 19,http://idealista.com/inmueble/91631531/
2,1930, Disponemos de un bonito piso en alquiler ubicado en barrio de La Nova Esquerra de l'Eixample Distrito Eixample. Piso amueblado con armarios empotrados y equipado con electrodoméstica. Ubicación es inmejorable al encontrarse a escasos minutos de Plaça de Francesc Macià. En los alrededores podemos encontrar gran variedad de comercios y supermercados. En cuanto a transporte la zona goza de buena red de comunicaciones con una notable oferta tanto de líneas de metro como de autobuses.  Piso tiene una superficie de 90m2 con balcón interior y muy luminoso. Consta de salón comedor grande cocina semi americana tres habitaciones una suite y dos habitaciones pequeñas. Un baño completo. La finca esta provista con ascensor. ,1,0,5,Calefacción individual,null,90,null,La Nova Esquerra de l'Eixample,null,null,null,490.000 ,5.444 €/m²,LLoguer protegit, Anuncio: 91636569 ,3,Segunda mano/buen estado,null,Piso en venta en Av. de Sarrià s/n,http://idealista.com/inmueble/91636569/
2,1998,  Inmueble a la venta de 84 m2 construidos en finca joven de 1998 distribuido en dos habitaciones dobles con armarios empotrados (1 suite) y dos baños completos. Recibidor que distribuye cómodamente el piso comedor con salida a balcón que da al exterior y le da una luminosidad prácticamente todo el día. La cocina es independiente y está equipada y el piso tiene aire acondicionado y calefacción por conductos suelos de parqué videoportero puerta blindada y alarma.  El piso está en perfecto estado bien conservado para entrar a vivir y no hacer ninguna reforma previa. Es luminoso y está situado en una 2ª planta pero su buena orientación sureste le da esa luz natural durante todo el día.  La finca dispone de 2 ascensores escalera de emergencia adicional a la principal y acceso directo a aparcamiento desde los ascensores. Además toda ... ,1,117,2,Gas natural,null,84,null,Ciutat Vella,null,null,null,330.000 ,3.929 €/m²,Cambra de la Propietat Urbana de Barcelona, Ref.: 592v ,2,Segunda mano/buen estado,null,Piso en venta en El Raval,http://idealista.com/inmueble/91656884/
1,1700,  ¡Espectacular piso en venta en Calle Margarit en el popular barrio de Poble Sec!  Este precioso piso exterior tiene una superficie de 69 metros cuadrados con muy buena distribución y ocupa la primera planta de una bonita finca rehabilitada.  El piso está totalmente reformado con muchísimo gusto y queda totalmente amueblado. Tiene los techos muy altos y con vigas que le dan a la vivienda un carácter muy especial y acogedor.  Al entrar encontramos un pequeño hall que nos lleva a mano izquierda a los dos dormitorios que tiene la vivienda.  Ambos dormitorios uno doble y uno individual cuentan con armarios de obra muy amplios y con mucha luz natural. El dormitorio principal tiene salida a un balcón. Del hall de entrada un poco más adelante giramos a la derecha a un pasillo que nos lleva al salón comedor con cocina abierta. En este ... ,0,0,1,null,null,69,null,El Poble Sec - Parc de Montjuïc,1,null,null,375.000 ,5.435 €/m²,GDC Patrimonio, Ref.: BAR-7173825 ,2,Segunda mano/buen estado,1,Piso en venta en calle de Margarit,http://idealista.com/inmueble/91633826/
3,2020,  Espectacular piso en un segundo SIN ASCENSOR a estrenar en el corazón de Sants en el Passeig Sant Antoni muy cerca de la estación de Sants de Barcelona.   Piso nuevo a estrenar en finca del siglo XIX rehabilitada de forma integral y que conserva la fachada original exterior. Cuenta con 88 metros cuadrados construidos y una perfecta distribución. Al entrar en la vivienda un recibidor/distribuidor nos lleva a mano derecha a la espectacular zona de día donde encontramos la cocina abierta totalmente amueblada y semi equipada un aseo de cortesía y un amplísimo salón-comedor con salida a balcón.  A mano izquierda desde el distribuidor llegamos a la zona de noche donde se encuentran los dos dormitorios dobles. Los dos dormitorios son suite con amplio baño completo de cuatro piezas y bañera grande uno de ellos y el otro con ducha.   Es... ,0,0,2,null,null,88,66,Sants,null,null,null,380.000 ,4.318 €/m²,GDC Patrimonio, Ref.: BAR-5429626 ,2,Segunda mano/buen estado,1,Piso en venta en paseo de Sant Antoni,http://idealista.com/inmueble/91631634/
2,1900,  Propiedad de diseño en Ronda Sant Pere Barcelona En Ronda Sant Pere cerca de Arc de Triomf y Plaça Catalunya encontramos esta lujosa propiedad ubicada en una finca del 1900.  Es una planta principal con una superficie construida de 16897m2 de los cuales 156m2 construidos corresponden al piso y 977m2 son de un bonito patio interior. En la zona de día encontramos &nbsp;amplio salón-comedor con dos grandes ventanas y balcón con vistas a la calle una gran cocina de diseño de la marca Modulnova preciosa encimera de mármol y electrodomésticos Miele y una zona de zona de aguas.  La zona de noche se compone de una master suite con un altillo de unos 1218m2 amplio vestidor y un baño completo. Además dos habitaciones dobles con armarios empotrados y un amplio baño con plato de ducha.  La propiedad fue reformada con mucho cuidado para ma... ,1,138,null,Calefacción individual,null,169,null,La Dreta de l'Eixample,null,null,null,995.000 ,5.888 €/m²,aProperties Real Estate Barcelona, Ref.: VB2003028-5 ,3,Segunda mano/buen estado,1,Piso en venta en ronda de Sant Pere,http://idealista.com/inmueble/91626740/
2,1915, Piso reformado y amueblado en Sagrada Familia Con una ubicación inmejorable al lado de la majestuosa basílica de La Sagrada Familia rodeado de todos los servicios y comercios y con muchísima vida de barrio; Encontramos esta maravillosa vivienda reformada y amueblada con exquisito gusto en una preciosa finca regia del año 1915 muy bien conservada &nbsp;y con bonita portería.  Accedemos a la vivienda por un amplio recibidor que da paso a un espacioso salón con cocina abierta y salida directa a un balcón con agradable vista despejada.  La zona de noche consta de una habitación individual amplia orientada a la calle y con acceso a balcón un baño completo y una habitación doble en suite con amplio vestidor y baño.  La vivienda dispone de AA frío-calor por conductos en toda la vivienda bonitos suelos porcelánicos y conserva elementos originales rehabilitados como bonitas vidrieras “volta catalana” y un largo etcétera de pequeños detalles que hacen de ésta una vivienda de lo más especial. &nbsp;. ,1,115,3,Eléctrica,null,77,null,La Sagrada Família,null,null,null,515.000 ,6.688 €/m²,aProperties Real Estate Barcelona, Ref.: VB2003008-5 ,2,Segunda mano/buen estado,null,Piso en venta en calle de la Marina,http://idealista.com/inmueble/91626718/
2,1945,  Piso para reformar y segregar en dos en L'Eixample Dret En la prestigiosa Gran Via de les Corts Catalanes a lado de la Rambla Catalunya y del Paseo de Gracia encontramos esta bonita finca clásica de la primera mitad del Siglo XX rodeada de todo tipo de comercios restaurantes y servicios.  En la tercera planta del inmueble se encuentra este magnífico piso con un increíble potencial para crear una fantástica vivienda o con la posibilidad de poder segregarlo y así conseguir dos pisos en el centro de la Ciudad Condal.  La vivienda consta de 283m² y se caracteriza por sus grandes espacios increíblemente luminosos y sus altos techos que hacen más agradable las estancias. Actualmente está distribuida en un total de cinco habitaciones y dos baños el piso es exterior con vistas despejadas a la avenida principal y aprovecha también la tranquili... ,1,217,2,Gas natural,null,283,null,La Dreta de l'Eixample,null,null,null,1.050.000 ,3.710 €/m²,aProperties Real Estate Barcelona, Ref.: VB2002063-5 ,5,Segunda mano/para reformar,null,Piso en venta en Gran Via de les Corts Catalanes,http://idealista.com/inmueble/91626729/
2,1936, Piso reformado en L’Antiga Esquerra de L’Eixample En una finca regia de la calle Paris a dos pasos de la Avenida Diagonal y rodeado de servicios y comercios encontramos este piso reformado con mucho gusto.  La vivienda de aproximadamente 125m2 consta de zona de día y zona de noche.  En la zona de día encontramos un amplio salón comedor en dos ambientes exterior a la calle. Cocina independiente de cierto aire industrial con encimeras aplacados a pared y electrodomésticos de acero inoxidable de alta gama&nbsp; tipo Smeg&nbsp; y Gaggenau.  A continuación encontramos un baño completo pero que a la vez hace la función de baño de cortesía y justo antes de llegar a la zona de noche hay un despacho abierto con carpinterías de madera hecha a medida.  Los dormitorios muy amplios uno en suite y otro doble gozan de armarios empotrados y tienen acceso directo a un patio alargado orientado a interior de isla. ,1,129,null,Gas natural,null,132,null,L'Antiga Esquerra de l'Eixample,null,null,null,599.000 ,4.538 €/m²,aProperties Real Estate Barcelona, Ref.: VB2002058-5 ,2,Segunda mano/buen estado,1,Piso en venta en calle de París,http://idealista.com/inmueble/91626728/