bathrooms,constructed_year,description,elevator,energetic_qualification_kWhm2_año,floor,heater_system,its_new,m2_build,m2_useful,neighbourhood,parking,price_down_euro,price_down_percentage,price_euro,price_m2,real_estate,ref,rooms,status,terrace,title,link
2,1940, Piso ubicado en zona inmejorable rodeada de parques supermercados farmacias metro L5 L4 a dos pasos de centro.    El piso muy bien conservado y listo para entrar a vivir consta de 1 habitación con vestidor y baño con bañera 1 habitación doble 1 habitación individual 1 baño con ducha cocina comedor con gran ventanal y techos Volta catalana. Dispone de aire acondicionado y calefacción en todas las estancias.     Finca bien conservada con ascensor.    No lo dude llámenos y le informaremos.    Global Invest EJD le acompañará ayudará y asesorará en todo el proceso de compra teniendo en cuenta sus necesidades ya sean hipotecas préstamos reformas gestión de alquileres o cualquier otra cuestión facilitándole todos los pasos en la compraventa del inmueble. ,1,130,1,Gas natural,null,113,103,La Dreta de l'Eixample,null,465.000 € ,2,455.000 ,4.027 €/m²,Global Invest Ejd S.l., Ref.: PVIF8 ,3,Segunda mano/buen estado,null,Piso en venta en calle de Mallorca,http://idealista.com/inmueble/90977168/
1,null,  Esta casa es una gran oportunidad para vivir en pleno centro de Barcelona ubicado entre el encantador Barrio Gótico y la conocida Barceloneta en la afamada calle de CARDERS. Situado en la planta principal del edificio (segunda planta real) su ubicación privilegiada hace que este piso con gran potencial sea una buenísima opción para todo aquel que quiera vivir o invertir en el centro de la ciudad condal.  Esta vivienda exterior de 64 m² cuenta con un salón comedor una cocina equipada con electrodomésticos principales (lavavajillas campana vitrocerámica y horno) una habitación y una estancia de servicio un baño amplio con dos lavabos y un aseo.   Además esta casa cuenta con claros suelos de tarima que le dan un aspecto muy cuidado y con un vistoso balcón que aporta mucha luminosidad al inmueble. El inmueble cuenta con certifica... ,1,215,2,null,null,64,47,Sant Pere - Santa Caterina i la Ribera,null,null,null,200.000 ,3.125 €/m²,Tiko Barcelona, Ref.: 91488-5 ,2,Segunda mano/buen estado,null,Piso en venta en Carders,http://idealista.com/inmueble/90974328/
2,null, Piso planta ático en venta de 143m² en una finca de obra nueva con piscina comunitaria en la azotea en el barrio de Les Corts. Consta de un amplio salón comedor con salida a un balcón exterior a patio de manzana. 4 habitaciones (1 suite 1 doble y 2 individuales) y 2 baños completos. Dispone de armarios empotrados grandes ventanales y sistema de aerotermia. Existe la posibilidad de comprar plaza de parking en el mismo edificio. Ubicado cerca de la Estación de Sants en el barrio de Les Corts zona muy bien comunicada mediante transporte público (autobuses y metro) y todo tipo de servicios comercios y jardines. Las fotografías corresponden a un proyecto de decoración virtual. ,1,26,3,null,null,143,null,Les Corts,null,null,null,1.010.000 ,7.063 €/m²,ALTING Grupo Inmobiliario, Ref.: 019200 ,4,null,null,Piso en venta en Les Corts,http://idealista.com/inmueble/90923524/
3,1958, West Side vende una vivienda exclusiva:  Casa totalmente reformada de 480m² distribuidos en 4 plantas.   Situada en una tranquila calle del barrio de Sants.   En la planta baja a nivel de calle tenemos un espacio diáfano con un proyector de cine chimenea un baño con ducha y trastero. En la primera planta encontramos un gran salón comedor cocina con barra americana y una habitación suite con baño.  En la segunda planta encontramos una gran suite con vestidor y balcón un baño con jacuzzi y dos habitaciones dobles con balcón.  En la última planta hay una espectacular terraza de 120 metros cuadrados con barbacoa piscina y trastero.   La finca dispone de ascensor para conectar todas las plantas instalación de sonido persianas eléctricas en cada habitación y en el salón comedor armarios empotrados calefacción con radiadores aire acondicionado suelos de Mármol y parquet.   Todas estas características describen una vivienda única en la zona.  No dude en llamar y pedir mas información! ,null,200,null,Calefacción individual,null,480,null,Sants,null,null,null,1.450.000 ,3.021 €/m²,West Side Real Estate Sl, Ref.: CB_BCN_0297_V ,4,Segunda mano/buen estado,1,Casa o chalet independiente en venta en calle d'Alcolea,http://idealista.com/inmueble/90204735/
1,null, Piso en venta de 72m² situado en un edificio de obra nueva en el barrio de Les Corts. Consta de un amplio salón comedor con salida a un balcón exterior a la calle. 2 habitaciones (1 doble y 1 individual) y baño completo. Dispone de armarios empotrados grandes ventanales y sistema de aerotermia. Existe la posibilidad de comprar plaza de parking en el mismo edificio. Piscina comunitaria en la azotea. Ubicado cerca de la Avenida Josep Tarradellas en el barrio de Les Corts zona muy bien comunicada mediante transporte público (autobuses y metro) y todo tipo de servicios comercios y jardines. Las fotografías corresponden a un proyecto de decoración virtual. ,1,26,2,null,null,72,null,Les Corts,null,null,null,495.000 ,6.875 €/m²,ALTING Grupo Inmobiliario, Ref.: 019199 ,2,null,null,Piso en venta en Les Corts,http://idealista.com/inmueble/89099886/
2,1900, West Side vende este exclusivo piso!  Finca del 1895 arquitectura Catalana Modernista magnifico piso Entresuelo en la Dreta de l´Eixample centro de Barcelona a espaldas de la Pedrera Casa Milá del gran arquitecto Gaudí. Amplios espacios con doble altura suelo hidráulico de mosaico original y pavimento porcelánico italiano techos con vuelta Catalana herrajes originales de la finca. Cuatro habitaciones. Una habitación principal en suite vestidor amplio baño reformado y balcón con galería de lectura. Habitación doble con patio ajardinado interior. Exclusiva terraza de 170m² a pié de salón y una habitación dependance con baño completo. Carpintería de madera maciza original y ventanas con vitreau. Cocina con salida al patio interior totalmente equipada electrodomésticos Siemens sistema de ósmosis. Baño completo con bañera. Espacios muy amplios luminosos y a su vez tranquilo aislamiento térmico / sonoro a dos pasos de Paseo de Gracia y Avenida Diagonal.  No dude en llamar y pedir más información. ,1,70,1,Calefacción individual,null,265,null,La Dreta de l'Eixample,null,null,null,2.300.000 ,8.679 €/m²,West Side Real Estate Sl, Ref.: CB_BCN_0141_V ,3,Segunda mano/buen estado,1,Piso en venta en calle de Pau Claris,http://idealista.com/inmueble/85690935/
1,null, Piso en Sant Pere Mes Alt Magnífico piso cercano al Mercado de Santa Caterina y al Palau de la Música.  Superfície de 71metros cuadrados útiles dispone de tres dormitorios uno de ellos exterior a calle. Sala de estar con salida a balcón cocina y baño. Orientación Oeste. Suelos de parquet y techos con vigas de madera. Para entrar a vivir baño a actualizar.  El producto está promocionado por MAS I FILL PATRIMONIA que gestiona inmuebles desde 1932 Persona de contacto: Xavier Gales 650 239 656. ,0,196,2,null,null,81,71,Sant Pere - Santa Caterina i la Ribera,null,null,null,318.000 ,3.926 €/m²,Mas i Fil patrimonia Vendes, Ref.: 3799 ,3,null,null,Piso en venta en calle de Sant Pere Més Alt,http://idealista.com/inmueble/83801347/
2,1964, Piso de 90 m2 en el corazón de Les Corts (entre Trav. de les Corts y calle Entenza). El piso se reformo hace 1 año y se entrega en perfecto estado de conservación. Consta de 3 dormitorios dos dobles exteriores y uno individual con armarios empotrados. Dispone de dos cuartos de baño completos con plato de ducha. Salón-comedor amplio y exterior con salida a una agradable terraza de 7 m2 y con entrada de luz natural prácticamente todo el día. Cocina independiente con barra americana orientada al salón y zona anexa de lavadero/ galería. Aire acondicionado calefacción por radiador carpinterías de aluminio y suelos de parque. Ubicado en una zona tranquila y residencial pero a la vez con multitud de servicios y establecimientos de ocio restauración centros comerciales etc. 2º piso real con ascensor y servicio de conserjería. ,1,0,2,Gas natural,null,89,null,Les Corts,null,null,null,445.000 ,5.000 €/m²,Alejo Aguilá, Ref.: BRDS01 ,3,Segunda mano/buen estado,null,Piso en venta en calle de Bordeus,http://idealista.com/inmueble/91607009/
1,1970,  En BDI Barcelona no queremos dejar escapar la oportunidad de presentarte esta elegante vivienda enclavada en una de las mejores zonas de Barcelona en el punto donde se unen les Corts i Sants dos de los barrios mas emblemáticos de la ciudad condal.  Pero no sólo la ubicación del inmueble es ideal para aquellos que quieran disfrutar de la vida de barrio en una zona excelentemente comunicada y plagada de servicios sino también su reforma elegante y de calidad que convierte la vivienda en un espacio que muy pocos podrán disfrutar.  Entrando en materia la finca ubicada junto a la calle Carreras Candi y el Carrer de Sants goza de la tranquilidad que le confiere su orientación y a su vez de la mayor oferta de servicios que nos puede ofrecer Barcelona a día de hoy.  Una vez en el piso apreciamos no sólo la calidad de los materiales y ... ,1,0,1,Gas natural,null,72,66,Sants - Badal,1,null,null,279.000 ,3.875 €/m²,BDI Barcelona, Ref.: VP14 ,3,Segunda mano/buen estado,null,Piso en venta en calle de Ventura Plaja,http://idealista.com/inmueble/91575294/
2,1975, VALENCIA / MUNTANER En pleno barrio del Eixample se encuentra esta magnífica vivienda en un edificio de Núñez y Navarro salón comedor muy amplio exterior a calle con salida a nivel a un estupendo balcón con sol durante la mañana cocina tipo office con lavadero 5 habitaciones 3 de ellas dobles con armarios empotrados 1 baño completo y 1 aseo de cortesía la vivienda dispone de parquet calefacción de gas aire acondicionado. El edificio dispone de zonas comunes exclusivas para los vecinos con campos de basquet y tenis. La ubicación es ideal ya que está muy bien comunicado con transporte público con zonas ajardinadas mercado hospitales colegios muy próximos. ,1,0,6,Gas natural,null,152,109,L'Antiga Esquerra de l'Eixample,null,null,null,560.000 ,3.684 €/m²,Gema, Ref.: 4147 ,5,Segunda mano/buen estado,null,Piso en venta en calle de València,http://idealista.com/inmueble/91512743/
2,null,  Vivienda luminosa a estrenar en calle Sicilia con Consell de Cent cerca de Diagonal y Sagrada Familia.  La vivienda ocupa la tercera planta real de una finca de 1965 con ascensor. Distribuye 81 m2 útiles con tres dormitorios el principal exterior a patio de manzana y salida al balcón dos dormitorios individuales escritorio y ya equipados con armarios. Baño principal con ducha armario con lavadora y secadora Bosch y mueble tocador con cesto de ropa sucia integrado y un segundo baño con cabina de ducha y espacios de almacenaje en el mueble de la pica y en el espejo. Salón comedor de trenta y tres m2 exterior con salida al balcón y orientación a patio de manzana definidas ambas zonas con las instalaciones de luz y los puntos de TV y el armario para la vajilla y cristalería. Cocina americana totalmente equipada con electrodoméstico... ,1,133,null,null,null,92,81,El Fort Pienc,null,null,null,469.000 ,5.098 €/m²,mas i fill, Ref.: 4481 ,3,null,null,Piso en venta en calle de Sicília,http://idealista.com/inmueble/91498440/
3,1971, Webhouse presenta esta exclusiva vivienda de 130 m² con muy buena distribución.  Consta de 5 habitaciones con armarios empotrados. 3 baños completos. Gran cocina office con despensa. Salón comedor de 30 m² y balcón de 10 m² con acceso directo desde el comedor y de la 2 habitaciones.  Situado junto al parque del putxet en una calle peatonal a 10 minutos de la Ronda de Dalt y del metro a si como una extensa red de líneas de autobuses hacen que su ubicación sea privilegiada.  WEBHOUSE REAL ESTATE S. L. es una consultoria inmobiliaria y financiera ubicada en Barcelona con varias oficinas en el Distrito de Gracia y Sant Gervasi.  Nos encargamos de todo para que tú no te preocupes de nada. ,1,0,1,Gas natural,null,149,null,El Putxet i el Farró,null,null,null,495.000 ,3.322 €/m²,WEBHOUSE SANTGERVASI2, Ref.: R-PUTGET ,5,Segunda mano/para reformar,null,Piso en venta en calle del Putget,http://idealista.com/inmueble/91480398/
1,null, Home Group. - JUNTO AL METRO POBLENOU. Presentamos este inmueble con una ubicación única en Barcelona a tan solo 5 minutos caminando de la playa y la parada de metro Poble Nou justo en frente.   Preciosa vivienda de 44 m² contruidos + 4 m² de terraza distribuida en un salón con salida a la terraza y cocina integrada una habitación doble y un baño. Seminueva con orientación suroeste. Muy luminosa y tranquila próxima a centros comerciales centros médicos colegios metro tranvía y autobuses. ¡Contáctenos para verla! - Home Group  El barrio de Poblenou está situado a pocos minutos del centro de Barcelona junto al mar. Las dos maravillosas playas que bordean la orilla del Poblenou son la de Bogatell y la Mar Bella. La zona cuenta con dos parques: El original Parc de Poble Nou que está al lado de la costa y el Parc Central del Poble Nou. El Poblenou es de los barrios que más fama está cogiendo en Barcelona. Su renovación ha atraído a muchos jóvenes emprendedores y gente alternativa. Además de estar en primera línea de playa tiene varios parques y nuevas zonas verdes para disfrutar del buen tiempo como el Parc Poblenou o Jardin Gandhi. ,1,0,5,null,null,44,null,El Poblenou,null,null,null,265.000 ,6.023 €/m²,Home Group Central, Ref.: BC-40658 ,1,Segunda mano/buen estado,1,Piso en venta en Bilbao,http://idealista.com/inmueble/91460898/
2,1970, ARAGÓN / ROCAFORT En la Nova Esquerra de l'Eixample en C/ Aragón piso exterior a patio de manzana que te permite disfrutar de su tranquilidad tanto de día como de noche. Tiene una superficie de 89 m² y se compone de salón comedor con salida a un amplio balcón 3 habitaciones ( una de ellas doble y 2 individuales) cocina independiente con salida a galería dispone de calefacción y servicio de conserjería. El piso se encuentra en buen estado de conservación. ,1,0,6,Gas natural,null,99,89,La Nova Esquerra de l'Eixample,null,null,null,360.000 ,3.636 €/m²,Gema, Ref.: 4106 ,3,Segunda mano/buen estado,null,Piso en venta en calle d'Aragó,http://idealista.com/inmueble/91321197/
1,1963, PISO MUY LUMINOSO EN VENTA EN EL POBLENOU SANT MARTÍ - Barcelona   Piso en Barcelona zona El Poblenou 80.00 m. de superficie 2 habitaciones dobles y una habitación sencilla propiedad reformada cocina equipada carpinteria interior de madera orientación sureste suelo de gres carpintería exterior de aluminio / climalit. Extras: agua ascensor gas ciudad línea telefónica luminoso luz t. v.  autobuses árboles centros comerciales centros médicos colegios hospitales metro parques supermercados vistas despejadas zona de paso zonas infantiles Gastos de comunidad: 40 Eur.  Venta: 365000 €. ,1,0,6,null,null,80,75,El Poblenou,null,null,null,365.000 ,4.562 €/m²,NICE PROPERTIES BCN, Ref.: 1790 ,3,Segunda mano/buen estado,null,Piso en venta en calle de Pujades,http://idealista.com/inmueble/91318241/
1,1975, Vivienda en la zona Sant Martí  Distribuida en 3 dormitorios (1 doble y 2 individuales) baño de 3 piezas con plato de ducha cocina independiente con área de lavadero cómodo salón - comedor con salida a balcón. Finca con ascensor.  Cercano a transporte público tranvía Metro L2 Sant Marti cercano a la playa C. C. Glories y Diagonal Mar.  Disponemos del departamento financiero que ofrece asesoramiento de hipotecas totalmente gratuito. Y si desea vender su vivienda le ofrecemos una valoración profesional y gratuita. Impuestos gastos y honorarios de la agencia no incluidos en el precio. Tenemos el departamento de hipotecas por si necesita asesoramiento financiero. ,1,0,1,null,null,73,63,Provençals del Poblenou,null,null,null,218.000 ,2.986 €/m²,ESTUDI SOL DE MAYO S.L., Ref.: CA-3 ,3,Segunda mano/buen estado,null,Piso en venta en Gran Via de les Corts Catalanes,http://idealista.com/inmueble/91021160/
1,1965, Piso muy tranquilo y soleado.  Exterior a calle peatonal orientado a mar.  Excelente ubicación a 5 minutos de Gran de Sant Andreu y Plaça Mercadal. Frente al Parc Esportiu Can Dragó.  A reformar completamente. Muy cuadrado y bien distribuido. Todo tabique. Muchas posibilidades de reforma.  Zona con todos los servicios y muy bien comunicada. Metro Fabra i Puig L1 Renfe Sant Andreu Arenal.  El precio no incluye los impuestos ni los gastos (de notaría registro y gestoría). Aicat número 4236.  Realizamos las visitas cumpliendo con las recomendaciones sanitarias del Covid-19. ,1,159,3,null,null,64,null,Sant Andreu,null,null,null,186.000 ,2.906 €/m²,Elisabeth, Ref.: GALA-MERI ,3,Segunda mano/para reformar,null,Piso en venta en avenida Meridiana,http://idealista.com/inmueble/90420706/
2,2015,  -Fantástico piso alto totalmente reformado con acabados de alta calidad en la C. Muntaner (El edificio tambien se encuentra totalmente reformado) una de las zonas de más prestigio de Barcelona. Ubicado en la 6ª planta de una atractiva finca señorial de estilo clásico que ha sido integralmente rehabilitada en el 2015. La vivienda cuenta con un total de 103 m2 construidos ( 90m2 útiles) la distribución interior está compuesta por un amplio salón de 31 m2 existe una zona adyacente al salón que se ha habilitado como despacho aprovechando un mirador totalmente acristalado. La zona de noche cuenta con tres dormitorios dobles uno de ellos el principal de un tamaño espectacular con el amplio wc en suite. Adicionalmente dispone de otro wc completo de tamaño generoso que da servicio a los otros dos dormitorios. Todas las depe... ,1,0,6,null,null,99,90,Sant Gervasi - Galvany,null,650.000 € ,2,635.000 ,6.414 €/m²,"OMEGA HOUSE, S. L.", Ref.: V319L ,3,Segunda mano/buen estado,1,Piso en venta en calle de Muntaner 307,http://idealista.com/inmueble/89670251/
2,1937, ¿Quieres tener un de PISO ALTO DE LUJO en muy buena zona SEMIESQUINA CON EL Pº DE GRACIA Ubicado a pocos metros de la Casa Batlló. El edificio es señorial de estilo modernista El piso cuenta con un recibidor amplio dando distribución por un pasillo a un baño completo una cocina completamente equipada y muy amplia. Seguido por dos habitaciones dobles (1 en suite) y terminando la distribución del piso con un amplio salón comedor muy luminoso tanto el salón comedor como el dormitorio principal están dotados de un gran ventanal con vistas a la calle Aragón y Paseo de Gracia. A pocos metros de Casa Batlló y reconocidas tiendas por Paseo de Gracia ( Louis Vuitton Gucci Boss Tommy Hilfiger Apple Store Emporio Armani etc). ¡Buena oportunidad de compra baja su precio de 690.000 a 605.000! Tenemos llaves en mano listo para realizar visitas contáctanos. ,1,0,5,Bomba de frío/calor,null,105,94,La Dreta de l'Eixample,null,null,null,595.000 ,5.667 €/m²,"OMEGA HOUSE, S. L.", Ref.: V318L ,2,Segunda mano/buen estado,null,Piso en venta en calle d'Aragó,http://idealista.com/inmueble/89156583/
3,null, 177 m2. 4 habitaciones. 2 baños. 1 aseo. Plaza de aparcamiento. Trastero. Espaciosa y acogedora vivienda en venta situada en la elegante Vía Augusta de Barcelona y en inmejorable situación.  El inmueble se encuentra en una finca esquinera muy cuidada de obra vista y con estancias totalmente exteriores lo que le da una luz y calidez únicas.   A la vivienda accedemos por un amplio recibidor que comunica por la cocina por un lado y con el salón-comedor por otro.  Una estancia que en la actualidad hace función de despacho un baño y una agradable terraza completan esta zona.   Desde allí se accede a una gran cocina office espectacular totalmente equipada y renovada recientemente.  El salón comunica también con la zona de noche compuesta por una suite y dos habitaciones dobles que comparten un baño completo. Toda esta zona está orientada y tiene vistas a los jardines de Can Castelló.  El suelo es de parque clásico de color natural y tiene prácticos armarios empotrados.  Un lujo en la zona alta muy bien comunicado y con el silencio ¡la luz y el sol como bienes más preciados! ,1,0,4,Gas natural,null,177,null,Sant Gervasi - Galvany,1,null,null,997.000 ,5.633 €/m²,Berkshire Hathaway HomeServices Larvia, Ref.: bhhs-nat-0006 ,4,Segunda mano/buen estado,1,Piso en venta en via augusta,http://idealista.com/inmueble/89039831/
3,1900,  En un edificio situado en Rambla Catalunya una de las ubicaciones más céntricas vibrantes y lujosas de Barcelona zona principalmente peatonal creando un ambiente tranquilo en el corazón de la ciudad BCNaddict te ofrece en exclusiva este ático con tantas características solicitadas.  El diseño asombroso y la atención impecable al detalle del interior está rodeado por tres amplias terrazas cada una con su propio ángulo de luz que proporciona el equilibrio perfecto entre el interior y el exterior.  Esta propiedad meticulosamente diseñada única en su tipo encarna la dualidad de Barcelona: tradicional y moderna acogedora y elegante simple y sofisticada y lo hace a través de un diseño fresco y atrevido que proporciona una interpretación innovadora del espacio utilizando color material textura y topografía única para crear un a... ,1,0,5,Gas natural,null,200,null,La Dreta de l'Eixample,null,null,null,2.100.000 ,10.500 €/m²,BCN addict, Ref.: R-623 ,3,Segunda mano/buen estado,1,Ático en venta en rambla de Catalunya,http://idealista.com/inmueble/89007359/
1,1928, Piso alto en finca clásica de l'Eixample con ascensor.   Precio inigualable! Reformado recientemente totalmente diáfano 60 m2construidos segun catastro 2 hab. dobles gran salón-comedor abierto cocina y baño nuevos suelo parquet climatización frío/calor carpinteria exterior de aluminio con doble vidrio tipo climalit.  UBICADO EN URGELL - CONSELL DE CENT. -    El precio no tiene incluido los impuestos ni los gastos de compraventa.  Los muebles y enseres que aparecen en las fotos no están incluidos en el precio. -. ,1,155,3,Calefacción individual,null,61,53,La Nova Esquerra de l'Eixample,null,239.000 € ,8,219.500 ,3.598 €/m²,Inmo Target, Ref.: CIT3812 ,2,Segunda mano/buen estado,null,Piso en venta en calle del Comte d'Urgell,http://idealista.com/inmueble/88965201/
2,1918, Espléndido piso DIVISIBLE ubicado en en una de las calles más prestigiosas junto Rambla de Catalunya i Passeig de Gràcia en el centro del Eixample.  Posibilidad de dividirse en 2 viviendas dos despachos o vivienda-despacho.  Ubicado en una finca rehabilitada de 1918 ha pasado el ITE y tiene el Certificado de Aptitud. con ascensor y conserje.   240m2 con vistas a la calle y al patio interior de manzana.  Cuarto piso de altura real con ascensor.  El piso tiene 3 balcones con vistas a la calle Balmes a la montaña del Tibidabo y la plaza de la universidad.  Actualmente es una oficina pero originalmente era un piso (´´ uso vivienda ´´).  Consta de 10 habitaciones / oficinas 2 baños grandes y una cocina con comedor que toca el área de la galería.  También dispone de trastero en el terrado comunitario.  Inmejorable ubicación PRIME Eixample Center a tres minutos de Pg de Gràcia.  Junto a Gran Vía pl Catalunya y Pl. Universitat. ,1,143,4,Gas natural,null,261,240,La Dreta de l'Eixample,null,null,null,978.000 ,3.747 €/m²,carme, Ref.: BALMES - Diputació ,8,Segunda mano/para reformar,null,Piso en venta en balmes,http://idealista.com/inmueble/88707664/
2,1978, Magnífico piso de 3 habitaciones en una de las mejores zonas de Les Corts! . 80m2. Magnífico salón comedor muy luminoso! . El piso se compone de 3 habitaciones ( 1 doble 2 individuales). La cocina está reformada y equipada es muy coqueta y tiene salida directa a un patio tipo lavadero. Dispone también de 2 cuartos de baño. Aire acondicionado en salón-comedor. Piso ideal para amantes de la tranquilidad y a quien no les guste el ruido. La finca tiene ascensor. La zona dispone de todos los servicios comercio mercados colegios y CAP. Muy bien comunicado con el metro (L3 Les Corts) y varias líneas de autobús. Ideal para inversión y alquilar a estudiantes (alta rentabilidad). Si quiere mas información o desea solicitar una visita no dude en contactarnos!. ,1,141,null,Bomba de frío/calor,null,85,79,Les Corts,null,null,null,320.000 ,3.765 €/m²,Meritxell Martinez, Ref.: V-L336 ,3,Segunda mano/buen estado,null,Piso en venta en calle Vallespir,http://idealista.com/inmueble/90360857/
2,1976, Piso en Sant Gervasi cerca Plaça Adrià En la zona alta de Barcelona en la calle Copèrnic a unos pasos de la Plaça Adrià encontramos este encantador piso de aprox. 60 m2 con un agradable salón comedor exterior a calle cocina dos habitaciones con armarios empotrados &nbsp;una de ellas exterior a calle&nbsp; y un baño los suelos son de parquet la propiedad dispone de calefacción y aire acondicionado en la zona encontramos buenos comercios restaurantes y con muy buenas comunicaciones. ,1,100,null,Gas natural,null,60,null,Sarrià-Sant Gervasi,null,null,null,350.000 ,5.833 €/m²,aProperties Real Estate Barcelona, Ref.: VB2010029-1 ,2,Segunda mano/buen estado,null,Piso en venta en Sant Gervasi - Galvany,http://idealista.com/inmueble/91612892/
1,1969, VALLESPIR - PLAÇA DEL CENTRE Piso alto en venta de 3 habitaciones una doble exterior a Patio de manzana amplio y luminoso y las otras dos individuales salón comedor con salida a balcón exterior a patio de manzana soleado y tranquilo cocina equipada baño completo. Piso bien conservado reformado hace unos años. Finca en excelente estado con acceso al ascensor sin barreras arquitectónicas (dispone de salva escaleras). Muy buena ubicación a un paso de la Plaça del Centre y de la Estacíón de RENFE de Sants también está muy próxima la vivienda al centro comercial de La ILLa. El entorno de la vivienda dispone de equipamientos escolares (Maristas Durán i Bas Itaca Santa Teresitas. ) culturales como la biblioteca Montserrat Abelló y deportivos como el centro de Holmes Place. ( El PVP indicado no incluye impuestos ni gastos de Escritura ). ,1,188,5,null,null,55,null,Les Corts,null,null,null,269.000 ,4.891 €/m²,donpiso Bcn Berlín, Ref.: 243203 ,3,null,1,Piso en venta en Les Corts,http://idealista.com/inmueble/91563377/
1,null, Vivienda reformada de 91m2 en bonita Finca Regia en Galvany muy cerca de Paseo de Gràcia.  La propiedad se reformó con mucho encanto manteniendo la esencia clásica del piso con techos altos con molduras y elementos clásicos como ventanas y puertas pero actualizándola al estilo de vida actual.  La vivienda en la parte de la entrada dispone de dos habitaciones luminosas una de ellas con armarios empotrados. En esta zona del pasillo encontramos un gran baño con ducha armarios de almacenaje y zona de lavadero separada.  A continuación llegamos a la parte principal de la vivienda con una zona de comedor con cocina abierta y a un gran y luminoso salón con un gran ventanal.  La propiedad tiene todas las estancias exteriores buenos acabados suelos de parquet y dispone de calefacción y aire acondicionado.  Una buena propiedad en una de las mejores zonas de Barcelona. ,1,0,null,Gas natural,null,91,null,Sarrià-Sant Gervasi,null,null,null,595.000 ,6.538 €/m²,Max Ricart, Ref.: 1376 ,2,Segunda mano/buen estado,null,Piso en venta en Sant Gervasi - Galvany,http://idealista.com/inmueble/91042915/
3,1989, Excelente apartamento renovado y totalmente amueblado ubicado en el centro de Barcelona al lado de plaza Catalunya y del exclusivo paseo de Gràcia. Se ha reformado de forma que mantiene elementos de estilo clásico como la volta catalana en los techos y el suelo original. Los amplios espacios diáfanos y los techos altos crean una luminosa y espaciosa propiedad.   El apartamento se ha reformado con acabados de la más alta calidad el espacioso salón con una TV de HD conduce a la abierta cocina de Arclinea totalmente equipada con electrodomésticos Gaggenau y suelo hidráulico. Los 3 amplios dormitorios cuentan con suelo de parqué y con grandes ventanales que permiten la entrada de abundante luz natural. Los 3 cuartos de baño (uno de los cuales es privado para un dormitorio) disponen de suelo de granito para crear un acabado moderno y sofisticado.   Otros elementos adicionales incluyen aire acondicionado y fibra óptica de Internet. Una vivienda ideal para una familia ubicada en una zona inmejorable al lado de plaza Catalunya y paseo de Gràcia con sus tiendas exclusivas excelentes bares y restaurantes. ,1,0,null,null,null,150,null,Eixample,null,null,null,1.495.000 ,9.967 €/m²,Lucas Fox Barcelona, Ref.: BCN5450 ,3,Segunda mano/buen estado,null,Piso en venta en La Dreta de l'Eixample,http://idealista.com/inmueble/40348404/
2,null,  Este maravilloso piso de 134 m² se encuentra totalmente reformado con acabados y materiales de alta calidad y disfruta de una gran tranquilidad ya que está orientado a un patio de manzana totalmente despejado. Se ubica en la quinta planta de un edificio en excelente estado de conservación con 2 ascensores y servicio de conserjería a solo media calle de la avenida Diagonal. Una vivienda con una luminosidad y distribución privilegiadas ideal para parejas.   Al entrar encontramos un cómodo recibidor que conduce a un amplio salón-comedor inundado de luz natural. A continuación encontramos una espaciosa cocina equipada muy funcional un lavadero y una práctica galería cerrada que se utiliza actualmente como despacho.   La zona de noche se compone de un dormitorio doble exterior con baño privado y 2 dormitorios individuales. Un baño qu... ,null,0,null,null,null,123,null,Eixample,null,null,null,665.000 ,5.407 €/m²,Lucas Fox Barcelona, Ref.: BCN16216 ,3,Segunda mano/buen estado,null,Piso en venta en L'Antiga Esquerra de l'Eixample,http://idealista.com/inmueble/83868758/
1,null, En el renovado barrio de del Raval a tan solo 2 calles del mundialmente conocido MERCADO DE LA BOQUERIA y de la emblemática RAMBLA DE BARCELONA os presentamos este piso de 1º planta 2 real con (ASCENSOR) piso exterior a la calle con luz orientación este ideal para inversores o para parejas que quieran diseñar su hogar ya que este piso es un piso de 52m2 y todo dividido en tabiques ideal para redistribuir a el gusto que se desee.  También cuenta con una terraza comunitaria pintada con tendedero con lavabo y lavadero ideal para mantas y sábanas.  Esta finca es una finca de tan solo 60 años con bajantes en PVC en perfectas condiciones Ademas de eso muy bien ubicada rodeada de todo tipo de comercios colegios supermercados restaurantes transportes públicos como autobuses Metro L3 parada Liceu.  Certificación energética: (221 kWh/m² año). ,1,221,2,null,null,52,null,El Raval,null,null,null,160.000 ,3.077 €/m²,"ZOE REAL ESTATE BARCELONA, SL", Ref.: RAVAL 13V ,3,Segunda mano/buen estado,null,Piso en venta en calle d'En Roig,http://idealista.com/inmueble/90313045/